t,estado,razon,velocidad,angulo,heading,color_piso,watchdog_pico,esquinas,frontal,frontal_muro,izquierda,derecha,trasera,trasera_valida,cobertura_trasera,trasera_izquierda,trasera_izquierda_valida,cobertura_trasera_izquierda,trasera_derecha,trasera_derecha_valida,cobertura_trasera_derecha,calidad_pared,tracks,tracks_confirmados,track_activo_id,track_activo_color,track_activo_x,track_activo_y,track_activo_edad,track_activo_observado,distancia_sobrepaso,hueco_confianza,vision_edad_ms
2835.803898,CRUISE,crucero centrado por paredes,5,-4.00,-0.15,PISTA,OK,0,630.0,1667.0,425.4,543.2,230.5,1,0.806,418.8,1,0.918,246.0,1,0.877,0.929,2,0,,,,,,0,0.0,,42.5
2835.873178,AVOID_APPROACH,pure-pursuit al punto de paso del pilar 1,10,0.00,-0.15,PISTA,OK,0,631.2,1669.5,426.2,543.8,229.9,1,0.806,418.5,1,0.904,246.5,1,0.877,0.940,2,2,1,VERDE,-111.6,624.0,0.000,1,0.0,,46.8
2835.943853,AVOID_APPROACH,pure-pursuit al punto de paso del pilar 1,15,4.00,-0.08,PISTA,OK,0,630.0,1669.2,425.8,543.8,229.2,1,0.833,418.8,1,0.877,248.5,1,0.877,0.929,2,2,1,VERDE,-114.2,622.1,0.000,1,0.0,,50.1
2836.015627,AVOID_APPROACH,pure-pursuit al punto de paso del pilar 1,20,8.00,-0.12,PISTA,OK,0,630.5,1666.5,426.2,544.9,232.0,1,0.806,419.5,1,0.863,247.0,1,0.890,0.928,2,2,1,VERDE,-114.7,620.8,0.000,1,0.0,,54.4
2836.090617,AVOID_APPROACH,pure-pursuit al punto de paso del pilar 1,25,12.00,-0.13,PISTA,OK,0,1664.5,1664.5,428.1,544.4,233.9,1,0.889,420.5,1,0.932,249.5,1,0.973,0.905,4,2,1,VERDE,-126.2,613.4,0.000,1,0.0,,58.3
2836.166024,AVOID_APPROACH,pure-pursuit al punto de paso del pilar 1,25,16.00,-0.27,PISTA,OK,0,1659.0,1659.0,428.3,544.2,238.1,1,0.861,420.5,1,0.959,254.5,1,0.918,0.938,4,2,1,VERDE,-128.4,608.4,0.000,1,0.0,,62.7
2836.245290,AVOID_APPROACH,pure-pursuit al punto de paso del pilar 1,25,20.00,-0.33,PISTA,OK,0,1651.0,1651.0,429.3,543.3,244.2,1,0.861,421.5,1,0.959,262.5,1,0.918,0.942,4,2,1,VERDE,-130.2,600.5,0.000,1,0.0,,84.9
2836.327942,AVOID_APPROACH,pure-pursuit al punto de paso del pilar 1,22,24.00,0.23,PISTA,OK,0,605.5,1644.0,427.8,543.5,251.3,1,0.806,420.5,1,0.945,268.0,1,0.904,0.959,4,2,1,VERDE,-120.5,594.6,0.000,1,0.0,,34.1
2836.415860,AVOID_APPROACH,pure-pursuit al punto de paso del pilar 1,22,25.00,0.63,PISTA,OK,0,598.5,1636.5,427.3,544.6,260.1,1,0.861,420.0,1,0.973,277.5,1,0.945,0.951,4,2,1,VERDE,-115.4,588.6,0.000,1,0.0,,57.5
2836.508619,AVOID_APPROACH,pure-pursuit al punto de paso del pilar 1,22,25.00,1.68,PISTA,OK,0,592.0,1631.0,424.4,545.6,268.4,1,0.917,417.8,1,0.986,283.8,1,0.959,0.932,4,2,1,VERDE,-100.5,584.9,0.000,1,0.0,,70.9
2836.604245,AVOID_APPROACH,pure-pursuit al punto de paso del pilar 1,22,24.38,3.46,PISTA,OK,0,586.0,1624.5,420.6,548.3,275.8,1,0.972,415.0,1,0.973,290.0,1,0.986,0.911,4,2,1,VERDE,-84.1,580.6,0.000,1,0.0,,43.1
2836.704856,AVOID_APPROACH,pure-pursuit al punto de paso del pilar 1,22,22.95,4.31,PISTA,OK,0,579.0,1616.5,416.2,552.1,284.7,1,0.972,411.0,1,0.986,300.5,1,0.986,0.916,4,2,1,VERDE,-65.1,576.5,0.000,1,0.0,,79.8
2836.807836,AVOID_APPROACH,pure-pursuit al punto de paso del pilar 1,22,21.35,5.99,PISTA,OK,0,570.5,1607.0,412.6,556.2,294.5,1,0.889,406.5,1,0.986,310.5,1,0.959,0.906,4,2,1,VERDE,-44.6,572.2,0.000,1,0.0,,48.8
2836.912713,AVOID_APPROACH,pure-pursuit al punto de paso del pilar 1,22,19.83,7.71,PISTA,OK,0,565.0,1612.0,408.1,561.6,303.9,1,0.944,403.0,1,0.959,319.5,1,0.959,0.911,4,2,1,VERDE,-25.4,566.8,0.000,1,0.0,,79.0
2837.020619,AVOID_APPROACH,pure-pursuit al punto de paso del pilar 1,22,18.82,9.49,PISTA,OK,0,560.5,1605.0,404.1,567.4,314.3,1,0.917,398.0,1,0.959,330.5,1,0.973,0.895,4,2,1,VERDE,-12.3,561.1,0.000,1,0.0,,61.5
2837.128194,AVOID_APPROACH,pure-pursuit al punto de paso del pilar 1,22,16.78,11.14,PISTA,OK,0,553.5,553.5,400.0,573.8,326.7,1,0.944,392.5,1,0.986,343.5,1,0.973,0.892,4,2,1,VERDE,10.1,559.9,0.000,1,0.0,,35.6
2837.234288,AVOID_APPROACH,pure-pursuit al punto de paso del pilar 1,22,15.94,12.74,PISTA,OK,0,553.5,1590.0,396.3,580.7,713.9,1,0.972,388.0,1,0.945,562.0,1,0.986,0.897,4,2,1,VERDE,20.7,554.3,0.000,1,0.0,,75.1
2837.339616,AVOID_APPROACH,pure-pursuit al punto de paso del pilar 1,22,14.68,14.55,PISTA,OK,0,544.5,1585.5,387.3,588.8,693.8,1,0.972,385.0,1,0.973,568.0,1,0.986,0.770,2,2,1,VERDE,35.9,546.1,0.000,1,0.0,,46.7
2837.445155,AVOID_APPROACH,pure-pursuit al punto de paso del pilar 1,22,12.70,15.34,PISTA,OK,0,539.5,1578.5,385.5,597.6,679.9,1,0.972,382.2,1,0.973,572.5,1,0.986,0.778,2,2,1,VERDE,57.9,537.3,0.000,1,0.0,,85.1
2837.547291,AVOID_APPROACH,pure-pursuit al punto de paso del pilar 1,22,10.91,17.00,PISTA,OK,0,533.5,1588.0,383.0,606.4,663.9,1,1.000,377.5,1,0.986,577.8,1,1.000,0.794,2,2,1,VERDE,76.9,529.5,0.000,1,0.0,,53.7
2837.648251,AVOID_APPROACH,pure-pursuit al punto de paso del pilar 1,22,9.09,18.70,PISTA,OK,0,529.5,1580.0,400.5,615.4,654.1,1,1.000,375.0,1,1.000,583.8,1,1.000,0.219,2,2,1,VERDE,95.7,520.6,0.000,1,0.0,,80.8
2837.749236,AVOID_APPROACH,pure-pursuit al punto de paso del pilar 1,22,7.10,20.46,PISTA,OK,0,524.5,1577.5,396.5,626.7,639.3,1,1.000,374.0,1,0.959,587.5,1,1.000,0.222,3,2,1,VERDE,115.4,510.6,0.000,1,0.0,,56.8
2837.849399,AVOID_APPROACH,pure-pursuit al punto de paso del pilar 1,25,5.07,21.19,PISTA,OK,0,966.0,1570.0,393.4,638.3,641.8,1,1.000,372.0,1,0.973,593.5,1,1.000,0.222,3,2,1,VERDE,134.6,500.4,0.000,1,0.0,,80.2
2837.948696,AVOID_APPROACH,pure-pursuit al punto de paso del pilar 1,25,3.80,22.60,PISTA,OK,0,958.5,1570.5,392.9,647.4,632.0,1,1.000,365.5,1,0.986,598.0,1,1.000,0.222,3,2,1,VERDE,146.5,489.7,0.000,1,0.0,,56.5
2838.048523,AVOID_APPROACH,pure-pursuit al punto de paso del pilar 1,25,2.39,23.91,PISTA,OK,0,949.5,1569.0,370.3,658.1,630.7,1,1.000,363.5,1,0.973,603.5,1,1.000,0.795,3,2,1,VERDE,159.1,477.1,0.000,1,0.0,,80.1
2838.147054,AVOID_APPROACH,pure-pursuit al punto de paso del pilar 1,25,1.06,24.44,PISTA,OK,0,940.5,1564.5,367.3,670.1,620.9,1,1.000,361.2,1,0.973,609.8,1,1.000,0.819,3,2,1,VERDE,170.4,465.5,0.000,1,0.0,,53.1
2838.244865,AVOID_APPROACH,pure-pursuit al punto de paso del pilar 1,25,0.04,25.41,PISTA,OK,0,933.5,954.0,385.3,680.4,629.1,1,1.000,360.5,1,0.959,615.0,1,1.000,0.222,3,2,1,VERDE,178.7,453.2,0.000,1,0.0,,75.8
2838.343380,AVOID_APPROACH,pure-pursuit al punto de paso del pilar 1,23,-1.22,26.17,PISTA,OK,0,634.0,634.0,381.5,691.1,627.1,1,1.000,355.0,1,0.932,621.0,1,1.000,0.224,3,2,1,VERDE,188.3,440.1,0.000,1,0.0,,50.8
2838.443020,AVOID_APPROACH,pure-pursuit al punto de paso del pilar 1,23,-2.27,26.73,PISTA,OK,0,612.0,612.0,374.6,699.2,625.2,1,1.000,352.8,1,0.959,624.2,1,1.000,0.223,3,2,1,VERDE,196.1,429.4,0.000,1,0.0,,80.4
2838.541554,AVOID_APPROACH,pure-pursuit al punto de paso del pilar 1,22,-2.80,26.93,PISTA,OK,0,607.0,607.0,371.4,707.4,625.8,1,0.972,350.0,1,0.973,630.2,1,0.986,0.224,3,2,1,VERDE,199.6,419.7,0.000,1,0.0,,48.3
2838.639794,AVOID_APPROACH,pure-pursuit al punto de paso del pilar 1,22,-3.18,27.22,PISTA,OK,0,598.5,598.5,367.6,713.7,633.2,1,1.000,340.0,1,0.986,634.5,1,1.000,0.225,3,2,1,VERDE,201.9,411.2,0.000,1,0.0,,76.7
2838.737068,AVOID_APPROACH,pure-pursuit al punto de paso del pilar 1,22,-4.14,27.39,PISTA,OK,0,603.5,603.5,343.8,719.5,636.3,1,1.000,341.5,1,0.945,639.2,1,1.000,0.858,3,2,1,VERDE,208.3,403.9,0.000,1,0.0,,45.8
2838.838388,AVOID_APPROACH,pure-pursuit al punto de paso del pilar 1,22,-3.99,27.44,PISTA,OK,0,573.0,573.0,340.1,725.2,634.0,1,1.000,337.0,1,0.959,642.0,1,1.000,0.872,3,2,1,VERDE,206.6,395.5,0.000,1,0.0,,79.4
2838.937583,AVOID_APPROACH,pure-pursuit al punto de paso del pilar 1,22,-4.13,27.46,PISTA,OK,0,567.5,567.5,336.3,727.3,636.5,1,1.000,333.5,1,0.959,647.0,1,1.000,0.836,3,2,1,VERDE,207.0,387.5,0.000,1,0.0,,42.8
2839.036972,AVOID_APPROACH,pure-pursuit al punto de paso del pilar 1,22,-4.25,27.45,PISTA,OK,0,582.0,582.0,331.6,731.0,640.2,1,1.000,330.5,1,0.945,650.5,1,1.000,0.829,3,2,1,VERDE,207.2,379.2,0.000,1,0.0,,76.7
2839.136636,AVOID_APPROACH,pure-pursuit al punto de paso del pilar 1,22,-4.25,27.42,PISTA,OK,0,559.5,559.5,327.5,734.5,646.5,1,1.000,325.0,1,0.973,652.8,1,1.000,0.831,2,2,1,VERDE,206.7,372.5,0.000,1,0.0,,44.7
2839.236918,AVOID_APPROACH,pure-pursuit al punto de paso del pilar 1,22,-4.15,27.40,PISTA,OK,0,570.5,570.5,323.5,738.1,650.4,1,1.000,322.0,1,0.918,656.0,1,1.000,0.810,2,2,1,VERDE,205.5,365.1,0.000,1,0.0,,77.5
2839.336273,AVOID_APPROACH,pure-pursuit al punto de paso del pilar 1,22,-4.07,27.34,PISTA,OK,0,545.0,545.0,319.4,741.9,655.5,1,1.000,313.5,1,0.959,659.2,1,1.000,0.826,2,2,1,VERDE,204.3,356.1,0.000,1,0.0,,44.8
2839.437629,AVOID_APPROACH,pure-pursuit al punto de paso del pilar 1,22,-4.51,27.29,PISTA,OK,0,541.5,541.5,314.9,745.2,656.3,1,1.000,312.5,1,0.918,663.5,1,1.000,0.817,2,2,1,VERDE,206.5,348.8,0.000,1,0.0,,75.5
2839.537343,AVOID_APPROACH,pure-pursuit al punto de paso del pilar 1,22,-4.10,27.22,PISTA,OK,0,529.0,529.0,311.1,749.7,657.6,1,1.000,308.5,1,0.959,668.0,1,1.000,0.820,2,2,1,VERDE,203.5,341.7,0.000,1,0.0,,42.5
2839.637410,AVOID_APPROACH,pure-pursuit al punto de paso del pilar 1,22,-4.36,27.16,PISTA,OK,0,539.0,539.0,307.3,752.6,661.7,1,1.000,304.0,1,0.986,669.5,1,1.000,0.806,2,2,1,VERDE,204.5,334.0,0.000,1,0.0,,76.1
2839.736790,AVOID_APPROACH,pure-pursuit al punto de paso del pilar 1,22,-4.32,27.10,PISTA,OK,0,533.0,533.0,303.1,755.9,675.0,1,1.000,307.5,1,0.918,674.5,1,1.000,0.802,2,2,1,VERDE,203.7,326.6,0.000,1,0.0,,45.8
2839.836847,AVOID_APPROACH,pure-pursuit al punto de paso del pilar 1,22,-4.47,27.02,PISTA,OK,0,514.0,514.0,298.9,758.6,671.3,1,1.000,296.0,1,0.945,678.0,1,1.000,0.832,2,2,1,VERDE,203.9,318.5,0.000,1,0.0,,78.9
2839.937661,AVOID_APPROACH,pure-pursuit al punto de paso del pilar 1,22,-4.69,26.99,PISTA,OK,0,520.0,520.0,294.6,762.7,675.8,1,1.000,290.0,1,0.918,681.5,1,1.000,0.832,2,2,1,VERDE,204.5,310.1,0.000,1,0.0,,46.7
2840.038158,AVOID_APPROACH,pure-pursuit al punto de paso del pilar 1,22,-4.59,26.92,PISTA,OK,0,501.5,501.5,291.3,765.7,684.8,1,1.000,289.5,1,0.932,685.0,1,1.000,0.836,2,2,1,VERDE,203.3,302.8,0.000,1,0.0,,78.9
2840.137618,AVOID_APPROACH,pure-pursuit al punto de paso del pilar 1,22,-4.56,26.88,PISTA,OK,0,500.0,500.0,286.9,771.8,681.9,1,1.000,285.0,1,0.932,688.5,1,1.000,0.892,2,2,1,VERDE,202.6,295.9,0.000,1,0.0,,41.9
2840.237828,AVOID_APPROACH,pure-pursuit al punto de paso del pilar 1,24,-4.95,26.80,PISTA,OK,0,775.5,777.0,283.2,772.9,687.3,1,1.000,284.0,1,0.918,692.0,1,1.000,0.838,2,2,1,VERDE,203.8,287.0,0.000,1,0.0,,79.1
2840.337376,AVOID_APPROACH,pure-pursuit al punto de paso del pilar 1,22,-4.99,26.71,PISTA,OK,0,495.2,495.2,279.4,775.8,693.0,1,1.000,277.5,1,0.945,694.5,1,1.000,0.845,2,2,1,VERDE,203.4,280.1,0.000,1,0.0,,45.2
2840.438672,AVOID_PASS,manteniendo rumbo mientras pasa el pilar 1,24,-0.99,26.67,PISTA,OK,0,759.0,1413.0,275.8,779.6,695.9,1,1.000,272.5,1,0.932,698.5,1,1.000,0.824,2,2,1,VERDE,201.7,272.8,0.000,1,0.0,,80.9
2840.538448,AVOID_PASS,manteniendo rumbo mientras pasa el pilar 1,24,0.12,26.55,PISTA,OK,0,750.5,750.5,272.1,783.6,702.0,1,0.972,271.2,1,0.863,701.5,1,0.986,0.842,2,2,1,VERDE,202.5,264.8,0.000,1,9.6,,47.8
2840.640115,AVOID_PASS,manteniendo rumbo mientras pasa el pilar 1,24,0.25,26.42,PISTA,OK,0,742.0,742.5,267.2,786.6,700.8,1,1.000,266.0,1,0.932,705.5,1,1.000,0.860,2,2,1,VERDE,200.5,257.0,0.000,1,19.3,,82.6
2840.739537,AVOID_PASS,manteniendo rumbo mientras pasa el pilar 1,24,0.34,26.33,PISTA,OK,0,732.5,732.5,262.9,789.1,708.6,1,0.972,262.5,1,0.863,709.8,1,0.986,0.852,2,2,1,VERDE,202.5,250.4,0.000,1,28.9,,48.6
2840.839500,AVOID_PASS,manteniendo rumbo mientras pasa el pilar 1,23,0.39,26.28,PISTA,OK,0,723.0,723.0,258.7,793.1,713.9,1,0.972,258.5,1,0.836,714.0,1,0.986,0.860,2,2,1,VERDE,201.7,240.7,0.000,1,38.5,,80.3
2840.939504,AVOID_PASS,manteniendo rumbo mientras pasa el pilar 1,23,0.47,26.20,PISTA,OK,0,713.5,713.5,254.2,796.3,717.0,1,1.000,252.5,1,0.932,716.8,1,1.000,0.855,2,2,1,VERDE,202.0,232.4,0.000,1,47.7,,48.2
2841.039256,AVOID_PASS,manteniendo rumbo mientras pasa el pilar 1,23,0.56,26.11,PISTA,OK,0,704.5,704.5,250.9,800.3,723.7,1,1.000,253.0,1,0.836,721.5,1,1.000,0.865,2,2,1,VERDE,198.6,224.3,0.000,1,56.9,,78.4
2841.138684,AVOID_PASS,manteniendo rumbo mientras pasa el pilar 1,23,0.63,26.04,PISTA,OK,0,696.0,696.0,246.7,804.5,729.5,1,1.000,244.5,1,0.877,725.5,1,1.000,0.874,2,2,1,VERDE,198.7,215.7,0.000,1,66.0,,47.9
2841.238323,AVOID_PASS,manteniendo rumbo mientras pasa el pilar 1,23,0.68,25.99,PISTA,OK,0,687.0,689.0,242.5,807.4,729.5,1,0.972,241.5,1,0.863,728.5,1,0.986,0.853,2,2,1,VERDE,200.8,207.2,0.000,1,75.2,,78.9
2841.337429,AVOID_PASS,manteniendo rumbo mientras pasa el pilar 1,23,0.74,25.93,PISTA,OK,0,679.0,680.0,238.0,811.5,727.4,1,1.000,239.2,1,0.863,732.5,1,1.000,0.860,2,2,1,VERDE,198.1,200.4,0.000,1,84.3,,46.2
2841.437265,AVOID_PASS,manteniendo rumbo mientras pasa el pilar 1,23,0.77,25.90,PISTA,OK,0,670.5,671.0,235.4,816.7,741.3,1,1.000,238.2,1,0.877,735.5,1,1.000,0.881,2,2,1,VERDE,201.1,190.9,0.000,1,93.5,,76.4
2841.536274,AVOID_PASS,manteniendo rumbo mientras pasa el pilar 1,23,0.82,25.85,PISTA,OK,0,661.5,661.5,231.4,820.0,736.8,1,0.972,234.0,1,0.808,738.0,1,1.000,0.878,2,2,1,VERDE,200.8,184.7,0.000,1,102.6,,45.0
2841.635957,AVOID_PASS,manteniendo rumbo mientras pasa el pilar 1,23,0.46,25.83,PISTA,OK,0,653.5,656.5,228.1,822.6,741.3,1,1.000,229.0,1,0.836,741.2,1,1.000,0.886,2,2,1,VERDE,197.4,176.9,0.000,1,111.8,,78.7
2841.735323,AVOID_PASS,manteniendo rumbo mientras pasa el pilar 1,23,-0.32,25.78,PISTA,OK,0,646.0,647.0,223.9,827.4,751.2,1,1.000,218.0,1,0.781,745.0,1,1.000,0.885,2,2,1,VERDE,196.2,172.7,0.000,1,120.9,,44.5
2841.834932,AVOID_PASS,manteniendo rumbo mientras pasa el pilar 1,23,-1.10,25.73,PISTA,OK,0,637.5,638.5,219.7,831.1,751.2,1,0.972,219.0,1,0.822,747.5,1,1.000,0.884,2,2,1,VERDE,195.7,164.3,0.000,1,130.1,,77.7
2841.934189,AVOID_PASS,manteniendo rumbo mientras pasa el pilar 1,23,-1.65,25.70,PISTA,OK,0,629.5,630.5,216.9,834.3,752.4,1,0.972,219.0,1,0.863,752.5,1,1.000,0.860,2,2,1,VERDE,197.4,156.4,0.000,1,139.2,,42.8
2842.035434,AVOID_PASS,manteniendo rumbo mientras pasa el pilar 1,23,-2.38,25.64,PISTA,OK,0,621.5,621.5,213.0,838.3,762.2,1,1.000,211.5,1,0.836,756.5,1,1.000,0.856,2,2,1,VERDE,197.2,147.3,0.101,1,148.5,,77.2
2842.135347,AVOID_PASS,manteniendo rumbo mientras pasa el pilar 1,23,-2.96,25.54,PISTA,OK,0,614.0,615.5,209.7,837.8,768.0,1,0.972,207.5,1,0.781,760.0,1,1.000,0.809,2,2,1,VERDE,196.9,138.4,0.201,1,157.7,,45.0
2842.235613,AVOID_PASS,manteniendo rumbo mientras pasa el pilar 1,22,-3.73,25.48,PISTA,OK,0,606.5,606.5,205.6,839.5,766.3,1,1.000,205.0,1,0.740,763.5,1,1.000,0.778,2,2,1,VERDE,196.8,129.4,0.301,1,166.9,,79.3
2842.333075,AVOID_PASS,manteniendo rumbo mientras pasa el pilar 1,22,-4.42,25.40,PISTA,OK,0,597.0,1250.5,202.0,805.1,768.4,1,1.000,202.0,1,0.795,768.0,1,1.000,0.468,3,2,1,VERDE,196.7,121.0,0.399,1,175.5,,43.1
2842.434765,AVOID_PASS,manteniendo rumbo mientras pasa el pilar 1,22,-5.01,25.33,PISTA,OK,0,588.0,1245.5,198.7,799.7,773.7,1,0.972,198.5,1,0.753,771.0,1,1.000,0.410,3,3,1,VERDE,196.7,121.0,0.399,0,184.4,,77.6
2842.534038,AVOID_PASS,manteniendo rumbo mientras pasa el pilar 1,22,-5.47,25.23,PISTA,OK,0,580.5,1238.0,196.2,809.4,774.9,1,0.972,194.5,1,0.795,773.5,1,1.000,0.451,3,3,1,VERDE,196.7,121.0,0.399,0,193.2,,43.3
2842.633996,AVOID_PASS,manteniendo rumbo mientras pasa el pilar 1,22,-6.25,25.18,PISTA,OK,0,573.0,1231.0,192.2,814.1,781.9,1,0.972,194.5,1,0.740,777.0,1,1.000,0.472,3,3,1,VERDE,196.7,121.0,0.399,0,202.0,,77.4
2842.733885,AVOID_PASS,manteniendo rumbo mientras pasa el pilar 1,22,-6.88,25.13,PISTA,OK,0,566.0,1221.5,189.0,819.1,781.9,1,1.000,183.5,1,0.767,780.0,1,1.000,0.502,3,3,1,VERDE,196.7,121.0,0.399,0,210.8,,42.8
2842.833402,AVOID_PASS,manteniendo rumbo mientras pasa el pilar 1,22,-7.39,25.01,PISTA,OK,0,557.0,1215.5,186.1,822.2,791.7,1,0.972,183.5,1,0.671,784.5,1,0.986,0.499,3,3,1,VERDE,196.7,121.0,0.399,0,219.5,,76.8
2842.934313,AVOID_PASS,manteniendo rumbo mientras pasa el pilar 1,22,-7.86,24.78,PISTA,OK,0,548.5,1207.0,183.2,805.9,798.3,1,0.972,188.5,1,0.795,786.0,1,1.000,0.367,3,3,1,VERDE,196.7,121.0,0.399,0,228.4,,44.3
2843.034621,AVOID_PASS,manteniendo rumbo mientras pasa el pilar 1,22,-8.40,24.52,PISTA,OK,0,540.5,1200.0,180.0,811.5,801.1,1,0.972,181.5,1,0.712,789.0,1,1.000,0.408,3,3,1,VERDE,196.7,121.0,0.399,0,237.2,,77.6
2843.134227,AVOID_PASS,manteniendo rumbo mientras pasa el pilar 1,22,-8.92,24.36,PISTA,OK,0,530.5,1189.0,177.2,813.5,802.6,1,0.917,174.0,1,0.616,790.8,1,1.000,0.411,2,2,1,VERDE,196.7,121.0,0.399,0,246.0,,43.5
2843.234337,AVOID_PASS,manteniendo rumbo mientras pasa el pilar 1,22,-9.33,23.98,PISTA,OK,0,524.0,1181.5,174.4,839.3,812.6,1,0.917,167.5,1,0.699,795.2,1,1.000,0.609,2,2,1,VERDE,196.7,121.0,0.399,0,254.8,,75.9
2843.333897,AVOID_PASS,manteniendo rumbo mientras pasa el pilar 1,22,-9.91,23.51,PISTA,OK,0,512.5,1171.0,170.7,825.3,598.6,1,0.944,169.0,1,0.685,798.0,1,1.000,0.485,2,2,1,VERDE,196.7,121.0,0.399,0,263.6,,43.9
2843.435211,AVOID_PASS,manteniendo rumbo mientras pasa el pilar 1,22,-10.11,23.04,PISTA,OK,0,501.5,1160.5,168.9,854.4,832.7,1,0.889,168.5,1,0.575,800.5,1,1.000,0.745,2,2,1,VERDE,196.7,121.0,0.399,0,272.5,,78.1
2843.535002,AVOID_PASS,manteniendo rumbo mientras pasa el pilar 1,21,-10.56,22.76,PISTA,OK,0,490.0,498.5,166.4,864.7,554.6,1,0.889,170.0,1,0.699,802.8,1,1.000,0.808,2,2,1,VERDE,196.7,121.0,0.399,0,281.3,,42.2
2843.634580,AVOID_PASS,manteniendo rumbo mientras pasa el pilar 1,21,-11.02,22.08,PISTA,OK,0,483.5,516.0,163.4,828.5,498.5,1,0.833,161.0,1,0.589,805.0,1,1.000,0.538,3,2,1,VERDE,196.7,121.0,0.399,0,289.6,,77.2
2843.734142,AVOID_PASS,manteniendo rumbo mientras pasa el pilar 1,21,-11.25,21.47,PISTA,OK,0,476.5,1133.0,161.5,829.3,842.1,1,0.806,158.2,1,0.671,807.0,1,1.000,0.561,3,2,1,VERDE,196.7,121.0,0.399,0,298.0,,43.4
2843.835105,AVOID_PASS,manteniendo rumbo mientras pasa el pilar 1,21,-11.82,21.14,PISTA,OK,0,469.0,1122.5,158.7,854.0,494.1,1,0.833,158.2,1,0.603,808.2,1,1.000,0.776,3,2,1,VERDE,196.7,121.0,0.399,0,306.5,,78.1
2843.935015,AVOID_PASS,manteniendo rumbo mientras pasa el pilar 1,21,-11.92,20.46,PISTA,OK,0,461.0,1113.0,157.4,848.4,428.0,1,0.833,157.0,1,0.493,810.2,1,0.986,0.729,3,2,1,VERDE,196.7,121.0,0.399,0,314.9,,43.6
2844.034945,RECENTER,reincorporacion tras 323 mm de sobrepaso estimado,21,-15.92,19.75,PISTA,OK,0,454.0,1103.0,155.2,850.1,415.3,1,0.833,154.5,1,0.603,812.2,1,0.973,0.746,3,2,1,VERDE,196.7,121.0,0.399,0,323.3,,78.1
2844.134119,RECENTER,reincorporando por posicion lateral,21,-19.92,19.08,PISTA,OK,0,446.5,1094.5,153.2,846.2,389.5,1,0.778,151.0,1,0.616,194.0,1,0.959,0.761,3,2,1,VERDE,196.7,121.0,0.399,0,323.3,,44.2
2844.234254,RECENTER,reincorporando por posicion lateral,21,-20.00,18.72,PISTA,OK,0,439.5,1087.5,151.2,847.8,380.5,1,0.833,149.0,1,0.658,178.0,1,0.973,0.737,3,2,1,VERDE,196.7,121.0,0.399,0,323.3,,77.2
2844.333859,RECENTER,reincorporando por posicion lateral,21,-20.00,17.36,PISTA,OK,0,432.5,1077.5,150.3,844.7,389.2,1,0.722,147.2,1,0.534,168.0,1,0.986,0.819,4,2,1,VERDE,196.7,121.0,0.399,0,323.3,,43.1
2844.435339,RECENTER,reincorporando por posicion lateral,21,-20.00,15.95,PISTA,OK,0,425.5,1069.5,151.3,843.5,351.8,1,0.667,148.0,1,0.575,164.5,1,0.973,0.799,4,2,1,VERDE,196.7,121.0,0.399,0,323.3,,79.2
2844.534939,RECENTER,reincorporando por posicion lateral,21,-16.00,15.22,PISTA,OK,0,422.5,1061.0,116.7,849.0,352.8,1,0.694,146.5,1,0.493,160.5,1,0.959,0.218,4,2,1,VERDE,196.7,121.0,0.399,0,323.3,,44.9
2844.634902,RECENTER,reincorporando por posicion lateral,21,-12.00,13.71,PISTA,OK,0,448.8,1051.5,135.8,846.6,310.0,1,0.639,147.5,1,0.630,158.0,1,0.932,0.218,4,2,1,VERDE,196.7,121.0,0.399,0,323.3,,79.4
2844.734626,RECENTER,reincorporando por posicion lateral,25,-8.00,12.92,PISTA,OK,0,1044.5,1044.5,136.0,841.4,294.1,1,0.750,147.5,1,0.685,155.2,1,0.959,0.219,3,1,1,VERDE,196.7,121.0,0.399,0,323.3,,44.7
2844.835960,RECENTER,reincorporando por posicion lateral,25,-5.72,11.30,PISTA,OK,0,1035.5,1035.5,145.1,836.6,306.3,1,0.639,147.5,1,0.575,150.0,1,0.959,0.219,3,1,1,VERDE,196.7,121.0,0.399,0,323.3,,79.0
2844.933759,RECENTER,reincorporando por posicion lateral,25,-4.79,9.43,PISTA,OK,0,1026.5,1026.5,152.3,830.3,274.0,1,0.667,149.5,1,0.726,145.0,1,0.918,0.219,3,1,1,VERDE,196.7,121.0,0.399,0,323.3,,42.8
2845.034071,RECENTER,reincorporando por posicion lateral,25,-3.96,7.77,PISTA,OK,0,1014.5,1014.5,169.4,826.6,261.3,1,0.694,152.2,1,0.712,142.0,1,0.932,0.220,3,1,1,VERDE,196.7,121.0,0.399,0,323.3,,77.9
2845.134862,RECENTER,reincorporando por posicion lateral,25,-3.62,7.09,PISTA,OK,0,1003.0,1003.0,175.4,827.6,271.7,1,0.639,155.0,1,0.616,140.0,1,0.932,0.222,4,1,1,VERDE,196.7,121.0,0.399,0,323.3,,45.1
2845.234967,RECENTER,reincorporando por posicion lateral,25,-3.00,5.85,PISTA,OK,0,993.0,993.0,193.6,823.3,257.6,1,0.806,156.0,1,0.781,140.8,1,0.959,0.221,4,1,1,VERDE,196.7,121.0,0.399,0,323.3,,76.5
2845.332575,RECENTER,reincorporando por posicion lateral,25,-2.46,4.78,PISTA,OK,0,984.5,984.5,202.4,819.4,266.7,1,0.667,158.2,1,0.726,140.5,1,0.932,0.219,4,1,1,VERDE,196.7,121.0,0.399,0,323.3,,43.1
2845.432419,RECENTER,reincorporando por posicion lateral,25,-1.93,3.72,PISTA,OK,0,975.5,975.5,218.4,814.9,245.3,1,0.667,159.2,1,0.753,141.0,1,0.932,0.217,3,1,1,VERDE,196.7,121.0,0.399,0,323.3,,76.0
2845.533505,RECENTER,reincorporando por posicion lateral,25,-1.41,2.68,PISTA,OK,0,967.5,967.5,218.8,811.5,232.6,1,0.750,160.5,1,0.671,141.0,1,0.945,0.219,3,1,1,VERDE,196.7,121.0,0.399,0,323.3,,44.3
2845.633583,RECENTER,reincorporando por posicion lateral,25,-1.17,2.20,PISTA,OK,0,956.5,956.5,230.2,811.5,235.9,1,0.806,163.0,1,0.753,140.0,1,0.904,0.218,3,1,1,VERDE,196.7,121.0,0.399,0,323.3,,76.9
2845.734441,RECENTER,reincorporando por posicion lateral,25,-0.76,1.37,PISTA,OK,0,946.5,946.5,236.6,809.4,260.8,1,0.639,162.5,1,0.589,141.0,1,0.863,0.220,3,1,1,VERDE,196.7,121.0,0.399,0,323.3,,43.8
2845.834480,RECENTER,reincorporando por posicion lateral,25,-0.37,0.58,PISTA,OK,0,938.5,938.5,261.1,792.0,232.5,1,0.750,167.8,1,0.685,142.0,1,0.904,0.219,3,1,1,VERDE,196.7,121.0,0.399,0,323.3,,78.9
2845.932292,RECENTER,reincorporando por posicion lateral,25,0.03,-0.21,PISTA,OK,0,929.5,929.5,269.8,802.8,263.8,1,0.611,170.8,1,0.562,142.0,1,0.890,0.217,3,1,1,VERDE,196.7,121.0,0.399,0,323.3,,40.9
2846.034013,RECENTER,reincorporando por posicion lateral,25,0.41,-0.96,PISTA,OK,0,920.0,920.0,268.7,801.3,223.2,1,0.722,173.5,1,0.644,144.8,1,0.877,0.220,2,1,1,VERDE,196.7,121.0,0.399,0,323.3,,78.5
2846.133423,RECENTER,reincorporando por posicion lateral,25,0.60,-1.35,PISTA,OK,0,910.5,910.5,288.7,802.0,229.0,1,0.722,178.8,1,0.630,145.8,1,0.904,0.218,2,1,1,VERDE,196.7,121.0,0.399,0,323.3,,44.6
2846.233402,RECENTER,reincorporando por posicion lateral,25,0.97,-2.09,PISTA,OK,0,900.5,900.5,297.8,793.1,248.9,1,0.639,185.8,1,0.548,149.5,1,0.849,0.222,2,1,1,VERDE,196.7,121.0,0.399,0,323.3,,75.9
2846.333169,RECENTER,reincorporando por posicion lateral,25,1.32,-2.79,PISTA,OK,0,892.0,892.0,331.4,792.4,245.9,1,0.722,190.8,1,0.589,151.2,1,0.904,0.220,2,1,1,VERDE,196.7,121.0,0.399,0,323.3,,45.0
2846.433656,RECENTER,reincorporando por posicion lateral,25,1.62,-3.40,PISTA,OK,0,883.0,883.0,345.9,797.3,227.7,1,0.694,201.2,1,0.507,154.5,1,0.890,0.220,3,1,1,VERDE,196.7,121.0,0.399,0,323.3,,78.9
2846.532400,RECENTER,reincorporando por posicion lateral,25,1.79,-3.73,PISTA,OK,0,875.0,875.0,360.1,795.1,238.4,1,0.778,206.0,1,0.658,159.0,1,0.918,0.224,4,1,1,VERDE,196.7,121.0,0.399,0,323.3,,43.3
2846.633232,RECENTER,reincorporando por posicion lateral,25,2.04,-4.23,PISTA,OK,0,865.5,865.5,368.4,781.8,221.6,1,0.778,211.5,1,0.658,162.8,1,0.918,0.211,4,1,1,VERDE,196.7,121.0,0.399,0,323.3,,71.8
2846.730779,RECENTER,reincorporando por posicion lateral,25,-1.96,-4.71,PISTA,OK,0,857.0,857.0,277.0,794.1,222.4,1,0.806,226.5,1,0.699,168.8,1,0.932,0.802,4,1,1,VERDE,196.7,121.0,0.399,0,323.3,,41.4
2846.830524,RECENTER,reincorporando por posicion lateral,25,2.04,-5.11,PISTA,OK,0,848.0,848.0,123.8,785.2,232.5,1,0.833,226.5,1,0.726,172.5,1,0.932,0.189,5,1,1,VERDE,196.7,121.0,0.399,0,323.3,,75.5
2846.929364,RECENTER,reincorporando por posicion lateral,24,2.61,-5.36,PISTA,OK,0,838.5,838.5,447.1,786.7,228.3,1,0.806,231.2,1,0.671,176.0,1,0.918,0.222,4,1,1,VERDE,196.7,121.0,0.399,0,323.3,,41.5
2847.028982,RECENTER,reincorporando por posicion lateral,24,2.83,-5.80,PISTA,OK,0,830.5,830.5,551.3,787.0,238.2,1,0.778,240.5,1,0.685,181.0,1,0.918,0.192,4,1,1,VERDE,196.7,121.0,0.399,0,323.3,,74.0
2847.126648,RECENTER,reincorporando por posicion lateral,24,-1.17,-6.20,PISTA,OK,0,821.5,821.5,259.0,792.1,231.3,1,0.778,245.2,1,0.644,185.5,1,0.904,0.800,4,1,1,VERDE,196.7,121.0,0.399,0,323.3,,38.2
2847.227746,RECENTER,reincorporando por posicion lateral,24,-5.17,-6.56,AZUL,OK,0,813.0,813.0,254.0,790.3,231.4,1,0.806,248.5,1,0.712,190.5,1,0.959,0.794,4,1,1,VERDE,196.7,121.0,0.399,0,323.3,,73.2
2847.327704,RECENTER,reincorporando por posicion lateral,24,-1.17,-6.87,AZUL,OK,0,804.0,804.0,476.3,789.4,236.1,1,0.778,253.2,1,0.671,198.0,1,0.945,0.212,4,1,1,VERDE,196.7,121.0,0.399,0,323.3,,36.2
2847.430998,RECENTER,reincorporando por posicion lateral,24,2.83,-7.04,PISTA,OK,0,794.0,794.0,5055.6,789.0,227.1,1,0.806,257.5,1,0.712,205.0,1,0.945,0.189,4,1,1,VERDE,196.7,121.0,0.399,0,323.3,,76.2
2847.526489,RECENTER,reincorporando por posicion lateral,24,-1.17,-7.63,PISTA,OK,0,787.5,787.5,242.0,788.6,226.9,1,0.750,263.5,1,0.753,212.2,1,0.904,0.810,4,1,1,VERDE,196.7,121.0,0.399,0,323.3,,36.9
2847.627523,RECENTER,reincorporando por posicion lateral,24,2.83,-7.97,PISTA,OK,0,778.5,778.5,4949.3,788.0,227.1,1,0.806,275.5,1,0.685,217.8,1,0.945,0.189,4,1,1,VERDE,196.7,121.0,0.399,0,323.3,,72.3
2847.727493,RECENTER,reincorporando por posicion lateral,24,3.99,-8.13,PISTA,OK,0,769.5,769.5,864.1,786.0,227.3,1,0.833,277.5,1,0.767,224.5,1,0.932,0.201,4,1,1,VERDE,196.7,121.0,0.399,0,323.3,,38.8
2847.827941,RECENTER,reincorporando por posicion lateral,24,4.18,-8.50,PISTA,OK,0,762.0,762.0,5325.1,785.8,215.0,1,0.806,283.5,1,0.795,229.0,1,0.945,0.188,4,1,1,VERDE,196.7,121.0,0.399,0,323.3,,73.3
2847.927308,RECENTER,reincorporando por posicion lateral,24,4.33,-8.80,PISTA,OK,0,752.0,752.0,3134.9,784.9,215.4,1,0.778,292.0,1,0.753,237.0,1,0.945,0.194,4,1,1,VERDE,196.7,121.0,0.399,0,323.3,,38.7
2848.028561,RECENTER,reincorporando por posicion lateral,24,4.40,-8.95,PISTA,OK,0,743.5,743.5,806.1,783.0,213.4,1,0.861,300.2,1,0.822,242.8,1,0.959,0.199,4,1,1,VERDE,196.7,121.0,0.399,0,323.3,,73.1
2848.126463,RECENTER,reincorporando por posicion lateral,24,4.48,-9.11,PISTA,OK,0,736.0,736.0,4305.7,781.4,215.0,1,0.833,304.2,1,0.753,252.0,1,0.959,0.189,4,1,1,VERDE,196.7,121.0,0.399,0,323.3,,37.0
2848.226685,RECENTER,reincorporando por posicion lateral,24,0.48,-9.18,PISTA,OK,0,728.0,728.0,740.6,780.1,213.8,1,0.917,316.8,1,0.822,259.8,1,1.000,0.586,3,1,1,VERDE,196.7,121.0,0.399,0,323.3,,71.8
2848.326242,CRUISE,reincorporacion verificada,23,-3.52,-9.28,PISTA,OK,0,719.0,719.0,752.8,778.5,218.7,1,0.833,324.0,1,0.753,267.0,1,0.973,0.637,3,1,,,,,,0,323.3,,36.0
2848.427807,CRUISE,crucero centrado por paredes,23,-7.52,-9.41,PISTA,OK,0,708.0,708.0,799.2,777.0,228.0,1,0.833,228.5,1,0.781,275.0,1,0.932,0.514,3,1,,,,,,0,323.3,,73.2
2848.527323,CRUISE,crucero centrado por paredes,23,-3.52,-9.50,PISTA,OK,0,700.0,700.0,765.9,774.3,233.5,1,0.917,226.5,1,0.795,280.5,1,0.945,0.678,3,1,,,,,,0,323.3,,36.3
2848.627338,TURN,giro de esquina por IMU y reapertura frontal,23,25.00,-9.61,PISTA,OK,0,693.0,693.0,834.8,772.5,242.5,1,0.806,226.0,1,0.822,288.5,1,0.959,0.200,3,1,,,,,,0,323.3,,73.0
2848.728557,TURN,giro de esquina por IMU y reapertura frontal,23,25.00,-10.04,PISTA,OK,0,686.5,686.5,3134.0,771.5,247.8,1,0.889,225.0,1,0.849,295.5,1,0.932,0.188,3,1,,,,,,0,323.3,,38.2
2848.828659,TURN,giro de esquina por IMU y reapertura frontal,23,25.00,-11.48,PISTA,OK,0,680.5,680.5,781.4,773.4,251.1,1,0.833,229.5,1,0.822,300.8,1,0.945,0.510,3,1,,,,,,0,323.3,,72.3
2848.926439,TURN,giro de esquina por IMU y reapertura frontal,23,25.00,-10.54,PISTA,OK,0,670.0,670.0,816.8,769.8,259.3,1,0.778,227.0,1,0.795,309.5,1,0.904,0.198,3,1,,,,,,0,323.3,,38.6
2849.027662,TURN,giro de esquina por IMU y reapertura frontal,23,25.00,-8.66,PISTA,OK,0,659.5,659.5,3874.3,767.2,270.3,1,0.917,224.5,1,0.849,316.0,1,0.932,0.186,3,1,,,,,,0,323.3,,72.9
2849.127232,TURN,giro de esquina por IMU y reapertura frontal,23,25.00,-6.79,PISTA,OK,0,651.0,651.0,789.2,765.0,278.5,1,0.833,220.5,1,0.890,324.0,1,0.918,0.457,2,1,,,,,,0,323.3,,38.4
2849.227199,TURN,giro de esquina por IMU y reapertura frontal,23,25.00,-4.98,PISTA,OK,0,644.5,644.5,714.5,764.7,291.0,1,0.833,217.0,1,0.849,332.5,1,0.959,0.426,2,1,,,,,,0,323.3,,68.8
2849.328035,TURN,giro de esquina por IMU y reapertura frontal,23,25.00,-3.18,PISTA,OK,0,638.0,638.0,8185.4,764.5,303.4,1,0.861,214.0,1,0.822,341.0,1,0.973,0.186,2,1,,,,,,0,323.3,,40.7
2849.426487,TURN,giro de esquina por IMU y reapertura frontal,23,25.00,-2.26,PISTA,OK,0,630.5,630.5,657.5,765.1,313.4,1,0.861,210.0,1,0.890,347.0,1,0.945,0.209,3,1,,,,,,0,323.3,,70.4
2849.526098,TURN,giro de esquina por IMU y reapertura frontal,23,25.00,-0.33,PISTA,OK,0,625.0,625.0,678.9,766.5,320.5,1,0.861,205.5,1,0.877,356.0,1,0.959,0.210,3,1,,,,,,0,323.3,,37.0
2849.627495,TURN,giro de esquina por IMU y reapertura frontal,23,25.00,1.38,PISTA,OK,0,619.0,619.0,645.0,768.1,334.1,1,0.806,203.0,1,0.863,361.5,1,0.959,0.210,3,1,,,,,,0,323.3,,70.7
2849.726920,TURN,giro de esquina por IMU y reapertura frontal,23,25.00,3.15,PISTA,OK,0,613.0,613.0,646.8,771.3,343.8,1,0.861,198.5,1,0.863,368.5,1,0.973,0.208,4,1,,,,,,0,323.3,,39.9
2849.826777,TURN,giro de esquina por IMU y reapertura frontal,22,25.00,4.02,PISTA,OK,0,606.5,606.5,619.8,773.4,353.8,1,0.861,195.0,1,0.863,375.0,1,0.973,0.207,4,1,,,,,,0,323.3,,71.5
2849.926007,TURN,giro de esquina por IMU y reapertura frontal,22,25.00,5.99,PISTA,OK,0,599.0,599.0,620.0,778.2,351.4,1,0.861,190.5,1,0.890,385.5,1,1.000,0.211,5,1,,,,,,0,323.3,,38.1
2850.026189,TURN,giro de esquina por IMU y reapertura frontal,22,25.00,7.77,PISTA,OK,0,595.5,595.5,189.0,783.0,356.2,1,0.806,188.5,1,0.877,395.5,1,0.973,0.800,5,1,,,,,,0,323.3,,69.6
2850.125670,TURN,giro de esquina por IMU y reapertura frontal,22,25.00,9.55,PISTA,OK,0,591.5,591.5,186.2,781.3,353.6,1,0.694,186.0,1,0.849,408.0,1,0.959,0.790,5,1,,,,,,0,323.3,,37.9
2850.227346,TURN,giro de esquina por IMU y reapertura frontal,22,25.00,10.37,PISTA,OK,0,587.5,587.5,197.0,786.1,353.9,1,0.667,182.0,1,0.808,415.5,1,0.973,0.788,5,1,,,,,,0,323.3,,72.3
2850.326544,TURN,giro de esquina por IMU y reapertura frontal,22,25.00,12.23,PISTA,OK,0,580.5,580.5,191.0,801.4,355.9,1,0.639,177.5,1,0.822,781.2,1,0.959,0.791,5,1,,,,,,0,323.3,,38.8
2850.426856,TURN,giro de esquina por IMU y reapertura frontal,22,25.00,14.02,PISTA,OK,0,575.5,575.5,190.0,809.1,358.1,1,0.583,174.0,1,0.767,787.5,1,0.959,0.789,5,1,,,,,,0,323.3,,69.9
2850.524686,TURN,giro de esquina por IMU y reapertura frontal,22,25.00,15.73,PISTA,OK,0,570.5,570.5,183.5,812.1,352.2,1,0.667,171.0,1,0.836,792.0,1,0.973,0.781,5,1,,,,,,0,323.3,,38.1
2850.625953,TURN,giro de esquina por IMU y reapertura frontal,22,25.00,16.63,NARANJA,OK,0,565.5,565.5,191.0,813.6,408.0,1,0.667,167.5,1,0.795,797.5,1,0.986,0.779,5,1,,,,,,0,323.3,,72.2
2850.725464,TURN,giro de esquina por IMU y reapertura frontal,22,25.00,18.42,NARANJA,OK,0,561.0,561.0,188.8,822.1,480.0,1,0.611,163.5,1,0.767,803.0,1,0.986,0.773,5,1,,,,,,0,323.3,,37.6
2850.826731,TURN,giro de esquina por IMU y reapertura frontal,22,25.00,20.24,NARANJA,OK,0,557.0,557.0,188.4,834.0,420.7,1,0.722,160.0,1,0.822,810.0,1,1.000,0.222,5,1,,,,,,0,323.3,,72.3
2850.924591,TURN,giro de esquina por IMU y reapertura frontal,22,25.00,21.13,NARANJA,OK,0,553.0,553.0,194.0,826.4,549.9,1,0.694,157.5,1,0.822,815.5,1,1.000,0.728,5,1,,,,,,0,323.3,,36.8
2851.024912,TURN,giro de esquina por IMU y reapertura frontal,22,25.00,22.92,PISTA,OK,0,549.0,549.0,188.0,829.6,449.3,1,0.778,153.0,1,0.808,819.8,1,1.000,0.717,5,1,,,,,,0,323.3,,71.1
2851.125441,TURN,giro de esquina por IMU y reapertura frontal,22,25.00,24.66,PISTA,OK,0,545.5,545.5,166.1,811.9,475.5,1,0.806,151.0,1,0.822,827.0,1,1.000,0.184,4,1,,,,,,0,323.3,,38.7
2851.225617,TURN,giro de esquina por IMU y reapertura frontal,22,25.00,26.39,PISTA,OK,0,544.0,544.0,166.2,808.4,527.1,1,0.778,148.0,1,0.822,832.5,1,1.000,0.183,2,0,,,,,,0,323.3,,72.4
2851.325124,TURN,giro de esquina por IMU y reapertura frontal,22,25.00,28.21,PISTA,OK,0,544.5,544.5,162.3,817.6,614.3,1,0.833,144.5,1,0.849,838.5,1,1.000,0.182,2,0,,,,,,0,323.3,,38.7
2851.426421,TURN,giro de esquina por IMU y reapertura frontal,22,25.00,29.03,PISTA,OK,0,543.5,543.5,166.6,784.4,828.2,1,0.833,142.5,1,0.863,844.5,1,1.000,0.178,2,0,,,,,,0,323.3,,73.0
2851.524203,TURN,giro de esquina por IMU y reapertura frontal,22,25.00,30.82,PISTA,OK,0,544.5,544.5,163.2,777.7,815.1,1,0.889,140.5,1,0.890,850.5,1,1.000,0.177,2,0,,,,,,0,323.3,,36.9
2851.625740,TURN,giro de esquina por IMU y reapertura frontal,22,25.00,32.65,PISTA,OK,0,545.5,545.5,159.2,745.5,812.2,1,0.972,137.0,1,0.918,855.5,1,1.000,0.175,3,0,,,,,,0,323.3,,72.4
2851.725167,TURN,giro de esquina por IMU y reapertura frontal,22,25.00,33.60,PISTA,OK,0,548.8,548.8,154.2,740.5,803.6,1,1.000,135.0,1,0.918,862.0,1,1.000,0.178,3,0,,,,,,0,323.3,,103.8
2851.824760,TURN,giro de esquina por IMU y reapertura frontal,22,25.00,35.48,PISTA,OK,0,551.2,551.2,154.1,723.5,798.3,1,1.000,132.5,1,0.904,868.2,1,1.000,0.182,4,0,,,,,,0,323.3,,69.0
2851.923950,TURN,giro de esquina por IMU y reapertura frontal,22,25.00,37.26,PISTA,OK,0,555.5,555.5,151.2,712.6,790.9,1,1.000,129.5,1,0.918,875.5,1,1.000,0.308,4,0,,,,,,0,323.3,,36.4
2852.025467,TURN,giro de esquina por IMU y reapertura frontal,22,25.00,38.91,PISTA,OK,0,558.0,558.0,148.4,696.8,790.9,1,0.972,126.0,1,0.918,882.0,1,1.000,0.367,4,0,,,,,,0,323.3,,71.9
2852.123646,TURN,giro de esquina por IMU y reapertura frontal,22,25.00,39.68,PISTA,OK,0,560.5,560.5,145.9,689.4,782.3,1,0.944,125.5,1,0.904,889.0,1,1.000,0.447,4,0,,,,,,0,323.3,,36.4
2852.225141,TURN,giro de esquina por IMU y reapertura frontal,22,25.00,41.47,PISTA,OK,0,571.5,571.5,143.9,678.0,778.6,1,1.000,122.0,1,0.918,877.5,1,1.000,0.428,4,0,,,,,,0,323.3,,71.1
2852.324635,TURN,giro de esquina por IMU y reapertura frontal,22,25.00,43.31,PISTA,OK,0,577.0,577.0,143.6,658.5,779.0,1,1.000,120.5,1,0.932,853.0,1,0.986,0.519,4,0,,,,,,0,323.3,,38.2
2852.423721,TURN,giro de esquina por IMU y reapertura frontal,22,25.00,45.02,PISTA,OK,0,582.5,582.5,722.1,657.8,776.1,1,0.972,119.0,1,0.932,829.5,1,1.000,0.198,4,0,,,,,,0,323.3,,70.8
2852.522585,TURN,giro de esquina por IMU y reapertura frontal,22,25.00,45.88,PISTA,OK,0,592.0,592.0,700.9,648.6,778.4,1,0.972,117.5,1,0.932,797.0,1,0.973,0.200,4,0,,,,,,0,323.3,,36.4
2852.623980,TURN,giro de esquina por IMU y reapertura frontal,22,25.00,47.67,PISTA,OK,0,598.0,598.0,690.0,646.1,775.3,1,0.972,117.5,1,0.918,758.5,1,1.000,0.195,4,0,,,,,,0,323.3,,71.2
2852.723377,TURN,giro de esquina por IMU y reapertura frontal,22,25.00,49.47,PISTA,OK,0,609.0,609.0,672.9,637.5,776.1,1,0.944,115.0,1,0.904,734.0,1,0.986,0.198,4,0,,,,,,0,323.3,,35.6
2852.823321,TURN,giro de esquina por IMU y reapertura frontal,23,25.00,50.37,PISTA,OK,0,617.0,617.0,658.4,630.1,562.1,1,0.889,115.0,1,0.877,716.0,1,0.986,0.202,4,0,,,,,,0,323.3,,70.5
2852.922593,TURN,giro de esquina por IMU y reapertura frontal,23,25.00,52.07,PISTA,OK,0,631.0,631.0,646.1,630.3,556.4,1,0.889,113.0,1,0.918,700.5,1,1.000,0.355,4,0,,,,,,0,323.3,,36.5
2853.022423,TURN,giro de esquina por IMU y reapertura frontal,23,25.00,54.01,PISTA,OK,0,646.5,646.5,631.1,616.8,545.0,1,0.861,114.0,1,0.877,672.0,1,1.000,0.496,4,0,,,,,,0,323.3,,69.2
2853.123292,TURN,giro de esquina por IMU y reapertura frontal,23,25.00,55.98,PISTA,OK,0,654.5,654.5,619.2,613.3,547.9,1,0.917,112.8,1,0.904,652.5,1,0.973,0.716,3,0,,,,,,0,323.3,,36.9
2853.223369,TURN,giro de esquina por IMU y reapertura frontal,23,25.00,57.78,PISTA,OK,0,675.5,675.5,603.8,610.5,546.9,1,0.861,110.5,1,0.904,639.5,1,0.986,0.807,3,0,,,,,,0,323.3,,70.1
2853.321480,TURN,giro de esquina por IMU y reapertura frontal,23,25.00,58.72,PISTA,OK,0,691.5,691.5,596.3,604.1,546.6,1,0.917,111.5,1,0.932,634.0,1,1.000,0.779,4,0,,,,,,0,323.3,,101.9
2853.422400,TURN,giro de esquina por IMU y reapertura frontal,23,25.00,60.48,PISTA,OK,0,712.5,712.5,582.2,593.7,547.7,1,0.944,107.0,1,0.932,615.0,1,0.986,0.795,4,0,,,,,,0,323.3,,67.3
2853.522151,TURN,giro de esquina por IMU y reapertura frontal,24,25.00,62.39,PISTA,OK,0,735.0,735.0,565.7,584.3,545.8,1,0.917,107.5,1,0.877,598.0,1,1.000,0.863,4,0,,,,,,0,323.3,,35.8
2853.622037,TURN,giro de esquina por IMU y reapertura frontal,24,25.00,64.16,PISTA,OK,0,764.0,764.0,555.2,574.1,544.2,1,0.944,107.0,1,0.918,586.0,1,1.000,0.858,3,0,,,,,,0,323.3,,70.0
2853.721826,TURN,giro de esquina por IMU y reapertura frontal,24,25.00,66.13,PISTA,OK,0,787.0,787.0,544.2,565.2,544.7,1,0.917,109.5,1,0.904,578.0,1,0.973,0.844,3,0,,,,,,0,323.3,,35.9
2853.823510,CRUISE,esquina 1 verificada,24,21.00,67.13,PISTA,OK,1,821.5,821.5,532.8,556.6,543.1,1,0.917,111.0,1,0.932,564.0,1,0.973,0.858,3,0,,,,,,0,323.3,,70.9
2853.921723,CRUISE,crucero centrado por paredes,25,17.00,69.12,PISTA,OK,1,855.5,855.5,522.2,549.3,543.0,1,0.917,109.2,1,0.890,552.5,1,0.986,0.848,3,0,,,,,,0,323.3,,34.5
2854.021989,AVOID_APPROACH,pure-pursuit al punto de paso del pilar 14,25,13.00,70.22,PISTA,OK,1,902.5,902.5,512.0,541.6,541.4,1,0.889,109.2,1,0.904,546.0,1,0.986,0.869,3,1,14,ROJO,-265.3,823.6,0.000,1,323.3,,69.5
2854.121751,AVOID_APPROACH,pure-pursuit al punto de paso del pilar 14,25,9.00,72.42,PISTA,OK,1,966.0,966.0,499.5,534.5,533.2,1,0.944,109.8,1,0.945,533.5,1,0.986,0.851,3,1,14,ROJO,-224.6,826.0,0.000,1,323.3,,35.6
2854.222135,AVOID_APPROACH,pure-pursuit al punto de paso del pilar 14,25,5.00,74.70,PISTA,OK,1,1044.5,1044.5,490.6,529.5,529.2,1,0.972,108.5,1,0.959,530.0,1,1.000,0.863,3,1,14,ROJO,-186.0,828.0,0.000,1,323.3,,69.9
2854.321564,AVOID_APPROACH,pure-pursuit al punto de paso del pilar 14,24,1.00,77.11,PISTA,OK,1,838.0,1472.0,482.5,526.0,107.8,1,0.972,109.5,1,0.959,522.0,1,1.000,0.861,3,1,14,ROJO,-152.9,823.5,0.000,1,323.3,,35.2
2854.421431,AVOID_APPROACH,pure-pursuit al punto de paso del pilar 14,24,-3.00,78.03,PISTA,OK,1,824.5,1189.5,477.4,523.1,108.1,1,0.972,113.8,1,0.945,515.0,1,1.000,0.882,3,1,14,ROJO,-127.9,816.7,0.000,1,323.3,,67.6
2854.520935,AVOID_APPROACH,pure-pursuit al punto de paso del pilar 14,24,-4.29,79.15,PISTA,OK,1,812.0,1254.0,475.6,521.5,113.5,1,0.972,118.0,1,0.945,513.5,1,0.986,0.909,3,1,14,ROJO,-118.5,807.2,0.000,1,323.3,,33.7
2854.622559,AVOID_APPROACH,pure-pursuit al punto de paso del pilar 14,24,-5.03,79.82,PISTA,OK,1,802.5,1296.5,475.5,519.1,112.2,1,0.944,121.8,1,0.959,509.5,1,0.986,0.938,3,1,14,ROJO,-108.6,799.7,0.000,1,323.3,,70.2
2854.722124,AVOID_APPROACH,pure-pursuit al punto de paso del pilar 14,24,-5.02,79.83,PISTA,OK,1,794.0,1322.0,472.2,518.1,114.3,1,0.944,128.8,1,0.959,510.0,1,1.000,0.741,3,1,14,ROJO,-109.8,787.4,0.000,1,323.3,,35.6
2854.822244,AVOID_APPROACH,pure-pursuit al punto de paso del pilar 14,24,-5.20,79.80,PISTA,OK,1,784.5,1320.0,475.0,515.9,115.1,1,0.944,136.5,1,0.945,507.5,1,1.000,0.763,3,1,14,ROJO,-107.9,781.0,0.000,1,323.3,,70.4
2854.921951,AVOID_APPROACH,pure-pursuit al punto de paso del pilar 14,24,-5.00,79.72,PISTA,OK,1,773.0,1308.0,476.6,514.1,116.9,1,1.000,142.8,1,0.973,508.5,1,0.986,0.764,3,1,14,ROJO,-111.7,768.6,0.000,1,323.3,,36.2
2855.023663,AVOID_APPROACH,pure-pursuit al punto de paso del pilar 14,24,-4.92,79.60,PISTA,OK,1,763.5,1329.5,478.7,512.3,124.1,1,1.000,151.5,1,0.973,501.0,1,1.000,0.758,3,1,14,ROJO,-113.7,758.6,0.000,1,323.3,,71.5
2855.123080,AVOID_APPROACH,pure-pursuit al punto de paso del pilar 14,24,-5.15,79.49,PISTA,OK,1,758.5,1287.0,479.7,510.7,131.8,1,0.972,157.0,1,0.918,498.5,1,1.000,0.766,3,1,14,ROJO,-111.1,753.1,0.000,1,323.3,,36.9
2855.223225,AVOID_APPROACH,pure-pursuit al punto de paso del pilar 14,24,-5.17,79.39,PISTA,OK,1,748.5,1316.5,482.8,508.9,140.5,1,0.972,165.0,1,0.945,498.2,1,0.973,0.757,3,1,14,ROJO,-111.7,743.0,0.000,1,323.3,,70.1
2855.324018,AVOID_APPROACH,pure-pursuit al punto de paso del pilar 14,24,-4.55,79.28,PISTA,OK,1,741.5,1309.8,485.6,506.8,149.6,1,1.000,171.5,1,0.945,494.5,1,0.986,0.784,2,1,14,ROJO,-120.8,730.7,0.000,1,323.3,,37.9
2855.422135,AVOID_APPROACH,pure-pursuit al punto de paso del pilar 14,24,-4.49,79.11,PISTA,OK,1,733.0,1304.0,488.6,504.7,158.5,1,1.000,180.5,1,0.973,496.5,1,0.986,0.779,2,1,14,ROJO,-122.3,721.3,0.000,1,323.3,,68.3
2855.522012,AVOID_APPROACH,pure-pursuit al punto de paso del pilar 14,23,-4.66,78.97,PISTA,OK,1,725.0,1221.0,490.6,502.7,167.1,1,1.000,186.0,1,0.932,493.5,1,0.973,0.795,1,1,14,ROJO,-120.7,714.8,0.000,1,323.3,,36.0
2855.623287,AVOID_APPROACH,pure-pursuit al punto de paso del pilar 14,23,-4.79,78.86,PISTA,OK,1,715.5,1229.0,493.1,500.7,175.8,1,0.972,193.5,1,0.877,491.5,1,0.973,0.785,1,1,14,ROJO,-119.9,705.6,0.000,1,323.3,,71.6
2855.723015,AVOID_APPROACH,pure-pursuit al punto de paso del pilar 14,23,-4.42,78.69,PISTA,OK,1,704.0,1200.5,495.5,499.3,184.4,1,0.972,202.5,1,0.932,489.2,1,0.986,0.793,1,1,14,ROJO,-125.4,693.5,0.000,1,323.3,,37.2
2855.822900,AVOID_APPROACH,pure-pursuit al punto de paso del pilar 14,23,-4.18,78.55,PISTA,OK,1,696.0,1251.0,498.4,496.8,195.1,1,0.972,211.5,1,0.945,485.0,1,1.000,0.781,2,1,14,ROJO,-129.0,683.7,0.000,1,323.3,,70.5
2855.922743,AVOID_APPROACH,pure-pursuit al punto de paso del pilar 14,23,-4.25,78.39,PISTA,OK,1,689.5,1196.0,500.5,494.6,202.6,1,0.944,218.5,1,0.918,484.5,1,0.959,0.798,2,1,14,ROJO,-128.8,675.9,0.000,1,323.3,,37.1
2856.022109,AVOID_APPROACH,pure-pursuit al punto de paso del pilar 14,23,-4.37,78.27,PISTA,OK,1,680.5,1369.5,503.1,493.0,213.1,1,0.917,226.8,1,0.918,485.0,1,0.986,0.801,3,1,14,ROJO,-127.9,668.8,0.000,1,323.3,,70.7
2856.121564,AVOID_APPROACH,pure-pursuit al punto de paso del pilar 14,23,-4.18,78.08,PISTA,OK,1,678.5,1496.5,505.7,490.9,221.6,1,0.889,236.5,1,0.904,480.8,1,0.986,0.846,3,1,14,ROJO,-130.8,659.0,0.000,1,323.3,,34.1
2856.221174,AVOID_APPROACH,pure-pursuit al punto de paso del pilar 14,23,-3.98,77.92,PISTA,OK,1,667.5,1164.0,514.5,489.2,229.3,1,0.889,244.0,1,0.890,479.0,1,0.986,0.892,3,1,14,ROJO,-133.8,649.6,0.000,1,323.3,,68.0
2856.321463,AVOID_APPROACH,pure-pursuit al punto de paso del pilar 14,25,-4.00,77.77,PISTA,OK,1,1140.0,1140.0,516.5,486.9,237.8,1,0.861,251.5,1,0.863,479.5,1,0.973,0.895,3,1,14,ROJO,-134.1,641.7,0.000,1,323.3,,35.0
2856.421663,AVOID_APPROACH,pure-pursuit al punto de paso del pilar 14,25,-4.05,77.68,PISTA,OK,1,1145.0,1145.0,519.2,485.0,247.3,1,0.861,260.0,1,0.863,476.0,1,1.000,0.893,3,1,14,ROJO,-134.1,634.2,0.000,1,323.3,,68.9
2856.518899,AVOID_APPROACH,pure-pursuit al punto de paso del pilar 14,25,-3.87,77.55,PISTA,OK,1,1133.0,1133.0,522.9,483.0,254.9,1,0.833,268.0,1,0.877,475.0,1,0.973,0.888,3,1,14,ROJO,-136.8,623.6,0.000,1,323.3,,101.1
2856.618749,AVOID_APPROACH,pure-pursuit al punto de paso del pilar 14,25,-3.99,77.38,PISTA,OK,1,1141.0,1141.0,525.3,481.0,268.1,1,0.917,282.0,1,0.904,474.2,1,0.986,0.890,3,1,14,ROJO,-136.0,616.9,0.000,1,323.3,,63.4
2856.718077,AVOID_APPROACH,pure-pursuit al punto de paso del pilar 14,25,-3.78,77.22,PISTA,OK,1,1109.0,1109.0,528.4,478.0,276.3,1,0.889,290.5,1,0.890,472.5,1,0.986,0.887,3,1,14,ROJO,-138.9,606.1,0.000,1,323.3,,100.4
2856.817925,AVOID_APPROACH,pure-pursuit al punto de paso del pilar 14,25,-3.63,77.14,PISTA,OK,1,1123.0,1123.0,531.2,476.2,287.7,1,0.917,302.5,1,0.918,467.8,1,0.986,0.883,3,1,14,ROJO,-141.2,596.5,0.000,1,323.3,,62.8
2856.917006,AVOID_APPROACH,pure-pursuit al punto de paso del pilar 14,25,-3.48,76.98,PISTA,OK,1,1060.0,1060.0,533.9,473.7,297.2,1,0.889,312.5,1,0.918,465.5,1,0.945,0.880,3,1,14,ROJO,-143.3,586.3,0.000,1,323.3,,80.0
2857.018805,AVOID_APPROACH,pure-pursuit al punto de paso del pilar 14,25,-3.30,76.79,PISTA,OK,1,1050.0,1050.0,537.5,471.3,309.6,1,0.917,325.5,1,0.918,466.0,1,0.959,0.882,3,1,14,ROJO,-145.8,575.9,0.000,1,323.3,,64.6
2857.116738,AVOID_APPROACH,pure-pursuit al punto de paso del pilar 14,25,-3.30,76.70,PISTA,OK,1,1060.0,1060.0,540.6,468.5,318.6,1,0.833,335.0,1,0.890,462.5,1,0.959,0.889,3,1,14,ROJO,-146.3,567.6,0.000,1,323.3,,99.2
2857.217113,AVOID_APPROACH,pure-pursuit al punto de paso del pilar 14,25,-3.08,76.52,PISTA,OK,1,1060.5,1060.5,544.2,466.5,331.4,1,0.889,348.5,1,0.904,458.5,1,0.973,0.883,3,1,14,ROJO,-149.0,556.7,0.000,1,323.3,,64.5
2857.316531,AVOID_APPROACH,pure-pursuit al punto de paso del pilar 14,25,-2.82,76.31,PISTA,OK,1,1026.5,1026.5,547.0,464.1,342.4,1,0.917,360.0,1,0.932,457.5,1,0.945,0.878,3,1,14,ROJO,-152.1,546.2,0.000,1,323.3,,84.0
2857.417236,AVOID_APPROACH,pure-pursuit al punto de paso del pilar 14,25,-2.96,76.17,PISTA,OK,1,1028.0,1028.0,550.2,461.6,351.4,1,0.889,369.5,1,0.932,455.0,1,0.945,0.880,3,1,14,ROJO,-151.2,537.3,0.000,1,323.3,,61.9
2857.517345,AVOID_APPROACH,pure-pursuit al punto de paso del pilar 14,25,-2.84,76.06,PISTA,OK,1,1073.0,1353.5,553.2,459.1,386.6,1,0.861,406.5,1,0.904,452.5,1,0.973,0.878,3,1,14,ROJO,-152.8,527.5,0.000,1,323.3,,31.1
2857.616161,AVOID_APPROACH,pure-pursuit al punto de paso del pilar 14,25,-2.57,75.92,PISTA,OK,1,995.5,995.5,555.6,456.9,399.4,1,0.917,420.0,1,0.932,449.0,1,0.959,0.869,3,1,14,ROJO,-155.8,516.9,0.000,1,323.3,,63.0
2857.718431,AVOID_APPROACH,pure-pursuit al punto de paso del pilar 14,25,-2.70,75.79,PISTA,OK,1,980.0,980.0,559.1,454.2,837.4,1,0.861,525.0,1,0.918,448.8,1,0.973,0.878,3,1,14,ROJO,-155.0,508.4,0.000,1,323.3,,31.7
2857.817261,AVOID_APPROACH,pure-pursuit al punto de paso del pilar 14,25,-2.60,75.66,PISTA,OK,1,982.5,982.5,561.7,451.7,847.2,1,0.861,527.5,1,0.918,445.5,1,0.986,0.879,3,1,14,ROJO,-156.4,498.4,0.000,1,323.3,,64.3
2857.917948,AVOID_APPROACH,pure-pursuit al punto de paso del pilar 14,25,-2.37,75.58,PISTA,OK,1,968.5,968.5,564.6,449.7,855.2,1,0.833,530.5,1,0.918,444.0,1,0.973,0.874,3,1,14,ROJO,-158.8,488.0,0.000,1,323.3,,32.5
2858.019271,AVOID_APPROACH,pure-pursuit al punto de paso del pilar 14,25,-2.53,75.42,PISTA,OK,1,963.5,963.5,568.0,446.6,573.4,1,0.917,534.0,1,0.959,439.0,1,0.973,0.877,3,1,14,ROJO,-157.9,478.5,0.000,1,323.3,,67.5
2858.118223,AVOID_APPROACH,pure-pursuit al punto de paso del pilar 14,25,-2.21,75.29,PISTA,OK,1,976.0,976.0,571.0,444.0,580.4,1,0.861,535.5,1,0.932,437.0,1,0.945,0.870,3,1,14,ROJO,-161.0,467.2,0.000,1,323.3,,33.1
2858.219618,AVOID_APPROACH,pure-pursuit al punto de paso del pilar 14,25,-2.35,75.10,PISTA,OK,1,958.0,958.0,574.8,441.4,577.9,1,0.944,538.0,1,0.973,434.0,1,0.918,0.875,3,1,14,ROJO,-160.2,458.4,0.000,1,323.3,,66.6
2858.318477,AVOID_APPROACH,pure-pursuit al punto de paso del pilar 14,25,-2.09,75.02,PISTA,OK,1,957.5,957.5,578.4,438.7,576.7,1,0.944,541.0,1,0.973,432.5,1,0.959,0.866,3,1,14,ROJO,-162.6,448.9,0.000,1,323.3,,100.6
2858.419445,AVOID_APPROACH,pure-pursuit al punto de paso del pilar 14,25,-1.96,74.84,PISTA,OK,1,915.5,915.5,581.2,435.7,575.9,1,0.972,544.5,1,0.986,430.0,1,0.932,0.863,3,1,14,ROJO,-164.0,438.0,0.000,1,323.3,,68.5
2858.518721,AVOID_APPROACH,pure-pursuit al punto de paso del pilar 14,25,-2.07,74.68,PISTA,OK,1,897.5,897.5,584.3,433.1,583.2,1,0.889,547.0,1,0.945,427.0,1,0.973,0.863,3,1,14,ROJO,-163.5,429.8,0.000,1,323.3,,33.6
2858.619466,AVOID_APPROACH,pure-pursuit al punto de paso del pilar 14,25,-2.00,74.50,PISTA,OK,1,893.5,893.5,588.0,430.6,583.2,1,0.944,549.0,1,0.973,426.0,1,0.918,0.861,3,1,14,ROJO,-164.4,419.6,0.000,1,323.3,,68.1
2858.720275,AVOID_APPROACH,pure-pursuit al punto de paso del pilar 14,25,-1.77,74.35,PISTA,OK,1,890.5,890.5,591.3,427.4,588.2,1,0.944,552.5,1,0.973,424.0,1,0.932,0.857,3,1,14,ROJO,-166.3,409.2,0.000,1,323.3,,35.9
2858.819798,AVOID_APPROACH,pure-pursuit al punto de paso del pilar 14,25,-1.78,74.29,PISTA,OK,1,890.5,890.5,594.1,425.0,586.9,1,0.917,555.5,1,0.959,419.5,1,0.945,0.853,3,1,14,ROJO,-166.6,400.4,0.000,1,323.3,,68.5
2858.919382,AVOID_APPROACH,pure-pursuit al punto de paso del pilar 14,25,-1.46,74.17,PISTA,OK,1,870.0,870.0,597.7,421.9,594.7,1,0.944,558.0,1,0.973,418.0,1,0.945,0.857,3,1,14,ROJO,-169.0,391.0,0.000,1,323.3,,34.9
2859.019128,AVOID_APPROACH,pure-pursuit al punto de paso del pilar 14,25,-1.70,74.00,PISTA,OK,1,863.5,863.5,600.7,419.6,595.1,1,0.972,560.5,1,0.986,413.5,1,0.932,0.853,3,1,14,ROJO,-167.7,381.0,0.000,1,323.3,,68.6
2859.118922,AVOID_APPROACH,pure-pursuit al punto de paso del pilar 14,24,-1.42,73.95,PISTA,OK,1,838.0,838.0,604.1,416.6,594.5,1,0.944,563.0,1,0.973,411.0,1,0.945,0.846,3,1,14,ROJO,-169.8,372.3,0.000,1,323.3,,101.8
2859.219265,AVOID_APPROACH,pure-pursuit al punto de paso del pilar 14,24,-1.71,73.82,PISTA,OK,1,841.0,841.0,606.9,414.1,597.2,1,0.944,567.5,1,0.973,408.0,1,0.932,0.844,3,1,14,ROJO,-168.2,362.3,0.000,1,323.3,,66.4
2859.319795,AVOID_APPROACH,pure-pursuit al punto de paso del pilar 14,24,-1.36,73.66,PISTA,OK,1,822.0,822.0,611.4,411.0,594.3,1,0.972,569.5,1,0.986,405.5,1,0.932,0.861,3,1,14,ROJO,-170.6,353.8,0.000,1,323.3,,31.9
2859.417837,AVOID_APPROACH,pure-pursuit al punto de paso del pilar 14,24,-1.35,73.51,PISTA,OK,1,820.5,820.5,626.0,408.2,602.9,1,0.972,571.8,1,0.986,404.2,1,0.918,0.787,3,1,14,ROJO,-170.9,343.7,0.000,1,323.3,,62.2
2859.519191,AVOID_APPROACH,pure-pursuit al punto de paso del pilar 14,24,-1.40,73.44,PISTA,OK,1,814.5,814.5,634.3,405.8,605.4,1,0.917,574.5,1,0.959,397.5,1,0.932,0.699,3,1,14,ROJO,-170.7,338.2,0.000,1,323.3,,35.0
2859.618324,AVOID_APPROACH,pure-pursuit al punto de paso del pilar 14,24,-1.19,73.29,PISTA,OK,1,808.0,808.0,640.7,402.7,601.5,1,0.972,577.0,1,0.986,396.0,1,0.945,0.679,3,1,14,ROJO,-172.2,325.1,0.000,1,323.3,,65.8
2859.718198,AVOID_APPROACH,pure-pursuit al punto de paso del pilar 14,24,-1.26,73.17,PISTA,OK,1,798.2,798.2,641.3,399.7,606.2,1,0.972,579.8,1,0.986,395.2,1,0.918,0.757,3,1,14,ROJO,-172.1,316.0,0.000,1,323.3,,32.3
2859.817857,AVOID_APPROACH,pure-pursuit al punto de paso del pilar 14,24,-1.42,73.00,PISTA,OK,1,788.5,788.5,644.5,397.0,608.8,1,1.000,583.0,1,1.000,391.0,1,0.932,0.758,3,1,14,ROJO,-171.4,307.3,0.000,1,323.3,,67.1
2859.916971,AVOID_APPROACH,pure-pursuit al punto de paso del pilar 14,24,-1.20,72.92,PISTA,OK,1,781.0,781.0,650.0,393.7,611.1,1,0.972,586.0,1,1.000,386.0,1,0.918,0.752,3,1,14,ROJO,-172.8,297.1,0.000,1,323.3,,33.0
2860.017454,AVOID_APPROACH,pure-pursuit al punto de paso del pilar 14,24,-1.03,72.78,PISTA,OK,1,763.0,763.0,651.4,391.3,614.8,1,0.917,589.5,1,0.959,388.5,1,0.890,0.804,3,1,14,ROJO,-173.8,287.5,0.000,1,323.3,,66.9
2860.119665,AVOID_PASS,manteniendo rumbo mientras pasa el pilar 14,24,0.00,72.66,PISTA,OK,1,754.5,754.5,657.5,388.4,612.9,1,0.944,591.5,1,0.986,383.0,1,0.918,0.773,3,1,14,ROJO,-174.2,279.2,0.000,1,0.0,,32.9
2860.217960,AVOID_PASS,manteniendo rumbo mientras pasa el pilar 14,24,0.09,72.57,PISTA,OK,1,760.0,760.0,661.0,385.3,620.9,1,0.944,594.0,1,0.986,376.5,1,0.918,0.773,3,1,14,ROJO,-173.6,269.5,0.000,1,9.4,,67.8
2860.316802,AVOID_PASS,manteniendo rumbo mientras pasa el pilar 14,24,0.25,72.41,PISTA,OK,1,764.5,764.5,666.6,382.8,616.6,1,0.889,597.2,1,0.959,377.0,1,0.918,0.752,3,1,14,ROJO,-174.2,260.5,0.000,1,18.9,,31.8
2860.418203,AVOID_PASS,manteniendo rumbo mientras pasa el pilar 14,24,0.28,72.38,PISTA,OK,1,738.8,738.8,673.0,379.7,622.1,1,0.917,600.5,1,0.973,373.0,1,0.877,0.725,3,1,14,ROJO,-173.7,251.0,0.000,1,28.7,,67.6
2860.517159,AVOID_PASS,manteniendo rumbo mientras pasa el pilar 14,24,0.41,72.23,PISTA,OK,1,729.5,729.5,673.6,376.7,628.7,1,0.889,603.0,1,0.959,373.5,1,0.890,0.771,3,1,14,ROJO,-175.3,242.0,0.000,1,38.2,,33.3
2860.616288,AVOID_PASS,manteniendo rumbo mientras pasa el pilar 14,23,0.51,72.15,PISTA,OK,1,710.5,710.5,679.2,374.0,632.8,1,0.917,606.0,1,0.973,370.0,1,0.890,0.748,3,1,14,ROJO,-173.0,233.5,0.000,1,47.7,,65.9
2860.716517,AVOID_PASS,manteniendo rumbo mientras pasa el pilar 14,23,0.62,72.04,PISTA,OK,1,704.0,704.0,696.6,370.6,631.6,1,0.917,609.0,1,0.973,366.2,1,0.918,0.435,3,1,14,ROJO,-173.2,227.6,0.000,1,56.9,,32.4
2860.816332,AVOID_PASS,manteniendo rumbo mientras pasa el pilar 14,23,0.68,71.98,PISTA,OK,1,694.5,694.5,699.7,367.7,630.3,1,0.917,614.5,1,0.986,362.0,1,0.904,0.490,3,1,14,ROJO,-174.9,215.5,0.000,1,66.1,,66.2
2860.915771,AVOID_PASS,manteniendo rumbo mientras pasa el pilar 14,23,0.82,71.84,PISTA,OK,1,694.5,694.5,694.8,364.7,647.9,1,0.917,616.5,1,0.973,359.0,1,0.877,0.725,3,1,14,ROJO,-176.5,206.9,0.000,1,75.2,,31.4
2861.015491,AVOID_PASS,manteniendo rumbo mientras pasa el pilar 14,23,0.90,71.76,PISTA,OK,1,679.0,679.0,701.7,361.7,633.0,1,0.917,619.0,1,0.973,359.2,1,0.863,0.686,3,1,14,ROJO,-172.6,201.8,0.000,1,84.4,,65.4
2861.115954,AVOID_PASS,manteniendo rumbo mientras pasa el pilar 14,23,1.03,71.63,PISTA,OK,1,676.0,676.0,711.5,358.8,648.8,1,0.944,620.8,1,0.986,355.0,1,0.877,0.598,3,1,14,ROJO,-174.6,193.7,0.000,1,93.6,,32.5
2861.214766,AVOID_PASS,manteniendo rumbo mientras pasa el pilar 14,23,1.09,71.57,PISTA,OK,1,674.2,674.2,715.2,355.9,633.6,1,0.944,625.0,1,0.973,350.0,1,0.890,0.623,3,1,14,ROJO,-173.3,186.5,0.000,1,102.7,,64.5
2861.315547,AVOID_PASS,manteniendo rumbo mientras pasa el pilar 14,23,1.24,71.42,PISTA,OK,1,649.5,649.5,724.5,352.7,647.5,1,0.889,627.5,1,0.973,345.0,1,0.877,0.556,3,1,14,ROJO,-172.6,177.0,0.000,1,112.0,,84.8
2861.415322,AVOID_PASS,manteniendo rumbo mientras pasa el pilar 14,23,1.28,71.38,PISTA,OK,1,647.5,647.5,731.5,350.4,653.3,1,0.889,630.0,1,0.973,345.2,1,0.877,0.504,3,1,14,ROJO,-171.4,172.1,0.000,1,121.2,,65.1
2861.515391,AVOID_PASS,manteniendo rumbo mientras pasa el pilar 14,23,1.35,71.31,PISTA,OK,1,648.0,648.0,741.2,347.3,646.7,1,0.944,632.8,1,0.986,341.5,1,0.877,0.464,3,1,14,ROJO,-172.8,161.1,0.000,1,130.4,,30.9
2861.616362,AVOID_PASS,manteniendo rumbo mientras pasa el pilar 14,23,1.38,71.28,PISTA,OK,1,643.5,643.5,753.1,344.5,653.7,1,0.917,635.5,1,0.986,339.5,1,0.836,0.415,3,1,14,ROJO,-171.0,153.2,0.000,1,139.7,,66.6
2861.715783,AVOID_PASS,manteniendo rumbo mientras pasa el pilar 14,23,1.48,71.18,PISTA,OK,1,631.5,631.5,768.5,341.2,644.3,1,0.917,637.5,1,0.986,335.0,1,0.849,0.317,3,1,14,ROJO,-171.2,144.6,0.000,1,148.8,,32.3
2861.815046,AVOID_PASS,manteniendo rumbo mientras pasa el pilar 14,23,1.57,71.09,PISTA,OK,1,619.5,619.5,688.2,338.1,653.7,1,0.944,640.8,1,1.000,333.5,1,0.877,0.733,3,1,14,ROJO,-171.4,135.2,0.099,1,158.0,,63.4
2861.915631,AVOID_PASS,manteniendo rumbo mientras pasa el pilar 14,23,1.58,71.08,PISTA,OK,1,613.5,613.5,692.7,335.3,653.1,1,0.917,645.0,1,0.986,331.8,1,0.836,0.736,3,1,14,ROJO,-171.5,125.9,0.200,1,167.2,,31.4
2862.015327,AVOID_PASS,manteniendo rumbo mientras pasa el pilar 14,23,1.71,70.95,PISTA,OK,1,612.0,612.0,696.1,332.0,658.2,1,0.889,649.0,1,0.986,327.0,1,0.808,0.724,2,1,14,ROJO,-171.8,116.3,0.300,1,176.4,,65.4
2862.114924,AVOID_PASS,manteniendo rumbo mientras pasa el pilar 14,22,1.80,70.86,PISTA,OK,1,596.5,596.5,699.6,328.9,665.6,1,0.917,649.0,1,0.986,326.0,1,0.836,0.733,2,1,14,ROJO,-171.9,106.9,0.399,1,185.6,,83.2
2862.216292,AVOID_PASS,manteniendo rumbo mientras pasa el pilar 14,23,1.91,70.75,PISTA,OK,1,610.5,610.5,699.3,325.7,665.4,1,0.861,653.5,1,0.959,322.2,1,0.849,0.695,2,1,14,ROJO,-171.9,106.9,0.399,0,194.5,,66.4
2862.316047,AVOID_PASS,manteniendo rumbo mientras pasa el pilar 14,22,1.95,70.71,PISTA,OK,1,589.5,589.5,692.0,322.5,662.7,1,0.861,656.0,1,0.973,321.5,1,0.890,0.632,3,1,14,ROJO,-171.9,106.9,0.399,0,203.6,,32.3
2862.415206,AVOID_PASS,manteniendo rumbo mientras pasa el pilar 14,22,2.03,70.63,PISTA,OK,1,572.5,572.5,691.0,319.7,668.0,1,0.889,658.8,1,0.973,318.0,1,0.849,0.596,3,1,14,ROJO,-171.9,106.9,0.399,0,212.4,,65.2
2862.514955,AVOID_PASS,manteniendo rumbo mientras pasa el pilar 14,22,2.11,70.55,PISTA,OK,1,573.5,573.5,693.8,316.6,672.5,1,0.889,663.0,1,0.973,311.0,1,0.822,0.587,3,1,14,ROJO,-171.9,106.9,0.399,0,221.2,,85.6
2862.615414,AVOID_PASS,manteniendo rumbo mientras pasa el pilar 14,22,2.20,70.46,PISTA,OK,1,568.5,568.5,706.1,313.4,670.9,1,0.889,665.5,1,0.959,309.5,1,0.836,0.660,3,1,14,ROJO,-171.9,106.9,0.399,0,230.0,,65.0
2862.715691,AVOID_PASS,manteniendo rumbo mientras pasa el pilar 14,22,2.26,70.41,PISTA,OK,1,553.5,553.5,701.3,310.4,674.2,1,0.944,669.0,1,0.973,310.5,1,0.836,0.598,3,1,14,ROJO,-171.9,106.9,0.399,0,238.8,,31.8
2862.816097,AVOID_PASS,manteniendo rumbo mientras pasa el pilar 14,22,2.27,70.39,PISTA,OK,1,551.0,551.0,711.4,307.9,675.4,1,0.917,671.0,1,1.000,307.2,1,0.808,0.663,3,1,14,ROJO,-171.9,106.9,0.399,0,247.7,,66.7
2862.915739,AVOID_PASS,manteniendo rumbo mientras pasa el pilar 14,22,2.31,70.35,PISTA,OK,1,542.5,542.5,719.2,304.5,679.9,1,0.944,674.0,1,0.986,303.0,1,0.836,0.701,3,1,14,ROJO,-171.9,106.9,0.399,0,256.4,,32.6
2863.015026,AVOID_PASS,manteniendo rumbo mientras pasa el pilar 14,22,2.40,70.26,PISTA,OK,1,552.2,552.2,725.2,302.3,680.3,1,0.917,676.5,1,0.986,302.0,1,0.781,0.715,2,0,14,ROJO,-171.9,106.9,0.399,0,265.2,,64.3
2863.114515,AVOID_PASS,manteniendo rumbo mientras pasa el pilar 14,22,2.41,70.25,PISTA,OK,1,533.0,533.0,773.4,298.8,678.7,1,0.917,679.5,1,0.986,297.5,1,0.822,0.792,2,0,14,ROJO,-171.9,106.9,0.399,0,273.9,,85.7
2863.214649,AVOID_PASS,manteniendo rumbo mientras pasa el pilar 14,22,2.46,70.20,PISTA,OK,1,530.0,530.0,778.0,296.2,688.5,1,0.917,682.0,1,0.986,290.5,1,0.822,0.782,2,0,14,ROJO,-171.9,106.9,0.399,0,282.7,,63.9
2863.314084,AVOID_PASS,manteniendo rumbo mientras pasa el pilar 14,22,2.50,70.16,PISTA,OK,1,522.5,522.5,783.7,292.7,686.4,1,0.917,684.5,1,0.959,292.5,1,0.849,0.767,2,0,14,ROJO,-171.9,106.9,0.399,0,291.5,,85.6
2863.414929,AVOID_PASS,manteniendo rumbo mientras pasa el pilar 14,22,2.56,70.10,PISTA,OK,1,519.5,519.5,788.1,290.0,691.8,1,0.917,160.0,1,0.986,286.0,1,0.808,0.766,2,0,14,ROJO,-171.9,106.9,0.399,0,300.3,,57.8
2863.513577,AVOID_PASS,manteniendo rumbo mientras pasa el pilar 14,22,2.59,70.07,PISTA,OK,1,512.5,512.5,791.9,287.1,693.6,1,0.917,148.5,1,0.959,284.5,1,0.808,0.755,2,0,14,ROJO,-171.9,106.9,0.399,0,309.0,,30.9
2863.614934,AVOID_PASS,manteniendo rumbo mientras pasa el pilar 14,22,2.65,70.01,PISTA,OK,1,505.0,505.0,796.6,284.1,696.5,1,0.917,146.5,1,0.932,281.8,1,0.836,0.749,2,0,14,ROJO,-171.9,106.9,0.399,0,318.0,,64.6
2863.714626,RECENTER,reincorporacion tras 327 mm de sobrepaso estimado,22,6.65,69.92,PISTA,OK,1,500.5,500.5,804.5,280.8,698.3,1,0.917,144.5,1,0.945,278.5,1,0.822,0.735,2,0,14,ROJO,-171.9,106.9,0.399,0,326.7,,31.3
2863.814649,TURN,giro de esquina por IMU y reapertura frontal,21,25.00,69.79,PISTA,OK,1,491.5,491.5,763.5,277.9,697.1,1,0.861,146.0,1,0.945,277.5,1,0.836,0.699,2,0,,,,,,0,326.7,,62.9
2863.914971,TURN,giro de esquina por IMU y reapertura frontal,21,25.00,69.70,PISTA,OK,1,486.5,486.5,2756.8,276.0,692.0,1,0.917,150.2,1,0.973,277.0,1,0.795,0.182,3,0,,,,,,0,326.7,,31.9
2864.014046,TURN,giro de esquina por IMU y reapertura frontal,21,25.00,69.17,PISTA,OK,1,465.5,465.5,2884.8,272.8,698.7,1,0.944,151.0,1,0.986,266.0,1,0.795,0.183,3,0,,,,,,0,326.7,,65.0
2864.113447,TURN,giro de esquina por IMU y reapertura frontal,21,25.00,71.05,PISTA,OK,1,464.0,464.0,167.5,269.4,709.4,1,0.889,148.0,1,0.973,267.8,1,0.781,0.803,3,0,,,,,,0,326.7,,30.7
2864.214494,TURN,giro de esquina por IMU y reapertura frontal,21,25.00,72.66,PISTA,OK,1,491.5,491.5,2967.0,267.9,718.8,1,0.861,145.5,1,1.000,264.5,1,0.795,0.180,3,0,,,,,,0,326.7,,62.1
2864.314144,TURN,giro de esquina por IMU y reapertura frontal,22,25.00,73.49,PISTA,OK,1,518.0,518.0,164.5,266.5,727.4,1,0.778,144.0,1,0.973,263.2,1,0.836,0.788,3,0,,,,,,0,326.7,,31.4
2864.411894,TURN,giro de esquina por IMU y reapertura frontal,22,25.00,75.13,PISTA,OK,1,530.5,530.5,3244.6,265.4,742.6,1,0.722,141.5,1,0.959,262.5,1,0.795,0.181,3,0,,,,,,0,326.7,,63.0
2864.512771,TURN,giro de esquina por IMU y reapertura frontal,22,25.00,76.93,PISTA,OK,1,576.0,576.0,3587.5,265.0,728.6,1,0.778,138.5,1,0.959,260.5,1,0.822,0.179,3,0,,,,,,0,326.7,,29.9
2864.613212,TURN,giro de esquina por IMU y reapertura frontal,22,25.00,78.63,PISTA,OK,1,605.5,605.5,4854.4,265.2,695.5,1,0.722,136.5,1,0.973,260.5,1,0.836,0.179,3,0,,,,,,0,326.7,,64.4
2864.711801,TURN,giro de esquina por IMU y reapertura frontal,23,25.00,79.48,PISTA,OK,1,639.5,639.5,788.5,265.7,689.8,1,0.667,133.5,1,0.973,261.5,1,0.808,0.778,4,0,,,,,,0,326.7,,29.3
2864.811367,TURN,giro de esquina por IMU y reapertura frontal,23,25.00,81.14,PISTA,OK,1,720.5,720.5,5287.1,266.1,642.1,1,0.583,131.2,1,0.918,260.2,1,0.795,0.178,4,0,,,,,,0,326.7,,62.8
2864.911242,TURN,giro de esquina por IMU y reapertura frontal,25,25.00,83.11,PISTA,OK,1,878.5,878.5,776.0,267.2,579.1,1,0.667,128.5,1,0.890,260.5,1,0.849,0.774,4,0,,,,,,0,326.7,,82.2
2865.010908,TURN,giro de esquina por IMU y reapertura frontal,24,25.00,84.93,PISTA,OK,1,819.5,819.5,772.0,268.6,535.3,1,0.556,127.5,1,0.890,263.0,1,0.795,0.774,4,0,,,,,,0,326.7,,60.2
2865.112136,TURN,giro de esquina por IMU y reapertura frontal,25,25.00,85.98,PISTA,OK,1,985.0,985.0,762.5,270.9,507.1,1,0.583,125.0,1,0.890,263.0,1,0.836,0.772,4,0,,,,,,0,326.7,,84.4
2865.212122,TURN,giro de esquina por IMU y reapertura frontal,25,25.00,87.91,PISTA,OK,1,977.0,977.0,755.5,273.7,483.3,1,0.611,122.5,1,0.863,266.2,1,0.822,0.771,5,0,,,,,,0,326.7,,63.5
2865.313229,TURN,giro de esquina por IMU y reapertura frontal,25,25.00,89.97,PISTA,OK,1,969.5,969.5,748.0,277.3,466.9,1,0.639,121.0,1,0.849,270.5,1,0.877,0.769,5,0,,,,,,0,326.7,,83.5
2865.413736,TURN,giro de esquina por IMU y reapertura frontal,25,25.00,92.05,PISTA,OK,1,961.5,961.5,116.4,281.0,457.1,1,0.611,118.5,1,0.849,274.5,1,0.904,0.761,5,0,,,,,,0,326.7,,63.8
2865.513723,TURN,giro de esquina por IMU y reapertura frontal,25,25.00,94.08,PISTA,OK,1,955.0,955.0,121.8,285.3,440.7,1,0.722,117.0,1,0.822,278.5,1,0.932,0.446,5,0,,,,,,0,326.7,,86.4
2865.613871,TURN,giro de esquina por IMU y reapertura frontal,25,25.00,95.16,PISTA,OK,1,950.8,950.8,134.5,290.3,421.0,1,0.694,114.5,1,0.726,282.5,1,0.973,0.201,5,0,,,,,,0,326.7,,65.3
2865.713810,TURN,giro de esquina por IMU y reapertura frontal,25,25.00,97.17,PISTA,OK,1,946.0,946.0,131.8,295.9,423.2,1,0.583,112.5,1,0.767,288.2,1,0.904,0.203,4,0,,,,,,0,326.7,,86.3
2865.815175,TURN,giro de esquina por IMU y reapertura frontal,25,25.00,99.36,PISTA,OK,1,939.0,939.0,8000.0,302.5,401.8,1,0.639,111.8,1,0.712,294.5,1,0.945,0.227,4,0,,,,,,0,326.7,,67.1
2865.915095,TURN,giro de esquina por IMU y reapertura frontal,25,25.00,101.34,PISTA,OK,1,932.0,932.0,216.6,309.0,391.1,1,0.694,110.0,1,0.767,301.0,1,0.973,0.225,4,0,,,,,,0,326.7,,100.6
2866.016123,TURN,giro de esquina por IMU y reapertura frontal,25,25.00,103.17,PISTA,OK,1,926.0,926.0,212.1,315.7,385.0,1,0.667,110.0,1,0.712,305.0,1,1.000,0.226,4,0,,,,,,0,326.7,,65.8
2866.116118,TURN,giro de esquina por IMU y reapertura frontal,25,25.00,104.09,PISTA,OK,1,920.5,920.5,642.4,323.3,382.5,1,0.639,110.5,1,0.740,311.5,1,1.000,0.213,4,0,,,,,,0,326.7,,100.5
2866.216163,TURN,giro de esquina por IMU y reapertura frontal,25,25.00,106.25,PISTA,OK,1,916.0,916.0,649.3,332.7,376.8,1,0.639,109.0,1,0.699,319.0,1,1.000,0.646,4,0,,,,,,0,326.7,,67.5
2866.314230,TURN,giro de esquina por IMU y reapertura frontal,25,25.00,108.18,PISTA,OK,1,912.5,912.5,649.8,341.3,369.0,1,0.611,109.5,1,0.726,323.5,1,1.000,0.676,4,0,,,,,,0,326.7,,99.4
2866.416675,TURN,giro de esquina por IMU y reapertura frontal,25,25.00,110.34,PISTA,OK,1,909.0,909.0,608.0,350.9,365.8,1,0.611,110.0,1,0.685,330.0,1,1.000,0.212,4,0,,,,,,0,326.7,,66.8
2866.515087,TURN,giro de esquina por IMU y reapertura frontal,25,25.00,112.46,PISTA,OK,1,907.2,907.2,619.3,361.5,366.6,1,0.667,111.5,1,0.685,336.2,1,1.000,0.214,4,0,,,,,,0,326.7,,100.9
2866.614781,TURN,giro de esquina por IMU y reapertura frontal,25,25.00,113.52,PISTA,OK,1,906.2,906.2,603.0,373.4,365.1,1,0.667,112.0,1,0.767,343.2,1,1.000,0.213,4,0,,,,,,0,326.7,,66.8
2866.714255,TURN,giro de esquina por IMU y reapertura frontal,25,25.00,115.50,PISTA,OK,1,909.5,909.5,603.3,386.5,89.7,1,0.667,107.0,1,0.808,351.5,1,1.000,0.212,4,0,,,,,,0,326.7,,94.2
2866.814071,TURN,giro de esquina por IMU y reapertura frontal,25,25.00,117.60,PISTA,OK,1,912.5,912.5,614.9,400.2,107.3,1,0.639,113.5,1,0.726,358.5,1,1.000,0.212,4,0,,,,,,0,326.7,,65.5
2866.916363,TURN,giro de esquina por IMU y reapertura frontal,25,25.00,119.82,PISTA,OK,1,916.5,916.5,623.8,414.6,93.5,1,0.583,111.5,1,0.753,365.5,1,1.000,0.211,3,0,,,,,,0,326.7,,88.1
2867.014563,TURN,giro de esquina por IMU y reapertura frontal,25,25.00,121.86,PISTA,OK,1,925.5,925.5,667.6,430.2,105.1,1,0.639,116.8,1,0.795,372.5,1,1.000,0.713,3,0,,,,,,0,326.7,,61.3
2867.114958,TURN,giro de esquina por IMU y reapertura frontal,25,25.00,122.98,PISTA,OK,1,931.0,931.0,669.1,446.6,108.9,1,0.722,118.2,1,0.849,380.5,1,1.000,0.890,2,1,,,,,,0,326.7,,89.1
2867.213997,TURN,giro de esquina por IMU y reapertura frontal,25,25.00,125.09,PISTA,OK,1,941.5,941.5,673.8,464.6,102.4,1,0.694,120.5,1,0.808,387.5,1,1.000,0.868,2,1,,,,,,0,326.7,,60.6
2867.317175,CRUISE,esquina 2 verificada,25,22.57,127.18,PISTA,OK,2,950.0,950.0,679.6,483.6,105.7,1,0.694,122.0,1,0.781,395.0,1,1.000,0.860,2,1,,,,,,0,326.7,,92.9
2867.414435,AVOID_APPROACH,pure-pursuit al punto de paso del pilar 25,25,25.00,128.20,PISTA,OK,2,960.5,960.5,684.5,501.8,103.8,1,0.750,122.2,1,0.822,405.0,1,1.000,0.787,2,1,25,VERDE,-320.1,491.6,0.000,1,326.7,,63.6
2867.513748,AVOID_APPROACH,pure-pursuit al punto de paso del pilar 25,25,25.00,130.30,PISTA,OK,2,968.5,968.5,693.2,520.0,106.9,1,0.750,123.2,1,0.753,411.5,1,1.000,0.688,2,1,25,VERDE,-302.5,497.3,0.000,1,326.7,,85.3
2867.614220,AVOID_APPROACH,pure-pursuit al punto de paso del pilar 25,25,25.00,132.43,PISTA,OK,2,984.5,984.5,701.3,531.6,107.7,1,0.778,128.2,1,0.753,420.5,1,1.000,0.538,2,1,25,VERDE,-282.0,504.4,0.000,1,326.7,,65.6
2867.712945,AVOID_APPROACH,pure-pursuit al punto de paso del pilar 25,25,25.00,133.51,PISTA,OK,2,1003.5,1003.5,709.8,541.2,109.8,1,0.778,130.5,1,0.671,428.5,1,1.000,0.378,2,1,25,VERDE,-260.3,506.6,0.000,1,326.7,,98.9
2867.813061,AVOID_APPROACH,pure-pursuit al punto de paso del pilar 25,25,25.00,135.59,PISTA,OK,2,1020.5,1020.5,724.1,550.0,113.5,1,0.833,133.8,1,0.712,436.5,1,1.000,0.199,2,1,25,VERDE,-242.4,499.9,0.000,1,326.7,,63.9
2867.912435,AVOID_APPROACH,pure-pursuit al punto de paso del pilar 25,25,25.00,137.68,PISTA,OK,2,1043.5,1043.5,735.8,563.4,115.9,1,0.972,136.0,1,0.767,445.5,1,0.986,0.188,3,1,25,VERDE,-216.5,504.1,0.000,1,326.7,,83.5
2868.013477,AVOID_APPROACH,pure-pursuit al punto de paso del pilar 25,25,25.00,139.63,PISTA,OK,2,1061.5,1061.5,748.9,582.9,118.4,1,0.917,138.8,1,0.699,455.0,1,1.000,0.188,3,1,25,VERDE,-194.9,505.2,0.000,1,326.7,,64.8
2868.113625,AVOID_APPROACH,pure-pursuit al punto de paso del pilar 25,25,25.00,140.72,PISTA,OK,2,1079.0,1079.0,762.8,602.1,120.4,1,0.944,143.0,1,0.658,463.5,1,1.000,0.182,3,1,25,VERDE,-173.8,502.8,0.000,1,326.7,,87.3
2868.212484,AVOID_APPROACH,pure-pursuit al punto de paso del pilar 25,25,25.00,142.87,PISTA,OK,2,1121.0,1121.0,662.5,611.4,120.6,1,1.000,144.5,1,0.644,471.0,1,1.000,0.410,3,1,25,VERDE,-153.6,501.6,0.000,1,326.7,,62.1
2868.312878,AVOID_APPROACH,pure-pursuit al punto de paso del pilar 25,25,25.00,144.99,PISTA,OK,2,1144.5,1144.5,735.9,629.8,125.3,1,0.972,147.0,1,0.630,480.0,1,1.000,0.172,3,1,25,VERDE,-140.1,491.5,0.000,1,326.7,,85.9
2868.413030,AVOID_APPROACH,pure-pursuit al punto de paso del pilar 25,22,25.00,147.14,PISTA,OK,2,537.5,1164.5,817.5,641.7,126.8,1,1.000,151.5,1,0.575,488.5,1,1.000,0.196,3,1,25,VERDE,-115.3,491.8,0.000,1,326.7,,64.0
2868.513257,AVOID_APPROACH,pure-pursuit al punto de paso del pilar 25,22,25.00,148.04,PISTA,OK,2,497.0,1202.5,838.2,656.3,128.6,1,0.972,155.5,1,0.548,498.0,1,1.000,0.196,3,1,25,VERDE,-97.6,488.8,0.000,1,326.7,,87.5
2868.612821,AVOID_APPROACH,pure-pursuit al punto de paso del pilar 25,21,25.00,149.73,PISTA,OK,2,482.5,1230.0,861.5,678.5,129.2,1,0.972,157.8,1,0.630,506.0,1,1.000,0.195,3,1,25,VERDE,-82.4,480.1,0.000,1,326.7,,64.9
2868.713876,AVOID_APPROACH,pure-pursuit al punto de paso del pilar 25,21,25.00,151.50,PISTA,OK,2,471.0,1275.5,884.9,705.2,130.4,1,0.944,159.2,1,0.548,514.0,1,1.000,0.193,3,1,25,VERDE,-63.6,480.9,0.000,1,326.7,,86.6
2868.814464,AVOID_APPROACH,pure-pursuit al punto de paso del pilar 25,21,25.00,153.12,PISTA,OK,2,465.5,1317.0,911.9,708.3,133.5,1,0.972,162.5,1,0.562,520.8,1,0.959,0.198,3,1,25,VERDE,-49.0,476.1,0.000,1,326.7,,67.2
2868.911851,AVOID_APPROACH,pure-pursuit al punto de paso del pilar 25,21,24.86,154.73,PISTA,OK,2,459.5,1348.5,946.7,739.2,137.6,1,1.000,165.2,1,0.507,527.5,1,1.000,0.195,3,1,25,VERDE,-37.3,466.8,0.000,1,326.7,,98.5
2869.011964,AVOID_APPROACH,pure-pursuit al punto de paso del pilar 25,21,23.96,155.58,PISTA,OK,2,453.5,510.5,983.3,764.6,138.4,1,0.972,168.5,1,0.507,535.0,1,0.973,0.195,3,1,25,VERDE,-25.6,460.5,0.000,1,326.7,,63.6
2869.112621,AVOID_APPROACH,pure-pursuit al punto de paso del pilar 25,21,23.23,157.24,PISTA,OK,2,446.5,1396.0,1018.4,768.5,143.4,1,1.000,170.5,1,0.521,542.0,1,0.986,0.195,3,1,25,VERDE,-15.9,454.3,0.000,1,326.7,,84.5
2869.212584,AVOID_APPROACH,pure-pursuit al punto de paso del pilar 25,21,22.85,158.93,PISTA,OK,2,442.0,1391.0,717.3,802.5,145.9,1,0.972,174.5,1,0.521,549.0,1,0.986,0.183,3,1,25,VERDE,-14.8,459.9,0.000,1,326.7,,64.1
2869.311792,AVOID_APPROACH,pure-pursuit al punto de paso del pilar 25,21,21.71,160.66,PISTA,OK,2,441.5,466.5,1112.1,823.5,148.0,1,0.972,177.0,1,0.534,555.5,1,1.000,0.201,3,1,25,VERDE,-0.9,451.8,0.099,1,326.7,,86.9
2869.412369,AVOID_APPROACH,pure-pursuit al punto de paso del pilar 25,21,21.35,161.50,PISTA,OK,2,435.5,1379.0,1177.2,834.5,151.7,1,0.972,179.0,1,0.521,562.5,1,1.000,0.202,3,2,25,VERDE,5.8,443.3,0.200,1,326.7,,65.0
2869.511617,AVOID_APPROACH,pure-pursuit al punto de paso del pilar 25,21,20.31,163.10,PISTA,OK,2,429.5,1373.5,1252.5,856.5,153.4,1,0.972,182.5,1,0.589,570.0,1,1.000,0.211,3,2,25,VERDE,18.1,434.6,0.299,1,326.7,,86.1
2869.612227,AVOID_APPROACH,pure-pursuit al punto de paso del pilar 25,21,19.24,164.73,PISTA,OK,2,425.5,1369.5,1339.9,865.1,156.0,1,1.000,185.0,1,0.644,576.5,1,1.000,0.213,4,2,25,VERDE,30.5,425.5,0.400,1,326.7,,64.7
2869.714022,AVOID_APPROACH,pure-pursuit al punto de paso del pilar 31,21,15.24,166.40,PISTA,OK,2,418.0,1373.0,1440.4,873.3,158.6,1,0.972,186.0,1,0.616,583.5,1,1.000,0.216,4,2,31,VERDE,69.0,425.1,0.000,1,326.7,,88.7
2869.812589,AVOID_APPROACH,pure-pursuit al punto de paso del pilar 31,21,13.19,167.19,PISTA,OK,2,414.0,1359.5,1582.8,874.4,161.2,1,1.000,189.5,1,0.671,590.5,1,1.000,0.217,4,2,31,VERDE,80.9,418.4,0.000,1,326.7,,65.5
2869.912566,AVOID_APPROACH,pure-pursuit al punto de paso del pilar 31,21,11.02,169.11,PISTA,OK,2,434.2,1355.5,1848.0,876.3,162.8,1,0.972,191.8,1,0.726,597.8,1,1.000,0.218,4,2,31,VERDE,99.3,408.9,0.000,1,326.7,,86.5
2870.012690,AVOID_APPROACH,pure-pursuit al punto de paso del pilar 31,25,8.77,170.84,PISTA,OK,2,1350.5,1350.5,1949.4,874.5,166.7,1,1.000,195.5,1,0.712,607.0,1,1.000,0.188,4,2,31,VERDE,117.5,399.0,0.000,1,326.7,,63.8
2870.113044,AVOID_APPROACH,pure-pursuit al punto de paso del pilar 31,25,6.92,172.62,PISTA,OK,2,1345.5,1345.5,2135.2,876.4,171.1,1,1.000,200.5,1,0.712,616.5,1,1.000,0.189,4,2,31,VERDE,131.9,387.6,0.000,1,326.7,,87.4
2870.212445,AVOID_APPROACH,pure-pursuit al punto de paso del pilar 31,25,4.16,173.50,PISTA,OK,2,1335.5,1335.5,3123.1,877.8,175.5,1,0.972,204.5,1,0.699,628.0,1,0.986,0.187,4,2,31,VERDE,151.5,378.7,0.000,1,326.7,,65.6
2870.312451,AVOID_APPROACH,pure-pursuit al punto de paso del pilar 31,25,2.22,175.42,PISTA,OK,2,1331.0,1331.0,604.0,879.6,182.3,1,1.000,211.0,1,0.726,642.5,1,1.000,0.208,4,2,31,VERDE,164.9,365.6,0.000,1,326.7,,86.3
2870.413121,AVOID_APPROACH,pure-pursuit al punto de paso del pilar 31,25,0.22,176.87,PISTA,OK,2,1615.5,1615.5,617.2,879.7,190.0,1,0.944,219.5,1,0.712,656.0,1,0.986,0.213,4,1,31,VERDE,177.7,350.6,0.000,1,326.7,,65.4
2870.514160,AVOID_APPROACH,pure-pursuit al punto de paso del pilar 31,25,-0.47,177.91,PISTA,OK,2,2281.0,2281.0,626.9,880.5,197.6,1,0.944,224.2,1,0.712,672.0,1,0.986,0.211,4,1,31,VERDE,181.7,337.7,0.000,1,326.7,,87.8
2870.612726,AVOID_APPROACH,pure-pursuit al punto de paso del pilar 31,25,-1.78,178.24,PISTA,OK,2,2269.5,2269.5,604.4,882.6,207.4,1,0.944,234.5,1,0.726,686.5,1,1.000,0.208,4,1,31,VERDE,189.1,324.1,0.000,1,326.7,,65.3
2870.714229,AVOID_APPROACH,pure-pursuit al punto de paso del pilar 31,25,-2.51,178.75,PISTA,OK,2,2260.0,2260.0,595.9,883.3,216.8,1,0.972,244.0,1,0.781,699.5,1,1.000,0.209,4,1,31,VERDE,192.8,314.0,0.000,1,326.7,,90.5
2870.814358,AVOID_APPROACH,pure-pursuit al punto de paso del pilar 31,25,-3.17,179.12,PISTA,OK,2,2249.5,2249.5,557.6,884.9,226.7,1,1.000,254.0,1,0.808,713.5,1,0.986,0.213,4,1,31,VERDE,195.7,302.0,0.000,1,326.7,,67.8
2870.912138,AVOID_APPROACH,pure-pursuit al punto de paso del pilar 31,25,-4.64,179.31,PISTA,OK,2,1572.0,1572.0,521.4,885.3,234.8,1,0.972,261.0,1,0.808,719.0,1,1.000,0.213,4,1,31,VERDE,202.7,292.1,0.000,1,326.7,,99.2
2871.014279,AVOID_APPROACH,pure-pursuit al punto de paso del pilar 31,25,-4.90,179.48,PISTA,OK,2,1559.0,1559.0,487.4,885.7,244.0,1,0.917,268.2,1,0.753,731.5,1,1.000,0.214,4,1,31,VERDE,203.2,282.1,0.000,1,326.7,,66.8
2871.113429,AVOID_PASS,manteniendo rumbo mientras pasa el pilar 31,25,-0.90,179.48,PISTA,OK,2,1551.5,1551.5,517.2,886.2,254.4,1,0.944,278.5,1,0.781,741.0,1,1.000,0.205,4,1,31,VERDE,200.0,271.3,0.000,1,0.0,,86.2
2871.213596,AVOID_PASS,manteniendo rumbo mientras pasa el pilar 31,25,0.10,179.38,PISTA,OK,2,1545.0,1545.0,242.0,886.7,262.9,1,0.917,284.2,1,0.808,753.0,1,1.000,0.805,4,1,31,VERDE,202.8,261.9,0.000,1,10.0,,67.1
2871.313945,AVOID_PASS,manteniendo rumbo mientras pasa el pilar 31,25,0.16,179.32,PISTA,OK,2,2201.0,2201.0,231.0,886.1,272.9,1,0.917,294.0,1,0.781,762.0,1,1.000,0.803,4,1,31,VERDE,202.8,254.9,0.000,1,20.1,,100.9
2871.414239,AVOID_PASS,manteniendo rumbo mientras pasa el pilar 31,25,-0.68,179.31,PISTA,OK,2,1525.0,1525.0,225.0,886.2,283.8,1,0.972,304.0,1,0.863,772.5,1,1.000,0.803,4,1,31,VERDE,203.3,246.4,0.000,1,30.1,,67.0
2871.513944,AVOID_PASS,manteniendo rumbo mientras pasa el pilar 31,25,-3.83,179.27,PISTA,OK,2,1513.0,1513.0,209.0,885.7,291.8,1,0.944,311.8,1,0.836,781.5,1,0.986,0.805,4,1,31,VERDE,201.7,237.9,0.000,1,40.1,,101.1
2871.613250,AVOID_PASS,manteniendo rumbo mientras pasa el pilar 31,25,-3.94,179.28,PISTA,OK,2,1498.5,1498.5,208.5,885.7,302.7,1,0.944,321.0,1,0.849,793.5,1,1.000,0.804,4,1,31,VERDE,200.5,228.4,0.000,1,50.0,,65.5
2871.713295,AVOID_PASS,manteniendo rumbo mientras pasa el pilar 31,25,-4.71,179.25,PISTA,OK,2,1492.0,1492.0,204.5,886.4,312.0,1,0.944,329.2,1,0.863,805.5,1,1.000,0.805,4,1,31,VERDE,198.4,217.9,0.000,1,60.0,,100.8
2871.811095,AVOID_PASS,manteniendo rumbo mientras pasa el pilar 31,25,-6.97,179.21,PISTA,OK,2,1482.5,1482.5,192.5,885.5,322.4,1,0.972,340.0,1,0.932,816.0,1,1.000,0.805,5,1,31,VERDE,202.1,209.0,0.000,1,69.8,,63.0
2871.911311,AVOID_PASS,manteniendo rumbo mientras pasa el pilar 31,25,-8.88,179.17,PISTA,OK,2,1478.0,1478.0,182.5,885.2,332.2,1,0.944,350.5,1,0.863,825.5,1,1.000,0.805,5,2,31,VERDE,201.3,198.5,0.000,1,79.8,,86.3
2872.009104,AVOID_PASS,manteniendo rumbo mientras pasa el pilar 31,25,-4.88,179.12,AZUL,OK,2,1465.5,1465.5,421.2,885.5,340.6,1,0.944,360.5,1,0.863,835.0,1,1.000,0.211,5,2,31,VERDE,199.6,189.5,0.000,1,89.6,,61.2
2872.108509,AVOID_PASS,manteniendo rumbo mientras pasa el pilar 31,25,-0.88,178.91,AZUL,OK,2,1459.5,1459.5,623.4,885.3,352.7,1,0.944,371.0,1,0.849,844.0,1,1.000,0.192,5,2,31,VERDE,200.1,181.8,0.000,1,99.5,,83.3
2872.207295,AVOID_PASS,manteniendo rumbo mientras pasa el pilar 31,25,-4.88,178.28,PISTA,OK,2,1449.5,1449.5,163.5,883.9,362.8,1,0.944,381.5,1,0.904,853.5,1,1.000,0.806,5,2,31,VERDE,196.7,174.2,0.000,1,109.4,,60.1
2872.307020,AVOID_PASS,manteniendo rumbo mientras pasa el pilar 31,25,-8.88,177.79,PISTA,OK,2,1439.5,1439.5,168.0,878.9,373.8,1,0.972,393.0,1,0.932,857.0,1,1.000,0.788,5,2,31,VERDE,195.2,165.9,0.100,1,119.4,,82.6
2872.406626,AVOID_PASS,manteniendo rumbo mientras pasa el pilar 31,25,-12.86,177.42,PISTA,OK,2,1431.5,1431.5,159.0,881.9,384.2,1,0.972,404.0,1,0.932,867.0,1,1.000,0.809,5,2,31,VERDE,189.3,161.3,0.000,1,129.3,,56.3
2872.506042,AVOID_PASS,manteniendo rumbo mientras pasa el pilar 31,25,-8.86,177.20,PISTA,OK,2,1419.0,1419.0,251.6,881.1,394.2,1,0.972,414.5,1,0.945,871.0,1,1.000,0.227,4,2,31,VERDE,187.9,153.3,0.000,1,139.3,,83.1
2872.605595,AVOID_PASS,manteniendo rumbo mientras pasa el pilar 31,25,-4.86,176.75,PISTA,OK,2,2080.0,2080.0,243.6,880.5,406.1,1,0.944,427.0,1,0.918,869.0,1,1.000,0.239,5,2,31,VERDE,187.2,143.2,0.000,1,149.2,,58.7
2872.706755,AVOID_PASS,manteniendo rumbo mientras pasa el pilar 31,25,-8.86,175.61,PISTA,OK,2,2070.5,2070.5,146.5,879.1,825.3,1,0.944,982.0,1,0.904,869.0,1,1.000,0.811,5,2,31,VERDE,182.2,136.9,0.000,1,159.3,,84.0
2872.806384,AVOID_PASS,manteniendo rumbo mientras pasa el pilar 31,25,-12.86,174.56,PISTA,OK,2,2062.0,2062.0,146.0,873.7,823.2,1,1.000,993.5,1,0.863,869.2,1,1.000,0.785,5,2,31,VERDE,179.6,130.2,0.100,1,169.3,,58.4
2872.904709,AVOID_PASS,manteniendo rumbo mientras pasa el pilar 31,25,-8.86,174.14,PISTA,OK,2,2053.0,2053.0,462.2,872.2,824.3,1,1.000,1007.0,1,0.877,869.8,1,1.000,0.208,5,2,31,VERDE,178.7,121.7,0.198,1,179.1,,82.0
2873.005735,AVOID_PASS,manteniendo rumbo mientras pasa el pilar 31,25,-12.86,173.30,PISTA,OK,2,2042.5,2042.5,139.5,875.0,827.3,1,0.972,1014.5,1,0.836,866.0,1,1.000,0.793,5,2,31,VERDE,176.8,114.2,0.299,1,189.2,,58.6
2873.106480,AVOID_PASS,manteniendo rumbo mientras pasa el pilar 31,25,-16.86,172.11,PISTA,OK,2,2032.5,2032.5,134.0,870.3,832.5,1,0.972,1040.5,1,0.822,867.8,1,1.000,0.780,5,2,31,VERDE,174.4,107.8,0.400,1,199.3,,81.1
2873.205762,AVOID_PASS,manteniendo rumbo mientras pasa el pilar 31,25,-16.90,171.20,PISTA,OK,2,1069.0,2025.0,136.5,873.3,834.7,1,1.000,321.0,1,0.849,865.5,1,1.000,0.790,5,2,31,VERDE,174.4,107.8,0.400,0,209.2,,59.1
2873.308689,AVOID_PASS,manteniendo rumbo mientras pasa el pilar 31,25,-17.39,170.66,PISTA,OK,2,1056.5,2017.5,134.5,873.3,836.4,1,1.000,261.5,1,0.849,867.0,1,1.000,0.790,5,2,31,VERDE,174.4,107.8,0.400,0,219.5,,86.8
2873.409239,AVOID_PASS,manteniendo rumbo mientras pasa el pilar 31,25,-15.81,169.15,PISTA,OK,2,1045.0,2008.5,139.5,873.9,834.8,1,0.972,137.5,1,0.836,869.5,1,1.000,0.785,5,2,31,VERDE,174.4,107.8,0.400,0,229.6,,62.4
2873.509405,AVOID_PASS,manteniendo rumbo mientras pasa el pilar 31,25,-11.81,167.68,PISTA,OK,2,1035.0,2004.5,206.1,872.7,832.1,1,1.000,136.5,1,0.863,872.5,1,1.000,0.212,5,2,31,VERDE,174.4,107.8,0.400,0,239.6,,86.5
2873.609777,AVOID_PASS,manteniendo rumbo mientras pasa el pilar 31,25,-7.81,166.01,PISTA,OK,2,1026.5,2004.0,180.8,873.4,829.8,1,0.972,137.0,1,0.932,875.5,1,1.000,0.215,5,2,31,VERDE,174.4,107.8,0.400,0,249.6,,62.3
2873.710393,AVOID_PASS,manteniendo rumbo mientras pasa el pilar 31,25,-10.92,165.21,PISTA,OK,2,1017.0,1865.0,152.8,876.5,827.3,1,1.000,142.0,1,0.932,876.5,1,1.000,0.770,5,2,31,VERDE,174.4,107.8,0.400,0,259.7,,85.8
2873.808721,AVOID_PASS,manteniendo rumbo mientras pasa el pilar 31,25,-8.02,163.57,PISTA,OK,2,1008.5,1782.5,160.0,878.9,825.5,1,1.000,149.0,1,0.904,880.5,1,1.000,0.818,4,2,31,VERDE,174.4,107.8,0.400,0,269.5,,61.3
2873.908432,AVOID_PASS,manteniendo rumbo mientras pasa el pilar 31,25,-4.49,162.18,NARANJA,OK,2,990.5,990.5,168.7,879.8,825.3,1,1.000,154.5,1,0.863,882.0,1,1.000,0.743,3,1,31,VERDE,174.4,107.8,0.400,0,279.5,,81.9
2874.010581,AVOID_PASS,manteniendo rumbo mientras pasa el pilar 31,25,-2.12,160.67,NARANJA,OK,2,982.0,1660.0,173.4,882.9,825.1,1,0.972,156.5,1,0.836,886.0,1,1.000,0.765,3,1,31,VERDE,174.4,107.8,0.400,0,289.7,,58.8
2874.109334,AVOID_PASS,manteniendo rumbo mientras pasa el pilar 31,25,1.88,159.97,PISTA,OK,2,973.0,1559.5,183.7,886.4,823.7,1,0.972,165.5,1,0.863,888.5,1,1.000,0.768,3,2,31,VERDE,174.4,107.8,0.400,0,299.6,,85.4
2874.210306,AVOID_PASS,manteniendo rumbo mientras pasa el pilar 31,25,5.88,158.53,PISTA,OK,2,965.5,1479.0,192.5,890.6,823.7,1,1.000,169.5,1,0.890,895.5,1,1.000,0.691,3,2,31,VERDE,174.4,107.8,0.400,0,309.7,,63.0
2874.309408,AVOID_PASS,manteniendo rumbo mientras pasa el pilar 31,25,9.68,157.57,PISTA,OK,2,953.5,1431.0,199.4,890.4,829.4,1,1.000,173.5,1,0.945,893.0,1,1.000,0.688,4,2,31,VERDE,174.4,107.8,0.400,0,319.6,,86.1
2874.407910,RECENTER,reincorporacion tras 329 mm de sobrepaso estimado,25,5.68,157.09,PISTA,OK,2,943.0,1392.5,204.1,890.4,831.6,1,1.000,178.8,1,0.945,897.2,1,1.000,0.681,4,2,31,VERDE,174.4,107.8,0.400,0,329.4,,61.6
2874.507593,RECENTER,reincorporando por posicion lateral,25,1.68,157.16,PISTA,OK,2,933.5,1380.0,207.4,918.4,840.0,1,0.972,181.0,1,0.918,893.2,1,1.000,0.496,4,2,31,VERDE,174.4,107.8,0.400,0,329.4,,81.2
2874.606558,RECENTER,reincorporando por posicion lateral,25,-2.32,157.67,PISTA,OK,2,925.0,1391.5,208.1,875.4,848.2,1,1.000,184.5,1,0.959,124.5,1,1.000,0.754,4,2,31,VERDE,174.4,107.8,0.400,0,329.4,,59.2
2874.706497,RECENTER,reincorporando por posicion lateral,25,-6.32,158.23,PISTA,OK,2,917.0,1414.5,209.2,867.1,861.7,1,0.944,186.2,1,0.890,116.5,1,1.000,0.749,3,2,31,VERDE,174.4,107.8,0.400,0,329.4,,76.7
2874.807832,RECENTER,reincorporando por posicion lateral,25,-10.32,158.67,PISTA,OK,2,905.0,1420.0,211.6,859.3,872.0,1,0.972,186.5,1,0.959,114.5,1,0.973,0.825,3,2,31,VERDE,174.4,107.8,0.400,0,329.4,,60.9
2874.908271,RECENTER,reincorporando por posicion lateral,25,-6.32,158.71,PISTA,OK,2,898.5,1447.0,214.3,745.8,881.4,1,1.000,189.5,1,0.932,114.5,1,0.986,0.215,3,2,31,VERDE,174.4,107.8,0.400,0,329.4,,82.3
2875.007357,RECENTER,reincorporando por posicion lateral,25,-2.32,158.44,PISTA,OK,2,887.0,1447.5,219.9,749.9,889.6,1,1.000,194.8,1,0.904,111.5,1,0.973,0.214,4,2,31,VERDE,174.4,107.8,0.400,0,329.4,,59.7
2875.106854,RECENTER,reincorporando por posicion lateral,25,1.68,157.61,PISTA,OK,2,880.5,1402.0,227.1,742.8,890.8,1,1.000,202.0,1,0.973,104.5,1,0.945,0.214,4,2,31,VERDE,174.4,107.8,0.400,0,329.4,,81.8
2875.206449,RECENTER,reincorporando por posicion lateral,25,-2.32,156.81,PISTA,OK,2,871.0,1371.5,235.3,824.2,892.5,1,1.000,206.5,1,0.959,104.0,1,0.945,0.631,4,2,31,VERDE,174.4,107.8,0.400,0,329.4,,59.9
2875.307715,RECENTER,reincorporando por posicion lateral,25,-6.32,156.51,PISTA,OK,2,859.0,1313.5,242.0,827.1,897.8,1,0.972,209.0,1,0.918,103.5,1,0.932,0.662,3,1,31,VERDE,174.4,107.8,0.400,0,329.4,,82.7
2875.406022,RECENTER,reincorporando por posicion lateral,25,-2.32,156.03,PISTA,OK,2,850.5,1295.5,247.2,738.9,204.6,1,1.000,213.5,1,0.986,104.5,1,0.973,0.211,3,1,31,VERDE,174.4,107.8,0.400,0,329.4,,59.6
2875.507910,RECENTER,reincorporando por posicion lateral,24,1.68,155.51,PISTA,OK,2,841.0,1311.5,253.8,730.5,206.8,1,0.944,219.2,1,0.945,105.8,1,0.973,0.212,3,1,31,VERDE,174.4,107.8,0.400,0,329.4,,83.4
2875.605046,RECENTER,reincorporando por posicion lateral,24,5.68,154.85,PISTA,OK,2,832.5,1277.5,261.5,723.8,210.1,1,0.972,224.0,1,0.973,107.0,1,0.932,0.213,3,1,31,VERDE,174.4,107.8,0.400,0,329.4,,57.0
2875.706466,RECENTER,reincorporando por posicion lateral,24,9.68,154.62,PISTA,OK,2,822.0,1248.0,269.3,716.0,214.6,1,0.944,228.5,1,0.973,110.8,1,0.973,0.217,4,1,31,VERDE,174.4,107.8,0.400,0,329.4,,82.7
2875.805954,RECENTER,reincorporando por posicion lateral,24,12.93,154.00,PISTA,OK,2,811.5,1203.0,275.8,719.5,222.4,1,1.000,234.5,1,0.986,113.0,1,0.986,0.213,4,1,31,VERDE,174.4,107.8,0.400,0,329.4,,58.6
2875.907858,RECENTER,reincorporando por posicion lateral,24,12.94,153.97,PISTA,OK,2,805.5,1199.0,280.2,720.4,225.7,1,1.000,240.0,1,1.000,118.8,1,0.945,0.216,4,1,31,VERDE,174.4,107.8,0.400,0,329.4,,82.9
2876.005379,RECENTER,reincorporando por posicion lateral,24,8.94,154.21,PISTA,OK,2,794.0,1205.0,282.0,842.4,223.6,1,1.000,242.2,1,0.973,122.5,1,0.959,0.845,5,1,31,VERDE,174.4,107.8,0.400,0,329.4,,59.5
2876.107115,RECENTER,reincorporando por posicion lateral,24,4.94,155.12,PISTA,OK,2,787.0,1212.8,281.8,836.7,233.0,1,1.000,243.8,1,0.986,130.2,1,0.932,0.882,5,1,31,VERDE,174.4,107.8,0.400,0,329.4,,74.8
2876.204244,RECENTER,reincorporando por posicion lateral,24,0.94,156.00,PISTA,OK,2,776.0,1234.5,281.4,824.5,233.0,1,0.972,246.0,1,0.973,137.0,1,0.986,0.939,5,1,31,VERDE,174.4,107.8,0.400,0,329.4,,58.2
2876.306597,RECENTER,reincorporando por posicion lateral,24,-3.06,156.83,PISTA,OK,2,770.0,1294.5,279.7,813.5,240.8,1,1.000,246.5,1,0.986,143.0,1,0.973,0.946,5,1,31,VERDE,174.4,107.8,0.400,0,329.4,,82.9
2876.405393,RECENTER,reincorporando por posicion lateral,24,-7.06,157.23,PISTA,OK,2,759.5,1295.0,279.3,804.6,245.3,1,0.944,248.5,1,0.932,151.0,1,0.959,0.944,4,1,31,VERDE,174.4,107.8,0.400,0,329.4,,58.6
2876.503759,RECENTER,reincorporando por posicion lateral,24,-11.06,157.95,PISTA,OK,2,751.0,1315.5,280.6,797.9,247.4,1,1.000,248.8,1,0.959,158.5,1,0.973,0.914,4,1,31,VERDE,174.4,107.8,0.400,0,329.4,,74.0
2876.603389,RECENTER,reincorporando por posicion lateral,24,-15.06,158.11,PISTA,OK,2,742.5,1316.5,284.1,792.9,251.7,1,0.972,252.8,1,0.986,166.0,1,0.986,0.882,4,1,31,VERDE,174.4,107.8,0.400,0,329.4,,57.6
2876.705237,RECENTER,reincorporando por posicion lateral,24,-19.06,157.81,PISTA,OK,2,732.5,1314.0,289.2,788.5,163.0,1,1.000,256.0,1,1.000,174.5,1,0.959,0.867,4,1,31,VERDE,174.4,107.8,0.400,0,329.4,,81.1
2876.804911,RECENTER,reincorporando por posicion lateral,23,-20.00,157.35,PISTA,OK,2,722.0,1285.5,295.8,787.3,165.9,1,0.917,261.5,1,0.959,179.2,1,0.959,0.870,4,1,31,VERDE,174.4,107.8,0.400,0,329.4,,58.4
2876.906202,RECENTER,reincorporando por posicion lateral,23,-20.00,156.30,PISTA,OK,2,713.5,1263.0,304.9,786.7,177.0,1,0.944,266.5,1,0.986,184.5,1,0.973,0.853,4,1,31,VERDE,174.4,107.8,0.400,0,329.4,,77.6
2877.005705,RECENTER,reincorporando por posicion lateral,23,-20.00,154.82,PISTA,OK,2,707.0,1211.0,315.3,789.7,174.9,1,0.917,272.5,1,0.986,188.0,1,0.932,0.847,4,1,31,VERDE,174.4,107.8,0.400,0,329.4,,57.6
2877.106875,RECENTER,reincorporando por posicion lateral,23,-20.00,153.21,PISTA,OK,2,703.5,1167.0,326.4,792.1,184.9,1,0.889,279.0,1,0.986,194.0,1,0.959,0.830,4,1,31,VERDE,174.4,107.8,0.400,0,329.4,,81.1
2877.206191,RECENTER,reincorporando por posicion lateral,23,-20.00,151.62,PISTA,OK,2,702.8,1130.5,337.8,793.8,162.0,1,0.889,283.2,1,0.959,197.8,1,0.973,0.823,4,1,31,VERDE,174.4,107.8,0.400,0,329.4,,61.0
2877.305245,RECENTER,reincorporando por posicion lateral,25,-20.00,150.90,PISTA,OK,2,1086.0,1086.0,350.6,797.1,166.1,1,1.000,290.5,1,1.000,200.5,1,0.986,0.810,4,1,31,VERDE,174.4,107.8,0.400,0,329.4,,79.3
2877.404670,RECENTER,reincorporando por posicion lateral,25,-20.00,149.24,PISTA,OK,2,1046.0,1046.0,372.0,801.5,170.8,1,0.972,301.0,1,0.986,207.2,1,0.959,0.526,4,1,31,VERDE,174.4,107.8,0.400,0,329.4,,57.2
2877.505205,RECENTER,reincorporando por posicion lateral,25,-20.00,147.41,PISTA,OK,2,1008.0,1008.0,390.3,806.3,172.2,1,0.972,310.5,1,0.986,209.2,1,0.959,0.505,4,1,31,VERDE,174.4,107.8,0.400,0,329.4,,80.3
2877.605832,RECENTER,reincorporando por posicion lateral,25,-20.00,145.64,PISTA,OK,2,968.0,968.0,408.2,804.7,178.5,1,0.944,317.0,1,0.986,215.2,1,0.959,0.428,4,1,31,VERDE,174.4,107.8,0.400,0,329.4,,60.2
2877.707253,RECENTER,reincorporando por posicion lateral,25,-20.00,144.71,PISTA,OK,2,933.5,933.5,416.5,805.4,181.9,1,0.944,322.5,1,1.000,220.5,1,0.945,0.624,4,1,31,VERDE,174.4,107.8,0.400,0,329.4,,80.8
2877.805442,RECENTER,reincorporando por posicion lateral,25,-20.00,142.86,PISTA,OK,2,905.5,905.5,437.7,803.9,188.6,1,0.944,331.0,1,1.000,227.0,1,0.932,0.558,3,1,31,VERDE,174.4,107.8,0.400,0,329.4,,60.4
2877.906349,RECENTER,reincorporando por posicion lateral,25,-20.00,141.09,PISTA,OK,2,873.5,873.5,458.2,807.4,190.9,1,0.944,341.5,1,1.000,230.2,1,0.959,0.483,3,1,31,VERDE,174.4,107.8,0.400,0,329.4,,81.6
2878.004631,RECENTER,reincorporando por posicion lateral,25,-16.00,140.12,PISTA,OK,2,842.5,842.5,481.2,799.1,195.0,1,0.944,349.0,1,1.000,236.5,1,0.959,0.290,3,1,31,VERDE,174.4,107.8,0.400,0,329.4,,57.8
2878.105797,RECENTER,reincorporando por posicion lateral,24,-12.00,138.33,PISTA,OK,2,810.5,810.5,504.2,798.6,200.3,1,0.944,355.0,1,0.986,240.0,1,0.959,0.213,3,1,31,VERDE,174.4,107.8,0.400,0,329.4,,78.7
2878.205498,RECENTER,reincorporando por posicion lateral,24,-8.00,136.39,PISTA,OK,2,777.5,777.5,532.6,792.9,204.4,1,0.972,361.2,1,0.986,245.5,1,0.932,0.211,3,1,31,VERDE,174.4,107.8,0.400,0,329.4,,58.6
2878.305679,RECENTER,reincorporando por posicion lateral,24,-4.00,134.51,PISTA,OK,2,752.0,752.0,552.1,801.6,206.8,1,0.972,368.2,1,1.000,247.8,1,0.959,0.203,3,1,31,VERDE,174.4,107.8,0.400,0,329.4,,81.1
2878.405190,CRUISE,reincorporacion verificada,23,0.00,132.74,PISTA,OK,2,723.5,723.5,569.3,795.2,211.3,1,0.944,375.0,1,0.986,254.0,1,0.904,0.200,3,1,,,,,,0,329.4,,57.3
2878.504817,CRUISE,crucero centrado por paredes,23,4.00,131.97,PISTA,OK,2,698.5,698.5,590.3,809.2,216.7,1,0.917,383.0,1,1.000,256.5,1,0.932,0.197,3,1,,,,,,0,329.4,,81.0
2878.604351,TURN,giro de esquina por IMU y reapertura frontal,23,25.00,130.80,PISTA,OK,2,683.0,683.0,599.3,808.5,220.4,1,0.972,390.0,1,1.000,262.0,1,0.973,0.192,3,1,,,,,,0,329.4,,58.2
2878.704778,TURN,giro de esquina por IMU y reapertura frontal,23,25.00,129.76,PISTA,OK,2,671.0,671.0,605.7,804.2,224.4,1,0.917,397.5,1,1.000,266.5,1,0.932,0.191,3,1,,,,,,0,329.4,,81.5
2878.805036,TURN,giro de esquina por IMU y reapertura frontal,23,25.00,129.85,PISTA,OK,2,652.0,652.0,614.1,793.3,229.4,1,0.889,404.5,1,1.000,269.5,1,0.890,0.189,3,1,,,,,,0,329.4,,58.0
2878.903484,TURN,giro de esquina por IMU y reapertura frontal,23,25.00,130.99,PISTA,OK,2,649.5,649.5,614.2,790.5,233.5,1,0.944,410.5,1,0.986,281.0,1,0.932,0.191,2,1,,,,,,0,329.4,,80.1
2879.003781,TURN,giro de esquina por IMU y reapertura frontal,23,25.00,132.80,PISTA,OK,2,657.2,657.2,611.1,781.5,237.1,1,0.972,412.8,1,1.000,287.0,1,0.945,0.217,2,1,,,,,,0,329.4,,58.7
2879.102009,TURN,giro de esquina por IMU y reapertura frontal,23,25.00,134.54,PISTA,OK,2,666.0,666.0,607.3,769.4,242.9,1,0.944,417.5,1,1.000,295.0,1,0.932,0.278,2,1,,,,,,0,329.4,,78.9
2879.201615,TURN,giro de esquina por IMU y reapertura frontal,23,25.00,136.29,PISTA,OK,2,673.5,673.5,601.8,758.7,249.4,1,0.972,420.8,1,1.000,304.5,1,0.959,0.338,2,1,,,,,,0,329.4,,56.5
2879.301599,TURN,giro de esquina por IMU y reapertura frontal,23,25.00,138.04,PISTA,OK,2,684.5,684.5,596.6,744.2,258.2,1,0.917,424.5,1,1.000,311.0,1,0.918,0.374,2,1,,,,,,0,329.4,,81.0
2879.401038,TURN,giro de esquina por IMU y reapertura frontal,23,25.00,138.96,PISTA,OK,2,700.5,700.5,591.7,701.8,271.8,1,0.889,425.5,1,1.000,318.5,1,0.877,0.210,2,1,,,,,,0,329.4,,54.8
2879.503260,TURN,giro de esquina por IMU y reapertura frontal,23,25.00,140.79,PISTA,OK,2,714.5,714.5,583.7,720.8,282.3,1,0.917,426.5,1,1.000,326.0,1,0.945,0.551,2,1,,,,,,0,329.4,,81.2
2879.602221,TURN,giro de esquina por IMU y reapertura frontal,24,25.00,142.57,PISTA,OK,2,728.5,728.5,568.4,716.2,294.2,1,0.944,428.5,1,1.000,333.2,1,0.973,0.735,2,1,,,,,,0,329.4,,55.9
2879.703597,TURN,giro de esquina por IMU y reapertura frontal,24,25.00,144.36,PISTA,OK,2,741.0,741.0,561.7,706.7,303.8,1,0.944,428.5,1,1.000,341.0,1,0.945,0.755,2,1,,,,,,0,329.4,,82.0
2879.803739,TURN,giro de esquina por IMU y reapertura frontal,24,25.00,145.38,PISTA,OK,2,754.5,754.5,551.1,697.3,312.3,1,0.944,429.5,1,1.000,347.5,1,0.959,0.817,2,1,,,,,,0,329.4,,58.1
2879.904326,TURN,giro de esquina por IMU y reapertura frontal,24,25.00,147.32,PISTA,OK,2,778.0,778.0,539.8,682.7,324.8,1,0.972,430.5,1,1.000,355.5,1,0.932,0.855,3,1,,,,,,0,329.4,,78.2
2880.004186,TURN,giro de esquina por IMU y reapertura frontal,24,25.00,149.27,PISTA,OK,2,797.5,797.5,527.8,668.3,333.2,1,0.972,430.5,1,1.000,362.0,1,0.973,0.869,3,1,,,,,,0,329.4,,58.4
2880.106537,TURN,giro de esquina por IMU y reapertura frontal,24,25.00,150.12,PISTA,OK,2,827.0,827.0,525.4,655.5,344.7,1,0.972,430.0,1,1.000,369.2,1,0.986,0.712,3,1,,,,,,0,329.4,,82.7
2880.206284,TURN,giro de esquina por IMU y reapertura frontal,25,25.00,152.05,PISTA,OK,2,848.0,848.0,506.1,643.6,355.2,1,0.972,430.0,1,1.000,378.0,1,0.973,0.900,3,1,,,,,,0,329.4,,61.1
2880.305876,TURN,giro de esquina por IMU y reapertura frontal,25,25.00,154.04,PISTA,OK,2,886.0,886.0,496.5,632.4,366.6,1,0.972,428.0,1,1.000,385.5,1,0.959,0.898,3,1,,,,,,0,329.4,,78.1
2880.405763,TURN,giro de esquina por IMU y reapertura frontal,25,25.00,156.20,PISTA,OK,2,922.0,922.0,486.9,623.4,407.9,1,0.972,428.2,1,1.000,630.5,1,0.973,0.905,3,1,,,,,,0,329.4,,59.5
2880.507611,TURN,giro de esquina por IMU y reapertura frontal,25,25.00,157.27,PISTA,OK,2,955.5,955.5,505.7,613.7,415.3,1,1.000,425.5,1,1.000,624.0,1,0.945,0.276,3,1,,,,,,0,329.4,,83.0
2880.607126,TURN,giro de esquina por IMU y reapertura frontal,21,25.00,159.28,PISTA,OK,2,464.0,1014.0,492.1,606.2,428.8,1,1.000,424.5,1,1.000,608.0,1,1.000,0.223,3,1,,,,,,0,329.4,,61.8
2880.706419,TURN,giro de esquina por IMU y reapertura frontal,21,25.00,161.40,PISTA,OK,2,453.5,1049.5,485.4,600.3,434.6,1,1.000,420.5,1,1.000,601.5,1,0.945,0.222,3,1,,,,,,0,329.4,,81.9
2880.806198,TURN,giro de esquina por IMU y reapertura frontal,21,25.00,163.14,PISTA,OK,2,444.0,1117.0,480.3,595.5,440.3,1,1.000,419.0,1,0.986,593.0,1,0.973,0.220,3,1,,,,,,0,329.4,,61.3
2880.905949,TURN,giro de esquina por IMU y reapertura frontal,21,25.00,164.68,PISTA,OK,2,439.0,1167.5,445.3,592.3,449.3,1,1.000,417.5,1,1.000,587.0,1,0.986,0.884,3,1,,,,,,0,329.4,,80.9
2881.005642,TURN,giro de esquina por IMU y reapertura frontal,21,25.00,165.39,PISTA,OK,2,433.5,1206.5,438.9,589.7,461.2,1,1.000,415.5,1,0.973,583.5,1,0.973,0.878,3,1,,,,,,0,329.4,,61.3
2881.106510,TURN,giro de esquina por IMU y reapertura frontal,21,25.00,167.78,PISTA,OK,2,427.5,1258.0,437.7,587.2,464.0,1,1.000,414.0,1,1.000,578.0,1,0.973,0.916,3,1,,,,,,0,329.4,,78.8
2881.204345,TURN,giro de esquina por IMU y reapertura frontal,21,25.00,168.65,PISTA,OK,2,420.0,1340.0,432.8,585.6,472.7,1,1.000,413.0,1,0.986,574.0,1,0.973,0.925,4,1,,,,,,0,329.4,,55.3
2881.305594,TURN,giro de esquina por IMU y reapertura frontal,21,25.00,170.36,PISTA,OK,2,425.0,1441.5,428.0,584.9,480.0,1,0.972,410.0,1,1.000,574.5,1,0.973,0.909,4,1,,,,,,0,329.4,,81.3
2881.405589,TURN,giro de esquina por IMU y reapertura frontal,21,25.00,171.21,PISTA,OK,2,414.5,1435.0,423.3,584.1,491.5,1,0.972,408.5,1,0.986,574.5,1,0.959,0.911,4,2,,,,,,0,329.4,,61.4
2881.505247,TURN,giro de esquina por IMU y reapertura frontal,21,25.00,172.87,PISTA,OK,2,410.5,1429.0,418.6,583.9,495.6,1,0.972,407.0,1,1.000,571.5,1,0.973,0.902,3,2,,,,,,0,329.4,,76.5
2881.603117,TURN,giro de esquina por IMU y reapertura frontal,21,25.00,174.62,PISTA,OK,2,403.0,1424.5,414.2,584.5,527.7,1,0.944,404.5,1,0.973,572.0,1,0.986,0.897,3,2,,,,,,0,329.4,,57.1
2881.705779,TURN,giro de esquina por IMU y reapertura frontal,21,25.00,175.46,PISTA,OK,2,398.5,1418.5,409.9,585.2,515.7,1,0.889,400.0,1,0.973,573.0,1,0.973,0.902,3,2,,,,,,0,329.4,,81.7
2881.804115,TURN,giro de esquina por IMU y reapertura frontal,21,25.00,177.12,PISTA,OK,2,394.5,1413.5,405.6,586.9,549.2,1,0.917,398.0,1,0.973,574.2,1,0.973,0.910,3,2,,,,,,0,329.4,,59.1
2881.904494,TURN,giro de esquina por IMU y reapertura frontal,21,25.00,178.72,PISTA,OK,2,390.0,1406.5,402.3,588.7,545.6,1,0.917,394.0,1,0.959,576.0,1,0.986,0.914,3,2,,,,,,0,329.4,,76.5
2882.005008,TURN,giro de esquina por IMU y reapertura frontal,25,25.00,180.39,PISTA,OK,2,1401.5,1401.5,397.9,591.7,556.6,1,0.972,392.0,1,0.945,579.0,1,1.000,0.900,3,2,,,,,,0,329.4,,61.5
2882.104582,TURN,giro de esquina por IMU y reapertura frontal,25,25.00,182.15,PISTA,OK,2,1395.0,1395.0,394.4,594.2,567.9,1,0.917,388.5,1,0.945,580.5,1,0.986,0.883,3,2,,,,,,0,329.4,,79.9
2882.202484,TURN,giro de esquina por IMU y reapertura frontal,25,25.00,183.21,PISTA,OK,2,1391.0,1391.0,389.1,597.9,860.9,1,0.917,383.5,1,0.986,586.5,1,0.973,0.876,3,2,,,,,,0,329.4,,59.2
2882.304321,TURN,giro de esquina por IMU y reapertura frontal,25,25.00,185.37,PISTA,OK,2,1386.5,1386.5,383.7,603.3,824.9,1,0.917,378.5,1,0.945,589.2,1,0.973,0.854,3,2,,,,,,0,329.4,,77.5
2882.401733,TURN,giro de esquina por IMU y reapertura frontal,25,25.00,187.56,PISTA,OK,2,1379.0,1379.0,379.4,610.0,796.6,1,0.917,372.5,1,0.959,595.2,1,0.986,0.858,3,2,,,,,,0,329.4,,57.1
2882.505059,CRUISE,esquina 3 verificada,25,21.00,189.58,PISTA,OK,3,1372.0,1372.0,374.2,616.9,785.2,1,0.889,368.0,1,0.945,600.0,1,0.973,0.844,2,2,,,,,,0,329.4,,82.9
2882.601312,AVOID_APPROACH,pure-pursuit al punto de paso del pilar 43,25,17.00,190.67,PISTA,OK,3,1366.5,1366.5,369.7,624.6,761.4,1,0.889,362.0,1,0.918,607.5,1,0.986,0.834,2,2,43,VERDE,191.0,312.4,0.000,1,329.4,,55.5
2882.702370,AVOID_APPROACH,pure-pursuit al punto de paso del pilar 43,25,13.00,192.90,PISTA,OK,3,1360.0,1360.0,365.1,635.3,734.8,1,0.972,358.0,1,0.932,614.0,1,1.000,0.832,2,2,43,VERDE,204.1,299.0,0.000,1,329.4,,78.7
2882.800432,AVOID_APPROACH,pure-pursuit al punto de paso del pilar 43,25,9.00,195.20,PISTA,OK,3,1356.0,1356.0,360.6,646.1,714.7,1,0.972,352.0,1,0.973,621.0,1,1.000,0.809,2,2,43,VERDE,221.8,283.2,0.000,1,329.4,,55.9
2882.901612,AVOID_PASS,manteniendo rumbo mientras pasa el pilar 43,25,5.00,197.54,PISTA,OK,3,1354.0,1354.0,356.8,660.0,533.1,1,0.972,347.2,1,0.932,628.0,1,1.000,0.820,2,2,43,VERDE,234.0,266.7,0.000,1,0.0,,81.1
2883.001321,AVOID_PASS,manteniendo rumbo mientras pasa el pilar 43,24,1.00,198.65,PISTA,OK,3,764.5,1354.2,351.8,674.6,535.6,1,1.000,346.0,1,0.945,633.5,1,1.000,0.816,2,2,43,VERDE,252.8,249.5,0.000,1,10.0,,55.1
2883.101284,AVOID_PASS,manteniendo rumbo mientras pasa el pilar 43,24,-2.96,200.50,PISTA,OK,3,755.0,1353.2,348.0,690.0,541.7,1,0.972,341.0,1,0.945,641.0,1,1.000,0.837,2,2,43,VERDE,264.4,232.3,0.000,1,19.6,,79.0
2883.201133,AVOID_PASS,manteniendo rumbo mientras pasa el pilar 43,24,-4.11,201.65,PISTA,OK,3,744.0,1352.0,344.1,702.1,544.7,1,0.972,340.0,1,0.932,645.8,1,0.986,0.844,2,2,43,VERDE,272.8,218.4,0.000,1,29.2,,57.7
2883.301568,AVOID_PASS,manteniendo rumbo mientras pasa el pilar 43,24,-4.36,201.90,PISTA,OK,3,736.0,1351.5,339.7,711.9,552.4,1,0.944,332.0,1,0.918,652.5,1,0.986,0.865,2,2,43,VERDE,274.9,203.8,0.000,1,38.8,,80.4
2883.400492,AVOID_PASS,manteniendo rumbo mientras pasa el pilar 43,23,-4.40,201.94,PISTA,OK,3,725.5,1341.5,336.3,714.7,565.7,1,0.972,331.0,1,0.945,656.2,1,1.000,0.838,2,2,43,VERDE,278.4,192.6,0.000,1,48.3,,56.0
2883.500684,AVOID_PASS,manteniendo rumbo mientras pasa el pilar 43,23,-4.42,201.96,PISTA,OK,3,717.5,1334.5,331.9,719.4,571.8,1,1.000,324.0,1,0.932,660.5,1,1.000,0.844,2,2,43,VERDE,275.8,184.6,0.000,1,57.5,,77.1
2883.601431,AVOID_PASS,manteniendo rumbo mientras pasa el pilar 43,23,-4.34,201.88,PISTA,OK,3,706.5,1321.0,328.1,723.1,581.2,1,0.972,323.0,1,0.932,663.5,1,1.000,0.848,2,2,43,VERDE,278.6,176.2,0.000,1,66.8,,55.2
2883.702553,AVOID_PASS,manteniendo rumbo mientras pasa el pilar 43,23,-4.24,201.78,PISTA,OK,3,698.0,1315.0,323.9,725.5,586.4,1,0.972,319.5,1,0.918,666.2,1,1.000,0.842,2,2,43,VERDE,275.4,168.4,0.000,1,76.1,,81.1
2883.801040,AVOID_PASS,manteniendo rumbo mientras pasa el pilar 43,23,-4.21,201.75,PISTA,OK,3,689.5,1305.5,319.7,729.6,599.0,1,0.917,315.5,1,0.918,670.5,1,1.000,0.852,2,2,43,VERDE,276.0,160.6,0.000,1,85.1,,58.3
2883.901672,AVOID_PASS,manteniendo rumbo mientras pasa el pilar 43,23,-4.10,201.64,PISTA,OK,3,679.5,1299.0,315.8,731.8,607.5,1,0.972,309.0,1,0.932,674.5,1,1.000,0.840,2,2,43,VERDE,278.5,151.9,0.000,1,94.4,,78.6
2884.000287,AVOID_PASS,manteniendo rumbo mientras pasa el pilar 43,23,-4.00,201.54,PISTA,OK,3,672.5,1291.0,312.4,735.5,618.2,1,1.000,306.5,1,0.973,676.5,1,1.000,0.844,2,2,43,VERDE,274.6,145.5,0.000,1,103.5,,57.1
2884.101968,AVOID_PASS,manteniendo rumbo mientras pasa el pilar 43,23,-3.96,201.50,PISTA,OK,3,662.5,1279.5,308.7,738.4,624.5,1,0.972,303.0,1,0.959,680.0,1,1.000,0.832,2,2,43,VERDE,274.2,138.2,0.000,1,112.8,,81.9
2884.201386,AVOID_PASS,manteniendo rumbo mientras pasa el pilar 43,23,-3.89,201.43,PISTA,OK,3,654.0,1273.5,305.1,741.1,635.3,1,0.944,302.0,1,0.945,682.8,1,0.986,0.830,2,2,43,VERDE,276.3,130.6,0.000,1,122.0,,58.2
2884.301345,AVOID_PASS,manteniendo rumbo mientras pasa el pilar 43,23,-3.76,201.30,PISTA,OK,3,647.5,1263.0,301.9,743.8,641.5,1,1.000,294.5,1,0.918,686.2,1,1.000,0.841,2,2,43,VERDE,276.9,122.9,0.000,1,131.2,,78.1
2884.400975,AVOID_PASS,manteniendo rumbo mientras pasa el pilar 43,23,-3.69,201.23,PISTA,OK,3,638.5,1254.5,298.7,746.8,659.1,1,1.000,293.8,1,0.918,690.0,1,1.000,0.838,2,2,43,VERDE,273.5,116.3,0.000,1,140.3,,57.3
2884.501130,AVOID_PASS,manteniendo rumbo mientras pasa el pilar 43,23,-3.66,201.20,PISTA,OK,3,629.5,1249.5,295.2,749.2,714.5,1,0.944,287.0,1,0.932,692.5,1,0.986,0.833,2,2,43,VERDE,273.0,108.5,0.000,1,149.5,,79.6
2884.600124,AVOID_PASS,manteniendo rumbo mientras pasa el pilar 43,23,-3.55,201.09,PISTA,OK,3,621.0,1236.5,291.4,752.8,722.1,1,1.000,284.5,1,0.904,695.0,1,1.000,0.839,2,2,43,VERDE,273.1,102.8,0.000,1,158.7,,57.0
2884.700615,AVOID_PASS,manteniendo rumbo mientras pasa el pilar 43,23,-3.45,200.99,PISTA,OK,3,614.5,1229.0,288.4,754.6,722.1,1,0.917,280.0,1,0.849,698.5,1,1.000,0.809,2,2,43,VERDE,274.8,94.7,0.000,1,167.9,,74.6
2884.801113,AVOID_PASS,manteniendo rumbo mientras pasa el pilar 43,22,-3.37,200.91,PISTA,OK,3,602.5,1224.0,284.6,758.7,735.2,1,0.944,278.5,1,0.904,701.5,1,1.000,0.839,2,2,43,VERDE,272.8,86.6,0.000,1,177.1,,57.1
2884.901231,AVOID_PASS,manteniendo rumbo mientras pasa el pilar 43,22,-3.28,200.82,PISTA,OK,3,596.5,1214.0,280.7,761.4,731.9,1,0.972,278.5,1,0.890,705.5,1,1.000,0.824,2,2,43,VERDE,273.4,79.7,0.000,1,186.0,,80.1
2884.999072,AVOID_PASS,manteniendo rumbo mientras pasa el pilar 43,22,-3.15,200.69,PISTA,OK,3,586.5,1204.5,277.8,763.9,738.5,1,1.000,270.0,1,0.890,709.0,1,1.000,0.827,2,2,43,VERDE,272.0,71.4,0.000,1,194.6,,55.8
2885.099223,AVOID_PASS,manteniendo rumbo mientras pasa el pilar 43,22,-3.03,200.57,PISTA,OK,3,578.0,1196.5,274.7,766.9,736.8,1,0.944,270.5,1,0.863,712.5,1,1.000,0.836,2,2,43,VERDE,270.2,67.9,0.000,1,203.4,,77.3
2885.200260,AVOID_PASS,manteniendo rumbo mientras pasa el pilar 43,22,-2.93,200.47,PISTA,OK,3,570.5,1190.0,271.2,769.1,744.6,1,0.972,265.0,1,0.849,715.0,1,1.000,0.820,2,2,43,VERDE,271.2,57.8,0.000,1,212.3,,55.5
2885.300451,AVOID_PASS,manteniendo rumbo mientras pasa el pilar 43,22,-2.81,200.35,PISTA,OK,3,562.0,1182.0,268.5,772.0,754.4,1,0.944,262.0,1,0.904,718.0,1,0.986,0.826,2,2,43,VERDE,271.9,52.3,0.000,1,221.1,,80.6
2885.399996,AVOID_PASS,manteniendo rumbo mientras pasa el pilar 43,22,-2.78,200.32,PISTA,OK,3,554.0,1173.0,265.1,774.9,756.5,1,0.972,259.0,1,0.904,722.0,1,1.000,0.823,2,2,43,VERDE,269.7,47.8,0.000,1,229.9,,53.5
2885.500157,AVOID_PASS,manteniendo rumbo mientras pasa el pilar 43,22,-2.71,200.25,PISTA,OK,3,547.5,1164.5,261.7,778.0,763.0,1,0.944,255.0,1,0.890,724.5,1,0.986,0.822,2,2,43,VERDE,270.2,40.6,0.000,1,238.7,,79.1
2885.599178,AVOID_PASS,manteniendo rumbo mientras pasa el pilar 43,22,-2.62,200.16,PISTA,OK,3,544.5,1155.5,259.0,780.8,760.2,1,1.000,253.5,1,0.890,726.5,1,0.986,0.806,2,2,43,VERDE,271.0,32.0,0.000,1,247.4,,55.6
2885.700572,AVOID_PASS,manteniendo rumbo mientras pasa el pilar 43,22,-2.54,200.08,PISTA,OK,3,534.5,1150.0,256.4,784.3,769.2,1,1.000,253.5,1,0.849,281.0,1,0.986,0.818,2,2,43,VERDE,269.8,25.6,0.000,1,256.3,,81.4
2885.798721,AVOID_PASS,manteniendo rumbo mientras pasa el pilar 43,22,-2.46,200.00,PISTA,OK,3,526.5,1138.5,252.9,786.2,763.9,1,0.944,248.5,1,0.863,270.0,1,0.973,0.818,2,2,43,VERDE,270.0,17.2,0.000,1,264.9,,56.0
2885.900783,AVOID_PASS,manteniendo rumbo mientras pasa el pilar 43,22,-2.41,199.95,PISTA,OK,3,519.0,1134.0,250.2,789.1,774.1,1,0.944,245.0,1,0.863,262.0,1,0.973,0.813,3,2,43,VERDE,269.3,13.2,0.000,1,273.9,,81.4
2885.999711,AVOID_PASS,manteniendo rumbo mientras pasa el pilar 43,22,-2.30,199.84,PISTA,OK,3,512.5,1124.5,247.3,792.9,714.7,1,0.944,244.5,1,0.767,263.0,1,0.986,0.828,3,2,43,VERDE,270.1,5.2,0.000,1,282.6,,53.9
2886.099342,AVOID_PASS,manteniendo rumbo mientras pasa el pilar 43,22,-2.22,199.76,PISTA,OK,3,524.0,1118.0,244.2,795.3,776.4,1,0.861,242.0,1,0.753,262.0,1,0.973,0.821,3,2,43,VERDE,268.6,-1.4,0.000,1,291.4,,80.4
2886.198757,AVOID_PASS,manteniendo rumbo mientras pasa el pilar 43,22,-2.17,199.71,PISTA,OK,3,515.5,1109.5,241.5,797.7,784.7,1,0.889,239.8,1,0.808,263.0,1,0.986,0.816,3,2,43,VERDE,270.1,-10.1,0.000,1,300.1,,55.9
2886.298707,AVOID_PASS,manteniendo rumbo mientras pasa el pilar 43,22,-2.09,199.63,PISTA,OK,3,507.0,1102.5,237.7,800.9,689.3,1,0.889,235.0,1,0.822,265.5,1,0.973,0.809,3,2,43,VERDE,270.4,-15.9,0.000,1,308.9,,78.1
2886.399536,AVOID_PASS,manteniendo rumbo mientras pasa el pilar 43,22,-1.96,199.50,PISTA,OK,3,505.0,1092.0,234.5,803.6,681.5,1,0.944,231.5,1,0.849,267.0,1,0.986,0.814,3,2,43,VERDE,270.5,-23.8,0.000,1,317.8,,57.0
2886.498162,RECENTER,reincorporacion tras 326 mm de sobrepaso estimado,21,-5.96,199.43,PISTA,OK,3,491.5,1082.0,229.9,805.6,686.9,1,0.972,227.0,1,0.849,268.5,1,0.973,0.769,3,2,43,VERDE,269.4,-28.6,0.000,1,326.5,,78.7
2886.597248,RECENTER,reincorporando por posicion lateral,21,-9.96,199.37,PISTA,OK,3,491.0,1076.5,227.2,812.8,660.2,1,0.889,226.5,1,0.808,270.5,1,0.986,0.722,4,2,43,VERDE,269.4,-28.6,0.000,1,326.5,,51.5
2886.698500,RECENTER,reincorporando por posicion lateral,21,-13.96,199.37,PISTA,OK,3,483.0,1068.5,225.2,815.4,797.9,1,0.861,224.0,1,0.808,271.0,1,0.973,0.716,4,2,43,VERDE,269.4,-28.6,0.000,1,326.5,,78.1
2886.798254,RECENTER,reincorporando por posicion lateral,25,-17.96,199.44,PISTA,OK,3,1061.5,1061.5,222.1,819.1,696.0,1,0.917,220.0,1,0.836,272.8,1,0.959,0.754,4,2,43,VERDE,269.4,-28.6,0.000,1,326.5,,56.0
2886.898281,RECENTER,reincorporando por posicion lateral,25,-20.00,198.91,PISTA,OK,3,1052.5,1052.5,219.2,819.7,684.8,1,0.917,221.5,1,0.849,274.0,1,0.973,0.735,4,2,43,VERDE,269.4,-28.6,0.000,1,326.5,,81.3
2886.997436,RECENTER,reincorporando por posicion lateral,25,-20.00,198.27,PISTA,OK,3,1041.5,1041.5,217.0,818.3,591.8,1,0.861,216.8,1,0.877,275.5,1,0.973,0.778,4,2,43,VERDE,269.4,-28.6,0.000,1,326.5,,54.1
2887.097503,RECENTER,reincorporando por posicion lateral,25,-20.00,196.69,PISTA,OK,3,1028.5,1028.5,216.0,812.6,576.3,1,0.833,215.5,1,0.822,273.5,1,0.973,0.780,4,2,43,VERDE,269.4,-28.6,0.000,1,326.5,,77.8
2887.197129,RECENTER,reincorporando por posicion lateral,25,-20.00,194.93,PISTA,OK,3,1014.5,1014.5,215.5,806.7,507.1,1,0.778,213.0,1,0.767,271.8,1,0.959,0.805,4,2,43,VERDE,269.4,-28.6,0.000,1,326.5,,54.0
2887.296978,RECENTER,reincorporando por posicion lateral,25,-20.00,193.27,PISTA,OK,3,1004.0,1004.0,214.7,800.3,517.3,1,0.778,214.0,1,0.836,272.0,1,0.945,0.772,4,2,43,VERDE,269.4,-28.6,0.000,1,326.5,,81.3
2887.398042,RECENTER,reincorporando por posicion lateral,25,-20.00,192.54,PISTA,OK,3,992.0,992.0,214.8,794.2,459.5,1,0.806,213.8,1,0.767,271.2,1,0.959,0.781,4,2,43,VERDE,269.4,-28.6,0.000,1,326.5,,55.9
2887.496334,RECENTER,reincorporando por posicion lateral,25,-20.00,190.74,PISTA,OK,3,984.5,984.5,213.5,788.2,439.5,1,0.750,213.5,1,0.781,271.5,1,0.959,0.736,4,2,43,VERDE,269.4,-28.6,0.000,1,326.5,,78.2
2887.595868,RECENTER,reincorporando por posicion lateral,25,-20.00,188.95,PISTA,OK,3,975.5,975.5,214.3,783.5,435.7,1,0.778,213.2,1,0.822,270.0,1,0.959,0.735,4,2,43,VERDE,269.4,-28.6,0.000,1,326.5,,53.6
2887.697478,RECENTER,reincorporando por posicion lateral,25,-16.00,187.06,PISTA,OK,3,966.0,966.0,314.3,777.5,387.9,1,0.750,217.2,1,0.836,269.0,1,0.959,0.209,4,2,43,VERDE,269.4,-28.6,0.000,1,326.5,,82.7
2887.796883,RECENTER,reincorporando por posicion lateral,25,-12.00,186.16,PISTA,OK,3,954.0,954.0,296.6,772.9,375.2,1,0.750,220.0,1,0.767,268.8,1,0.932,0.219,4,2,43,VERDE,269.4,-28.6,0.000,1,326.5,,54.2
2887.896923,RECENTER,reincorporando por posicion lateral,25,-8.00,184.22,PISTA,OK,3,940.5,940.5,297.0,768.0,365.8,1,0.750,222.8,1,0.753,266.0,1,0.932,0.221,4,2,43,VERDE,269.4,-28.6,0.000,1,326.5,,71.0
2887.995981,RECENTER,reincorporando por posicion lateral,25,-4.00,182.28,PISTA,OK,3,933.5,933.5,335.9,763.2,353.5,1,0.806,223.2,1,0.767,266.2,1,0.945,0.216,4,2,43,VERDE,269.4,-28.6,0.000,1,326.5,,47.8
2888.096520,RECENTER,reincorporando por posicion lateral,25,0.00,180.41,PISTA,OK,3,925.5,925.5,340.2,758.5,337.9,1,0.778,227.8,1,0.699,264.5,1,0.904,0.221,4,2,43,VERDE,269.4,-28.6,0.000,1,326.5,,82.3
2888.195505,RECENTER,reincorporando por posicion lateral,25,4.00,179.54,PISTA,OK,3,916.0,916.0,433.7,755.8,340.3,1,0.778,235.2,1,0.712,263.2,1,0.904,0.221,5,2,43,VERDE,269.4,-28.6,0.000,1,326.5,,50.3
2888.296607,RECENTER,reincorporando por posicion lateral,25,8.00,178.38,PISTA,OK,3,907.5,907.5,428.4,752.8,324.8,1,0.806,239.2,1,0.699,262.2,1,0.918,0.226,5,2,43,VERDE,269.4,-28.6,0.000,1,326.5,,79.6
2888.394327,RECENTER,reincorporando por posicion lateral,25,12.00,177.74,PISTA,OK,3,897.5,897.5,430.9,750.9,320.7,1,0.833,243.5,1,0.685,263.0,1,0.959,0.226,4,2,43,VERDE,269.4,-28.6,0.000,1,326.5,,52.0
2888.495617,RECENTER,reincorporando por posicion lateral,25,16.00,177.62,PISTA,OK,3,889.0,889.0,458.6,749.8,333.4,1,0.889,248.0,1,0.699,266.5,1,0.904,0.231,4,2,43,VERDE,269.4,-28.6,0.000,1,326.5,,83.8
2888.594883,RECENTER,reincorporando por posicion lateral,25,20.00,177.91,PISTA,OK,3,880.0,880.0,452.1,749.4,326.4,1,0.917,254.0,1,0.781,266.5,1,0.959,0.227,4,2,43,VERDE,269.4,-28.6,0.000,1,326.5,,53.7
2888.692906,RECENTER,reincorporando por posicion lateral,25,24.00,178.48,PISTA,OK,3,870.0,870.0,465.7,749.9,326.4,1,0.750,257.8,1,0.671,271.0,1,0.904,0.228,5,2,43,VERDE,269.4,-28.6,0.000,1,326.5,,79.6
2888.793711,RECENTER,reincorporando por posicion lateral,25,25.00,179.66,PISTA,OK,3,861.5,861.5,459.1,750.5,330.5,1,0.861,254.0,1,0.740,277.5,1,0.918,0.229,5,2,43,VERDE,269.4,-28.6,0.000,1,326.5,,52.1
2888.893583,RECENTER,reincorporando por posicion lateral,25,25.00,180.52,PISTA,OK,3,854.5,854.5,447.5,752.2,337.9,1,0.861,257.5,1,0.671,282.2,1,0.918,0.224,6,2,43,VERDE,269.4,-28.6,0.000,1,326.5,,82.3
2888.992554,RECENTER,reincorporando por posicion lateral,25,25.00,182.33,PISTA,OK,3,848.0,848.0,428.6,755.8,348.1,1,0.750,257.0,1,0.671,289.0,1,0.932,0.225,6,2,43,VERDE,269.4,-28.6,0.000,1,326.5,,45.7
2889.092533,RECENTER,reincorporando por posicion lateral,24,25.00,184.29,PISTA,OK,3,842.0,842.0,441.1,760.6,351.8,1,0.722,256.8,1,0.630,296.5,1,0.945,0.223,6,2,43,VERDE,269.4,-28.6,0.000,1,326.5,,81.0
2889.192020,RECENTER,reincorporando por posicion lateral,24,25.00,186.13,PISTA,OK,3,838.5,838.5,442.3,765.2,378.0,1,0.722,262.5,1,0.644,304.5,1,0.932,0.225,6,2,43,VERDE,269.4,-28.6,0.000,1,326.5,,48.1
2889.293460,RECENTER,reincorporando por posicion lateral,24,25.00,187.07,PISTA,OK,3,831.0,831.0,434.8,770.9,372.7,1,0.750,257.8,1,0.630,312.0,1,0.973,0.220,6,2,43,VERDE,269.4,-28.6,0.000,1,326.5,,83.6
2889.393391,RECENTER,reincorporando por posicion lateral,24,25.00,188.97,PISTA,OK,3,824.5,824.5,416.9,776.9,385.8,1,0.722,254.5,1,0.589,319.0,1,0.973,0.222,6,2,43,VERDE,269.4,-28.6,0.000,1,326.5,,52.6
2889.493659,RECENTER,reincorporando por posicion lateral,24,25.00,190.77,PISTA,OK,3,818.5,818.5,409.6,782.5,396.1,1,0.639,255.0,1,0.562,327.5,1,0.932,0.220,6,2,43,VERDE,269.4,-28.6,0.000,1,326.5,,78.6
2889.593541,RECENTER,reincorporando por posicion lateral,24,21.00,192.71,PISTA,OK,3,812.5,812.5,259.5,794.7,406.7,1,0.750,256.5,1,0.644,334.0,1,0.959,0.792,6,2,43,VERDE,269.4,-28.6,0.000,1,326.5,,51.9
2889.695171,RECENTER,reincorporando por posicion lateral,24,25.00,194.49,AZUL,OK,3,806.5,806.5,411.7,804.5,433.7,1,0.750,251.5,1,0.644,342.0,1,0.959,0.199,6,2,43,VERDE,269.4,-28.6,0.000,1,326.5,,83.4
2889.795093,RECENTER,reincorporando por posicion lateral,24,25.00,195.43,AZUL,OK,3,802.0,802.0,401.0,815.5,476.7,1,0.667,251.5,1,0.616,351.5,1,0.945,0.194,5,2,43,VERDE,269.4,-28.6,0.000,1,326.5,,53.9
2889.895862,RECENTER,reincorporando por posicion lateral,24,21.00,197.16,PISTA,OK,3,797.0,797.0,239.0,826.7,474.3,1,0.750,254.8,1,0.616,360.0,1,0.973,0.517,4,2,43,VERDE,269.4,-28.6,0.000,1,326.5,,77.8
2889.996285,RECENTER,reincorporando por posicion lateral,24,25.00,199.00,PISTA,OK,3,794.5,794.5,614.1,838.3,480.8,1,0.833,252.8,1,0.712,367.5,1,0.986,0.211,4,2,43,VERDE,269.4,-28.6,0.000,1,326.5,,55.4
2890.096396,RECENTER,reincorporando por posicion lateral,24,25.00,200.85,PISTA,OK,3,791.5,791.5,540.7,843.5,323.6,1,0.750,252.2,1,0.712,375.8,1,0.959,0.206,4,2,43,VERDE,269.4,-28.6,0.000,1,326.5,,80.5
2890.196105,RECENTER,reincorporando por posicion lateral,24,25.00,202.68,PISTA,OK,3,791.8,791.8,482.8,849.3,324.4,1,0.833,251.2,1,0.685,383.0,1,0.986,0.194,4,2,43,VERDE,269.4,-28.6,0.000,1,326.5,,54.0
2890.295994,RECENTER,reincorporando por posicion lateral,24,25.00,204.53,PISTA,OK,3,791.5,791.5,436.9,866.3,326.0,1,0.806,252.8,1,0.699,391.5,1,0.986,0.195,4,2,43,VERDE,269.4,-28.6,0.000,1,326.5,,82.7
2890.395150,RECENTER,reincorporando por posicion lateral,24,25.00,205.49,PISTA,OK,3,793.0,793.0,513.8,863.4,328.1,1,0.861,252.0,1,0.699,400.5,1,0.959,0.203,3,1,43,VERDE,269.4,-28.6,0.000,1,326.5,,54.2
2890.495308,RECENTER,reincorporando por posicion lateral,24,25.00,207.36,PISTA,OK,3,797.5,797.5,496.6,862.6,338.7,1,0.861,248.8,1,0.795,408.5,1,0.959,0.201,3,1,43,VERDE,269.4,-28.6,0.000,1,326.5,,80.9
2890.595950,RECENTER,reincorporando por posicion lateral,24,25.00,209.35,PISTA,OK,3,800.0,800.0,478.9,864.2,352.8,1,0.917,249.8,1,0.726,416.0,1,0.973,0.199,4,1,43,VERDE,269.4,-28.6,0.000,1,326.5,,55.0
2890.695836,RECENTER,reincorporando por posicion lateral,24,25.00,210.34,PISTA,OK,3,803.0,803.0,459.5,863.9,366.4,1,0.944,249.8,1,0.726,425.0,1,0.973,0.198,4,1,43,VERDE,269.4,-28.6,0.000,1,326.5,,82.2
2890.793749,RECENTER,reincorporando por posicion lateral,24,25.00,212.20,PISTA,OK,3,808.5,808.5,443.4,850.6,377.0,1,0.917,249.8,1,0.671,431.0,1,0.986,0.201,4,1,43,VERDE,269.4,-28.6,0.000,1,326.5,,53.7
2890.895118,RECENTER,reincorporando por posicion lateral,20,25.00,214.04,PISTA,OK,3,189.0,821.0,429.4,846.0,392.5,1,0.972,247.2,1,0.726,440.5,1,0.986,0.195,4,1,43,VERDE,269.4,-28.6,0.000,1,326.5,,80.6
2890.994533,RECENTER,reincorporando por posicion lateral,20,25.00,215.91,PISTA,OK,3,172.5,827.5,415.6,843.7,404.0,1,0.944,248.5,1,0.767,448.5,1,0.986,0.195,4,1,43,VERDE,269.4,-28.6,0.000,1,326.5,,54.6
2891.094602,RECENTER,reincorporando por posicion lateral,20,25.00,217.39,PISTA,OK,3,157.0,835.0,409.8,830.4,414.3,1,0.917,248.8,1,0.753,453.5,1,0.973,0.187,3,0,43,VERDE,269.4,-28.6,0.000,1,326.5,,81.6
2891.194132,RECENTER,reincorporando por posicion lateral,20,25.00,218.16,PISTA,OK,3,145.0,838.5,396.3,823.1,423.9,1,0.944,248.0,1,0.781,460.5,1,0.986,0.199,3,0,43,VERDE,269.4,-28.6,0.000,1,326.5,,54.3
2891.294046,RECOVERY,retroceso corto de emergencia,0,21.00,219.58,PISTA,OK,3,135.5,848.5,387.2,827.2,432.1,1,0.972,247.2,1,0.767,466.0,1,0.986,0.196,3,0,,,,,,0,326.5,,81.0
2891.393455,RECOVERY,retroceso corto de emergencia,-5,17.00,220.85,PISTA,OK,3,129.5,168.5,380.2,829.9,443.0,1,0.944,245.8,1,0.767,473.5,1,1.000,0.202,3,0,,,,,,0,326.5,,53.7
2891.493578,RECOVERY,retroceso corto de emergencia,-10,13.00,220.69,PISTA,OK,3,130.0,867.0,379.7,823.0,444.2,1,0.944,247.5,1,0.767,472.8,1,1.000,0.195,4,0,,,,,,0,326.5,,80.2
2891.594473,RECOVERY,retroceso corto de emergencia,-15,11.25,220.59,PISTA,OK,3,129.8,864.0,376.9,820.4,442.1,1,0.944,247.5,1,0.753,472.5,1,1.000,0.202,4,0,,,,,,0,326.5,,53.8
2891.695368,RECOVERY,retroceso corto de emergencia,-20,11.31,220.26,PISTA,OK,3,135.0,868.5,376.3,819.9,442.8,1,1.000,245.0,1,0.849,471.2,1,1.000,0.202,4,0,,,,,,0,326.5,,81.6
2891.794159,RECOVERY,retroceso corto de emergencia,-20,11.01,219.46,PISTA,OK,3,141.0,863.8,378.1,823.8,436.2,1,0.944,247.0,1,0.740,467.2,1,0.986,0.199,4,0,,,,,,0,326.5,,53.9
2891.896700,RECOVERY,retroceso corto de emergencia,-20,10.74,218.25,PISTA,OK,3,151.0,170.2,383.9,825.6,431.3,1,0.944,247.2,1,0.781,462.0,1,0.986,0.195,4,0,,,,,,0,326.5,,85.0
2891.993460,RECOVERY,retroceso corto de emergencia,-20,10.55,217.63,PISTA,OK,3,159.5,857.5,388.8,825.8,421.6,1,0.972,246.5,1,0.808,457.5,1,1.000,0.195,4,0,,,,,,0,326.5,,49.6
2892.094866,RECOVERY,retroceso corto de emergencia,-20,10.16,216.53,PISTA,OK,3,173.0,847.2,395.6,828.9,415.1,1,0.944,247.8,1,0.781,451.0,1,0.986,0.191,4,0,,,,,,0,326.5,,83.2
2892.194308,RECOVERY,retroceso corto de emergencia,-20,9.93,215.49,PISTA,OK,3,178.0,845.0,399.5,832.2,405.1,1,0.917,246.5,1,0.712,445.0,1,0.986,0.195,4,0,,,,,,0,326.5,,54.1
2892.294358,RECOVERY,retroceso corto de emergencia,-20,9.76,214.35,PISTA,OK,3,186.0,841.5,408.1,831.0,399.7,1,0.944,245.8,1,0.753,441.0,1,0.986,0.192,4,0,,,,,,0,326.5,,81.8
2892.395245,RECOVERY,retroceso corto de emergencia,-20,9.39,213.81,PISTA,OK,3,204.0,837.5,412.5,843.6,390.7,1,0.944,247.8,1,0.795,435.5,1,0.973,0.195,4,0,,,,,,0,326.5,,54.6
2892.496595,RECOVERY,retroceso corto de emergencia,-20,9.12,212.73,PISTA,OK,3,835.2,835.2,416.1,838.5,383.1,1,0.944,247.5,1,0.781,430.0,1,0.973,0.195,4,0,,,,,,0,326.5,,79.6
2892.593335,RECOVERY,retroceso corto de emergencia,-20,8.75,211.58,PISTA,OK,3,831.8,831.8,422.7,841.9,373.9,1,0.944,248.5,1,0.753,423.5,1,0.986,0.190,4,0,,,,,,0,326.5,,54.3
2892.695131,CRUISE,recuperacion despejada,0,12.75,210.49,PISTA,OK,3,827.0,827.0,425.2,853.0,366.5,1,0.917,247.0,1,0.712,418.0,1,0.986,0.195,4,0,,,,,,0,326.5,,83.7
2892.794299,CRUISE,crucero centrado por paredes,5,16.75,210.00,PISTA,OK,3,827.0,827.0,435.2,849.9,357.0,1,0.917,249.5,1,0.630,412.5,1,0.986,0.196,4,0,,,,,,0,326.5,,54.9
2892.894242,CRUISE,crucero centrado por paredes,10,20.75,209.91,PISTA,OK,3,823.5,823.5,435.7,850.8,355.3,1,0.917,248.0,1,0.753,412.0,1,0.986,0.190,4,0,,,,,,0,326.5,,80.6
2892.992044,CRUISE,crucero centrado por paredes,15,24.75,209.83,PISTA,OK,3,822.0,822.0,446.0,857.7,355.7,1,0.917,248.8,1,0.753,412.0,1,0.973,0.195,4,0,,,,,,0,326.5,,51.9
2893.093255,CRUISE,crucero centrado por paredes,20,25.00,210.37,PISTA,OK,3,820.0,820.0,445.0,852.1,354.4,1,0.944,247.8,1,0.699,413.5,1,0.973,0.196,3,0,,,,,,0,326.5,,82.6
2893.192828,CRUISE,crucero centrado por paredes,24,25.00,210.86,PISTA,OK,3,819.0,819.0,439.9,858.1,362.2,1,0.944,245.5,1,0.795,419.5,1,0.986,0.203,3,0,,,,,,0,326.5,,51.3
2893.292286,CRUISE,crucero centrado por paredes,24,25.00,212.40,PISTA,OK,3,823.5,823.5,426.8,849.2,372.2,1,0.917,249.0,1,0.740,425.5,1,0.986,0.198,3,0,,,,,,0,326.5,,79.3
2893.391476,CRUISE,crucero centrado por paredes,20,25.00,214.22,PISTA,OK,3,184.5,825.2,411.0,844.1,387.1,1,0.944,247.5,1,0.712,433.0,1,0.986,0.211,3,0,,,,,,0,326.5,,50.8
2893.491772,CRUISE,crucero centrado por paredes,20,25.00,216.04,PISTA,OK,3,178.0,835.0,401.7,836.1,399.1,1,0.944,247.2,1,0.740,441.2,1,0.986,0.195,3,0,,,,,,0,326.5,,82.4
2893.591259,CRUISE,crucero centrado por paredes,20,25.00,217.43,PISTA,OK,3,163.0,841.0,391.0,839.8,407.9,1,0.944,243.2,1,0.753,446.5,1,0.973,0.197,3,0,,,,,,0,326.5,,52.4
2893.690930,CRUISE,crucero centrado por paredes,20,25.00,218.07,PISTA,OK,3,152.0,854.0,384.2,827.4,417.0,1,0.944,243.5,1,0.726,453.0,1,0.986,0.193,3,0,,,,,,0,326.5,,80.2
2893.790299,CRUISE,crucero centrado por paredes,20,25.00,219.57,PISTA,OK,3,142.0,859.0,375.4,824.7,424.4,1,0.972,244.2,1,0.795,457.8,1,0.986,0.197,3,0,,,,,,0,326.5,,49.7
2893.890144,RECOVERY,retroceso corto de emergencia,0,21.00,220.96,PISTA,OK,3,132.5,868.0,367.5,829.2,434.3,1,1.000,243.2,1,0.836,465.2,1,1.000,0.195,4,0,,,,,,0,326.5,,82.3
2893.991088,RECOVERY,retroceso corto de emergencia,-5,17.00,222.04,PISTA,OK,3,131.0,878.5,360.1,822.1,444.5,1,0.944,245.5,1,0.753,470.5,1,0.986,0.197,4,0,,,,,,0,326.5,,52.2
2894.091629,RECOVERY,retroceso corto de emergencia,-10,13.00,221.93,PISTA,OK,3,130.0,879.5,358.8,821.4,445.1,1,0.972,243.5,1,0.767,470.8,1,0.986,0.210,4,1,,,,,,0,326.5,,82.6
2894.190214,RECOVERY,retroceso corto de emergencia,-15,11.28,221.81,PISTA,OK,3,132.0,878.5,356.0,827.3,443.9,1,0.917,244.0,1,0.699,469.5,1,1.000,0.195,3,1,,,,,,0,326.5,,47.6
2894.290393,RECOVERY,retroceso corto de emergencia,-20,11.21,221.30,PISTA,OK,3,135.8,884.0,356.8,817.8,444.2,1,0.972,245.5,1,0.753,469.8,1,1.000,0.199,3,1,,,,,,0,326.5,,80.9
2894.389909,RECOVERY,retroceso corto de emergencia,-20,11.00,220.41,PISTA,OK,3,140.0,880.5,359.7,820.6,437.9,1,0.944,244.0,1,0.753,464.0,1,0.986,0.196,3,1,,,,,,0,326.5,,50.5
2894.491412,RECOVERY,retroceso corto de emergencia,-20,10.64,219.81,PISTA,OK,3,148.5,875.5,365.0,826.7,428.5,1,0.944,246.2,1,0.753,459.0,1,0.986,0.195,3,1,,,,,,0,326.5,,83.3
2894.590919,RECOVERY,retroceso corto de emergencia,-20,10.36,218.65,PISTA,OK,3,156.0,178.8,368.6,820.5,421.9,1,0.972,245.2,1,0.753,452.5,1,1.000,0.201,3,1,,,,,,0,326.5,,51.3
2894.690536,RECOVERY,retroceso corto de emergencia,-20,10.16,217.50,PISTA,OK,3,165.0,866.5,374.9,826.5,411.9,1,0.917,244.2,1,0.740,447.5,1,0.986,0.190,3,1,,,,,,0,326.5,,81.5
2894.790051,RECOVERY,retroceso corto de emergencia,-20,9.86,216.38,PISTA,OK,3,174.5,862.0,379.6,829.2,405.6,1,0.944,245.2,1,0.726,442.5,1,0.986,0.192,3,1,,,,,,0,326.5,,50.4
2894.890501,RECOVERY,retroceso corto de emergencia,-20,9.49,215.26,PISTA,OK,3,184.0,854.2,382.2,832.7,397.0,1,0.972,245.8,1,0.685,435.5,1,0.986,0.193,3,1,,,,,,0,326.5,,82.7
2894.989843,RECOVERY,retroceso corto de emergencia,-20,9.29,214.68,PISTA,OK,3,191.2,851.8,386.4,837.2,391.5,1,0.889,246.2,1,0.699,432.0,1,0.959,0.196,3,1,,,,,,0,326.5,,51.3
2895.089991,RECOVERY,retroceso corto de emergencia,-20,9.15,213.57,PISTA,OK,3,201.0,849.2,393.8,831.0,383.3,1,0.889,243.5,1,0.685,426.5,1,0.973,0.192,3,1,,,,,,0,326.5,,82.2
2895.188913,RECOVERY,retroceso corto de emergencia,-20,8.76,213.04,PISTA,OK,3,221.5,846.0,397.5,840.5,374.4,1,0.944,245.2,1,0.644,420.5,1,0.986,0.210,3,1,,,,,,0,326.5,,49.2
2895.288983,RECOVERY,retroceso corto de emergencia,-20,8.50,211.88,PISTA,OK,3,841.0,841.0,403.8,842.5,365.5,1,0.917,244.0,1,0.781,414.0,1,0.973,0.193,3,1,,,,,,0,326.5,,79.0
2895.388375,RECOVERY,retroceso corto de emergencia,-20,8.18,210.94,PISTA,OK,3,841.0,841.0,408.3,843.4,357.7,1,0.944,245.5,1,0.767,409.0,1,0.973,0.192,3,1,,,,,,0,326.5,,50.0
2895.489572,CRUISE,recuperacion despejada,0,12.18,209.89,PISTA,OK,3,839.0,839.0,411.7,850.0,350.2,1,0.917,245.8,1,0.767,404.0,1,0.986,0.193,3,1,,,,,,0,326.5,,83.0
2895.587520,AVOID_APPROACH,track bloqueado perdido; parada para reasociar,0,0.00,209.41,PISTA,OK,3,836.5,836.5,409.7,851.5,339.4,1,0.889,243.8,1,0.699,396.0,1,0.973,0.187,4,1,52,ROJO,-33.1,248.6,1.096,0,326.5,,45.8
2895.687246,AVOID_APPROACH,track bloqueado perdido; parada para reasociar,0,0.00,209.43,PISTA,OK,3,832.5,832.5,411.0,851.3,338.4,1,0.889,248.0,1,0.753,397.5,1,0.973,0.200,4,1,52,ROJO,-33.1,248.6,1.096,0,326.5,,78.6
2895.787969,AVOID_APPROACH,track bloqueado perdido; parada para reasociar,0,0.00,210.49,PISTA,OK,3,839.2,839.2,380.8,845.8,344.2,1,0.944,244.0,1,0.740,398.0,1,0.986,0.182,3,0,52,ROJO,-33.1,248.6,1.096,0,326.5,,49.4
2895.886297,AVOID_APPROACH,track bloqueado perdido; parada para reasociar,0,0.00,210.50,PISTA,OK,3,844.2,844.2,394.9,848.2,343.3,1,0.944,240.0,1,0.726,398.5,1,0.986,0.191,3,0,52,ROJO,-33.1,248.6,1.096,0,326.5,,81.1
2895.987016,AVOID_APPROACH,track bloqueado perdido; parada para reasociar,0,0.00,210.51,PISTA,OK,3,843.0,843.0,397.6,853.4,342.7,1,0.944,241.8,1,0.740,397.5,1,0.986,0.195,3,0,52,ROJO,-33.1,248.6,1.096,0,326.5,,47.0
2896.086963,AVOID_APPROACH,track bloqueado perdido; parada para reasociar,0,0.00,210.50,PISTA,OK,3,843.5,843.5,391.5,842.3,342.4,1,0.917,238.5,1,0.767,397.5,1,0.973,0.185,3,0,52,ROJO,-33.1,248.6,1.096,0,326.5,,81.0
2896.186475,AVOID_APPROACH,track bloqueado perdido; parada para reasociar,0,0.00,210.50,PISTA,OK,3,843.0,843.0,398.0,845.1,344.4,1,0.944,241.8,1,0.726,398.2,1,0.986,0.188,3,0,52,ROJO,-33.1,248.6,1.096,0,326.5,,46.6
2896.286308,AVOID_APPROACH,track bloqueado perdido; parada para reasociar,0,0.00,210.50,PISTA,OK,3,842.0,842.0,395.5,844.4,344.7,1,0.889,241.0,1,0.712,398.0,1,0.959,0.191,3,0,52,ROJO,-33.1,248.6,1.096,0,326.5,,77.5
2896.385633,AVOID_APPROACH,track bloqueado perdido; parada para reasociar,0,0.00,210.50,PISTA,OK,3,845.2,845.2,398.8,842.1,344.7,1,0.944,242.2,1,0.836,398.0,1,0.986,0.189,3,0,52,ROJO,-33.1,248.6,1.096,0,326.5,,47.1
2896.485883,CRUISE,pilar no reasociado; se suelta y sigue el carril,5,4.00,210.50,PISTA,OK,3,843.5,843.5,403.8,845.9,342.7,1,0.944,240.8,1,0.699,398.5,1,0.973,0.192,3,0,,,,,,0,326.5,,80.6
2896.586998,CRUISE,crucero centrado por paredes,10,8.00,210.50,PISTA,OK,3,844.0,844.0,402.7,848.2,344.2,1,0.972,243.0,1,0.712,397.8,1,0.986,0.192,3,0,,,,,,0,326.5,,48.8
2896.687446,CRUISE,crucero centrado por paredes,15,12.00,210.45,PISTA,OK,3,843.0,843.0,405.4,849.2,345.2,1,0.889,240.0,1,0.712,399.0,1,0.973,0.189,3,0,,,,,,0,326.5,,78.7
2896.788985,CRUISE,crucero centrado por paredes,20,16.00,210.38,PISTA,OK,3,834.0,834.0,423.3,847.2,343.7,1,0.972,249.0,1,0.671,400.0,1,0.986,0.190,3,0,,,,,,0,326.5,,51.5
2896.889114,CRUISE,crucero centrado por paredes,24,20.00,210.38,PISTA,OK,3,830.0,830.0,427.3,845.2,346.9,1,0.944,251.0,1,0.685,404.8,1,0.986,0.195,3,0,,,,,,0,326.5,,82.3
2896.990226,CRUISE,crucero centrado por paredes,24,24.00,210.65,PISTA,OK,3,824.5,824.5,433.3,847.0,356.2,1,0.944,252.0,1,0.671,411.2,1,0.986,0.193,3,0,,,,,,0,326.5,,52.9
2897.088915,CRUISE,crucero centrado por paredes,24,25.00,211.51,PISTA,OK,3,820.5,820.5,432.6,850.8,365.0,1,0.944,248.5,1,0.726,418.5,1,0.986,0.197,3,0,,,,,,0,326.5,,79.4
2897.188273,CRUISE,crucero centrado por paredes,20,25.00,212.88,PISTA,OK,3,210.0,824.0,424.7,847.2,377.7,1,0.917,247.0,1,0.685,427.8,1,0.986,0.192,3,0,,,,,,0,326.5,,50.8
2897.289529,CRUISE,crucero centrado por paredes,20,25.00,214.67,PISTA,OK,3,183.0,827.0,413.8,845.5,390.5,1,0.972,247.8,1,0.712,434.5,1,0.986,0.194,3,0,,,,,,0,326.5,,81.0
2897.389179,CRUISE,crucero centrado por paredes,20,25.00,215.99,PISTA,OK,3,178.0,834.5,405.1,838.4,400.8,1,0.944,250.0,1,0.753,442.2,1,0.986,0.194,3,0,,,,,,0,326.5,,51.3
2897.487540,CRUISE,crucero centrado por paredes,20,25.00,216.71,PISTA,OK,3,166.5,837.8,393.8,834.5,408.4,1,0.944,248.0,1,0.767,447.0,1,0.986,0.200,3,0,,,,,,0,326.5,,80.9
2897.587052,CRUISE,crucero centrado por paredes,20,25.00,218.20,PISTA,OK,3,154.0,849.8,389.4,824.2,417.9,1,0.972,246.5,1,0.808,453.5,1,1.000,0.195,3,0,,,,,,0,326.5,,49.1
2897.688378,CRUISE,crucero centrado por paredes,20,25.00,219.55,PISTA,OK,3,144.0,856.2,379.7,832.1,428.3,1,0.972,245.8,1,0.767,458.8,1,0.986,0.197,3,0,,,,,,0,326.5,,84.1
2897.787754,RECOVERY,retroceso corto de emergencia,0,21.00,220.94,PISTA,OK,3,133.0,178.0,371.9,822.5,436.0,1,0.917,246.2,1,0.740,465.8,1,1.000,0.196,3,0,,,,,,0,326.5,,50.5
2897.887448,RECOVERY,retroceso corto de emergencia,-5,17.00,221.56,PISTA,OK,3,130.0,871.0,365.1,817.8,444.9,1,0.972,245.5,1,0.712,471.0,1,1.000,0.211,4,0,,,,,,0,326.5,,80.7
2897.986913,RECOVERY,retroceso corto de emergencia,-10,13.00,221.63,PISTA,OK,3,130.2,878.0,363.7,825.8,445.6,1,0.944,245.0,1,0.767,471.2,1,1.000,0.208,4,1,,,,,,0,326.5,,48.5
2898.087011,RECOVERY,retroceso corto de emergencia,-15,11.28,221.44,PISTA,OK,3,131.5,874.0,361.7,820.8,444.5,1,1.000,245.0,1,0.781,470.5,1,1.000,0.209,4,1,,,,,,0,326.5,,78.2
2898.187856,RECOVERY,retroceso corto de emergencia,-20,11.26,220.84,PISTA,OK,3,135.0,879.0,362.0,818.4,443.5,1,1.000,244.0,1,0.795,469.2,1,1.000,0.203,3,1,,,,,,0,326.5,,50.4
2898.288162,RECOVERY,retroceso corto de emergencia,-20,10.79,220.43,PISTA,OK,3,141.0,883.0,363.7,824.3,437.9,1,0.972,248.2,1,0.753,464.0,1,1.000,0.209,3,1,,,,,,0,326.5,,82.7
2898.387752,RECOVERY,retroceso corto de emergencia,-20,10.48,219.38,PISTA,OK,3,150.0,870.5,369.9,816.4,431.8,1,0.972,250.0,1,0.795,459.5,1,0.986,0.193,3,1,,,,,,0,326.5,,50.0
2898.487666,RECOVERY,retroceso corto de emergencia,-20,10.30,218.29,PISTA,OK,3,159.0,183.0,374.5,826.0,423.4,1,0.944,247.5,1,0.822,453.5,1,0.986,0.208,3,1,,,,,,0,326.5,,80.4
2898.586958,RECOVERY,retroceso corto de emergencia,-20,10.00,217.10,PISTA,OK,3,168.0,858.0,377.8,826.7,414.9,1,0.972,247.5,1,0.753,447.5,1,1.000,0.201,3,1,,,,,,0,326.5,,48.9
2898.687169,RECOVERY,retroceso corto de emergencia,-20,9.75,216.00,PISTA,OK,3,177.0,857.5,386.6,825.8,408.2,1,0.917,248.5,1,0.781,443.5,1,0.973,0.188,3,1,,,,,,0,326.5,,81.0
2898.788573,RECOVERY,retroceso corto de emergencia,-20,9.47,215.47,PISTA,OK,3,187.0,853.5,387.6,828.9,399.7,1,0.972,248.0,1,0.753,437.5,1,0.986,0.192,3,1,,,,,,0,326.5,,50.5
2898.887912,RECOVERY,retroceso corto de emergencia,-20,9.12,214.48,PISTA,OK,3,212.5,848.5,393.7,841.0,390.6,1,0.944,248.5,1,0.781,431.0,1,0.973,0.192,3,1,,,,,,0,326.5,,80.7
2898.987340,RECOVERY,retroceso corto de emergencia,-20,8.93,213.34,PISTA,OK,3,211.5,845.8,399.6,833.5,383.1,1,0.972,249.0,1,0.767,427.5,1,0.986,0.193,3,1,,,,,,0,326.5,,48.3
2899.087164,RECOVERY,retroceso corto de emergencia,-20,8.50,212.27,PISTA,OK,3,843.0,843.0,403.7,838.6,374.2,1,0.944,250.0,1,0.740,420.0,1,0.986,0.192,3,1,,,,,,0,326.5,,81.6
2899.187087,RECOVERY,retroceso corto de emergencia,-20,8.30,211.70,PISTA,OK,3,841.8,841.8,408.2,844.4,366.0,1,0.917,248.5,1,0.726,414.5,1,0.986,0.190,3,1,,,,,,0,326.5,,49.4
2899.286394,FORCED_TURN,giro comprometido hacia el sentido de pista,0,25.00,210.21,PISTA,OK,3,837.5,837.5,415.7,837.7,357.7,1,0.972,247.5,1,0.740,409.0,1,1.000,0.194,3,1,,,,,,0,326.5,,78.8
2899.387401,FORCED_TURN,giro comprometido hacia el sentido de pista,5,25.00,209.79,PISTA,OK,3,833.0,833.0,419.6,843.6,349.4,1,0.917,250.2,1,0.753,403.5,1,0.973,0.192,4,1,,,,,,0,326.5,,50.7
2899.487519,FORCED_TURN,giro comprometido hacia el sentido de pista,10,25.00,209.36,PISTA,OK,3,827.5,827.5,438.0,848.5,345.4,1,0.944,250.0,1,0.726,401.5,1,0.986,0.203,4,1,,,,,,0,326.5,,81.7
2899.585186,FORCED_TURN,giro comprometido hacia el sentido de pista,15,25.00,209.69,PISTA,OK,3,823.5,823.5,436.7,848.2,347.6,1,0.944,249.0,1,0.699,405.0,1,0.986,0.195,4,1,,,,,,0,326.5,,48.4
2899.686210,FORCED_TURN,giro comprometido hacia el sentido de pista,20,25.00,210.04,PISTA,OK,3,824.0,824.0,429.0,850.3,348.0,1,0.917,250.2,1,0.671,406.0,1,0.973,0.197,3,0,,,,,,0,326.5,,82.4
2899.785755,FORCED_TURN,giro comprometido hacia el sentido de pista,24,25.00,211.10,PISTA,OK,3,828.5,828.5,421.4,847.3,357.2,1,0.889,249.5,1,0.726,410.0,1,0.973,0.194,3,0,,,,,,0,326.5,,48.0
2899.885342,FORCED_TURN,giro comprometido hacia el sentido de pista,20,25.00,212.68,PISTA,OK,3,227.0,832.0,410.4,838.4,366.5,1,0.889,247.0,1,0.671,415.5,1,0.973,0.185,3,0,,,,,,0,326.5,,81.0
2899.984523,FORCED_TURN,giro comprometido hacia el sentido de pista,20,25.00,214.65,PISTA,OK,3,195.5,838.0,393.4,838.0,379.6,1,0.889,247.0,1,0.753,424.5,1,0.959,0.192,3,0,,,,,,0,326.5,,48.1
2900.084633,FORCED_TURN,giro comprometido hacia el sentido de pista,20,25.00,215.35,PISTA,OK,3,184.5,843.5,384.8,838.4,387.4,1,0.889,245.8,1,0.795,430.5,1,0.959,0.190,3,0,,,,,,0,326.5,,81.3
2900.182503,FORCED_TURN,giro comprometido hacia el sentido de pista,20,25.00,216.78,PISTA,OK,3,175.0,854.0,377.2,831.6,399.2,1,0.917,245.2,1,0.781,437.0,1,0.986,0.188,3,0,,,,,,0,326.5,,43.9
2900.284288,FORCED_TURN,giro comprometido hacia el sentido de pista,20,25.00,218.17,PISTA,OK,3,162.0,861.5,370.5,826.4,406.9,1,0.917,244.5,1,0.726,442.0,1,0.986,0.192,3,0,,,,,,0,326.5,,80.4
2900.383525,FORCED_TURN,giro comprometido hacia el sentido de pista,20,25.00,219.73,PISTA,OK,3,155.0,871.0,360.0,824.8,414.0,1,0.944,242.0,1,0.781,446.5,1,0.986,0.184,3,0,,,,,,0,326.5,,46.1
2900.483393,FORCED_TURN,giro comprometido hacia el sentido de pista,20,25.00,221.26,PISTA,OK,3,146.0,183.0,352.5,822.1,423.8,1,0.917,243.8,1,0.767,454.0,1,0.986,0.185,3,0,,,,,,0,326.5,,79.9
2900.583170,RECOVERY,retroceso corto de emergencia,0,21.00,221.99,PISTA,OK,3,139.5,888.0,344.2,827.0,430.6,1,0.972,241.5,1,0.781,458.2,1,0.986,0.208,4,0,,,,,,0,326.5,,47.0
2900.684597,RECOVERY,retroceso corto de emergencia,-5,17.00,223.20,PISTA,OK,3,138.0,899.0,339.4,829.2,443.0,1,0.917,240.5,1,0.753,465.8,1,0.986,0.208,4,1,,,,,,0,326.5,,78.2
2900.782655,RECOVERY,retroceso corto de emergencia,-10,13.00,223.11,PISTA,OK,3,138.0,903.0,336.3,824.1,440.1,1,0.833,241.0,1,0.753,465.0,1,1.000,0.208,4,1,,,,,,0,326.5,,46.3
2900.883582,RECOVERY,retroceso corto de emergencia,-15,11.16,222.88,PISTA,OK,3,137.5,909.5,336.3,828.7,441.5,1,0.917,241.0,1,0.781,464.2,1,0.986,0.207,4,1,,,,,,0,326.5,,79.9
2900.983645,RECOVERY,retroceso corto de emergencia,-20,11.25,222.60,PISTA,OK,3,140.0,904.5,334.9,821.4,440.3,1,0.917,238.0,1,0.726,463.0,1,1.000,0.209,4,1,,,,,,0,326.5,,45.8
2901.083795,RECOVERY,retroceso corto de emergencia,-20,11.00,221.92,PISTA,OK,3,143.5,901.2,336.8,822.1,435.8,1,0.917,238.2,1,0.781,458.2,1,0.986,0.199,4,1,,,,,,0,326.5,,79.3
2901.183301,RECOVERY,retroceso corto de emergencia,-20,10.65,220.78,PISTA,OK,3,148.8,898.0,340.6,820.6,428.3,1,0.944,240.0,1,0.795,453.0,1,0.986,0.208,4,1,,,,,,0,326.5,,46.4
2901.283199,RECOVERY,retroceso corto de emergencia,-20,10.54,219.61,PISTA,OK,3,156.0,889.5,348.0,821.8,418.7,1,1.000,237.0,1,0.781,447.8,1,1.000,0.192,4,1,,,,,,0,326.5,,80.5
2901.383015,RECOVERY,retroceso corto de emergencia,-20,10.16,219.02,PISTA,OK,3,165.0,188.5,350.9,816.9,412.1,1,1.000,239.2,1,0.712,442.5,1,1.000,0.193,3,1,,,,,,0,326.5,,46.1
2901.482263,RECOVERY,retroceso corto de emergencia,-20,9.73,217.89,PISTA,OK,3,172.5,202.0,354.5,821.8,404.1,1,0.972,242.0,1,0.712,436.5,1,1.000,0.194,3,1,,,,,,0,326.5,,79.3
2901.583399,RECOVERY,retroceso corto de emergencia,-20,9.60,216.85,PISTA,OK,3,181.5,877.0,356.7,829.0,397.2,1,0.972,239.5,1,0.740,431.5,1,1.000,0.192,5,1,,,,,,0,326.5,,46.9
2901.683301,RECOVERY,retroceso corto de emergencia,-20,9.25,215.77,PISTA,OK,3,192.0,872.8,362.4,828.8,388.8,1,0.972,241.5,1,0.849,426.5,1,0.986,0.193,4,1,,,,,,0,326.5,,79.5
2901.782459,RECOVERY,retroceso corto de emergencia,-20,9.12,215.21,PISTA,OK,3,201.0,867.0,370.1,827.1,382.4,1,0.944,240.0,1,0.753,422.5,1,0.986,0.192,4,1,,,,,,0,326.5,,45.2
2901.882721,RECOVERY,retroceso corto de emergencia,-20,8.59,214.15,PISTA,OK,3,211.0,861.8,372.9,832.8,373.4,1,0.917,243.8,1,0.795,415.5,1,0.973,0.189,4,1,,,,,,0,326.5,,79.0
2901.983071,RECOVERY,retroceso corto de emergencia,-20,8.53,213.01,PISTA,OK,3,242.5,859.0,379.8,833.5,364.9,1,0.944,239.0,1,0.795,409.5,1,0.973,0.185,4,1,,,,,,0,326.5,,114.3
2902.081796,RECOVERY,retroceso corto de emergencia,-20,8.04,212.02,PISTA,OK,3,245.5,851.5,377.8,838.9,357.8,1,0.944,243.2,1,0.753,404.0,1,0.986,0.190,5,1,,,,,,0,326.5,,57.7
2902.181010,RECOVERY,retroceso corto de emergencia,-20,7.74,211.50,PISTA,OK,3,852.5,852.5,384.5,835.6,348.5,1,0.917,241.8,1,0.685,396.5,1,0.973,0.186,5,1,,,,,,0,326.5,,41.5
2902.281027,RECOVERY,retroceso corto de emergencia,-20,7.60,210.53,PISTA,OK,3,852.5,852.5,389.3,840.3,340.3,1,0.917,241.0,1,0.753,393.0,1,0.973,0.187,5,1,,,,,,0,326.5,,77.9
2902.380624,FORCED_TURN,giro comprometido hacia el sentido de pista,0,25.00,209.62,PISTA,OK,3,851.2,851.2,392.4,832.9,331.3,1,0.889,240.0,1,0.685,386.5,1,0.959,0.184,5,1,,,,,,0,326.5,,43.0
2902.481814,FORCED_TURN,giro comprometido hacia el sentido de pista,5,25.00,209.20,PISTA,OK,3,848.0,848.0,395.3,839.3,323.5,1,0.944,241.5,1,0.671,380.5,1,0.986,0.188,5,1,,,,,,0,326.5,,79.1
2902.579488,FORCED_TURN,giro comprometido hacia el sentido de pista,10,25.00,208.64,PISTA,OK,3,843.0,843.0,413.4,851.7,320.4,1,0.917,246.2,1,0.726,380.0,1,0.973,0.190,4,0,,,,,,0,326.5,,39.9
2902.679341,FORCED_TURN,giro comprometido hacia el sentido de pista,15,25.00,208.84,PISTA,OK,3,837.0,837.0,419.2,851.8,321.2,1,0.944,242.0,1,0.726,380.5,1,0.986,0.195,4,0,,,,,,0,326.5,,75.3
2902.780226,FORCED_TURN,giro comprometido hacia el sentido de pista,20,25.00,209.71,PISTA,OK,3,836.5,836.5,411.0,852.2,324.1,1,0.889,243.8,1,0.712,382.5,1,0.973,0.189,4,0,,,,,,0,326.5,,43.7
2902.878489,FORCED_TURN,giro comprometido hacia el sentido de pista,24,25.00,210.32,PISTA,OK,3,841.5,841.5,398.4,849.5,332.4,1,0.944,243.5,1,0.712,389.0,1,0.986,0.191,3,0,,,,,,0,326.5,,75.8
2902.978943,FORCED_TURN,giro comprometido hacia el sentido de pista,25,25.00,211.83,PISTA,OK,3,851.0,851.0,372.5,847.3,341.2,1,0.944,244.0,1,0.767,393.8,1,0.986,0.182,3,0,,,,,,0,326.5,,43.0
2903.078941,FORCED_TURN,giro comprometido hacia el sentido de pista,20,25.00,213.73,PISTA,OK,3,217.5,855.5,379.2,838.8,353.4,1,0.917,237.8,1,0.726,400.2,1,0.973,0.188,3,0,,,,,,0,326.5,,72.7
2903.178556,FORCED_TURN,giro comprometido hacia el sentido de pista,20,25.00,215.69,PISTA,OK,3,204.0,862.5,362.3,831.8,364.9,1,0.889,250.2,1,0.658,408.8,1,0.973,0.184,3,0,,,,,,0,326.5,,41.0
2903.280481,FORCED_TURN,giro comprometido hacia el sentido de pista,20,25.00,217.28,PISTA,OK,3,190.0,867.5,357.4,832.5,375.7,1,0.944,236.5,1,0.712,414.5,1,0.986,0.188,3,0,,,,,,0,326.5,,77.5
2903.379930,FORCED_TURN,giro comprometido hacia el sentido de pista,20,25.00,217.97,PISTA,OK,3,178.5,876.0,342.2,833.5,386.4,1,0.944,235.0,1,0.644,422.5,1,0.986,0.190,3,0,,,,,,0,326.5,,41.3
2903.480505,FORCED_TURN,giro comprometido hacia el sentido de pista,20,25.00,219.62,PISTA,OK,3,167.5,890.5,337.0,823.7,393.7,1,0.944,229.5,1,0.699,427.8,1,0.986,0.190,3,0,,,,,,0,326.5,,78.0
2903.580151,FORCED_TURN,giro comprometido hacia el sentido de pista,20,25.00,221.12,PISTA,OK,3,162.5,897.5,330.4,820.8,404.9,1,1.000,231.5,1,0.699,433.8,1,1.000,0.191,4,0,,,,,,0,326.5,,44.5
2903.683132,FORCED_TURN,giro comprometido hacia el sentido de pista,20,25.00,222.64,PISTA,OK,3,157.0,901.5,320.4,827.7,414.9,1,0.944,224.5,1,0.658,441.5,1,1.000,0.209,4,0,,,,,,0,326.5,,80.7
2903.781663,FORCED_TURN,giro comprometido hacia el sentido de pista,20,25.00,223.44,PISTA,OK,3,152.0,917.5,316.3,823.5,421.9,1,0.917,226.0,1,0.808,446.2,1,0.986,0.194,5,0,,,,,,0,326.5,,46.2
2903.881907,FORCED_TURN,giro comprometido hacia el sentido de pista,20,25.00,224.90,PISTA,OK,3,147.5,927.0,307.9,825.8,430.4,1,0.972,226.2,1,0.753,452.5,1,1.000,0.203,5,1,,,,,,0,326.5,,78.3
2903.982705,FORCED_TURN,giro comprometido hacia el sentido de pista,20,25.00,226.40,PISTA,OK,3,146.5,8000.0,302.6,826.6,443.2,1,0.944,223.2,1,0.740,466.0,1,1.000,0.209,5,1,,,,,,0,326.5,,47.6
2904.083001,FORCED_TURN,giro comprometido hacia el sentido de pista,20,25.00,227.88,PISTA,OK,3,142.5,1406.5,301.3,832.8,465.5,1,0.889,224.0,1,0.712,489.5,1,0.986,0.175,5,2,,,,,,0,326.5,,80.7
2904.182455,RECOVERY,retroceso corto de emergencia,0,25.00,228.68,PISTA,OK,3,138.0,1388.5,312.0,828.2,745.8,1,0.889,224.0,1,0.726,894.5,1,0.986,0.355,5,2,,,,,,0,326.5,,47.0
2904.282271,RECOVERY,retroceso corto de emergencia,-5,25.00,230.04,PISTA,OK,3,134.5,1358.0,295.8,830.1,747.1,1,0.889,220.0,1,0.726,900.5,1,1.000,0.177,5,2,,,,,,0,326.5,,77.0
2904.381655,RECOVERY,retroceso corto de emergencia,-10,25.00,229.80,PISTA,OK,3,131.0,1372.5,304.6,832.4,747.9,1,0.972,220.5,1,0.781,900.5,1,1.000,0.176,4,2,,,,,,0,326.5,,46.1
2904.483599,RECOVERY,retroceso corto de emergencia,-15,25.00,229.33,PISTA,OK,3,131.0,1377.0,294.9,832.4,746.9,1,0.972,221.2,1,0.781,900.5,1,1.000,0.175,4,2,,,,,,0,326.5,,81.6
2904.581568,RECOVERY,retroceso corto de emergencia,-20,25.00,229.03,PISTA,OK,3,133.0,1382.0,293.2,833.1,745.0,1,0.917,219.8,1,0.685,898.5,1,1.000,0.177,4,2,,,,,,0,326.5,,43.8
2904.682848,RECOVERY,retroceso corto de emergencia,-20,25.00,228.07,PISTA,OK,3,136.2,1410.5,300.1,830.1,745.0,1,0.917,222.0,1,0.753,894.5,1,0.986,0.175,4,2,,,,,,0,326.5,,79.7
2904.782328,RECOVERY,retroceso corto de emergencia,-20,21.00,226.61,PISTA,OK,3,138.0,8000.0,301.8,824.9,467.9,1,1.000,225.2,1,0.753,492.0,1,1.000,0.177,4,2,,,,,,0,326.5,,47.7
2904.881994,RECOVERY,retroceso corto de emergencia,-20,17.00,225.14,PISTA,OK,3,142.5,8000.0,305.5,825.6,450.3,1,0.917,225.2,1,0.712,473.5,1,1.000,0.200,4,2,,,,,,0,326.5,,79.4
2904.981396,RECOVERY,retroceso corto de emergencia,-20,13.00,224.51,PISTA,OK,3,149.2,8000.0,309.3,832.1,431.3,1,0.861,225.2,1,0.753,453.5,1,0.986,0.191,4,2,,,,,,0,326.5,,45.9
2905.081095,RECOVERY,retroceso corto de emergencia,-20,10.95,223.13,PISTA,OK,3,157.8,934.5,315.0,821.9,421.9,1,0.889,227.2,1,0.685,446.2,1,0.986,0.191,4,2,,,,,,0,326.5,,78.0
2905.182085,RECOVERY,retroceso corto de emergencia,-20,10.90,222.07,PISTA,OK,3,160.8,929.5,310.4,831.2,418.4,1,0.917,224.5,1,0.699,442.5,1,1.000,0.201,4,3,,,,,,0,326.5,,46.4
2905.280478,RECOVERY,retroceso corto de emergencia,-20,10.16,220.99,PISTA,OK,3,168.5,928.0,322.2,825.5,409.7,1,0.889,232.2,1,0.740,435.5,1,0.986,0.190,4,3,,,,,,0,326.5,,78.3
2905.381105,RECOVERY,retroceso corto de emergencia,-20,9.95,219.90,PISTA,OK,3,172.0,917.5,331.3,822.2,400.5,1,0.944,230.0,1,0.644,429.0,1,0.986,0.187,4,3,,,,,,0,326.5,,45.2
2905.481348,RECOVERY,retroceso corto de emergencia,-20,9.78,219.32,PISTA,OK,3,178.5,912.5,327.1,827.8,393.6,1,0.972,228.0,1,0.712,423.5,1,1.000,0.190,4,3,,,,,,0,326.5,,79.7
2905.580956,RECOVERY,retroceso corto de emergencia,-20,9.19,218.17,PISTA,OK,3,183.2,224.5,330.4,828.8,387.5,1,0.917,235.2,1,0.753,419.0,1,0.986,0.183,4,3,,,,,,0,326.5,,44.9
2905.678903,RECOVERY,retroceso corto de emergencia,-20,9.20,217.59,PISTA,OK,3,194.0,898.0,333.7,834.5,380.6,1,0.944,229.5,1,0.712,413.5,1,0.986,0.190,4,3,,,,,,0,326.5,,76.6
2905.779904,RECOVERY,retroceso corto de emergencia,-20,8.83,216.54,PISTA,OK,3,204.0,892.0,331.9,826.8,373.6,1,0.917,232.5,1,0.658,409.0,1,0.973,0.188,5,3,,,,,,0,326.5,,44.7
2905.879675,RECOVERY,retroceso corto de emergencia,-20,8.30,215.49,PISTA,OK,3,217.0,890.5,337.2,830.4,364.3,1,0.917,236.0,1,0.740,402.0,1,0.973,0.174,5,3,,,,,,0,326.5,,77.3
2905.979512,RECOVERY,retroceso corto de emergencia,-20,7.84,214.52,PISTA,OK,3,229.0,883.0,343.4,834.4,355.5,1,0.944,238.8,1,0.726,395.5,1,0.986,0.187,5,3,,,,,,0,326.5,,44.0
2906.078915,RECOVERY,retroceso corto de emergencia,-20,7.93,213.56,PISTA,OK,3,236.0,882.0,346.2,832.1,349.3,1,0.917,233.5,1,0.740,392.0,1,0.973,0.187,5,3,,,,,,0,326.5,,77.4
2906.178384,RECOVERY,retroceso corto de emergencia,-20,7.39,212.60,PISTA,OK,3,259.5,880.5,350.4,834.6,341.7,1,0.889,238.8,1,0.699,386.5,1,0.973,0.183,5,3,,,,,,0,326.5,,40.4
2906.278295,RECOVERY,retroceso corto de emergencia,-20,7.18,212.07,PISTA,OK,3,874.0,874.0,360.6,837.6,332.4,1,0.917,236.5,1,0.781,380.0,1,0.973,0.179,5,3,,,,,,0,326.5,,77.1
2906.379557,RECOVERY,retroceso corto de emergencia,-20,6.78,211.10,PISTA,OK,3,870.5,870.5,363.8,834.2,323.9,1,0.917,238.5,1,0.781,374.0,1,0.973,0.181,4,2,,,,,,0,326.5,,44.3
2906.479737,FORCED_TURN,giro comprometido hacia el sentido de pista,0,25.00,210.14,PISTA,OK,3,873.0,873.0,353.1,834.6,316.3,1,0.917,239.0,1,0.726,369.0,1,0.973,0.179,4,2,,,,,,0,326.5,,78.2
2906.577327,FORCED_TURN,giro comprometido hacia el sentido de pista,5,25.00,209.61,PISTA,OK,3,869.5,869.5,369.7,839.2,307.8,1,0.917,242.2,1,0.712,363.0,1,0.973,0.183,4,2,,,,,,0,326.5,,43.1
2906.678497,FORCED_TURN,giro comprometido hacia el sentido de pista,10,25.00,209.01,AZUL,OK,3,862.0,862.0,373.8,844.3,302.2,1,0.917,238.5,1,0.740,362.5,1,0.973,0.184,4,2,,,,,,0,326.5,,74.0
2906.778014,FORCED_TURN,giro comprometido hacia el sentido de pista,15,25.00,209.35,PISTA,OK,3,857.5,857.5,382.3,844.3,302.8,1,0.972,237.8,1,0.699,361.0,1,1.000,0.188,3,1,,,,,,0,326.5,,42.3
2906.876186,FORCED_TURN,giro comprometido hacia el sentido de pista,20,25.00,209.72,PISTA,OK,3,856.0,856.0,376.4,846.0,307.8,1,0.917,243.0,1,0.726,365.0,1,0.986,0.190,3,1,,,,,,0,326.5,,74.3
2906.976895,FORCED_TURN,giro comprometido hacia el sentido de pista,25,25.00,210.80,PISTA,OK,3,864.0,864.0,362.8,842.3,313.8,1,0.917,242.0,1,0.740,369.0,1,0.973,0.181,3,1,,,,,,0,326.5,,42.2
2907.077074,FORCED_TURN,giro comprometido hacia el sentido de pista,20,25.00,212.40,PISTA,OK,3,263.5,867.0,354.1,838.9,324.3,1,0.944,237.2,1,0.658,374.5,1,0.973,0.191,3,1,,,,,,0,326.5,,71.9
2907.176276,FORCED_TURN,giro comprometido hacia el sentido de pista,20,25.00,214.35,PISTA,OK,3,237.5,875.0,342.6,831.7,335.4,1,0.889,233.5,1,0.699,381.2,1,0.986,0.173,3,1,,,,,,0,326.5,,42.2
2907.275893,FORCED_TURN,giro comprometido hacia el sentido de pista,20,25.00,215.19,PISTA,OK,3,221.5,880.5,343.2,840.1,347.5,1,0.917,229.2,1,0.726,390.0,1,0.973,0.185,3,1,,,,,,0,326.5,,75.6
2907.375264,FORCED_TURN,giro comprometido hacia el sentido de pista,20,25.00,216.68,PISTA,OK,3,207.0,893.0,328.3,834.2,356.1,1,0.944,231.5,1,0.753,395.5,1,0.986,0.188,3,1,,,,,,0,326.5,,40.5
2907.475541,FORCED_TURN,giro comprometido hacia el sentido de pista,20,25.00,218.12,PISTA,OK,3,196.0,893.5,333.0,825.7,363.9,1,0.944,230.0,1,0.753,401.0,1,0.986,0.181,3,1,,,,,,0,326.5,,72.8
2907.576501,FORCED_TURN,giro comprometido hacia el sentido de pista,20,25.00,219.63,PISTA,OK,3,186.0,905.5,315.7,829.0,373.2,1,0.917,228.0,1,0.685,406.5,1,1.000,0.183,3,1,,,,,,0,326.5,,42.4
2907.676603,FORCED_TURN,giro comprometido hacia el sentido de pista,20,25.00,221.18,PISTA,OK,3,183.0,231.5,308.1,831.2,383.6,1,0.944,224.5,1,0.658,413.8,1,0.986,0.181,3,1,,,,,,0,326.5,,75.2
2907.776572,FORCED_TURN,giro comprometido hacia el sentido de pista,20,25.00,222.03,PISTA,OK,3,176.5,929.5,310.8,826.9,392.6,1,0.889,218.5,1,0.699,420.5,1,0.986,0.183,5,1,,,,,,0,326.5,,40.2
2907.878169,FORCED_TURN,giro comprometido hacia el sentido de pista,20,25.00,223.64,PISTA,OK,3,173.5,943.0,290.1,832.9,400.1,1,0.917,217.5,1,0.644,425.8,1,1.000,0.197,5,1,,,,,,0,326.5,,77.7
2907.978071,FORCED_TURN,giro comprometido hacia el sentido de pista,20,25.00,225.17,PISTA,OK,3,169.8,952.5,296.7,824.7,410.1,1,0.917,218.5,1,0.726,431.5,1,1.000,0.168,5,1,,,,,,0,326.5,,43.0
2908.078501,FORCED_TURN,giro comprometido hacia el sentido de pista,20,25.00,226.62,PISTA,OK,3,168.5,1425.0,283.9,829.7,417.5,1,0.944,218.8,1,0.767,439.0,1,0.986,0.172,5,1,,,,,,0,326.5,,78.1
2908.180172,FORCED_TURN,giro comprometido hacia el sentido de pista,20,25.00,227.33,PISTA,OK,3,162.0,1371.5,303.9,828.0,432.3,1,0.917,215.0,1,0.685,454.5,1,1.000,0.224,5,1,,,,,,0,326.5,,42.6
2908.280101,FORCED_TURN,giro comprometido hacia el sentido de pista,20,25.00,228.71,PISTA,OK,3,158.5,1354.0,290.0,830.5,456.0,1,0.972,212.0,1,0.699,479.5,1,1.000,0.175,5,2,,,,,,0,326.5,,77.8
2908.379664,FORCED_TURN,giro comprometido hacia el sentido de pista,20,25.00,230.24,PISTA,OK,3,153.5,1324.5,274.3,836.7,735.2,1,0.944,214.5,1,0.767,886.5,1,1.000,0.173,5,2,,,,,,0,326.5,,45.0
2908.479742,FORCED_TURN,giro comprometido hacia el sentido de pista,20,25.00,231.81,PISTA,OK,3,151.0,1295.5,285.9,838.2,737.6,1,0.861,209.5,1,0.685,893.5,1,1.000,0.194,4,2,,,,,,0,326.5,,79.6
2908.580553,FORCED_TURN,giro comprometido hacia el sentido de pista,20,25.00,232.50,PISTA,OK,3,149.5,1301.5,253.0,841.9,739.5,1,0.917,208.0,1,0.712,898.8,1,1.000,0.183,4,2,,,,,,0,326.5,,45.3
2908.680542,FORCED_TURN,giro comprometido hacia el sentido de pista,20,25.00,233.92,PISTA,OK,3,151.0,1272.5,253.0,846.3,743.8,1,0.917,208.0,1,0.740,903.8,1,1.000,0.177,4,2,,,,,,0,326.5,,80.3
2908.778204,FORCED_TURN,giro comprometido hacia el sentido de pista,20,25.00,235.33,PISTA,OK,3,152.5,1221.5,247.8,850.8,747.9,1,0.833,206.2,1,0.712,911.0,1,1.000,0.212,4,2,,,,,,0,326.5,,44.5
2908.879475,FORCED_TURN,giro comprometido hacia el sentido de pista,20,25.00,236.94,PISTA,OK,3,157.0,1205.0,240.3,853.0,751.4,1,0.944,206.0,1,0.726,917.2,1,1.000,0.208,4,2,,,,,,0,326.5,,77.9
2908.979190,FORCED_TURN,giro comprometido hacia el sentido de pista,20,25.00,238.63,PISTA,OK,3,152.5,1490.0,237.7,856.2,757.3,1,0.972,202.0,1,0.849,924.5,1,1.000,0.228,5,2,,,,,,0,326.5,,45.6
2909.079219,FORCED_TURN,giro comprometido hacia el sentido de pista,25,25.00,239.41,PISTA,OK,3,1178.0,1533.5,232.8,854.9,764.3,1,1.000,200.0,1,0.808,927.5,1,1.000,0.361,5,2,,,,,,0,326.5,,77.9
2909.178088,FORCED_TURN,giro comprometido hacia el sentido de pista,25,25.00,240.90,PISTA,OK,3,1207.0,1207.0,231.5,868.3,771.2,1,0.944,199.0,1,0.808,919.0,1,1.000,0.544,5,2,,,,,,0,326.5,,44.4
2909.278024,FORCED_TURN,giro comprometido hacia el sentido de pista,25,25.00,243.06,PISTA,OK,3,1223.0,1223.0,228.0,862.5,779.4,1,0.944,195.0,1,0.822,902.5,1,1.000,0.704,5,2,,,,,,0,326.5,,78.2
2909.377539,FORCED_TURN,giro comprometido hacia el sentido de pista,25,25.00,245.10,NARANJA,OK,3,1320.5,1320.5,219.2,857.3,790.1,1,0.944,193.5,1,0.890,886.0,1,1.000,0.666,5,2,,,,,,0,326.5,,43.3
2909.478801,FORCED_TURN,giro comprometido hacia el sentido de pista,25,25.00,246.14,NARANJA,OK,3,1332.5,1332.5,214.2,855.2,802.8,1,1.000,188.0,1,0.904,869.5,1,1.000,0.665,5,2,,,,,,0,326.5,,77.5
2909.576503,FORCED_TURN,giro comprometido hacia el sentido de pista,25,25.00,248.18,NARANJA,OK,3,1416.5,1416.5,208.8,853.1,815.9,1,0.944,187.0,1,0.904,858.5,1,1.000,0.808,4,2,,,,,,0,326.5,,43.0
2909.677794,FORCED_TURN,giro comprometido hacia el sentido de pista,25,25.00,250.27,PISTA,OK,3,945.0,1494.5,203.5,844.1,829.4,1,0.972,184.5,1,0.918,850.5,1,1.000,0.809,3,1,,,,,,0,326.5,,76.8
2909.777223,FORCED_TURN,giro comprometido hacia el sentido de pista,25,25.00,252.33,PISTA,OK,3,930.0,1541.0,197.4,852.7,844.1,1,0.972,182.5,1,0.945,839.0,1,1.000,0.675,3,1,,,,,,0,326.5,,43.5
2909.877194,FORCED_TURN,giro comprometido hacia el sentido de pista,25,25.00,253.43,PISTA,OK,3,921.5,1662.5,194.5,831.3,865.0,1,1.000,182.0,1,0.959,829.5,1,1.000,0.766,3,1,,,,,,0,326.5,,77.1
2909.976196,FORCED_TURN,giro comprometido hacia el sentido de pista,25,25.00,255.57,PISTA,OK,3,916.0,1764.0,189.2,828.1,880.2,1,1.000,178.5,1,0.904,824.5,1,1.000,0.806,3,1,,,,,,0,326.5,,41.8
2910.076589,FORCED_TURN,giro comprometido hacia el sentido de pista,25,25.00,257.69,PISTA,OK,3,909.5,1896.5,184.8,825.3,901.9,1,1.000,178.5,1,0.918,818.5,1,1.000,0.796,3,1,,,,,,0,326.5,,72.3
2910.175545,FORCED_TURN,giro comprometido hacia el sentido de pista,25,25.00,259.92,PISTA,OK,3,900.5,1923.0,180.9,822.4,917.9,1,0.972,176.5,1,0.959,132.0,1,0.986,0.886,4,1,,,,,,0,326.5,,42.4
2910.275057,FORCED_TURN,giro comprometido hacia el sentido de pista,25,25.00,261.04,PISTA,OK,3,907.5,907.5,176.5,819.9,939.2,1,1.000,171.0,1,0.959,133.5,1,1.000,0.870,3,1,,,,,,0,326.5,,75.4
2910.374398,FORCED_TURN,giro comprometido hacia el sentido de pista,25,25.00,263.21,PISTA,OK,3,893.0,1906.0,172.3,819.1,965.4,1,1.000,168.8,1,0.918,136.0,1,0.986,0.744,3,1,,,,,,0,326.5,,39.7
2910.474146,CRUISE,giro forzado libero la esquina,25,21.00,265.37,PISTA,OK,3,887.5,1898.0,168.0,818.5,991.2,1,0.972,165.0,1,0.918,138.5,1,0.986,0.866,4,1,,,,,,0,326.5,,73.4
2910.573359,AVOID_APPROACH,pure-pursuit al punto de paso del pilar 48,25,17.00,266.45,PISTA,OK,3,878.0,1431.0,163.4,820.2,1016.2,1,0.972,162.0,1,0.959,141.2,1,0.986,0.792,4,1,48,VERDE,93.9,876.8,0.000,1,326.5,,39.2
2910.673324,AVOID_APPROACH,pure-pursuit al punto de paso del pilar 48,25,13.00,268.67,PISTA,OK,3,872.0,1419.5,168.6,821.6,583.0,1,1.000,156.0,1,0.918,145.5,1,0.973,0.221,4,1,48,VERDE,134.7,866.0,0.000,1,326.5,,73.1
2910.772724,AVOID_APPROACH,pure-pursuit al punto de paso del pilar 48,25,9.00,270.97,PISTA,OK,3,868.0,896.0,166.1,816.7,579.6,1,1.000,151.0,1,0.904,154.0,1,0.959,0.219,5,2,48,VERDE,174.1,853.5,0.000,1,326.5,,39.6
2910.873983,AVOID_APPROACH,pure-pursuit al punto de paso del pilar 48,24,5.00,273.23,PISTA,OK,3,732.0,732.0,159.2,822.3,581.2,1,0.944,143.0,1,0.904,159.5,1,0.945,0.219,5,2,48,VERDE,216.1,838.6,0.000,1,326.5,,73.3
2910.971745,AVOID_APPROACH,pure-pursuit al punto de paso del pilar 48,25,1.00,274.09,PISTA,OK,3,880.0,880.0,140.9,827.8,581.2,1,0.944,138.5,1,0.918,166.2,1,0.932,0.209,5,2,48,VERDE,248.9,822.3,0.000,1,326.5,,36.6
2911.073284,AVOID_APPROACH,pure-pursuit al punto de paso del pilar 48,22,-3.00,276.29,PISTA,OK,3,577.5,577.5,147.1,834.9,582.4,1,0.917,135.5,1,0.863,171.2,1,0.945,0.211,5,2,48,VERDE,273.1,808.9,0.000,1,326.5,,72.3
2911.172755,AVOID_APPROACH,pure-pursuit al punto de paso del pilar 48,21,-7.00,276.84,PISTA,OK,3,475.0,475.0,147.5,841.5,586.0,1,0.944,132.8,1,0.795,177.5,1,0.959,0.212,5,2,48,VERDE,294.6,790.4,0.000,1,326.5,,39.8
2911.272782,AVOID_APPROACH,pure-pursuit al punto de paso del pilar 48,22,-11.00,277.28,PISTA,OK,3,539.5,539.5,143.8,846.5,595.2,1,0.944,131.5,1,0.822,185.0,1,0.945,0.215,5,2,48,VERDE,305.1,780.0,0.000,1,326.5,,73.2
2911.372483,AVOID_APPROACH,pure-pursuit al punto de paso del pilar 48,21,-15.00,277.28,PISTA,OK,3,452.5,452.5,140.7,846.9,599.7,1,0.972,129.5,1,0.808,187.5,1,0.932,0.204,5,2,48,VERDE,313.4,766.7,0.000,1,326.5,,39.4
2911.473790,AVOID_APPROACH,pure-pursuit al punto de paso del pilar 48,21,-19.00,277.19,PISTA,OK,3,450.0,567.5,136.1,853.3,610.3,1,0.917,129.0,1,0.808,191.5,1,0.973,0.221,5,2,48,VERDE,320.2,759.7,0.000,1,326.5,,72.2
2911.573647,AVOID_APPROACH,pure-pursuit al punto de paso del pilar 48,25,-19.26,276.50,PISTA,OK,3,1349.5,1349.5,132.8,848.9,619.0,1,0.972,127.5,1,0.849,196.8,1,0.973,0.208,4,3,48,VERDE,312.9,752.3,0.000,1,326.5,,39.7
2911.674016,AVOID_APPROACH,pure-pursuit al punto de paso del pilar 48,24,-19.25,275.06,PISTA,OK,3,840.5,840.5,132.1,846.7,632.0,1,1.000,127.0,1,0.767,201.0,1,0.973,0.658,4,3,48,VERDE,295.6,748.9,0.000,1,326.5,,73.6
2911.775207,AVOID_APPROACH,pure-pursuit al punto de paso del pilar 48,24,-18.97,274.17,PISTA,OK,3,818.0,818.0,133.6,841.0,647.4,1,1.000,129.0,1,0.877,204.5,1,0.959,0.608,4,3,48,VERDE,275.2,747.7,0.000,1,326.5,,41.5
2911.875488,AVOID_APPROACH,pure-pursuit al punto de paso del pilar 48,24,-18.63,272.43,PISTA,OK,3,817.5,817.5,135.2,842.2,660.0,1,0.972,131.5,1,0.822,206.5,1,0.959,0.826,3,3,48,VERDE,255.1,745.5,0.000,1,326.5,,76.4
2911.975290,AVOID_APPROACH,pure-pursuit al punto de paso del pilar 48,24,-18.04,270.71,PISTA,OK,3,811.5,811.5,138.0,839.0,1153.8,1,0.972,135.2,1,0.767,206.0,1,1.000,0.843,2,2,48,VERDE,232.3,744.1,0.000,1,326.5,,42.6
2912.075897,AVOID_APPROACH,pure-pursuit al punto de paso del pilar 48,25,-17.23,269.79,PISTA,OK,3,1313.0,1313.0,141.4,835.3,1168.5,1,1.000,137.0,1,0.753,209.8,1,0.959,0.781,2,2,48,VERDE,208.2,742.4,0.000,1,326.5,,76.1
2912.176283,AVOID_APPROACH,pure-pursuit al punto de paso del pilar 48,25,-16.65,268.19,PISTA,OK,3,1303.0,1303.0,143.3,832.6,1170.8,1,0.972,139.2,1,0.795,212.8,1,0.959,0.811,2,2,48,VERDE,189.1,740.1,0.000,1,326.5,,41.5
2912.274384,AVOID_APPROACH,pure-pursuit al punto de paso del pilar 48,25,-15.76,266.50,PISTA,OK,3,1754.0,1754.0,146.4,830.0,201.5,1,1.000,143.5,1,0.918,215.5,1,0.945,0.806,2,2,48,VERDE,168.8,734.2,0.000,1,326.5,,71.6
2912.375310,AVOID_APPROACH,pure-pursuit al punto de paso del pilar 48,24,-14.32,264.84,PISTA,OK,3,742.0,1744.0,150.8,828.8,197.0,1,1.000,147.5,1,0.849,219.5,1,0.986,0.813,2,2,48,VERDE,139.8,731.3,0.000,1,326.5,,42.0
2912.475294,AVOID_APPROACH,pure-pursuit al punto de paso del pilar 48,24,-12.82,263.92,PISTA,OK,3,730.5,1735.5,155.8,827.0,201.2,1,0.944,152.0,1,0.685,222.0,1,0.986,0.746,2,2,48,VERDE,122.3,726.1,0.000,1,326.5,,76.5
2912.574770,AVOID_APPROACH,pure-pursuit al punto de paso del pilar 48,23,-11.44,262.36,PISTA,OK,3,723.0,1727.5,158.9,826.3,198.1,1,0.889,153.2,1,0.795,224.0,1,0.973,0.814,2,2,48,VERDE,96.7,721.2,0.000,1,326.5,,38.0
2912.674304,AVOID_APPROACH,pure-pursuit al punto de paso del pilar 48,23,-9.34,260.82,PISTA,OK,3,714.5,1720.5,164.5,825.3,192.5,1,0.861,158.0,1,0.808,228.8,1,0.973,0.765,2,2,48,VERDE,74.1,714.1,0.000,1,326.5,,74.5
2912.773833,AVOID_APPROACH,pure-pursuit al punto de paso del pilar 48,23,-7.26,259.16,PISTA,OK,3,708.0,1715.5,169.8,826.2,203.3,1,0.944,160.5,1,0.849,231.2,1,0.959,0.804,2,2,48,VERDE,55.4,711.4,0.000,1,326.5,,42.0
2912.873673,AVOID_APPROACH,pure-pursuit al punto de paso del pilar 48,23,-4.96,258.44,PISTA,OK,3,693.0,693.0,174.3,828.6,191.6,1,0.861,165.0,1,0.808,236.0,1,0.986,0.830,2,2,48,VERDE,29.3,702.4,0.000,1,326.5,,74.9
2912.972727,AVOID_APPROACH,pure-pursuit al punto de paso del pilar 48,23,-2.54,256.90,PISTA,OK,3,684.0,1705.5,180.6,828.5,201.3,1,0.917,171.5,1,0.877,237.5,1,0.986,0.823,4,2,48,VERDE,17.6,698.7,0.000,1,326.5,,39.6
2913.073136,AVOID_APPROACH,pure-pursuit al punto de paso del pilar 48,23,0.03,255.34,PISTA,OK,3,675.5,692.0,185.7,830.0,197.4,1,0.889,175.5,1,0.836,240.5,1,0.973,0.844,4,3,48,VERDE,-1.4,689.7,0.100,1,326.5,,69.0
2913.172187,AVOID_APPROACH,pure-pursuit al punto de paso del pilar 48,23,2.54,254.12,PISTA,OK,3,667.0,1700.0,190.7,830.1,199.3,1,0.861,178.2,1,0.863,244.0,1,0.986,0.861,4,3,48,VERDE,-16.1,680.4,0.199,1,326.5,,39.0
2913.271841,AVOID_APPROACH,pure-pursuit al punto de paso del pilar 48,23,4.29,253.74,PISTA,OK,3,660.0,1699.0,194.8,829.1,201.4,1,0.889,180.5,1,0.904,247.2,1,0.986,0.853,4,3,48,VERDE,-20.6,671.1,0.299,1,326.5,,71.7
2913.371015,AVOID_APPROACH,pure-pursuit al punto de paso del pilar 48,23,6.18,253.04,PISTA,OK,3,652.5,1693.0,198.4,828.8,190.0,1,0.889,183.8,1,0.904,254.0,1,0.973,0.876,4,3,48,VERDE,-28.8,661.7,0.398,1,326.5,,37.6
2913.470989,AVOID_APPROACH,pure-pursuit al punto de paso del pilar 72,23,9.06,252.62,PISTA,OK,3,643.5,1687.0,201.5,827.9,204.8,1,0.861,187.5,1,0.877,259.5,1,0.986,0.873,4,3,72,VERDE,-55.5,648.1,0.000,1,326.5,,69.8
2913.571652,AVOID_APPROACH,pure-pursuit al punto de paso del pilar 72,23,10.75,252.43,PISTA,OK,3,635.0,1647.5,204.5,825.7,195.8,1,0.806,189.8,1,0.877,266.0,1,0.945,0.881,4,3,72,VERDE,-60.7,637.3,0.000,1,326.5,,38.8
2913.669771,AVOID_APPROACH,pure-pursuit al punto de paso del pilar 72,23,11.53,252.51,PISTA,OK,3,628.0,1632.0,206.8,823.5,211.8,1,0.917,192.0,1,0.904,271.5,1,0.986,0.886,4,3,72,VERDE,-56.7,630.8,0.000,1,326.5,,71.5
2913.769222,AVOID_APPROACH,pure-pursuit al punto de paso del pilar 72,23,11.66,252.79,PISTA,OK,3,620.0,1619.0,207.4,820.2,206.4,1,0.806,193.5,1,0.822,277.0,1,0.973,0.895,5,3,72,VERDE,-51.4,621.9,0.000,1,326.5,,35.4
2913.870395,AVOID_APPROACH,pure-pursuit al punto de paso del pilar 72,23,11.63,253.38,PISTA,OK,3,611.5,1649.0,207.6,816.9,218.1,1,0.917,194.0,1,0.890,286.0,1,0.959,0.909,5,3,72,VERDE,-47.3,614.9,0.000,1,326.5,,69.3
2913.968605,AVOID_APPROACH,pure-pursuit al punto de paso del pilar 72,22,11.43,253.90,PISTA,OK,3,601.5,1636.5,208.0,813.8,226.9,1,0.833,195.0,1,0.877,291.0,1,0.973,0.912,5,3,72,VERDE,-38.5,605.5,0.000,1,326.5,,34.8
2914.069662,AVOID_APPROACH,pure-pursuit al punto de paso del pilar 72,22,11.02,254.21,PISTA,OK,3,594.5,1628.0,207.5,810.7,209.3,1,0.806,195.5,1,0.849,299.0,1,0.973,0.896,5,3,72,VERDE,-32.7,599.1,0.000,1,326.5,,70.2
2914.169184,AVOID_APPROACH,pure-pursuit al punto de paso del pilar 72,22,10.82,254.76,PISTA,OK,3,587.5,1617.5,207.5,807.8,214.2,1,0.889,195.8,1,0.918,306.5,1,0.959,0.896,5,3,72,VERDE,-27.2,591.5,0.000,1,326.5,,35.8
2914.269029,AVOID_APPROACH,pure-pursuit al punto de paso del pilar 72,22,11.04,255.35,PISTA,OK,3,579.0,1606.5,208.0,805.1,225.9,1,0.889,195.5,1,0.904,313.5,1,0.986,0.915,3,1,72,VERDE,-25.0,583.4,0.000,1,326.5,,70.1
2914.368099,AVOID_APPROACH,pure-pursuit al punto de paso del pilar 72,22,10.45,255.65,PISTA,OK,3,573.5,589.5,207.7,803.0,219.9,1,0.778,196.8,1,0.863,321.0,1,0.945,0.918,3,1,72,VERDE,-15.5,576.4,0.000,1,326.5,,36.0
2914.467926,AVOID_APPROACH,pure-pursuit al punto de paso del pilar 72,22,10.36,256.19,PISTA,OK,3,565.5,581.5,207.1,801.1,225.5,1,0.861,197.2,1,0.932,328.5,1,0.959,0.911,3,1,72,VERDE,-14.5,568.1,0.000,1,326.5,,68.7
2914.568739,AVOID_APPROACH,pure-pursuit al punto de paso del pilar 72,22,10.49,256.78,PISTA,OK,3,557.0,573.0,207.4,798.6,229.0,1,0.861,197.0,1,0.877,334.5,1,0.973,0.896,3,1,72,VERDE,-11.7,558.0,0.000,1,326.5,,35.9
2914.668764,AVOID_APPROACH,pure-pursuit al punto de paso del pilar 72,22,9.98,257.36,PISTA,OK,3,549.5,1572.5,206.4,796.9,224.0,1,0.833,196.2,1,0.877,342.5,1,0.973,0.924,4,1,72,VERDE,-7.5,551.6,0.000,1,326.5,,66.4
2914.768515,AVOID_APPROACH,pure-pursuit al punto de paso del pilar 72,22,9.98,257.89,PISTA,OK,3,543.5,543.5,206.8,795.7,225.7,1,0.861,196.2,1,0.945,350.5,1,0.959,0.909,4,1,72,VERDE,-2.4,542.9,0.100,1,326.5,,35.9
2914.867627,AVOID_APPROACH,pure-pursuit al punto de paso del pilar 72,22,9.73,258.18,PISTA,OK,3,545.5,1553.0,206.1,794.0,229.2,1,0.861,196.2,1,0.877,356.5,1,0.932,0.920,4,3,72,VERDE,0.4,534.1,0.199,1,326.5,,69.1
2914.968386,AVOID_APPROACH,pure-pursuit al punto de paso del pilar 72,22,9.35,258.78,PISTA,OK,3,534.0,1546.5,205.6,792.3,247.8,1,0.806,197.2,1,0.822,364.5,1,0.945,0.904,4,3,72,VERDE,6.0,525.2,0.300,1,326.5,,34.7
2915.067415,AVOID_APPROACH,pure-pursuit al punto de paso del pilar 72,22,8.85,259.40,PISTA,OK,3,527.0,1537.5,204.8,791.0,237.1,1,0.889,195.2,1,0.918,371.0,1,0.932,0.919,4,3,72,VERDE,11.6,516.4,0.399,1,326.5,,67.3
2915.168544,AVOID_APPROACH,pure-pursuit al punto de paso del pilar 74,22,6.65,259.71,PISTA,OK,3,521.5,1530.5,204.0,789.7,246.2,1,0.806,196.0,1,0.849,380.0,1,0.973,0.915,4,3,74,VERDE,34.0,525.0,0.000,1,326.5,,37.0
2915.269252,AVOID_APPROACH,pure-pursuit al punto de paso del pilar 74,22,5.71,260.29,PISTA,OK,3,512.5,1521.5,202.4,788.8,251.2,1,0.806,195.0,1,0.836,388.2,1,0.973,0.909,4,3,74,VERDE,41.7,516.1,0.000,1,326.5,,71.1
2915.368792,AVOID_APPROACH,pure-pursuit al punto de paso del pilar 74,22,5.34,260.87,PISTA,OK,3,504.5,1513.5,202.3,787.4,249.4,1,0.806,194.5,1,0.863,394.5,1,0.959,0.894,4,3,74,VERDE,48.6,506.5,0.000,1,326.5,,35.6
2915.470712,AVOID_APPROACH,pure-pursuit al punto de paso del pilar 74,22,4.60,261.41,PISTA,OK,3,496.5,1505.0,200.6,786.8,246.6,1,0.861,194.0,1,0.822,402.0,1,0.986,0.916,4,3,74,VERDE,53.4,497.9,0.000,1,326.5,,67.8
2915.571158,AVOID_APPROACH,pure-pursuit al punto de paso del pilar 74,21,4.12,261.69,PISTA,OK,3,491.0,1497.5,200.5,786.5,244.1,1,0.778,195.0,1,0.781,409.0,1,0.986,0.885,4,3,74,VERDE,61.0,490.0,0.000,1,326.5,,39.5
2915.670889,AVOID_APPROACH,pure-pursuit al punto de paso del pilar 74,21,3.50,262.23,PISTA,OK,3,481.0,1489.5,200.2,785.5,251.3,1,0.778,194.8,1,0.836,417.0,1,0.973,0.881,4,3,74,VERDE,69.6,481.6,0.000,1,326.5,,72.7
2915.771477,AVOID_APPROACH,pure-pursuit al punto de paso del pilar 74,21,3.15,262.72,PISTA,OK,3,474.0,1483.0,199.2,785.0,248.4,1,0.917,193.2,1,0.904,426.0,1,0.959,0.860,4,3,74,VERDE,71.8,472.7,0.000,1,326.5,,39.7
2915.871548,AVOID_APPROACH,pure-pursuit al punto de paso del pilar 74,21,2.48,263.24,PISTA,OK,3,467.0,1476.0,198.1,785.0,251.5,1,0.861,191.5,1,0.863,433.5,1,0.973,0.867,3,2,74,VERDE,78.0,464.5,0.000,1,326.5,,72.8
2915.971221,AVOID_APPROACH,pure-pursuit al punto de paso del pilar 74,21,2.12,263.65,PISTA,OK,3,460.0,1468.0,197.7,784.1,277.6,1,0.833,192.2,1,0.890,441.0,1,0.959,0.855,3,2,74,VERDE,82.3,456.6,0.000,1,326.5,,38.7
2916.071326,AVOID_APPROACH,pure-pursuit al punto de paso del pilar 74,21,1.16,263.89,PISTA,OK,3,452.0,1460.5,195.8,784.5,279.4,1,0.750,189.5,1,0.795,448.8,1,0.959,0.867,3,2,74,VERDE,88.7,448.0,0.000,1,326.5,,73.6
2916.172073,AVOID_APPROACH,pure-pursuit al punto de paso del pilar 74,21,0.90,264.32,PISTA,OK,3,445.0,1454.0,196.0,784.6,278.4,1,0.778,190.8,1,0.795,455.0,1,0.973,0.874,3,2,74,VERDE,94.0,440.7,0.000,1,326.5,,38.8
2916.270617,AVOID_APPROACH,pure-pursuit al punto de paso del pilar 74,21,0.12,264.70,PISTA,OK,3,437.5,1447.0,194.3,784.8,251.7,1,0.778,188.5,1,0.795,462.5,1,0.959,0.867,3,2,74,VERDE,99.0,432.0,0.000,1,326.5,,72.5
2916.370193,AVOID_APPROACH,pure-pursuit al punto de paso del pilar 74,21,-0.01,265.11,PISTA,OK,3,434.2,1439.5,194.5,785.2,261.3,1,0.889,190.0,1,0.877,470.0,1,0.959,0.877,3,2,74,VERDE,102.8,424.3,0.000,1,326.5,,37.2
2916.471541,AVOID_APPROACH,pure-pursuit al punto de paso del pilar 74,25,-0.28,265.49,PISTA,OK,3,1432.5,1432.5,194.0,784.8,269.5,1,0.833,187.5,1,0.890,477.0,1,0.986,0.852,3,2,74,VERDE,105.7,416.1,0.000,1,326.5,,72.8
2916.571066,AVOID_APPROACH,pure-pursuit al punto de paso del pilar 74,25,-0.76,265.68,PISTA,OK,3,1425.0,1425.0,192.7,785.7,260.1,1,0.833,189.0,1,0.890,484.5,1,0.973,0.871,3,2,74,VERDE,108.1,407.8,0.000,1,326.5,,38.9
2916.670600,AVOID_APPROACH,pure-pursuit al punto de paso del pilar 74,25,-1.51,266.12,PISTA,OK,3,1415.0,1415.0,191.5,785.5,261.7,1,0.917,187.2,1,0.849,494.0,1,0.973,0.845,3,2,74,VERDE,114.5,399.1,0.000,1,326.5,,73.3
2916.770118,AVOID_APPROACH,pure-pursuit al punto de paso del pilar 74,25,-1.71,266.50,PISTA,OK,3,1407.0,1407.0,191.2,785.9,280.2,1,0.861,187.8,1,0.849,503.5,1,1.000,0.857,3,2,74,VERDE,117.3,389.0,0.000,1,326.5,,39.0
2916.870332,AVOID_APPROACH,pure-pursuit al punto de paso del pilar 74,25,-2.11,266.65,PISTA,OK,3,1397.0,1397.0,189.8,786.1,294.6,1,0.722,185.5,1,0.712,513.5,1,0.959,0.879,3,2,74,VERDE,119.1,379.5,0.000,1,326.5,,72.4
2916.969603,AVOID_APPROACH,pure-pursuit al punto de paso del pilar 74,25,-2.38,266.94,PISTA,OK,3,1389.0,1389.0,189.0,786.7,268.3,1,0.889,185.5,1,0.781,525.0,1,0.986,0.876,2,2,74,VERDE,120.8,371.7,0.000,1,326.5,,36.2
2917.069014,AVOID_APPROACH,pure-pursuit al punto de paso del pilar 74,25,-2.49,267.16,PISTA,OK,3,1377.5,1377.5,189.8,787.4,272.4,1,0.806,184.0,1,0.808,537.0,1,0.986,0.846,2,2,74,VERDE,126.1,359.1,0.000,1,326.5,,71.9
2917.168483,AVOID_APPROACH,pure-pursuit al punto de paso del pilar 74,25,-2.37,267.34,PISTA,OK,3,1369.0,1369.0,188.9,787.3,270.1,1,0.833,184.0,1,0.781,546.0,1,0.973,0.847,2,2,74,VERDE,123.3,352.3,0.000,1,326.5,,36.2
2917.268387,AVOID_APPROACH,pure-pursuit al punto de paso del pilar 74,25,-2.46,267.36,PISTA,OK,3,1359.5,1359.5,188.5,787.4,294.8,1,0.861,184.0,1,0.795,554.5,1,0.986,0.854,2,2,74,VERDE,125.2,339.8,0.000,1,326.5,,71.0
2917.367504,AVOID_APPROACH,pure-pursuit al punto de paso del pilar 74,25,-2.51,267.43,PISTA,OK,3,1350.0,1350.0,187.8,787.5,266.2,1,0.806,184.5,1,0.795,565.0,1,0.986,0.873,2,2,74,VERDE,124.7,333.0,0.000,1,326.5,,33.8
2917.467417,AVOID_APPROACH,pure-pursuit al punto de paso del pilar 74,25,-2.87,267.52,PISTA,OK,3,1341.5,1341.5,188.0,787.7,282.7,1,0.861,184.2,1,0.795,572.0,1,0.973,0.848,2,2,74,VERDE,130.1,325.0,0.000,1,326.5,,70.5
2917.567002,AVOID_APPROACH,pure-pursuit al punto de paso del pilar 74,25,-3.32,267.56,PISTA,OK,3,1331.5,1331.5,186.8,787.8,263.8,1,0.833,183.0,1,0.808,583.5,1,0.973,0.835,2,2,74,VERDE,132.9,314.1,0.000,1,326.5,,35.4
2917.668253,AVOID_APPROACH,pure-pursuit al punto de paso del pilar 74,25,-2.48,267.65,PISTA,OK,3,1321.0,1321.0,187.2,788.0,274.2,1,0.778,184.2,1,0.808,593.0,1,0.986,0.850,2,2,74,VERDE,127.5,306.0,0.000,1,326.5,,71.4
2917.765981,AVOID_APPROACH,pure-pursuit al punto de paso del pilar 74,25,-3.48,267.70,PISTA,OK,3,1313.0,1313.0,186.1,787.9,277.3,1,0.806,183.8,1,0.781,601.5,1,0.986,0.857,2,2,74,VERDE,135.1,297.4,0.000,1,326.5,,35.3
2917.867251,AVOID_APPROACH,pure-pursuit al punto de paso del pilar 74,25,-3.25,267.77,PISTA,OK,3,1303.5,1303.5,186.1,788.7,267.9,1,0.833,183.2,1,0.808,610.5,1,0.986,0.865,2,2,74,VERDE,134.3,288.8,0.000,1,326.5,,70.0
2917.966822,AVOID_PASS,manteniendo rumbo mientras pasa el pilar 74,25,-7.25,267.76,PISTA,OK,3,1293.0,1293.0,186.2,788.7,281.5,1,0.750,183.0,1,0.808,771.8,1,0.945,0.851,2,2,74,VERDE,134.6,277.4,0.000,1,0.0,,35.6
2918.066638,AVOID_PASS,manteniendo rumbo mientras pasa el pilar 74,25,-8.43,267.79,PISTA,OK,3,1285.0,1285.0,185.8,788.3,258.0,1,0.806,181.8,1,0.808,771.2,1,0.973,0.854,2,2,74,VERDE,133.5,269.2,0.000,1,10.0,,69.8
2918.165311,AVOID_PASS,manteniendo rumbo mientras pasa el pilar 74,25,-8.72,267.95,PISTA,OK,3,1274.5,1274.5,184.8,789.1,274.8,1,0.833,181.0,1,0.808,771.8,1,0.973,0.807,2,2,74,VERDE,133.1,259.3,0.000,1,19.8,,102.2
2918.265706,AVOID_PASS,manteniendo rumbo mientras pasa el pilar 74,25,-8.18,267.54,PISTA,OK,3,1265.0,1265.0,186.4,788.8,298.9,1,0.722,182.2,1,0.808,771.5,1,0.973,0.838,2,2,74,VERDE,131.5,249.7,0.000,1,29.9,,67.9
2918.365292,AVOID_PASS,manteniendo rumbo mientras pasa el pilar 74,25,-7.70,267.04,PISTA,OK,3,1256.0,1256.0,187.3,787.9,277.3,1,0.861,182.8,1,0.863,772.2,1,0.986,0.867,2,2,74,VERDE,130.1,241.5,0.000,1,39.8,,33.6
2918.466445,AVOID_PASS,manteniendo rumbo mientras pasa el pilar 74,25,-7.17,266.45,PISTA,OK,3,1246.0,1246.0,188.2,787.5,265.8,1,0.778,183.2,1,0.822,770.0,1,0.986,0.879,2,2,74,VERDE,126.0,233.6,0.000,1,50.0,,69.2
2918.564968,AVOID_PASS,manteniendo rumbo mientras pasa el pilar 74,25,-6.81,266.14,PISTA,OK,3,1237.5,1237.5,189.1,787.1,271.7,1,0.806,184.8,1,0.808,673.5,1,0.986,0.879,2,2,74,VERDE,120.6,225.1,0.000,1,59.8,,33.7
2918.664170,AVOID_PASS,manteniendo rumbo mientras pasa el pilar 74,25,-6.14,265.55,PISTA,OK,3,1227.0,1227.0,190.5,784.9,258.0,1,0.861,186.2,1,0.918,768.8,1,0.973,0.829,2,2,74,VERDE,118.6,216.9,0.000,1,69.7,,65.9
2918.765184,AVOID_PASS,manteniendo rumbo mientras pasa el pilar 74,25,-5.38,264.94,PISTA,OK,3,1219.5,1219.5,192.3,784.6,260.9,1,0.917,186.2,1,0.890,689.5,1,1.000,0.878,2,2,74,VERDE,115.2,209.4,0.000,1,79.8,,33.3
2918.865543,AVOID_PASS,manteniendo rumbo mientras pasa el pilar 74,25,-4.55,264.63,PISTA,OK,3,1210.0,1210.0,195.1,783.9,253.9,1,0.778,188.0,1,0.808,700.5,1,0.986,0.871,2,2,74,VERDE,114.1,200.0,0.100,1,89.9,,69.1
2918.965076,AVOID_PASS,manteniendo rumbo mientras pasa el pilar 74,25,-4.01,264.09,PISTA,OK,3,1201.0,1201.0,195.9,782.4,265.9,1,0.778,189.5,1,0.767,709.0,1,0.973,0.886,2,2,74,VERDE,112.2,191.1,0.200,1,99.8,,101.3
2919.064639,AVOID_PASS,manteniendo rumbo mientras pasa el pilar 74,25,-3.26,263.60,PISTA,OK,3,1192.0,1192.0,197.8,781.8,251.1,1,0.861,191.0,1,0.877,715.5,1,0.973,0.869,2,2,74,VERDE,110.6,182.1,0.299,1,109.8,,64.8
2919.163605,AVOID_PASS,manteniendo rumbo mientras pasa el pilar 74,25,-2.91,263.02,PISTA,OK,3,1183.0,1183.0,197.5,780.5,257.4,1,0.833,192.8,1,0.890,726.0,1,0.973,0.222,2,2,74,VERDE,108.7,173.4,0.398,1,119.7,,32.9
2919.263395,AVOID_PASS,manteniendo rumbo mientras pasa el pilar 74,25,-0.92,262.54,PISTA,OK,3,1174.5,1174.5,204.4,779.7,259.7,1,0.861,195.2,1,0.822,735.0,1,0.959,0.223,2,2,74,VERDE,108.7,173.4,0.398,0,129.7,,67.1
2919.364449,AVOID_PASS,manteniendo rumbo mientras pasa el pilar 74,25,0.91,262.32,PISTA,OK,3,1165.0,1165.0,211.3,778.6,254.8,1,0.889,197.2,1,0.822,742.0,1,1.000,0.223,2,2,74,VERDE,108.7,173.4,0.398,0,139.8,,33.8
2919.464874,AVOID_PASS,manteniendo rumbo mientras pasa el pilar 74,25,1.94,261.70,PISTA,OK,3,1156.0,1156.0,213.4,778.3,262.2,1,0.806,199.8,1,0.836,751.5,1,0.945,0.222,2,2,74,VERDE,108.7,173.4,0.398,0,149.8,,68.0
2919.564838,AVOID_PASS,manteniendo rumbo mientras pasa el pilar 74,25,5.94,261.24,PISTA,OK,3,1146.5,1146.5,231.0,777.0,251.9,1,0.917,200.0,1,0.890,757.5,1,0.973,0.223,2,2,74,VERDE,108.7,173.4,0.398,0,159.8,,33.8
2919.668217,AVOID_PASS,manteniendo rumbo mientras pasa el pilar 74,25,6.36,261.07,PISTA,OK,3,1136.5,1136.5,228.7,775.4,250.3,1,0.778,203.5,1,0.836,764.5,1,0.932,0.222,2,2,74,VERDE,108.7,173.4,0.398,0,170.1,,71.5
2919.765935,AVOID_PASS,manteniendo rumbo mientras pasa el pilar 74,25,7.29,260.47,PISTA,OK,3,1127.5,1127.5,238.7,774.6,246.2,1,0.833,204.2,1,0.877,763.2,1,0.945,0.221,2,2,74,VERDE,108.7,173.4,0.398,0,179.9,,35.0
2919.866122,AVOID_PASS,manteniendo rumbo mientras pasa el pilar 74,25,7.24,260.52,PISTA,OK,3,1118.0,1118.0,240.7,772.8,252.9,1,0.917,205.0,1,0.904,763.5,1,1.000,0.220,2,2,74,VERDE,108.7,173.4,0.398,0,189.9,,69.7
2919.966915,AVOID_PASS,manteniendo rumbo mientras pasa el pilar 74,25,7.17,260.59,PISTA,OK,3,1108.5,1108.5,247.4,770.5,253.1,1,0.917,206.8,1,0.877,760.5,1,1.000,0.220,1,1,74,VERDE,108.7,173.4,0.398,0,200.0,,36.4
2920.066669,AVOID_PASS,manteniendo rumbo mientras pasa el pilar 74,25,7.14,260.62,PISTA,OK,3,1099.0,1099.0,244.0,769.5,259.7,1,0.917,207.2,1,0.877,760.5,1,0.986,0.220,1,1,74,VERDE,108.7,173.4,0.398,0,210.0,,68.4
2920.164720,AVOID_PASS,manteniendo rumbo mientras pasa el pilar 74,25,6.97,260.79,PISTA,OK,3,1089.5,1089.5,250.5,767.1,260.9,1,0.861,209.2,1,0.877,758.2,1,0.973,0.220,1,1,74,VERDE,108.7,173.4,0.398,0,219.8,,33.3
2920.265896,AVOID_PASS,manteniendo rumbo mientras pasa el pilar 74,25,6.81,260.95,PISTA,OK,3,1081.0,1081.0,245.8,764.0,265.0,1,0.944,209.2,1,0.932,758.5,1,1.000,0.218,1,1,74,VERDE,108.7,173.4,0.398,0,229.9,,69.4
2920.365588,AVOID_PASS,manteniendo rumbo mientras pasa el pilar 74,25,6.65,261.11,PISTA,OK,3,1071.0,1071.0,253.7,763.3,268.7,1,0.889,210.0,1,0.932,754.8,1,0.986,0.220,1,1,74,VERDE,108.7,173.4,0.398,0,239.9,,35.5
2920.464329,AVOID_PASS,manteniendo rumbo mientras pasa el pilar 74,25,6.46,261.30,PISTA,OK,3,1061.0,1061.0,258.0,757.1,289.8,1,0.861,210.2,1,0.863,753.5,1,0.959,0.214,1,1,74,VERDE,108.7,173.4,0.398,0,249.8,,68.6
2920.564665,AVOID_PASS,manteniendo rumbo mientras pasa el pilar 74,25,6.35,261.41,PISTA,OK,3,1052.0,1052.0,264.1,756.9,269.1,1,0.917,211.0,1,0.890,754.5,1,0.973,0.210,1,1,74,VERDE,108.7,173.4,0.398,0,259.8,,34.0
2920.668588,AVOID_PASS,manteniendo rumbo mientras pasa el pilar 74,25,6.21,261.55,PISTA,OK,3,1042.0,1042.0,267.5,762.7,284.1,1,0.861,211.5,1,0.890,752.0,1,0.986,0.206,1,1,74,VERDE,108.7,173.4,0.398,0,270.2,,72.7
2920.762523,AVOID_PASS,manteniendo rumbo mientras pasa el pilar 74,25,6.05,261.71,PISTA,OK,3,1032.5,1032.5,274.0,771.6,273.8,1,0.750,211.8,1,0.849,750.0,1,0.959,0.190,1,1,74,VERDE,108.7,173.4,0.398,0,279.6,,99.0
2920.864256,AVOID_PASS,manteniendo rumbo mientras pasa el pilar 74,25,5.86,261.90,PISTA,OK,3,1023.0,1023.0,274.9,755.0,269.9,1,0.861,213.0,1,0.904,748.5,1,0.959,0.216,1,1,74,VERDE,108.7,173.4,0.398,0,289.7,,68.6
2920.962942,AVOID_PASS,manteniendo rumbo mientras pasa el pilar 74,25,5.79,261.97,PISTA,OK,3,1012.0,1012.0,284.3,758.4,274.4,1,0.833,213.2,1,0.877,748.5,1,0.918,0.215,1,1,74,VERDE,108.7,173.4,0.398,0,299.6,,33.6
2921.063889,AVOID_PASS,manteniendo rumbo mientras pasa el pilar 74,25,5.66,262.10,PISTA,OK,3,1002.0,1002.0,274.5,767.1,269.5,1,0.806,213.8,1,0.849,87.0,1,0.904,0.216,1,1,74,VERDE,108.7,173.4,0.398,0,309.7,,68.1
2921.163262,AVOID_PASS,manteniendo rumbo mientras pasa el pilar 74,25,5.49,262.27,PISTA,OK,3,992.5,992.5,277.5,765.7,270.3,1,0.889,215.0,1,0.863,87.0,1,0.986,0.216,1,1,74,VERDE,108.7,173.4,0.398,0,319.6,,100.8
2921.262121,RECENTER,reincorporacion tras 330 mm de sobrepaso estimado,25,3.72,262.41,PISTA,OK,3,983.0,983.0,282.4,767.1,273.2,1,0.861,213.5,1,0.877,90.0,1,0.932,0.216,2,1,74,VERDE,108.7,173.4,0.398,0,329.5,,64.4
2921.362101,RECENTER,reincorporando por posicion lateral,25,3.63,262.59,PISTA,OK,3,974.0,974.0,290.7,763.3,279.7,1,0.861,212.0,1,0.877,90.0,1,0.945,0.214,2,1,74,VERDE,108.7,173.4,0.398,0,329.5,,31.9
2921.462682,RECENTER,reincorporando por posicion lateral,25,3.57,262.72,PISTA,OK,3,964.0,964.0,290.8,762.0,283.4,1,0.889,212.0,1,0.863,90.2,1,0.932,0.216,2,1,74,VERDE,108.7,173.4,0.398,0,329.5,,67.1
2921.561118,RECENTER,reincorporando por posicion lateral,25,3.51,262.84,PISTA,OK,3,956.0,956.0,296.9,758.4,283.4,1,0.889,215.0,1,0.822,91.0,1,0.959,0.216,2,1,74,VERDE,108.7,173.4,0.398,0,329.5,,99.2
2921.661255,RECENTER,reincorporando por posicion lateral,25,3.44,262.98,PISTA,OK,3,945.5,945.5,313.2,757.2,285.1,1,0.861,216.2,1,0.849,90.0,1,0.932,0.213,2,1,74,VERDE,108.7,173.4,0.398,0,329.5,,65.9
2921.762324,RECENTER,reincorporando por posicion lateral,25,3.34,263.18,PISTA,OK,3,936.5,936.5,318.1,739.2,279.7,1,0.861,214.0,1,0.836,91.8,1,0.849,0.214,2,1,74,VERDE,108.7,173.4,0.398,0,329.5,,87.6
2921.861581,RECENTER,reincorporando por posicion lateral,25,3.31,263.23,PISTA,OK,3,928.0,928.0,323.5,740.9,279.3,1,0.833,215.0,1,0.795,96.0,1,0.918,0.215,3,1,74,VERDE,108.7,173.4,0.398,0,329.5,,66.2
2921.960950,RECENTER,reincorporando por posicion lateral,25,3.26,263.33,PISTA,OK,3,917.0,917.0,359.5,733.7,286.7,1,0.944,215.8,1,0.795,100.2,1,0.932,0.191,4,1,74,VERDE,108.7,173.4,0.398,0,329.5,,85.9
2922.061019,RECENTER,reincorporando por posicion lateral,25,3.19,263.47,PISTA,OK,3,908.5,908.5,362.1,733.1,289.6,1,0.833,217.8,1,0.726,104.5,1,0.932,0.204,5,1,74,VERDE,108.7,173.4,0.398,0,329.5,,65.1
2922.160928,RECENTER,reincorporando por posicion lateral,25,3.14,263.57,PISTA,OK,3,899.5,899.5,370.8,734.5,291.2,1,0.917,221.0,1,0.699,109.5,1,0.945,0.206,5,1,74,VERDE,108.7,173.4,0.398,0,329.5,,87.4
2922.261022,RECENTER,reincorporando por posicion lateral,25,3.12,263.61,PISTA,OK,3,889.0,889.0,368.9,737.7,292.8,1,0.833,222.8,1,0.671,116.0,1,0.904,0.214,5,1,74,VERDE,108.7,173.4,0.398,0,329.5,,65.4
2922.361038,RECENTER,reincorporando por posicion lateral,25,3.05,263.75,PISTA,OK,3,881.0,881.0,372.4,739.7,289.0,1,0.861,226.8,1,0.767,122.5,1,0.918,0.215,5,1,74,VERDE,108.7,173.4,0.398,0,329.5,,86.4
2922.460877,RECENTER,reincorporando por posicion lateral,25,3.00,263.86,PISTA,OK,3,872.0,872.0,362.2,742.3,286.3,1,0.778,231.0,1,0.740,125.8,1,0.918,0.219,5,1,74,VERDE,108.7,173.4,0.398,0,329.5,,65.0
2922.560150,RECENTER,reincorporando por posicion lateral,25,2.93,264.00,PISTA,OK,3,862.5,862.5,376.6,744.4,142.1,1,0.778,231.8,1,0.685,133.8,1,0.945,0.216,5,1,74,VERDE,108.7,173.4,0.398,0,329.5,,86.3
2922.660284,RECENTER,reincorporando por posicion lateral,25,2.87,264.12,PISTA,OK,3,854.0,854.0,376.0,747.4,137.6,1,0.778,245.5,1,0.699,140.8,1,0.973,0.218,5,1,74,VERDE,108.7,173.4,0.398,0,329.5,,64.0
2922.757648,RECENTER,reincorporando por posicion lateral,25,2.80,264.25,PISTA,OK,3,845.0,845.0,388.2,750.8,143.4,1,0.889,258.0,1,0.699,147.2,1,0.959,0.218,4,1,74,VERDE,108.7,173.4,0.398,0,329.5,,83.2
2922.859649,RECENTER,reincorporando por posicion lateral,24,2.75,264.35,PISTA,OK,3,835.0,835.0,379.5,750.9,143.4,1,0.972,259.8,1,0.712,155.0,1,1.000,0.221,4,1,74,VERDE,108.7,173.4,0.398,0,329.5,,62.8
2922.959073,RECENTER,reincorporando por posicion lateral,24,2.66,264.53,PISTA,OK,3,824.5,824.5,378.7,750.8,143.1,1,0.889,262.8,1,0.658,161.2,1,0.973,0.220,4,1,74,VERDE,108.7,173.4,0.398,0,329.5,,84.0
2923.060745,RECENTER,reincorporando por posicion lateral,24,2.60,264.66,PISTA,OK,3,817.0,817.0,383.4,751.0,143.1,1,0.750,259.5,1,0.671,169.2,1,0.959,0.225,4,1,74,VERDE,108.7,173.4,0.398,0,329.5,,64.1
2923.162465,RECENTER,reincorporando por posicion lateral,24,2.57,264.71,PISTA,OK,3,805.5,805.5,408.6,751.1,145.4,1,0.917,275.5,1,0.726,177.5,1,0.986,0.217,4,1,74,VERDE,108.7,173.4,0.398,0,329.5,,32.9
2923.262881,RECENTER,reincorporando por posicion lateral,24,2.51,264.84,PISTA,OK,3,797.5,797.5,396.7,750.5,153.2,1,0.889,276.5,1,0.685,184.0,1,0.973,0.221,4,1,74,VERDE,108.7,173.4,0.398,0,329.5,,67.5
2923.362248,RECENTER,reincorporando por posicion lateral,24,2.47,264.92,PISTA,OK,3,786.5,786.5,420.2,750.2,158.9,1,0.889,298.0,1,0.685,192.0,1,0.959,0.220,4,1,74,VERDE,108.7,173.4,0.398,0,329.5,,32.8
2923.462033,RECENTER,reincorporando por posicion lateral,24,2.43,265.00,AZUL,OK,3,778.0,778.0,455.7,749.8,167.5,1,0.778,310.0,1,0.616,198.2,1,0.986,0.212,4,1,74,VERDE,108.7,173.4,0.398,0,329.5,,64.5
2923.561915,RECENTER,reincorporando por posicion lateral,24,2.40,265.10,PISTA,OK,3,769.5,769.5,491.8,749.6,177.3,1,0.889,294.0,1,0.781,206.8,1,0.986,0.210,4,1,74,VERDE,108.7,173.4,0.398,0,329.5,,33.1
2923.661003,RECENTER,reincorporando por posicion lateral,24,2.35,265.16,PISTA,OK,3,759.0,759.0,482.0,749.8,187.0,1,0.861,308.5,1,0.740,215.8,1,0.973,0.213,3,1,74,VERDE,108.7,173.4,0.398,0,329.5,,65.6
2923.761280,RECENTER,reincorporando por posicion lateral,24,2.29,265.27,PISTA,OK,3,750.0,750.0,486.2,749.2,196.6,1,0.778,311.8,1,0.726,224.8,1,0.986,0.215,4,1,74,VERDE,108.7,173.4,0.398,0,329.5,,86.6
2923.862578,RECENTER,reincorporando por posicion lateral,24,2.23,265.39,PISTA,OK,3,742.0,742.0,518.6,748.7,202.7,1,0.806,317.5,1,0.767,234.0,1,0.959,0.217,4,1,74,VERDE,108.7,173.4,0.398,0,329.5,,67.5
2923.960415,RECENTER,reincorporando por posicion lateral,24,-1.77,265.53,PISTA,OK,3,733.5,733.5,353.0,749.2,213.8,1,0.861,324.2,1,0.740,241.5,1,0.973,0.811,4,1,74,VERDE,108.7,173.4,0.398,0,329.5,,99.1
2924.061072,RECENTER,reincorporando por posicion lateral,23,2.10,265.66,PISTA,OK,3,725.0,725.0,574.3,749.2,223.4,1,0.778,332.0,1,0.712,250.5,1,0.959,0.214,4,1,74,VERDE,108.7,173.4,0.398,0,329.5,,66.4
2924.161034,CRUISE,reincorporacion verificada,23,2.03,265.79,PISTA,OK,3,716.0,716.0,584.7,749.0,230.2,1,0.861,336.5,1,0.767,257.0,1,0.973,0.212,4,1,,,,,,0,329.5,,85.1
2924.260554,AVOID_PASS,manteniendo rumbo mientras pasa el pilar 73,23,0.00,265.82,PISTA,OK,3,706.0,706.0,590.1,749.0,240.0,1,0.833,338.0,1,0.740,265.5,1,0.973,0.213,4,1,73,ROJO,-255.3,237.8,0.000,1,0.0,,64.9
2924.358946,AVOID_PASS,manteniendo rumbo mientras pasa el pilar 73,23,-0.07,265.89,PISTA,OK,3,698.0,698.0,637.8,748.8,249.0,1,0.861,347.8,1,0.849,273.0,1,0.959,0.210,4,1,73,ROJO,-252.3,231.8,0.000,1,9.1,,84.8
2924.460524,AVOID_PASS,manteniendo rumbo mientras pasa el pilar 73,23,-0.13,265.95,PISTA,OK,3,690.0,690.0,619.0,749.4,257.6,1,0.861,358.0,1,0.795,282.0,1,0.973,0.215,4,1,73,ROJO,-252.5,223.9,0.000,1,18.4,,64.6
2924.560791,AVOID_PASS,manteniendo rumbo mientras pasa el pilar 73,23,-0.14,265.96,PISTA,OK,3,681.5,681.5,316.5,748.5,265.4,1,0.778,357.5,1,0.795,289.5,1,0.959,0.810,4,1,73,ROJO,-250.1,218.8,0.000,1,27.6,,86.8
2924.659444,AVOID_PASS,manteniendo rumbo mientras pasa el pilar 73,23,-0.20,266.02,PISTA,OK,3,672.0,672.0,684.0,748.8,274.6,1,0.778,369.0,1,0.753,297.5,1,0.945,0.210,4,1,73,ROJO,-251.6,206.4,0.000,1,36.7,,64.4
2924.758779,AVOID_PASS,manteniendo rumbo mientras pasa el pilar 73,23,-0.21,266.03,PISTA,OK,3,663.0,663.0,711.9,748.2,283.8,1,0.889,373.0,1,0.808,305.0,1,0.959,0.204,4,1,73,ROJO,-249.4,202.0,0.000,1,45.8,,85.4
2924.858510,AVOID_PASS,manteniendo rumbo mientras pasa el pilar 73,23,-0.26,266.08,PISTA,OK,3,655.0,655.0,693.7,748.1,292.2,1,0.861,378.5,1,0.795,313.0,1,0.959,0.210,4,1,73,ROJO,-247.8,193.9,0.000,1,55.0,,63.1
2924.957970,AVOID_PASS,manteniendo rumbo mientras pasa el pilar 73,23,-0.27,266.09,PISTA,OK,3,646.0,646.0,725.2,747.7,300.2,1,0.861,388.5,1,0.808,322.5,1,0.973,0.218,5,1,73,ROJO,-246.0,186.1,0.000,1,64.2,,83.6
2925.056910,AVOID_PASS,manteniendo rumbo mientras pasa el pilar 73,23,-0.31,266.13,PISTA,OK,3,638.5,638.5,763.8,748.0,308.1,1,0.806,396.2,1,0.836,331.0,1,0.973,0.210,5,1,73,ROJO,-245.1,178.5,0.000,1,73.3,,59.9
2925.157132,AVOID_PASS,manteniendo rumbo mientras pasa el pilar 73,23,-0.39,266.21,PISTA,OK,3,630.0,630.0,765.2,747.2,315.7,1,0.861,400.5,1,0.822,338.5,1,0.986,0.209,5,1,73,ROJO,-245.2,171.0,0.000,1,82.5,,82.2
2925.258051,AVOID_PASS,manteniendo rumbo mientras pasa el pilar 73,23,-0.47,266.29,PISTA,OK,3,621.5,621.5,789.7,747.4,325.9,1,0.889,409.5,1,0.863,345.8,1,0.986,0.203,4,1,73,ROJO,-242.0,163.2,0.000,1,91.8,,62.4
2925.358391,AVOID_PASS,manteniendo rumbo mientras pasa el pilar 73,23,-0.51,266.33,PISTA,OK,3,614.0,614.0,1123.5,746.8,331.5,1,0.889,411.0,1,0.781,354.0,1,0.986,0.182,4,1,73,ROJO,-240.9,157.7,0.000,1,101.0,,30.5
2925.458009,AVOID_PASS,manteniendo rumbo mientras pasa el pilar 73,22,-0.57,266.39,PISTA,OK,3,604.5,604.5,597.3,746.8,341.7,1,0.833,418.0,1,0.808,363.0,1,0.973,0.647,4,1,73,ROJO,-239.8,146.7,0.000,1,110.2,,63.6
2925.559348,AVOID_PASS,manteniendo rumbo mientras pasa el pilar 73,22,-0.64,266.46,PISTA,OK,3,596.5,596.5,613.5,746.2,348.5,1,0.889,429.5,1,0.877,371.5,1,0.986,0.702,4,1,73,ROJO,-237.5,141.0,0.000,1,119.1,,84.1
2925.659700,AVOID_PASS,manteniendo rumbo mientras pasa el pilar 73,22,-0.71,266.53,PISTA,OK,3,588.5,588.5,624.3,746.4,359.9,1,0.944,438.2,1,0.863,380.5,1,1.000,0.802,4,1,73,ROJO,-238.4,134.2,0.000,1,127.9,,65.2
2925.759182,AVOID_PASS,manteniendo rumbo mientras pasa el pilar 73,22,-0.76,266.58,PISTA,OK,3,580.5,580.5,633.9,746.5,367.4,1,0.833,440.5,1,0.877,389.0,1,0.959,0.684,4,1,73,ROJO,-236.6,125.0,0.000,1,136.7,,85.7
2925.861067,AVOID_PASS,manteniendo rumbo mientras pasa el pilar 73,22,-0.77,266.59,PISTA,OK,3,571.5,571.5,683.5,746.6,376.0,1,0.861,449.0,1,0.836,397.5,1,0.959,0.566,4,1,73,ROJO,-236.5,116.8,0.000,1,145.6,,64.5
2925.960901,AVOID_PASS,manteniendo rumbo mientras pasa el pilar 73,22,-0.85,266.67,PISTA,OK,3,563.5,563.5,639.4,746.4,384.3,1,0.833,458.5,1,0.836,407.5,1,0.959,0.696,4,1,73,ROJO,-232.0,111.8,0.000,1,154.4,,31.1
2926.060447,AVOID_PASS,manteniendo rumbo mientras pasa el pilar 73,22,-0.88,266.70,PISTA,OK,3,555.0,555.0,646.9,745.7,391.6,1,0.917,458.2,1,0.849,414.5,1,0.959,0.786,4,1,73,ROJO,-229.1,105.9,0.000,1,163.2,,66.3
2926.161078,AVOID_PASS,manteniendo rumbo mientras pasa el pilar 73,22,-0.88,266.70,PISTA,OK,3,546.5,546.5,675.8,746.1,401.9,1,0.861,471.5,1,0.890,423.5,1,0.973,0.715,3,1,73,ROJO,-230.7,98.8,0.000,1,172.0,,33.5
2926.259864,AVOID_PASS,manteniendo rumbo mientras pasa el pilar 73,22,-0.92,266.74,PISTA,OK,3,538.0,538.0,666.7,745.7,409.7,1,0.806,475.8,1,0.822,433.0,1,0.959,0.803,3,1,73,ROJO,-226.8,94.7,0.000,1,180.7,,64.7
2926.359375,AVOID_PASS,manteniendo rumbo mientras pasa el pilar 73,22,-0.97,266.79,PISTA,OK,3,531.0,531.0,692.7,745.5,418.2,1,0.806,481.5,1,0.863,440.0,1,0.945,0.665,3,1,73,ROJO,-225.2,86.1,0.000,1,189.5,,85.6
2926.458876,AVOID_PASS,manteniendo rumbo mientras pasa el pilar 73,22,-1.00,266.82,PISTA,OK,3,523.5,523.5,733.1,745.3,425.2,1,0.889,490.0,1,0.932,449.5,1,0.959,0.536,3,1,73,ROJO,-226.2,78.2,0.000,1,198.2,,64.8
2926.559581,AVOID_PASS,manteniendo rumbo mientras pasa el pilar 73,22,-1.03,266.85,PISTA,OK,3,515.5,515.5,635.2,745.8,434.0,1,0.833,498.0,1,0.877,456.5,1,0.959,0.653,3,1,73,ROJO,-225.7,72.7,0.000,1,207.1,,30.9
2926.658395,AVOID_PASS,manteniendo rumbo mientras pasa el pilar 73,22,-1.11,266.93,PISTA,OK,3,507.0,507.0,711.8,745.0,439.7,1,0.750,503.0,1,0.863,464.5,1,0.932,0.678,3,1,73,ROJO,-224.5,66.1,0.000,1,215.8,,64.1
2926.758031,AVOID_PASS,manteniendo rumbo mientras pasa el pilar 73,22,-1.16,266.98,PISTA,OK,3,497.5,497.5,674.8,745.6,448.6,1,0.778,511.0,1,0.904,472.0,1,0.945,0.824,3,1,73,ROJO,-224.5,60.4,0.000,1,224.6,,81.9
2926.858825,AVOID_PASS,manteniendo rumbo mientras pasa el pilar 73,21,-1.23,267.05,PISTA,OK,3,489.5,489.5,687.9,745.1,457.0,1,0.861,519.0,1,0.877,480.5,1,0.945,0.695,3,1,73,ROJO,-224.5,54.6,0.000,1,233.4,,63.5
2926.957175,AVOID_PASS,manteniendo rumbo mientras pasa el pilar 73,21,-1.25,267.07,NARANJA,OK,3,482.0,482.0,701.8,744.9,464.6,1,0.833,529.0,1,0.932,488.5,1,0.945,0.721,3,1,73,ROJO,-222.9,42.3,0.000,1,241.7,,84.3
2927.056308,AVOID_PASS,manteniendo rumbo mientras pasa el pilar 73,21,-1.33,267.15,NARANJA,OK,3,474.0,474.0,675.9,745.1,472.7,1,0.861,532.2,1,0.932,497.0,1,0.959,0.736,3,1,73,ROJO,-222.6,37.7,0.000,1,250.0,,61.9
2927.157947,AVOID_PASS,manteniendo rumbo mientras pasa el pilar 73,21,-1.36,267.18,NARANJA,OK,3,467.0,467.0,713.0,745.6,481.2,1,0.833,222.5,1,0.932,506.0,1,0.932,0.799,3,1,73,ROJO,-222.0,30.5,0.000,1,258.6,,82.0
2927.255019,AVOID_PASS,manteniendo rumbo mientras pasa el pilar 73,21,-1.39,267.21,NARANJA,OK,3,459.0,459.0,584.1,744.8,501.2,1,0.861,220.2,1,0.877,731.2,1,0.959,0.438,4,1,73,ROJO,-222.0,22.5,0.097,1,266.7,,58.2
2927.356885,AVOID_PASS,manteniendo rumbo mientras pasa el pilar 73,21,-1.44,267.26,NARANJA,OK,3,451.0,451.0,572.2,744.9,510.4,1,0.833,218.0,1,0.904,731.5,1,0.945,0.546,4,1,73,ROJO,-221.9,14.1,0.199,1,275.3,,29.5
2927.455851,AVOID_PASS,manteniendo rumbo mientras pasa el pilar 73,21,-1.46,267.28,PISTA,OK,3,443.5,443.5,708.7,745.2,515.9,1,0.778,217.0,1,0.932,729.8,1,0.932,0.634,4,1,73,ROJO,-219.7,5.3,0.000,1,283.6,,62.4
2927.555508,AVOID_PASS,manteniendo rumbo mientras pasa el pilar 73,21,-1.47,267.29,PISTA,OK,3,436.5,436.5,744.0,744.9,524.9,1,0.861,215.2,1,0.904,731.2,1,0.945,0.640,4,1,73,ROJO,-217.9,-1.8,0.000,1,292.0,,81.7
2927.653515,AVOID_PASS,manteniendo rumbo mientras pasa el pilar 73,21,-1.49,267.31,PISTA,OK,3,428.5,428.5,770.7,743.9,532.1,1,0.917,214.8,1,0.877,730.5,1,0.973,0.263,4,1,73,ROJO,-217.5,-9.8,0.000,1,300.2,,56.2
2927.754671,AVOID_PASS,manteniendo rumbo mientras pasa el pilar 73,21,-1.52,267.34,PISTA,OK,3,421.0,421.0,695.4,743.8,540.8,1,0.889,214.0,1,0.932,731.5,1,0.945,0.789,4,1,73,ROJO,-216.6,-15.6,0.000,1,308.7,,82.0
2927.852352,AVOID_PASS,manteniendo rumbo mientras pasa el pilar 73,21,-1.56,267.38,PISTA,OK,3,413.5,413.5,716.4,744.9,548.0,1,0.917,213.0,1,0.932,731.2,1,0.959,0.564,4,1,73,ROJO,-215.9,-23.0,0.000,1,316.9,,58.5
2927.953737,RECENTER,reincorporacion tras 325 mm de sobrepaso estimado,21,1.23,267.40,PISTA,OK,3,406.5,406.5,700.2,744.6,551.2,1,0.861,213.5,1,0.890,732.0,1,0.959,0.202,4,1,73,ROJO,-215.9,-28.4,0.000,1,325.4,,83.4
2928.053210,TURN,giro de esquina por IMU y reapertura frontal,21,25.00,267.45,PISTA,OK,3,398.5,398.5,689.3,741.6,562.3,1,0.889,213.5,1,0.959,731.2,1,0.973,0.202,4,1,,,,,,0,325.4,,57.8
2928.153380,TURN,giro de esquina por IMU y reapertura frontal,21,25.00,267.48,PISTA,OK,3,390.5,390.5,656.6,738.7,567.0,1,0.917,215.0,1,0.945,731.5,1,0.973,0.203,4,1,,,,,,0,325.4,,82.1
2928.253275,TURN,giro de esquina por IMU y reapertura frontal,21,25.00,266.38,PISTA,OK,3,383.0,383.0,631.0,742.2,583.4,1,0.944,217.5,1,0.932,730.5,1,0.986,0.312,4,1,,,,,,0,325.4,,58.4
2928.354613,TURN,giro de esquina por IMU y reapertura frontal,20,25.00,268.02,PISTA,OK,3,376.5,376.5,656.5,742.9,584.5,1,0.889,213.5,1,0.918,731.8,1,0.959,0.206,4,1,,,,,,0,325.4,,81.7
2928.454503,TURN,giro de esquina por IMU y reapertura frontal,20,25.00,269.66,PISTA,OK,3,371.0,371.0,695.2,746.0,584.0,1,0.861,214.0,1,0.945,735.8,1,0.945,0.206,4,1,,,,,,0,325.4,,58.4
2928.555857,TURN,giro de esquina por IMU y reapertura frontal,20,25.00,271.14,PISTA,OK,3,366.0,366.0,637.8,748.3,582.0,1,0.861,210.5,1,0.877,736.5,1,0.973,0.529,3,1,,,,,,0,325.4,,83.1
2928.656296,TURN,giro de esquina por IMU y reapertura frontal,20,25.00,272.53,PISTA,OK,3,361.0,361.0,615.4,747.4,581.3,1,0.861,208.5,1,0.877,741.0,1,0.986,0.408,3,1,,,,,,0,325.4,,62.3
2928.756542,TURN,giro de esquina por IMU y reapertura frontal,20,25.00,273.26,PISTA,OK,3,354.5,354.5,595.4,748.8,582.9,1,0.861,206.2,1,0.863,744.5,1,1.000,0.501,3,1,,,,,,0,325.4,,29.8
2928.856314,TURN,giro de esquina por IMU y reapertura frontal,20,25.00,274.74,PISTA,OK,3,351.5,351.5,638.9,752.8,580.9,1,0.750,202.5,1,0.836,748.5,1,0.959,0.677,3,1,,,,,,0,325.4,,63.3
2928.957937,TURN,giro de esquina por IMU y reapertura frontal,20,25.00,276.32,PISTA,OK,3,344.5,344.5,615.8,757.8,576.3,1,0.806,200.8,1,0.863,753.0,1,0.986,0.622,3,1,,,,,,0,325.4,,30.8
2929.058212,TURN,giro de esquina por IMU y reapertura frontal,20,25.00,277.88,PISTA,OK,3,341.5,341.5,640.0,760.4,574.5,1,0.778,198.8,1,0.822,757.5,1,1.000,0.724,4,1,,,,,,0,325.4,,64.7
2929.157783,TURN,giro de esquina por IMU y reapertura frontal,20,25.00,278.62,PISTA,OK,3,336.5,336.5,615.0,762.8,573.4,1,0.806,195.5,1,0.849,761.5,1,0.986,0.812,4,1,,,,,,0,325.4,,28.1
2929.258625,TURN,giro de esquina por IMU y reapertura frontal,20,25.00,280.16,PISTA,OK,3,333.5,333.5,549.6,762.1,567.7,1,0.750,193.0,1,0.863,767.0,1,0.973,0.785,4,1,,,,,,0,325.4,,65.8
2929.358655,TURN,giro de esquina por IMU y reapertura frontal,20,25.00,281.75,PISTA,OK,3,331.0,331.0,580.4,745.2,565.6,1,0.778,190.5,1,0.836,771.5,1,0.986,0.615,4,1,,,,,,0,325.4,,87.2
2929.458089,TURN,giro de esquina por IMU y reapertura frontal,20,25.00,283.15,PISTA,OK,3,325.5,325.5,464.5,751.1,563.6,1,0.833,188.0,1,0.918,775.5,1,0.986,0.721,4,1,,,,,,0,325.4,,63.5
2929.557369,TURN,giro de esquina por IMU y reapertura frontal,20,25.00,283.90,PISTA,OK,3,321.0,321.0,555.3,736.1,561.9,1,0.806,187.0,1,0.890,779.0,1,1.000,0.719,4,1,,,,,,0,325.4,,31.8
2929.657809,TURN,giro de esquina por IMU y reapertura frontal,20,25.00,285.29,PISTA,OK,3,318.0,318.0,556.0,717.5,559.7,1,0.833,185.8,1,0.877,784.5,1,1.000,0.713,4,1,,,,,,0,325.4,,64.8
2929.756756,TURN,giro de esquina por IMU y reapertura frontal,20,25.00,286.78,PISTA,OK,3,312.5,312.5,484.5,704.5,559.3,1,0.778,183.0,1,0.863,789.5,1,0.986,0.652,4,1,,,,,,0,325.4,,86.2
2929.857869,TURN,giro de esquina por IMU y reapertura frontal,20,25.00,288.25,PISTA,OK,3,310.0,310.0,564.5,681.6,559.6,1,0.833,181.5,1,0.863,794.0,1,1.000,0.554,4,1,,,,,,0,325.4,,63.4
2929.957035,TURN,giro de esquina por IMU y reapertura frontal,20,25.00,289.06,PISTA,OK,3,305.0,305.0,494.0,664.8,553.3,1,0.833,180.8,1,0.849,799.0,1,1.000,0.613,4,1,,,,,,0,325.4,,30.9
2930.055550,TURN,giro de esquina por IMU y reapertura frontal,20,25.00,290.50,PISTA,OK,3,302.0,302.0,503.0,666.6,556.6,1,0.861,179.0,1,0.877,803.2,1,1.000,0.609,4,1,,,,,,0,325.4,,62.0
2930.156899,TURN,giro de esquina por IMU y reapertura frontal,20,25.00,291.88,PISTA,OK,3,299.5,299.5,520.5,597.4,554.6,1,0.861,177.0,1,0.904,808.5,1,1.000,0.578,4,1,,,,,,0,325.4,,85.7
2930.256655,TURN,giro de esquina por IMU y reapertura frontal,20,25.00,293.35,PISTA,OK,3,297.5,297.5,591.6,569.1,811.8,1,0.861,175.8,1,0.890,814.0,1,1.000,0.406,4,1,,,,,,0,325.4,,63.3
2930.357025,TURN,giro de esquina por IMU y reapertura frontal,20,25.00,294.80,PISTA,OK,3,295.5,295.5,615.1,539.9,804.8,1,0.861,174.0,1,0.890,756.0,1,0.986,0.387,4,1,,,,,,0,325.4,,30.5
2930.455270,TURN,giro de esquina por IMU y reapertura frontal,20,25.00,295.49,PISTA,OK,3,293.0,293.0,555.0,523.6,799.9,1,1.000,172.8,1,0.932,709.5,1,0.986,0.590,3,0,,,,,,0,325.4,,63.0
2930.555272,TURN,giro de esquina por IMU y reapertura frontal,20,25.00,297.00,PISTA,OK,3,289.0,289.0,568.5,518.8,794.2,1,1.000,168.5,1,0.945,689.5,1,0.986,0.589,3,0,,,,,,0,325.4,,80.1
2930.653978,TURN,giro de esquina por IMU y reapertura frontal,20,25.00,298.43,PISTA,OK,3,290.5,290.5,1582.4,478.3,792.1,1,1.000,168.0,1,0.932,642.0,1,0.986,0.175,4,0,,,,,,0,325.4,,61.5
2930.753735,TURN,giro de esquina por IMU y reapertura frontal,20,25.00,300.00,PISTA,OK,3,290.8,290.8,605.5,477.2,784.7,1,1.000,168.5,1,0.959,635.0,1,0.959,0.592,4,0,,,,,,0,325.4,,83.1
2930.853384,TURN,giro de esquina por IMU y reapertura frontal,20,25.00,301.60,PISTA,OK,3,291.0,291.0,192.1,459.2,780.7,1,1.000,166.2,1,0.945,573.5,1,0.932,0.420,5,0,,,,,,0,325.4,,60.9
2930.953607,TURN,giro de esquina por IMU y reapertura frontal,20,25.00,302.32,PISTA,OK,3,297.8,297.8,188.3,432.9,776.1,1,1.000,164.5,1,0.959,549.0,1,0.986,0.288,5,0,,,,,,0,325.4,,83.1
2931.054568,TURN,giro de esquina por IMU y reapertura frontal,20,25.00,303.86,PISTA,OK,3,293.0,293.0,188.4,430.8,770.4,1,0.972,162.2,1,0.959,524.0,1,0.945,0.188,4,0,,,,,,0,325.4,,61.5
2931.154787,TURN,giro de esquina por IMU y reapertura frontal,20,25.00,305.41,PISTA,OK,3,297.5,297.5,183.2,390.9,768.4,1,0.944,160.0,1,0.945,500.5,1,0.945,0.243,3,0,,,,,,0,325.4,,83.7
2931.256130,TURN,giro de esquina por IMU y reapertura frontal,20,25.00,306.89,PISTA,OK,3,305.0,305.0,184.1,388.8,700.9,1,0.972,159.0,1,0.918,480.5,1,0.945,0.176,4,0,,,,,,0,325.4,,63.8
2931.356136,TURN,giro de esquina por IMU y reapertura frontal,20,25.00,308.45,PISTA,OK,3,302.5,302.5,182.1,379.3,701.6,1,0.972,157.5,1,0.932,460.0,1,0.945,0.179,4,0,,,,,,0,325.4,,30.1
2931.456171,TURN,giro de esquina por IMU y reapertura frontal,20,25.00,309.22,PISTA,OK,3,306.0,306.0,189.0,355.0,699.6,1,0.972,157.0,1,0.932,438.5,1,0.918,0.482,4,0,,,,,,0,325.4,,62.4
2931.557770,TURN,giro de esquina por IMU y reapertura frontal,20,25.00,310.76,PISTA,OK,3,308.5,308.5,215.8,353.0,698.8,1,0.944,156.5,1,0.904,425.0,1,0.932,0.187,5,0,,,,,,0,325.4,,31.3
2931.657519,TURN,giro de esquina por IMU y reapertura frontal,20,25.00,311.50,PISTA,OK,3,304.2,304.2,1050.0,362.6,698.6,1,0.972,152.5,1,0.932,415.0,1,0.932,0.309,5,0,,,,,,0,325.4,,65.4
2931.757146,TURN,giro de esquina por IMU y reapertura frontal,20,25.00,312.88,PISTA,OK,3,308.5,308.5,1033.5,359.0,697.3,1,0.972,154.5,1,0.904,402.5,1,0.932,0.413,5,0,,,,,,0,325.4,,30.8
2931.855042,TURN,giro de esquina por IMU y reapertura frontal,20,25.00,314.31,PISTA,OK,3,316.0,316.0,1007.0,355.4,693.4,1,0.944,154.0,1,0.904,393.5,1,0.890,0.489,5,0,,,,,,0,325.4,,61.6
2931.956527,TURN,giro de esquina por IMU y reapertura frontal,20,25.00,315.76,PISTA,OK,3,320.0,320.0,986.4,352.4,690.2,1,1.000,152.0,1,0.904,370.5,1,0.918,0.603,5,0,,,,,,0,325.4,,30.3
2932.055995,TURN,giro de esquina por IMU y reapertura frontal,20,25.00,317.10,PISTA,OK,3,326.5,326.5,967.3,349.4,692.6,1,1.000,152.0,1,0.932,370.5,1,0.959,0.737,5,0,,,,,,0,325.4,,64.1
2932.155782,TURN,giro de esquina por IMU y reapertura frontal,20,25.00,317.89,PISTA,OK,3,330.5,330.5,950.9,341.8,689.2,1,1.000,151.0,1,0.959,367.0,1,0.932,0.763,5,0,,,,,,0,325.4,,84.9
2932.254676,TURN,giro de esquina por IMU y reapertura frontal,20,25.00,319.27,PISTA,OK,3,335.0,335.0,935.2,335.9,686.1,1,1.000,150.0,1,0.945,350.5,1,0.890,0.836,5,0,,,,,,0,325.4,,60.2
2932.354572,TURN,giro de esquina por IMU y reapertura frontal,20,25.00,320.77,PISTA,OK,3,340.5,340.5,919.7,330.6,679.1,1,0.972,150.8,1,0.959,340.5,1,0.945,0.899,5,0,,,,,,0,325.4,,83.0
2932.453363,TURN,giro de esquina por IMU y reapertura frontal,20,25.00,322.27,PISTA,OK,3,346.5,346.5,907.9,323.2,680.9,1,0.972,150.0,1,0.932,330.5,1,0.877,0.814,6,0,,,,,,0,325.4,,59.9
2932.553387,TURN,giro de esquina por IMU y reapertura frontal,20,25.00,323.07,PISTA,OK,3,353.0,353.0,889.6,318.1,675.9,1,0.972,150.5,1,0.932,322.0,1,0.863,0.878,6,0,,,,,,0,325.4,,82.4
2932.652649,TURN,giro de esquina por IMU y reapertura frontal,20,25.00,324.60,PISTA,OK,3,359.5,359.5,874.8,312.2,673.3,1,0.972,149.8,1,0.973,317.0,1,0.877,0.882,6,0,,,,,,0,325.4,,60.3
2932.752270,TURN,giro de esquina por IMU y reapertura frontal,20,25.00,326.04,PISTA,OK,3,367.0,367.0,861.4,307.0,670.4,1,1.000,148.8,1,0.986,309.0,1,0.904,0.859,6,0,,,,,,0,325.4,,81.0
2932.851436,TURN,giro de esquina por IMU y reapertura frontal,21,25.00,327.52,PISTA,OK,3,383.0,383.0,848.0,301.7,666.7,1,1.000,149.0,1,1.000,311.0,1,0.904,0.842,6,0,,,,,,0,325.4,,56.9
2932.952549,TURN,giro de esquina por IMU y reapertura frontal,21,25.00,328.32,PISTA,OK,3,388.5,388.5,833.5,297.6,661.0,1,0.917,148.0,1,0.932,303.5,1,0.918,0.871,6,0,,,,,,0,325.4,,83.0
2933.050307,TURN,giro de esquina por IMU y reapertura frontal,21,25.00,329.85,PISTA,OK,3,408.5,408.5,819.6,293.5,657.8,1,1.000,146.0,1,0.973,295.0,1,0.932,0.866,6,0,,,,,,0,325.4,,58.2
2933.151938,TURN,giro de esquina por IMU y reapertura frontal,21,25.00,331.37,PISTA,OK,3,418.0,418.0,806.8,289.4,658.2,1,0.944,144.5,1,0.945,292.5,1,0.849,0.844,5,0,,,,,,0,325.4,,79.5
2933.251482,TURN,giro de esquina por IMU y reapertura frontal,21,25.00,333.01,PISTA,OK,3,434.5,434.5,795.1,286.1,665.6,1,0.972,145.5,1,0.959,289.0,1,0.904,0.850,4,0,,,,,,0,325.4,,59.5
2933.353070,TURN,giro de esquina por IMU y reapertura frontal,21,25.00,334.56,PISTA,OK,3,455.5,455.5,782.5,283.0,670.3,1,0.972,145.0,1,0.959,285.5,1,0.904,0.859,4,0,,,,,,0,325.4,,82.7
2933.452202,TURN,giro de esquina por IMU y reapertura frontal,21,25.00,335.26,PISTA,OK,3,475.0,475.0,771.1,280.5,839.6,1,0.972,145.8,1,0.959,279.5,1,0.945,0.848,3,0,,,,,,0,325.4,,59.4
2933.554418,TURN,giro de esquina por IMU y reapertura frontal,21,25.00,336.80,PISTA,OK,3,484.0,484.0,761.3,278.2,854.4,1,1.000,147.5,1,0.959,273.5,1,0.863,0.854,3,0,,,,,,0,325.4,,81.6
2933.655051,TURN,giro de esquina por IMU y reapertura frontal,22,25.00,338.30,PISTA,OK,3,515.0,515.0,752.8,277.0,842.3,1,0.972,145.0,1,0.959,279.0,1,0.890,0.866,3,0,,,,,,0,325.4,,63.6
2933.755198,TURN,giro de esquina por IMU y reapertura frontal,22,25.00,339.84,PISTA,OK,3,541.5,541.5,742.9,275.6,857.7,1,0.972,145.0,1,0.932,270.0,1,0.890,0.852,3,0,,,,,,0,325.4,,83.4
2933.855274,TURN,giro de esquina por IMU y reapertura frontal,22,25.00,341.50,PISTA,OK,3,560.0,560.0,734.8,274.6,830.2,1,1.000,145.8,1,0.986,272.5,1,0.932,0.851,3,0,,,,,,0,325.4,,62.9
2933.959259,TURN,giro de esquina por IMU y reapertura frontal,22,25.00,343.29,PISTA,OK,3,601.5,601.5,726.0,274.3,875.6,1,0.944,145.2,1,0.932,268.5,1,0.877,0.853,3,0,,,,,,0,325.4,,33.8
2934.056987,TURN,giro de esquina por IMU y reapertura frontal,23,25.00,344.07,PISTA,OK,3,623.0,623.0,717.1,273.7,698.7,1,0.972,145.0,1,0.959,267.8,1,0.890,0.850,3,1,,,,,,0,325.4,,65.7
2934.157555,TURN,giro de esquina por IMU y reapertura frontal,23,25.00,346.00,PISTA,OK,3,692.5,692.5,708.3,274.4,701.4,1,0.861,143.0,1,0.973,267.8,1,0.877,0.844,3,1,,,,,,0,325.4,,31.3
2934.256589,TURN,giro de esquina por IMU y reapertura frontal,24,25.00,347.77,PISTA,OK,3,745.5,745.5,700.2,275.3,614.8,1,0.917,144.2,1,0.959,266.8,1,0.890,0.860,3,1,,,,,,0,325.4,,65.5
2934.355686,TURN,giro de esquina por IMU y reapertura frontal,24,25.00,349.57,PISTA,OK,3,829.5,829.5,692.6,277.1,592.7,1,0.889,144.2,1,0.932,270.0,1,0.918,0.857,3,1,,,,,,0,325.4,,85.0
2934.456053,CRUISE,esquina 4 verificada,25,21.00,351.46,PISTA,OK,4,886.5,886.5,686.8,279.1,563.2,1,0.861,144.5,1,0.945,270.0,1,0.945,0.888,3,1,,,,,,0,325.4,,62.5
2934.554888,AVOID_APPROACH,pure-pursuit al punto de paso del pilar 83,25,25.00,352.48,PISTA,OK,4,931.5,931.5,676.4,281.2,527.5,1,0.889,145.0,1,0.932,272.5,1,0.890,0.858,2,1,83,VERDE,-407.6,769.7,0.000,1,325.4,,82.4
2934.654470,AVOID_APPROACH,pure-pursuit al punto de paso del pilar 83,25,25.00,354.54,PISTA,OK,4,1841.5,1841.5,667.9,284.2,493.1,1,0.861,146.8,1,0.932,276.5,1,0.932,0.769,2,1,83,VERDE,-384.0,770.5,0.000,1,325.4,,62.1
2934.753842,AVOID_APPROACH,pure-pursuit al punto de paso del pilar 83,25,25.00,356.43,PISTA,OK,4,1834.5,1834.5,661.8,288.1,485.3,1,0.806,147.8,1,0.932,278.0,1,0.918,0.788,2,1,83,VERDE,-356.9,773.7,0.000,1,325.4,,80.8
2934.853432,AVOID_APPROACH,pure-pursuit al punto de paso del pilar 83,25,25.00,358.49,PISTA,OK,4,1828.0,1828.0,654.8,291.8,460.8,1,0.889,148.0,1,0.945,283.0,1,0.945,0.770,2,1,83,VERDE,-322.1,781.9,0.000,1,325.4,,59.8
2934.953710,AVOID_APPROACH,pure-pursuit al punto de paso del pilar 83,25,25.00,359.54,PISTA,OK,4,1823.0,1823.0,649.0,296.4,460.4,1,0.889,149.5,1,0.973,286.5,1,0.932,0.745,2,1,83,VERDE,-293.1,783.7,0.000,1,325.4,,82.2
2935.052295,AVOID_APPROACH,pure-pursuit al punto de paso del pilar 83,25,25.00,361.63,PISTA,OK,4,1816.0,1816.0,642.3,301.4,432.9,1,0.917,150.5,1,0.986,296.5,1,0.959,0.719,2,1,83,VERDE,-260.4,790.4,0.000,1,325.4,,61.1
2935.153418,AVOID_APPROACH,pure-pursuit al punto de paso del pilar 83,25,25.00,363.58,PISTA,OK,4,1813.0,1813.0,646.1,306.9,435.0,1,0.917,152.0,1,0.959,302.0,1,0.945,0.819,3,1,83,VERDE,-234.6,789.9,0.000,1,325.4,,82.5
2935.251212,AVOID_APPROACH,pure-pursuit al punto de paso del pilar 83,25,25.00,365.62,PISTA,OK,4,1805.5,1805.5,642.3,312.8,416.9,1,0.889,151.5,1,0.945,306.0,1,0.945,0.816,3,1,83,VERDE,-212.3,783.5,0.000,1,325.4,,58.7
2935.351784,AVOID_APPROACH,pure-pursuit al punto de paso del pilar 83,25,24.68,366.65,PISTA,OK,4,1797.5,1797.5,631.1,318.7,406.3,1,0.972,153.5,1,0.932,308.8,1,1.000,0.671,4,1,83,VERDE,-180.8,782.8,0.000,1,325.4,,78.2
2935.450983,AVOID_APPROACH,pure-pursuit al punto de paso del pilar 83,24,23.03,368.68,PISTA,OK,4,800.5,1790.5,626.6,325.7,155.4,1,0.917,154.2,1,0.904,314.5,1,0.959,0.670,4,1,83,VERDE,-152.9,780.8,0.000,1,325.4,,57.8
2935.552498,AVOID_APPROACH,pure-pursuit al punto de paso del pilar 83,24,21.13,370.65,PISTA,OK,4,781.0,1784.5,624.7,333.6,392.8,1,0.917,157.0,1,0.932,319.8,1,0.986,0.676,4,1,83,VERDE,-121.3,777.0,0.000,1,325.4,,82.9
2935.652646,AVOID_APPROACH,pure-pursuit al punto de paso del pilar 83,24,19.68,372.55,PISTA,OK,4,774.5,1780.0,622.5,341.8,154.0,1,0.917,159.0,1,0.904,326.0,1,0.959,0.670,4,1,83,VERDE,-97.3,772.6,0.000,1,325.4,,56.8
2935.752505,AVOID_APPROACH,pure-pursuit al punto de paso del pilar 83,24,17.65,373.61,PISTA,OK,4,767.0,1775.5,619.6,351.2,153.4,1,0.944,160.8,1,0.945,332.5,1,0.986,0.665,4,1,83,VERDE,-65.5,768.4,0.000,1,325.4,,81.7
2935.853946,AVOID_APPROACH,pure-pursuit al punto de paso del pilar 83,24,15.50,375.39,PISTA,OK,4,760.0,1775.5,632.3,360.9,153.8,1,0.944,163.2,1,0.877,339.0,1,1.000,0.831,4,1,83,VERDE,-32.7,763.4,0.000,1,325.4,,62.2
2935.953905,AVOID_APPROACH,pure-pursuit al punto de paso del pilar 83,24,14.05,377.48,PISTA,OK,4,755.0,1250.0,700.7,372.8,155.0,1,0.972,164.2,1,0.918,346.5,1,1.000,0.243,3,1,83,VERDE,-10.9,758.6,0.000,1,325.4,,82.4
2936.053665,AVOID_APPROACH,pure-pursuit al punto de paso del pilar 83,24,12.18,379.61,PISTA,OK,4,752.5,752.5,694.0,385.4,369.4,1,0.889,166.8,1,0.904,354.5,1,0.986,0.378,3,1,83,VERDE,17.3,748.9,0.100,1,325.4,,61.1
2936.155407,AVOID_APPROACH,pure-pursuit al punto de paso del pilar 83,24,11.66,380.67,PISTA,OK,4,744.5,1238.0,725.5,398.9,380.5,1,0.889,171.0,1,0.918,361.5,1,0.986,0.222,3,1,83,VERDE,24.8,747.4,0.000,1,325.4,,83.3
2936.255606,AVOID_APPROACH,pure-pursuit al punto de paso del pilar 83,24,9.30,382.42,PISTA,OK,4,738.0,1230.0,720.5,413.6,144.8,1,0.944,173.0,1,0.863,370.0,1,1.000,0.224,4,1,83,VERDE,58.1,738.5,0.000,1,325.4,,64.1
2936.355129,AVOID_APPROACH,pure-pursuit al punto de paso del pilar 83,24,7.97,384.42,PISTA,OK,4,729.5,1222.0,715.6,426.8,145.0,1,0.944,175.5,1,0.932,376.5,1,0.986,0.282,4,1,83,VERDE,76.8,729.9,0.000,1,325.4,,84.8
2936.455099,AVOID_APPROACH,pure-pursuit al punto de paso del pilar 83,23,5.78,386.40,PISTA,OK,4,722.5,946.5,701.1,442.9,148.9,1,0.972,179.2,1,0.932,383.8,1,0.986,0.434,3,1,83,VERDE,106.3,718.7,0.000,1,325.4,,62.2
2936.554150,AVOID_APPROACH,pure-pursuit al punto de paso del pilar 83,23,3.67,387.42,PISTA,OK,4,719.0,897.5,718.4,460.0,152.0,1,0.972,185.0,1,0.877,392.0,1,1.000,0.342,3,1,83,VERDE,133.7,706.3,0.000,1,325.4,,82.9
2936.653919,AVOID_APPROACH,pure-pursuit al punto de paso del pilar 83,25,1.59,389.07,PISTA,OK,4,876.5,876.5,704.8,478.3,154.8,1,0.972,188.2,1,0.890,400.2,1,1.000,0.474,3,1,83,VERDE,159.9,690.9,0.000,1,325.4,,62.7
2936.753783,AVOID_APPROACH,pure-pursuit al punto de paso del pilar 83,25,0.14,390.20,PISTA,OK,4,845.0,845.0,690.4,493.0,158.9,1,1.000,193.0,1,0.945,407.0,1,1.000,0.595,4,1,83,VERDE,177.3,679.3,0.000,1,325.4,,82.3
2936.853304,AVOID_APPROACH,pure-pursuit al punto de paso del pilar 83,24,-1.01,391.18,PISTA,OK,4,814.5,814.5,672.2,506.8,164.2,1,1.000,198.5,1,0.986,413.8,1,1.000,0.723,4,2,83,VERDE,190.8,667.8,0.000,1,325.4,,56.0
2936.954523,AVOID_APPROACH,pure-pursuit al punto de paso del pilar 83,24,-2.02,391.47,PISTA,OK,4,795.0,795.0,649.2,520.8,169.6,1,1.000,205.8,1,0.918,422.0,1,1.000,0.884,4,2,83,VERDE,202.1,655.1,0.000,1,325.4,,83.2
2937.054579,AVOID_APPROACH,pure-pursuit al punto de paso del pilar 83,24,-2.86,391.97,PISTA,OK,4,792.5,792.5,641.9,532.5,176.5,1,1.000,214.0,1,0.959,428.5,1,1.000,0.923,4,2,83,VERDE,211.1,642.8,0.000,1,325.4,,62.7
2937.153675,AVOID_APPROACH,pure-pursuit al punto de paso del pilar 83,24,-3.06,392.29,PISTA,OK,4,782.8,782.8,636.3,543.1,181.4,1,1.000,221.5,1,0.945,435.2,1,1.000,0.916,4,2,83,VERDE,212.8,632.4,0.000,1,325.4,,83.2
2937.253656,AVOID_APPROACH,pure-pursuit al punto de paso del pilar 83,24,-3.44,392.46,PISTA,OK,4,761.5,761.5,631.9,552.0,188.4,1,0.972,227.8,1,0.959,440.5,1,1.000,0.909,4,2,83,VERDE,216.4,622.1,0.000,1,325.4,,61.8
2937.352970,AVOID_APPROACH,pure-pursuit al punto de paso del pilar 83,24,-3.40,392.50,PISTA,OK,4,743.5,743.5,625.0,559.8,193.3,1,0.972,236.0,1,0.945,446.5,1,1.000,0.909,4,2,83,VERDE,215.5,614.2,0.000,1,325.4,,82.5
2937.452500,AVOID_APPROACH,pure-pursuit al punto de paso del pilar 83,24,-3.72,392.60,PISTA,OK,4,738.0,738.0,619.0,567.6,200.7,1,0.972,244.5,1,0.959,450.5,1,1.000,0.904,4,2,83,VERDE,218.3,604.8,0.000,1,325.4,,61.5
2937.552340,AVOID_APPROACH,pure-pursuit al punto de paso del pilar 83,24,-4.05,392.59,PISTA,OK,4,733.0,733.0,611.6,574.5,208.5,1,0.972,250.5,1,0.945,457.0,1,1.000,0.914,4,2,83,VERDE,221.2,595.2,0.000,1,325.4,,80.8
2937.653319,AVOID_APPROACH,pure-pursuit al punto de paso del pilar 83,23,-4.16,392.59,PISTA,OK,4,720.0,720.0,607.7,581.6,220.5,1,0.972,260.0,1,0.945,461.5,1,1.000,0.893,4,2,83,VERDE,221.7,586.6,0.000,1,325.4,,60.5
2937.751593,AVOID_APPROACH,pure-pursuit al punto de paso del pilar 83,23,-4.25,392.61,PISTA,OK,4,719.5,719.5,601.4,587.9,230.1,1,0.944,267.5,1,0.959,468.5,1,1.000,0.886,3,2,83,VERDE,221.9,578.1,0.000,1,325.4,,80.4
2937.850564,AVOID_APPROACH,pure-pursuit al punto de paso del pilar 83,23,-4.23,392.57,PISTA,OK,4,714.8,714.8,593.4,594.2,237.7,1,0.972,274.5,1,0.959,472.8,1,1.000,0.909,3,2,83,VERDE,221.1,568.7,0.000,1,325.4,,59.8
2937.953139,AVOID_APPROACH,pure-pursuit al punto de paso del pilar 83,23,-4.43,392.52,PISTA,OK,4,703.0,703.0,591.8,598.4,244.7,1,0.972,282.5,1,0.973,476.8,1,1.000,0.816,3,2,83,VERDE,222.5,561.3,0.000,1,325.4,,83.2
2938.049738,AVOID_APPROACH,pure-pursuit al punto de paso del pilar 83,23,-4.29,392.49,PISTA,OK,4,700.5,700.5,586.1,603.2,252.3,1,1.000,288.5,1,0.973,482.8,1,1.000,0.776,3,2,83,VERDE,220.4,552.9,0.000,1,325.4,,55.7
2938.149936,AVOID_APPROACH,pure-pursuit al punto de paso del pilar 83,23,-4.55,392.47,PISTA,OK,4,684.0,684.0,578.9,609.1,261.4,1,0.944,296.0,1,0.918,489.0,1,1.000,0.757,3,2,83,VERDE,222.3,544.5,0.000,1,325.4,,80.9
2938.250465,AVOID_APPROACH,pure-pursuit al punto de paso del pilar 83,23,-4.42,392.39,PISTA,OK,4,677.5,677.5,573.0,614.7,271.3,1,1.000,304.5,1,0.986,493.0,1,1.000,0.727,3,2,83,VERDE,220.5,536.9,0.000,1,325.4,,59.8
2938.350966,AVOID_APPROACH,pure-pursuit al punto de paso del pilar 83,23,-4.78,392.29,PISTA,OK,4,678.8,678.8,566.9,620.5,280.9,1,0.944,312.5,1,0.945,498.0,1,1.000,0.735,3,2,83,VERDE,223.1,527.7,0.000,1,325.4,,79.5
2938.448191,AVOID_APPROACH,pure-pursuit al punto de paso del pilar 83,23,-4.68,392.21,PISTA,OK,4,672.0,672.0,558.1,626.9,290.5,1,0.944,320.5,1,0.959,503.5,1,1.000,0.748,3,2,83,VERDE,221.5,519.6,0.000,1,325.4,,58.0
2938.549651,AVOID_APPROACH,pure-pursuit al punto de paso del pilar 83,23,-4.48,392.10,PISTA,OK,4,671.0,671.0,553.8,632.4,299.1,1,0.944,330.0,1,0.945,509.5,1,1.000,0.718,3,2,83,VERDE,219.0,511.5,0.000,1,325.4,,82.1
2938.649300,AVOID_APPROACH,pure-pursuit al punto de paso del pilar 83,23,-4.76,392.03,PISTA,OK,4,657.0,657.0,539.1,640.7,307.2,1,0.944,336.2,1,0.945,514.0,1,1.000,0.903,3,2,83,VERDE,220.9,502.6,0.000,1,325.4,,58.7
2938.749663,AVOID_APPROACH,pure-pursuit al punto de paso del pilar 83,23,-4.41,391.92,PISTA,OK,4,657.0,657.0,531.7,643.3,314.9,1,0.972,344.8,1,0.973,520.0,1,1.000,0.847,3,2,83,VERDE,217.2,495.4,0.000,1,325.4,,79.0
2938.850741,AVOID_APPROACH,pure-pursuit al punto de paso del pilar 83,23,-4.79,391.80,PISTA,OK,4,646.5,646.5,526.5,652.1,325.4,1,0.944,351.0,1,0.959,524.5,1,1.000,0.897,3,2,83,VERDE,220.0,489.2,0.000,1,325.4,,60.2
2938.951292,AVOID_APPROACH,pure-pursuit al punto de paso del pilar 83,23,-4.29,391.74,PISTA,OK,4,642.0,642.0,519.3,656.5,332.4,1,0.944,358.5,1,0.973,528.2,1,1.000,0.900,3,2,83,VERDE,215.0,479.3,0.000,1,325.4,,81.1
2939.051031,AVOID_APPROACH,pure-pursuit al punto de paso del pilar 83,23,-4.34,391.65,PISTA,OK,4,638.0,638.0,514.4,655.2,341.7,1,0.944,366.5,1,0.945,533.5,1,1.000,0.727,3,2,83,VERDE,214.8,470.8,0.000,1,325.4,,60.8
2939.151501,AVOID_APPROACH,pure-pursuit al punto de paso del pilar 83,23,-4.58,391.54,PISTA,OK,4,630.2,630.2,507.7,660.7,352.0,1,0.944,375.0,1,0.945,537.5,1,1.000,0.734,3,2,83,VERDE,216.0,462.2,0.000,1,325.4,,79.1
2939.252810,AVOID_APPROACH,pure-pursuit al punto de paso del pilar 83,23,-4.20,391.42,PISTA,OK,4,618.0,618.0,501.4,665.5,359.0,1,0.944,382.0,1,0.959,542.8,1,1.000,0.732,3,2,83,VERDE,212.2,453.0,0.000,1,325.4,,59.8
2939.352811,AVOID_APPROACH,pure-pursuit al punto de paso del pilar 83,23,-3.97,391.34,PISTA,OK,4,615.5,615.5,495.2,671.9,367.9,1,0.944,391.5,1,0.973,547.5,1,1.000,0.740,3,2,83,VERDE,210.1,446.9,0.000,1,325.4,,80.9
2939.452184,AVOID_APPROACH,pure-pursuit al punto de paso del pilar 83,22,-4.54,391.25,PISTA,OK,4,604.5,604.5,501.3,676.7,377.3,1,0.944,399.0,1,0.918,553.0,1,1.000,0.511,3,2,83,VERDE,213.9,439.1,0.000,1,325.4,,61.8
2939.553323,AVOID_APPROACH,pure-pursuit al punto de paso del pilar 83,22,-4.04,391.14,PISTA,OK,4,603.0,603.0,494.0,681.7,382.2,1,0.944,404.2,1,0.973,556.8,1,1.000,0.539,3,2,83,VERDE,209.4,429.8,0.000,1,325.4,,82.1
2939.653127,AVOID_APPROACH,pure-pursuit al punto de paso del pilar 83,22,-4.62,391.00,PISTA,OK,4,591.5,591.5,486.4,685.3,392.8,1,0.917,413.0,1,0.945,561.5,1,1.000,0.513,3,2,83,VERDE,213.2,423.1,0.000,1,325.4,,62.0
2939.753048,AVOID_APPROACH,pure-pursuit al punto de paso del pilar 83,22,-4.00,390.95,PISTA,OK,4,589.0,589.0,480.2,690.9,402.3,1,0.944,423.0,1,0.945,567.0,1,1.000,0.523,3,2,83,VERDE,207.9,414.2,0.000,1,325.4,,83.4
2939.851748,AVOID_APPROACH,pure-pursuit al punto de paso del pilar 83,22,-4.70,390.80,PISTA,OK,4,584.0,584.0,472.2,695.4,410.9,1,0.944,432.0,1,0.959,571.5,1,1.000,0.548,3,2,83,VERDE,212.5,407.8,0.000,1,325.4,,61.1
2939.951471,AVOID_APPROACH,pure-pursuit al punto de paso del pilar 83,22,-3.92,390.68,PISTA,OK,4,583.5,583.5,465.9,699.9,521.8,1,0.944,452.5,1,0.959,576.0,1,1.000,0.543,3,2,83,VERDE,206.4,399.7,0.000,1,325.4,,79.2
2940.050462,AVOID_APPROACH,pure-pursuit al punto de paso del pilar 83,22,-4.33,390.56,PISTA,OK,4,582.5,582.5,459.8,705.4,527.1,1,0.972,447.0,1,0.945,579.5,1,1.000,0.536,3,2,83,VERDE,208.7,393.0,0.000,1,325.4,,59.1
2940.150351,AVOID_APPROACH,pure-pursuit al punto de paso del pilar 83,22,-4.24,390.48,PISTA,OK,4,566.5,566.5,449.5,709.3,532.4,1,0.944,440.0,1,0.945,584.0,1,1.000,0.635,3,2,83,VERDE,207.4,383.6,0.000,1,325.4,,80.1
2940.249835,AVOID_APPROACH,pure-pursuit al punto de paso del pilar 83,22,-3.85,390.39,PISTA,OK,4,568.0,568.0,436.6,716.3,534.5,1,0.972,438.5,1,0.959,588.2,1,1.000,0.803,3,2,83,VERDE,204.4,377.0,0.000,1,325.4,,60.2
2940.351457,AVOID_APPROACH,pure-pursuit al punto de paso del pilar 83,22,-4.44,390.27,PISTA,OK,4,558.0,558.0,430.2,715.2,542.3,1,1.000,426.0,1,0.945,592.0,1,1.000,0.714,3,2,83,VERDE,207.6,368.7,0.000,1,325.4,,79.8
2940.448799,AVOID_APPROACH,pure-pursuit al punto de paso del pilar 83,22,-3.96,390.15,PISTA,OK,4,560.0,560.0,424.3,718.4,543.9,1,1.000,420.5,1,1.000,597.0,1,1.000,0.693,3,2,83,VERDE,204.0,361.3,0.000,1,325.4,,59.0
2940.549069,AVOID_APPROACH,pure-pursuit al punto de paso del pilar 83,22,-3.76,390.08,PISTA,OK,4,547.0,547.0,422.6,728.5,548.4,1,1.000,418.5,1,0.959,601.5,1,1.000,0.705,3,2,83,VERDE,202.2,352.5,0.000,1,325.4,,80.7
2940.649425,AVOID_APPROACH,pure-pursuit al punto de paso del pilar 83,22,-3.81,389.96,PISTA,OK,4,539.0,539.0,416.9,729.8,555.0,1,1.000,410.0,1,0.959,605.0,1,1.000,0.663,3,2,83,VERDE,202.0,345.2,0.000,1,325.4,,59.0
2940.747844,AVOID_APPROACH,pure-pursuit al punto de paso del pilar 83,22,-3.64,389.86,PISTA,OK,4,541.5,541.5,409.6,735.8,558.5,1,1.000,410.8,1,0.959,609.5,1,1.000,0.747,3,2,83,VERDE,200.6,339.4,0.000,1,325.4,,78.4
2940.847067,AVOID_APPROACH,pure-pursuit al punto de paso del pilar 83,22,-3.54,389.74,PISTA,OK,4,528.5,528.5,403.6,741.6,563.2,1,1.000,401.5,1,1.000,614.5,1,1.000,0.780,3,2,83,VERDE,199.4,330.0,0.000,1,325.4,,57.5
2940.949392,AVOID_APPROACH,pure-pursuit al punto de paso del pilar 83,22,-3.33,389.68,PISTA,OK,4,531.0,531.0,396.6,745.3,568.9,1,1.000,405.0,1,0.945,620.0,1,1.000,0.778,3,2,83,VERDE,197.7,322.4,0.000,1,325.4,,82.7
2941.045854,AVOID_APPROACH,pure-pursuit al punto de paso del pilar 83,22,-3.50,389.57,PISTA,OK,4,524.5,524.5,390.8,749.7,573.0,1,1.000,393.0,1,0.959,623.5,1,1.000,0.800,3,2,83,VERDE,198.3,315.4,0.000,1,325.4,,56.1
2941.147391,AVOID_APPROACH,pure-pursuit al punto de paso del pilar 83,22,-3.07,389.43,PISTA,OK,4,520.0,520.0,385.5,754.0,573.8,1,1.000,390.5,1,0.945,627.5,1,1.000,0.791,3,2,83,VERDE,195.6,309.1,0.000,1,325.4,,79.6
2941.246498,AVOID_APPROACH,pure-pursuit al punto de paso del pilar 83,22,-3.20,389.29,PISTA,OK,4,509.5,509.5,379.8,758.5,581.2,1,1.000,380.5,1,0.959,632.0,1,1.000,0.805,2,2,83,VERDE,195.8,300.0,0.000,1,325.4,,56.8
2941.345107,AVOID_APPROACH,pure-pursuit al punto de paso del pilar 83,22,-3.20,389.17,PISTA,OK,4,517.5,517.5,373.0,762.8,586.9,1,1.000,373.5,1,0.945,636.5,1,1.000,0.810,2,2,83,VERDE,195.4,292.8,0.000,1,325.4,,78.4
2941.445918,AVOID_APPROACH,pure-pursuit al punto de paso del pilar 83,22,-3.00,389.11,PISTA,OK,4,495.0,495.0,367.1,767.3,592.9,1,1.000,366.5,1,0.918,640.5,1,1.000,0.816,2,2,83,VERDE,194.0,286.9,0.000,1,325.4,,56.6
2941.546341,AVOID_PASS,manteniendo rumbo mientras pasa el pilar 83,21,0.00,388.98,PISTA,OK,4,490.0,490.0,361.8,765.1,596.8,1,1.000,362.5,1,0.973,644.2,1,1.000,0.710,2,2,83,VERDE,195.7,278.4,0.000,1,0.0,,78.5
2941.645922,AVOID_PASS,manteniendo rumbo mientras pasa el pilar 83,21,0.13,388.85,PISTA,OK,4,487.0,487.0,371.6,765.5,597.8,1,1.000,354.5,1,0.932,649.0,1,1.000,0.219,2,2,83,VERDE,192.8,271.8,0.000,1,8.4,,55.6
2941.747826,AVOID_PASS,manteniendo rumbo mientras pasa el pilar 83,21,0.18,388.80,PISTA,OK,4,480.5,480.5,350.0,776.0,605.8,1,1.000,349.5,1,0.973,652.2,1,1.000,0.780,2,2,83,VERDE,192.5,264.8,0.000,1,16.9,,81.3
2941.847082,AVOID_PASS,manteniendo rumbo mientras pasa el pilar 83,21,0.24,388.74,PISTA,OK,4,475.0,475.0,344.8,774.2,610.3,1,1.000,344.0,1,0.945,656.5,1,1.000,0.693,2,2,83,VERDE,193.2,257.1,0.000,1,25.3,,54.5
2941.947395,AVOID_PASS,manteniendo rumbo mientras pasa el pilar 83,21,0.33,388.65,PISTA,OK,4,466.0,466.0,340.5,778.9,610.5,1,1.000,345.0,1,0.918,660.2,1,1.000,0.690,2,2,83,VERDE,191.6,252.0,0.000,1,33.7,,81.2
2942.048434,AVOID_PASS,manteniendo rumbo mientras pasa el pilar 83,21,0.41,388.57,PISTA,OK,4,462.0,462.0,335.0,795.6,616.6,1,1.000,335.0,1,0.904,664.0,1,1.000,0.860,2,2,83,VERDE,192.3,243.7,0.000,1,42.2,,57.9
2942.149092,AVOID_PASS,manteniendo rumbo mientras pasa el pilar 83,21,0.44,388.54,PISTA,OK,4,461.5,461.5,329.6,788.7,619.7,1,1.000,330.0,1,0.973,668.5,1,1.000,0.739,2,2,83,VERDE,192.5,236.3,0.000,1,50.6,,74.1
2942.248436,AVOID_PASS,manteniendo rumbo mientras pasa el pilar 83,21,0.49,388.49,PISTA,OK,4,447.0,447.0,324.8,792.6,624.2,1,1.000,325.5,1,0.932,673.0,1,1.000,0.734,2,2,83,VERDE,192.7,228.2,0.000,1,59.0,,58.7
2942.348890,AVOID_PASS,manteniendo rumbo mientras pasa el pilar 83,21,0.55,388.43,PISTA,OK,4,449.0,449.0,320.2,803.1,627.1,1,1.000,320.0,1,0.932,677.0,1,1.000,0.811,2,2,83,VERDE,192.6,221.3,0.000,1,67.4,,79.1
2942.449372,AVOID_PASS,manteniendo rumbo mientras pasa el pilar 83,21,0.63,388.35,PISTA,OK,4,446.0,446.0,315.5,808.6,630.7,1,1.000,315.0,1,0.890,679.5,1,1.000,0.822,2,2,83,VERDE,192.7,214.9,0.000,1,75.9,,57.4
2942.549484,AVOID_PASS,manteniendo rumbo mientras pasa el pilar 83,21,0.70,388.28,PISTA,OK,4,443.0,443.0,310.2,810.2,636.1,1,1.000,311.0,1,0.890,682.8,1,1.000,0.785,2,2,83,VERDE,195.0,208.0,0.000,1,84.3,,81.1
2942.647014,AVOID_PASS,manteniendo rumbo mientras pasa el pilar 83,21,0.77,388.21,PISTA,OK,4,434.5,434.5,305.5,816.3,637.7,1,1.000,302.5,1,0.890,688.5,1,1.000,0.875,2,2,83,VERDE,190.6,201.7,0.000,1,92.5,,56.0
2942.748808,AVOID_PASS,manteniendo rumbo mientras pasa el pilar 83,21,0.86,388.12,PISTA,OK,4,424.0,424.0,300.3,822.3,648.4,1,1.000,307.0,1,0.890,692.5,1,1.000,0.912,2,2,83,VERDE,194.7,193.5,0.000,1,101.0,,78.9
2942.847651,AVOID_PASS,manteniendo rumbo mientras pasa el pilar 83,21,0.93,388.05,PISTA,OK,4,416.0,416.0,295.7,827.0,650.4,1,1.000,298.5,1,0.932,696.5,1,1.000,0.931,2,2,83,VERDE,193.9,186.6,0.000,1,109.3,,57.9
2942.946698,AVOID_PASS,manteniendo rumbo mientras pasa el pilar 83,21,1.02,387.96,PISTA,OK,4,413.5,413.5,290.6,830.8,658.6,1,1.000,293.5,1,0.890,699.2,1,1.000,0.936,2,2,83,VERDE,195.1,178.2,0.000,1,117.6,,79.4
2943.046782,AVOID_PASS,manteniendo rumbo mientras pasa el pilar 83,23,1.04,387.94,PISTA,OK,4,674.5,1369.0,285.8,834.8,658.2,1,1.000,283.5,1,0.877,705.0,1,1.000,0.911,2,2,83,VERDE,193.4,172.6,0.000,1,126.0,,57.4
2943.146751,AVOID_PASS,manteniendo rumbo mientras pasa el pilar 83,23,1.14,387.84,PISTA,OK,4,667.0,1362.5,281.7,838.9,660.9,1,1.000,287.5,1,0.877,708.8,1,1.000,0.923,2,2,83,VERDE,190.2,165.5,0.000,1,135.2,,79.0
2943.244392,AVOID_PASS,manteniendo rumbo mientras pasa el pilar 83,23,1.21,387.77,PISTA,OK,4,659.0,1353.0,276.0,843.5,667.6,1,1.000,271.0,1,0.918,713.5,1,1.000,0.916,2,2,83,VERDE,192.7,156.4,0.000,1,144.2,,54.6
2943.345640,AVOID_PASS,manteniendo rumbo mientras pasa el pilar 83,23,1.24,387.74,PISTA,OK,4,651.5,1347.5,271.2,847.1,671.7,1,1.000,274.5,1,0.918,717.0,1,1.000,0.902,2,2,83,VERDE,192.7,148.7,0.000,1,153.5,,82.0
2943.445004,AVOID_PASS,manteniendo rumbo mientras pasa el pilar 83,23,1.33,387.65,PISTA,OK,4,643.0,1342.0,266.1,851.8,676.6,1,1.000,268.5,1,0.836,721.5,1,1.000,0.906,2,2,83,VERDE,191.1,142.5,0.000,1,162.7,,55.9
2943.544659,AVOID_PASS,manteniendo rumbo mientras pasa el pilar 83,23,1.39,387.59,PISTA,OK,4,634.5,1335.0,259.9,857.6,679.9,1,0.972,256.0,1,0.877,727.5,1,0.986,0.915,2,2,83,VERDE,188.7,136.7,0.000,1,171.8,,80.2
2943.643945,AVOID_PASS,manteniendo rumbo mientras pasa el pilar 83,23,1.44,387.54,PISTA,OK,4,626.5,1320.5,256.1,866.5,684.4,1,1.000,262.2,1,0.836,731.5,1,1.000,0.901,2,2,83,VERDE,192.8,125.9,0.000,1,181.0,,54.3
2943.744655,AVOID_PASS,manteniendo rumbo mientras pasa el pilar 83,23,1.51,387.47,PISTA,OK,4,619.0,1310.5,250.4,867.9,688.9,1,1.000,250.5,1,0.822,735.0,1,1.000,0.847,2,2,83,VERDE,192.6,116.9,0.101,1,190.2,,81.3
2943.843624,AVOID_PASS,manteniendo rumbo mientras pasa el pilar 83,23,1.55,387.41,PISTA,OK,4,611.5,1311.5,245.4,768.2,693.4,1,1.000,253.0,1,0.863,740.0,1,1.000,0.213,2,2,83,VERDE,192.6,107.9,0.200,1,199.3,,56.0
2943.945214,AVOID_PASS,manteniendo rumbo mientras pasa el pilar 83,22,1.61,387.37,PISTA,OK,4,602.5,1299.5,240.0,769.7,699.1,1,1.000,242.5,1,0.808,744.0,1,1.000,0.214,2,2,83,VERDE,192.4,98.8,0.301,1,208.7,,81.1
2944.044883,AVOID_PASS,manteniendo rumbo mientras pasa el pilar 83,22,1.71,387.27,PISTA,OK,4,593.5,1293.5,235.4,775.8,700.0,1,1.000,241.5,1,0.836,748.5,1,1.000,0.211,2,2,83,VERDE,192.3,90.3,0.401,1,217.5,,55.7
2944.145375,AVOID_PASS,manteniendo rumbo mientras pasa el pilar 83,22,1.80,387.18,PISTA,OK,4,586.5,1279.5,230.4,792.2,706.5,1,1.000,234.5,1,0.863,752.5,1,1.000,0.240,2,2,83,VERDE,192.3,90.3,0.401,0,226.3,,81.1
2944.246250,AVOID_PASS,manteniendo rumbo mientras pasa el pilar 83,22,0.76,387.12,PISTA,OK,4,578.0,1275.5,224.7,801.5,711.8,1,1.000,224.5,1,0.808,756.5,1,1.000,0.268,2,2,83,VERDE,192.3,90.3,0.401,0,235.2,,52.1
2944.348524,AVOID_PASS,manteniendo rumbo mientras pasa el pilar 83,22,-0.04,387.07,PISTA,OK,4,570.0,1271.5,220.7,785.3,712.3,1,1.000,220.5,1,0.795,761.5,1,1.000,0.213,2,2,83,VERDE,192.3,90.3,0.401,0,244.2,,82.5
2944.446179,AVOID_PASS,manteniendo rumbo mientras pasa el pilar 83,22,-1.11,387.01,PISTA,OK,4,561.5,1257.5,215.3,809.1,723.3,1,1.000,227.5,1,0.767,765.5,1,1.000,0.280,2,2,83,VERDE,192.3,90.3,0.401,0,252.8,,57.8
2944.547991,AVOID_PASS,manteniendo rumbo mientras pasa el pilar 83,22,-1.91,386.96,PISTA,OK,4,553.5,1334.0,211.2,818.6,724.1,1,1.000,213.0,1,0.836,770.2,1,1.000,0.317,2,2,83,VERDE,192.3,90.3,0.401,0,261.7,,83.1
2944.647125,AVOID_PASS,manteniendo rumbo mientras pasa el pilar 83,22,-2.78,386.89,PISTA,OK,4,545.0,1247.0,206.8,811.2,724.9,1,1.000,215.2,1,0.767,774.5,1,1.000,0.240,2,2,83,VERDE,192.3,90.3,0.401,0,270.5,,59.3
2944.748029,AVOID_PASS,manteniendo rumbo mientras pasa el pilar 83,22,-3.65,386.88,PISTA,OK,4,537.0,1238.0,202.7,852.3,735.2,1,1.000,204.5,1,0.753,778.5,1,1.000,0.454,2,2,83,VERDE,192.3,90.3,0.401,0,279.3,,82.9
2944.846214,AVOID_PASS,manteniendo rumbo mientras pasa el pilar 83,22,-4.42,386.79,PISTA,OK,4,530.0,1305.5,198.7,856.1,730.7,1,1.000,204.0,1,0.808,781.5,1,1.000,0.460,1,1,83,VERDE,192.3,90.3,0.401,0,288.0,,56.4
2944.946494,AVOID_PASS,manteniendo rumbo mientras pasa el pilar 83,22,-5.18,386.70,PISTA,OK,4,523.0,1304.5,194.8,911.9,738.1,1,1.000,201.5,1,0.781,787.0,1,1.000,0.836,1,1,83,VERDE,192.3,90.3,0.401,0,296.8,,81.4
2945.045955,AVOID_PASS,manteniendo rumbo mientras pasa el pilar 83,22,-6.09,386.60,PISTA,OK,4,513.0,1295.0,190.3,904.5,741.7,1,1.000,188.5,1,0.726,224.0,1,1.000,0.749,1,1,83,VERDE,192.3,90.3,0.401,0,305.6,,56.1
2945.146994,AVOID_PASS,manteniendo rumbo mientras pasa el pilar 83,22,-7.01,386.49,PISTA,OK,4,505.0,1285.5,185.8,903.4,746.2,1,1.000,186.5,1,0.726,204.0,1,1.000,0.747,1,1,83,VERDE,192.3,90.3,0.401,0,314.4,,83.1
2945.244799,RECENTER,reincorporacion tras 323 mm de sobrepaso estimado,22,-11.01,386.45,PISTA,OK,4,497.0,1279.5,180.0,927.5,752.0,1,1.000,174.5,1,0.781,193.5,1,1.000,0.858,1,1,83,VERDE,192.3,90.3,0.401,0,323.1,,57.0
2945.345346,RECENTER,reincorporando por posicion lateral,21,-13.30,386.46,PISTA,OK,4,490.0,1266.5,175.6,823.5,752.4,1,0.972,177.0,1,0.712,184.5,1,0.973,0.215,1,1,83,VERDE,192.3,90.3,0.401,0,323.1,,80.9
2945.445517,RECENTER,reincorporando por posicion lateral,21,-17.30,386.32,PISTA,OK,4,480.0,1257.0,170.5,907.7,758.1,1,0.944,163.0,1,0.658,176.5,1,0.959,0.679,1,1,83,VERDE,192.3,90.3,0.401,0,323.1,,56.1
2945.543872,RECENTER,reincorporando por posicion lateral,21,-20.00,385.52,PISTA,OK,4,473.0,1248.5,167.4,914.2,764.7,1,0.972,161.5,1,0.671,174.0,1,0.973,0.718,1,1,83,VERDE,192.3,90.3,0.401,0,323.1,,79.4
2945.643283,RECENTER,reincorporando por posicion lateral,21,-20.00,385.07,PISTA,OK,4,466.0,1241.0,163.3,917.0,776.1,1,1.000,163.0,1,0.671,172.5,1,0.973,0.763,1,1,83,VERDE,192.3,90.3,0.401,0,323.1,,55.6
2945.744538,RECENTER,reincorporando por posicion lateral,21,-20.00,383.82,PISTA,OK,4,457.0,1151.0,161.2,927.7,778.6,1,0.972,163.5,1,0.575,172.0,1,0.973,0.837,1,1,83,VERDE,192.3,90.3,0.401,0,323.1,,81.5
2945.844107,RECENTER,reincorporando por posicion lateral,21,-20.00,382.40,PISTA,OK,4,451.0,457.5,158.1,925.7,790.9,1,0.972,153.0,1,0.616,170.0,1,0.986,0.873,1,1,83,VERDE,192.3,90.3,0.401,0,323.1,,54.4
2945.945647,RECENTER,reincorporando por posicion lateral,21,-20.00,381.70,PISTA,OK,4,444.0,1119.5,155.8,912.2,799.9,1,0.944,154.5,1,0.589,169.5,1,0.973,0.842,2,1,83,VERDE,192.3,90.3,0.401,0,323.1,,83.9
2946.043129,RECENTER,reincorporando por posicion lateral,21,-20.00,380.24,PISTA,OK,4,434.5,1108.0,154.4,907.2,688.5,1,0.917,151.8,1,0.589,170.0,1,0.973,0.865,2,2,83,VERDE,192.3,90.3,0.401,0,323.1,,55.4
2946.143457,RECENTER,reincorporando por posicion lateral,21,-20.00,378.77,PISTA,OK,4,425.5,1092.0,151.9,905.3,823.7,1,0.889,149.0,1,0.562,167.0,1,1.000,0.837,3,2,83,VERDE,192.3,90.3,0.401,0,323.1,,82.2
2946.243984,RECENTER,reincorporando por posicion lateral,21,-20.00,378.06,PISTA,OK,4,415.5,433.0,150.5,897.6,839.6,1,0.861,152.5,1,0.616,165.2,1,1.000,0.878,3,2,83,VERDE,192.3,90.3,0.401,0,323.1,,55.8
2946.342523,RECENTER,reincorporando por posicion lateral,21,-20.00,376.54,PISTA,OK,4,410.0,1066.5,150.3,891.1,495.7,1,0.806,152.0,1,0.589,163.0,1,1.000,0.874,3,2,83,VERDE,192.3,90.3,0.401,0,323.1,,75.1
2946.441462,RECENTER,reincorporando por posicion lateral,21,-20.00,375.09,PISTA,OK,4,404.5,1055.0,147.2,884.7,432.8,1,0.889,142.5,1,0.589,162.0,1,1.000,0.787,4,2,83,VERDE,192.3,90.3,0.401,0,323.1,,54.6
2946.542568,RECENTER,reincorporando por posicion lateral,21,-20.00,373.61,PISTA,OK,4,397.5,1044.5,148.1,877.5,401.3,1,0.778,145.5,1,0.658,159.0,1,0.973,0.805,4,2,83,VERDE,192.3,90.3,0.401,0,323.1,,83.1
2946.642253,RECENTER,reincorporando por posicion lateral,21,-16.00,372.88,PISTA,OK,4,392.0,1032.0,123.9,871.5,370.7,1,0.722,146.0,1,0.521,156.5,1,0.959,0.218,4,2,83,VERDE,192.3,90.3,0.401,0,323.1,,55.7
2946.742501,RECENTER,reincorporando por posicion lateral,21,-12.00,371.34,PISTA,OK,4,394.5,1023.5,129.9,864.9,355.1,1,0.722,146.5,1,0.548,155.2,1,0.959,0.221,4,2,83,VERDE,192.3,90.3,0.401,0,323.1,,80.1
2946.843427,RECENTER,reincorporando por posicion lateral,25,-8.00,369.67,PISTA,OK,4,1015.5,1015.5,128.7,857.8,330.1,1,0.667,146.0,1,0.438,150.5,1,0.959,0.225,4,2,83,VERDE,192.3,90.3,0.401,0,323.1,,53.2
2946.943507,RECENTER,reincorporando por posicion lateral,25,-4.01,367.87,PISTA,OK,4,1007.0,1007.0,160.0,851.4,298.6,1,0.639,145.2,1,0.630,151.8,1,0.918,0.221,4,2,83,VERDE,192.3,90.3,0.401,0,323.1,,81.8
2947.043507,RECENTER,reincorporando por posicion lateral,25,-3.57,366.99,PISTA,OK,4,997.0,997.0,160.7,841.9,282.2,1,0.611,147.0,1,0.575,149.0,1,0.932,0.222,4,2,83,VERDE,192.3,90.3,0.401,0,323.1,,56.7
2947.145082,RECENTER,reincorporando por posicion lateral,25,-2.67,365.20,PISTA,OK,4,987.5,987.5,185.8,834.7,269.5,1,0.639,147.0,1,0.671,150.0,1,0.932,0.220,4,2,83,VERDE,192.3,90.3,0.401,0,323.1,,81.5
2947.244769,RECENTER,reincorporando por posicion lateral,25,-2.10,364.05,PISTA,OK,4,976.0,976.0,200.8,829.3,286.0,1,0.611,147.0,1,0.699,150.5,1,0.945,0.219,4,2,83,VERDE,192.3,90.3,0.401,0,323.1,,56.9
2947.346703,RECENTER,reincorporando por posicion lateral,25,-1.58,363.01,PISTA,OK,4,965.5,965.5,187.9,828.0,259.7,1,0.750,146.5,1,0.603,151.5,1,0.932,0.222,3,1,83,VERDE,192.3,90.3,0.401,0,323.1,,83.2
2947.444081,RECENTER,reincorporando por posicion lateral,25,-1.32,362.50,PISTA,OK,4,955.5,955.5,204.6,819.7,251.1,1,0.722,148.0,1,0.616,152.8,1,0.932,0.220,3,1,83,VERDE,192.3,90.3,0.401,0,323.1,,56.8
2947.544238,RECENTER,reincorporando por posicion lateral,25,-0.88,361.62,PISTA,OK,4,945.5,945.5,218.5,811.5,263.2,1,0.667,152.8,1,0.589,153.2,1,0.904,0.219,3,1,83,VERDE,192.3,90.3,0.401,0,323.1,,78.1
2947.643601,RECENTER,reincorporando por posicion lateral,25,-0.43,360.72,PISTA,OK,4,935.5,935.5,229.0,810.2,259.3,1,0.694,154.2,1,0.562,155.5,1,0.890,0.220,3,1,83,VERDE,192.3,90.3,0.401,0,323.1,,55.3
2947.746846,RECENTER,reincorporando por posicion lateral,25,-0.06,359.98,PISTA,OK,4,926.0,926.0,234.7,808.9,249.4,1,0.694,161.5,1,0.575,157.0,1,0.849,0.224,4,1,83,VERDE,192.3,90.3,0.401,0,323.1,,85.7
2947.842466,RECENTER,reincorporando por posicion lateral,25,0.13,359.59,PISTA,OK,4,918.0,918.0,243.2,808.9,278.2,1,0.667,164.2,1,0.534,159.5,1,0.904,0.223,4,1,83,VERDE,192.3,90.3,0.401,0,323.1,,52.3
2947.942529,RECENTER,reincorporando por posicion lateral,25,0.52,358.81,PISTA,OK,4,908.0,908.0,253.9,813.8,242.9,1,0.694,166.0,1,0.452,161.2,1,0.932,0.219,4,1,83,VERDE,192.3,90.3,0.401,0,323.1,,81.0
2948.043021,RECENTER,reincorporando por posicion lateral,25,0.90,358.06,PISTA,OK,4,897.5,897.5,268.7,811.6,229.0,1,0.778,169.5,1,0.603,163.5,1,0.918,0.221,4,1,83,VERDE,192.3,90.3,0.401,0,323.1,,54.6
2948.141624,RECENTER,reincorporando por posicion lateral,25,1.30,357.26,PISTA,OK,4,888.0,888.0,267.7,808.1,248.2,1,0.806,177.5,1,0.548,167.8,1,0.918,0.223,4,1,83,VERDE,192.3,90.3,0.401,0,323.1,,79.9
2948.241999,RECENTER,reincorporando por posicion lateral,25,1.49,356.88,PISTA,OK,4,880.5,880.5,289.2,799.3,223.8,1,0.750,182.2,1,0.493,171.5,1,0.890,0.213,3,1,83,VERDE,192.3,90.3,0.401,0,323.1,,55.1
2948.342327,RECENTER,reincorporando por posicion lateral,25,1.79,356.27,PISTA,OK,4,871.5,871.5,304.2,796.9,239.4,1,0.694,189.2,1,0.534,176.2,1,0.945,0.205,3,1,83,VERDE,192.3,90.3,0.401,0,323.1,,81.5
2948.439525,RECENTER,reincorporando por posicion lateral,25,2.08,355.69,PISTA,OK,4,863.5,863.5,329.7,799.3,214.2,1,0.722,201.0,1,0.630,179.8,1,0.904,0.220,3,1,83,VERDE,192.3,90.3,0.401,0,323.1,,53.2
2948.541052,RECENTER,reincorporando por posicion lateral,25,2.34,355.18,PISTA,OK,4,853.5,853.5,330.7,801.4,244.9,1,0.722,206.2,1,0.562,183.5,1,0.877,0.226,4,1,83,VERDE,192.3,90.3,0.401,0,323.1,,84.2
2948.640500,RECENTER,reincorporando por posicion lateral,25,2.45,354.95,PISTA,OK,4,843.5,843.5,352.5,801.5,214.4,1,0.806,207.0,1,0.630,188.0,1,0.918,0.222,4,1,83,VERDE,192.3,90.3,0.401,0,323.1,,53.7
2948.740873,RECENTER,reincorporando por posicion lateral,24,2.67,354.52,PISTA,OK,4,833.5,833.5,366.1,802.7,234.6,1,0.778,212.2,1,0.644,195.5,1,0.932,0.226,4,1,83,VERDE,192.3,90.3,0.401,0,323.1,,77.9
2948.841572,RECENTER,reincorporando por posicion lateral,24,2.90,354.06,AZUL,OK,4,824.5,824.5,400.0,802.8,226.9,1,0.778,224.0,1,0.616,200.0,1,0.973,0.221,5,1,83,VERDE,192.3,90.3,0.401,0,323.1,,54.6
2948.941997,RECENTER,reincorporando por posicion lateral,24,3.07,353.71,AZUL,OK,4,816.0,816.0,431.2,803.4,276.8,1,0.667,226.5,1,0.589,206.5,1,0.890,0.222,5,1,83,VERDE,192.3,90.3,0.401,0,323.1,,82.8
2949.041697,RECENTER,reincorporando por posicion lateral,24,-0.93,353.55,PISTA,OK,4,805.5,805.5,230.0,807.4,229.4,1,0.778,232.0,1,0.671,212.5,1,0.932,0.805,5,1,83,VERDE,192.3,90.3,0.401,0,323.1,,54.6
2949.142343,RECENTER,reincorporando por posicion lateral,24,3.07,353.17,PISTA,OK,4,796.5,796.5,233.4,807.5,249.9,1,0.722,241.8,1,0.699,219.5,1,0.904,0.201,6,1,83,VERDE,192.3,90.3,0.401,0,323.1,,82.9
2949.242945,RECENTER,reincorporando por posicion lateral,24,-0.93,352.81,PISTA,OK,4,788.0,788.0,200.6,806.9,218.7,1,0.694,237.5,1,0.671,224.8,1,0.877,0.513,6,1,83,VERDE,192.3,90.3,0.401,0,323.1,,56.2
2949.343460,RECENTER,reincorporando por posicion lateral,24,3.07,352.60,PISTA,OK,4,778.0,778.0,213.6,806.5,222.0,1,0.806,249.8,1,0.740,231.8,1,0.932,0.231,6,1,83,VERDE,192.3,90.3,0.401,0,323.1,,82.7
2949.443089,RECENTER,reincorporando por posicion lateral,24,3.78,352.29,PISTA,OK,4,769.0,769.0,215.7,806.0,224.0,1,0.694,259.0,1,0.726,237.5,1,0.918,0.214,6,1,83,VERDE,192.3,90.3,0.401,0,323.1,,55.3
2949.544588,RECENTER,reincorporando por posicion lateral,24,3.98,351.89,PISTA,OK,4,759.5,759.5,226.0,805.1,227.8,1,0.750,265.5,1,0.753,245.0,1,0.918,0.212,6,1,83,VERDE,192.3,90.3,0.401,0,323.1,,83.0
2949.644054,RECENTER,reincorporando por posicion lateral,24,4.11,351.63,PISTA,OK,4,751.5,751.5,457.6,804.6,222.2,1,0.694,268.0,1,0.740,251.8,1,0.904,0.215,6,1,83,VERDE,192.3,90.3,0.401,0,323.1,,58.0
2949.745156,RECENTER,reincorporando por posicion lateral,24,4.17,351.51,PISTA,OK,4,742.0,742.0,217.4,804.2,230.0,1,0.778,274.2,1,0.671,258.8,1,0.973,0.215,5,1,83,VERDE,192.3,90.3,0.401,0,323.1,,82.9
2949.842919,RECENTER,reincorporando por posicion lateral,24,0.17,351.27,PISTA,OK,4,734.0,734.0,195.0,803.4,229.4,1,0.861,283.0,1,0.753,266.0,1,0.959,0.819,5,1,83,VERDE,192.3,90.3,0.401,0,323.1,,56.4
2949.942843,RECENTER,reincorporando por posicion lateral,23,-3.83,351.11,PISTA,OK,4,724.5,724.5,192.0,803.2,231.4,1,0.722,286.5,1,0.699,271.2,1,0.932,0.819,5,1,83,VERDE,192.3,90.3,0.401,0,323.1,,81.9
2950.041691,RECENTER,reincorporando por posicion lateral,23,-7.83,350.96,PISTA,OK,4,716.5,716.5,189.0,802.5,230.6,1,0.778,293.2,1,0.808,280.5,1,0.945,0.819,4,1,83,VERDE,192.3,90.3,0.401,0,323.1,,53.9
2950.143339,RECENTER,reincorporando por posicion lateral,23,-3.83,350.88,PISTA,OK,4,706.0,706.0,8032.8,800.9,234.3,1,0.833,304.5,1,0.781,286.0,1,0.945,0.186,4,1,83,VERDE,192.3,90.3,0.401,0,323.1,,84.0
2950.241259,RECENTER,reincorporando por posicion lateral,23,-7.83,350.70,PISTA,OK,4,699.0,699.0,188.5,799.9,243.7,1,0.722,309.8,1,0.767,293.8,1,0.932,0.821,4,1,83,VERDE,192.3,90.3,0.401,0,323.1,,55.1
2950.340857,RECENTER,reincorporando por posicion lateral,23,-3.83,350.33,PISTA,OK,4,691.0,691.0,6171.9,799.7,249.9,1,0.833,316.5,1,0.822,298.0,1,0.959,0.186,4,1,83,VERDE,192.3,90.3,0.401,0,323.1,,81.2
2950.440072,RECENTER,reincorporando por posicion lateral,23,-7.83,349.88,PISTA,OK,4,683.5,683.5,641.6,798.6,256.8,1,0.917,328.0,1,0.836,306.5,1,0.973,0.685,4,1,83,VERDE,192.3,90.3,0.401,0,323.1,,52.7
2950.540430,CRUISE,reincorporacion verificada,23,-11.83,349.66,PISTA,OK,4,675.5,675.5,576.0,797.6,262.9,1,0.778,189.0,1,0.740,313.2,1,0.959,0.634,4,1,,,,,,0,323.1,,82.2
2950.638755,CRUISE,crucero centrado por paredes,23,-15.83,349.40,PISTA,OK,4,667.0,667.0,595.1,796.6,270.7,1,0.917,189.0,1,0.822,320.0,1,0.959,0.632,4,1,,,,,,0,323.1,,53.6
2950.739190,TURN,giro de esquina por IMU y reapertura frontal,23,25.00,349.09,PISTA,OK,4,659.5,659.5,593.4,795.7,276.9,1,0.889,189.5,1,0.863,330.0,1,0.945,0.702,4,1,,,,,,0,323.1,,82.0
2950.838601,TURN,giro de esquina por IMU y reapertura frontal,23,25.00,348.59,PISTA,OK,4,651.5,651.5,584.0,794.5,284.4,1,0.944,189.5,1,0.836,334.5,1,0.986,0.250,4,1,,,,,,0,323.1,,52.1
2950.939215,TURN,giro de esquina por IMU y reapertura frontal,23,25.00,346.30,PISTA,OK,4,647.5,647.5,802.9,795.8,283.8,1,0.917,193.0,1,0.890,339.0,1,0.959,0.292,3,1,,,,,,0,323.1,,80.0
2951.039778,TURN,giro de esquina por IMU y reapertura frontal,23,25.00,346.14,PISTA,OK,4,638.5,638.5,772.4,793.9,286.3,1,0.889,196.0,1,0.904,343.5,1,0.973,0.702,3,1,,,,,,0,323.1,,54.2
2951.139883,TURN,giro de esquina por IMU y reapertura frontal,23,25.00,348.19,PISTA,OK,4,630.5,630.5,775.3,791.3,298.2,1,0.833,194.0,1,0.808,354.0,1,0.945,0.479,3,1,,,,,,0,323.1,,81.4
2951.240716,TURN,giro de esquina por IMU y reapertura frontal,23,25.00,349.03,PISTA,OK,4,623.0,623.0,617.3,789.8,308.0,1,0.833,192.2,1,0.822,361.5,1,0.918,0.478,3,1,,,,,,0,323.1,,54.7
2951.340816,TURN,giro de esquina por IMU y reapertura frontal,23,25.00,350.89,PISTA,OK,4,616.5,616.5,770.3,790.0,318.8,1,0.889,188.0,1,0.890,368.0,1,0.959,0.501,3,1,,,,,,0,323.1,,78.3
2951.440563,TURN,giro de esquina por IMU y reapertura frontal,22,25.00,352.82,PISTA,OK,4,610.0,610.0,732.7,790.5,327.1,1,0.861,186.0,1,0.808,378.5,1,0.959,0.252,3,1,,,,,,0,323.1,,54.8
2951.540985,TURN,giro de esquina por IMU y reapertura frontal,22,25.00,354.52,PISTA,OK,4,603.0,603.0,669.4,791.6,341.6,1,0.861,183.0,1,0.877,384.0,1,0.945,0.209,4,1,,,,,,0,323.1,,82.3
2951.642031,TURN,giro de esquina por IMU y reapertura frontal,22,25.00,355.31,PISTA,OK,4,597.0,597.0,579.6,792.7,348.6,1,0.778,179.5,1,0.890,392.5,1,0.932,0.203,4,1,,,,,,0,323.1,,55.3
2951.744502,TURN,giro de esquina por IMU y reapertura frontal,22,25.00,357.05,PISTA,OK,4,591.5,591.5,689.0,794.7,362.0,1,0.750,177.2,1,0.904,397.0,1,0.932,0.811,4,1,,,,,,0,323.1,,81.0
2951.842163,TURN,giro de esquina por IMU y reapertura frontal,22,25.00,358.83,PISTA,OK,4,586.0,586.0,688.0,797.5,370.7,1,0.889,173.5,1,0.904,403.5,1,0.973,0.809,4,1,,,,,,0,323.1,,57.5
2951.943685,TURN,giro de esquina por IMU y reapertura frontal,22,25.00,359.78,PISTA,OK,4,579.5,579.5,567.6,801.2,375.6,1,0.778,171.5,1,0.877,411.0,1,0.959,0.190,4,1,,,,,,0,323.1,,83.4
2952.043185,TURN,giro de esquina por IMU y reapertura frontal,22,25.00,361.50,NARANJA,OK,4,575.0,575.0,701.0,804.3,373.8,1,0.833,169.0,1,0.890,417.5,1,0.973,0.800,4,1,,,,,,0,323.1,,58.2
2952.141621,TURN,giro de esquina por IMU y reapertura frontal,22,25.00,363.21,NARANJA,OK,4,569.0,569.0,705.0,803.9,376.3,1,0.833,167.0,1,0.904,428.0,1,0.986,0.792,4,1,,,,,,0,323.1,,75.6
2952.242431,TURN,giro de esquina por IMU y reapertura frontal,22,25.00,364.99,NARANJA,OK,4,564.0,564.0,710.0,816.1,376.6,1,0.694,162.5,1,0.822,438.5,1,0.973,0.796,4,1,,,,,,0,323.1,,55.6
2952.342369,TURN,giro de esquina por IMU y reapertura frontal,22,25.00,365.87,NARANJA,OK,4,560.0,560.0,724.5,823.3,374.7,1,0.722,162.8,1,0.822,448.8,1,0.986,0.794,4,1,,,,,,0,323.1,,75.3
2952.439858,TURN,giro de esquina por IMU y reapertura frontal,22,25.00,367.67,PISTA,OK,4,554.5,554.5,730.5,823.2,376.1,1,0.722,159.5,1,0.836,460.0,1,0.986,0.788,4,1,,,,,,0,323.1,,53.3
2952.541786,TURN,giro de esquina por IMU y reapertura frontal,22,25.00,369.39,PISTA,OK,4,549.5,549.5,742.0,827.8,378.4,1,0.694,157.5,1,0.836,815.0,1,0.986,0.784,4,1,,,,,,0,323.1,,83.9
2952.640594,TURN,giro de esquina por IMU y reapertura frontal,22,25.00,371.11,PISTA,OK,4,544.0,544.0,541.7,834.6,376.3,1,0.639,156.5,1,0.836,820.5,1,0.986,0.210,4,1,,,,,,0,323.1,,55.2
2952.740502,TURN,giro de esquina por IMU y reapertura frontal,22,25.00,372.03,PISTA,OK,4,539.0,539.0,761.5,842.3,377.2,1,0.694,153.0,1,0.808,827.0,1,0.986,0.772,4,1,,,,,,0,323.1,,81.9
2952.839492,TURN,giro de esquina por IMU y reapertura frontal,22,25.00,373.75,PISTA,OK,4,535.0,535.0,178.5,844.9,378.7,1,0.694,150.5,1,0.795,832.5,1,0.986,0.195,2,0,,,,,,0,323.1,,54.6
2952.939472,TURN,giro de esquina por IMU y reapertura frontal,22,25.00,375.50,PISTA,OK,4,531.0,531.0,201.9,842.6,375.1,1,0.722,149.0,1,0.822,837.2,1,1.000,0.214,2,0,,,,,,0,323.1,,81.4
2953.040150,TURN,giro de esquina por IMU y reapertura frontal,22,25.00,377.18,PISTA,OK,4,527.5,527.5,806.5,838.5,374.9,1,0.722,146.0,1,0.795,842.5,1,1.000,0.704,2,0,,,,,,0,323.1,,54.4
2953.138426,TURN,giro de esquina por IMU y reapertura frontal,22,25.00,378.11,PISTA,OK,4,522.5,522.5,166.3,838.7,377.0,1,0.722,144.0,1,0.795,848.0,1,1.000,0.186,2,0,,,,,,0,323.1,,80.9
2953.237660,TURN,giro de esquina por IMU y reapertura frontal,22,25.00,379.89,PISTA,OK,4,520.5,520.5,167.6,818.6,377.4,1,0.806,142.5,1,0.836,853.5,1,1.000,0.180,3,0,,,,,,0,323.1,,52.8
2953.337722,TURN,giro de esquina por IMU y reapertura frontal,22,25.00,381.69,PISTA,OK,4,520.0,520.0,163.7,809.5,859.3,1,0.750,142.5,1,0.836,859.5,1,1.000,0.180,3,0,,,,,,0,323.1,,82.7
2953.436630,TURN,giro de esquina por IMU y reapertura frontal,22,25.00,382.61,PISTA,OK,4,519.2,519.2,166.6,798.5,851.9,1,0.778,140.5,1,0.808,864.2,1,1.000,0.178,3,0,,,,,,0,323.1,,52.1
2953.538448,TURN,giro de esquina por IMU y reapertura frontal,22,25.00,384.43,PISTA,OK,4,519.8,519.8,169.9,760.3,839.6,1,0.778,138.5,1,0.822,871.5,1,1.000,0.176,4,0,,,,,,0,323.1,,80.9
2953.637826,TURN,giro de esquina por IMU y reapertura frontal,22,25.00,386.22,PISTA,OK,4,518.5,518.5,161.5,757.1,831.8,1,0.917,134.0,1,0.877,876.5,1,1.000,0.175,4,0,,,,,,0,323.1,,53.3
2953.738925,TURN,giro de esquina por IMU y reapertura frontal,22,25.00,388.06,PISTA,OK,4,519.8,519.8,156.4,730.0,827.8,1,0.917,132.0,1,0.849,883.5,1,1.000,0.197,4,0,,,,,,0,323.1,,83.4
2953.838058,TURN,giro de esquina por IMU y reapertura frontal,22,25.00,388.87,PISTA,OK,4,522.0,522.0,165.1,717.1,824.9,1,0.972,131.0,1,0.863,889.5,1,1.000,0.175,4,0,,,,,,0,323.1,,52.1
2953.939830,TURN,giro de esquina por IMU y reapertura frontal,22,25.00,390.59,PISTA,OK,4,527.5,527.5,897.5,714.2,817.5,1,1.000,129.5,1,0.932,896.5,1,1.000,0.194,4,0,,,,,,0,323.1,,80.5
2954.039347,TURN,giro de esquina por IMU y reapertura frontal,22,25.00,392.32,PISTA,OK,4,530.5,530.5,870.9,695.8,814.6,1,1.000,130.0,1,0.959,902.0,1,1.000,0.197,4,0,,,,,,0,323.1,,54.7
2954.139803,TURN,giro de esquina por IMU y reapertura frontal,22,25.00,394.11,PISTA,OK,4,528.8,528.8,841.7,683.4,808.5,1,0.972,129.0,1,0.945,908.5,1,1.000,0.198,3,0,,,,,,0,323.1,,82.7
2954.241605,TURN,giro de esquina por IMU y reapertura frontal,22,25.00,394.89,PISTA,OK,4,538.5,538.5,813.7,665.9,805.2,1,0.972,128.0,1,0.945,876.0,1,0.986,0.200,3,0,,,,,,0,323.1,,54.7
2954.341318,TURN,giro de esquina por IMU y reapertura frontal,22,25.00,396.59,PISTA,OK,4,541.0,541.0,789.9,657.5,801.9,1,0.944,129.8,1,0.904,828.0,1,1.000,0.202,3,0,,,,,,0,323.1,,80.6
2954.442435,TURN,giro de esquina por IMU y reapertura frontal,22,25.00,398.31,PISTA,OK,4,547.2,547.2,775.2,653.2,801.1,1,0.972,129.0,1,0.904,803.0,1,1.000,0.195,3,0,,,,,,0,323.1,,57.7
2954.540950,TURN,giro de esquina por IMU y reapertura frontal,22,25.00,400.11,PISTA,OK,4,555.5,555.5,749.8,640.8,796.6,1,0.944,128.5,1,0.918,780.0,1,1.000,0.208,4,0,,,,,,0,323.1,,80.8
2954.641567,TURN,giro de esquina por IMU y reapertura frontal,22,25.00,401.80,PISTA,OK,4,568.5,568.5,731.6,632.3,797.4,1,0.972,128.5,1,0.959,745.0,1,0.986,0.209,4,0,,,,,,0,323.1,,57.1
2954.741679,TURN,giro de esquina por IMU y reapertura frontal,22,25.00,402.66,PISTA,OK,4,574.5,574.5,713.9,625.4,797.4,1,0.972,129.0,1,0.959,722.5,1,1.000,0.210,3,0,,,,,,0,323.1,,81.2
2954.840515,TURN,giro de esquina por IMU y reapertura frontal,22,25.00,404.36,PISTA,OK,4,586.0,586.0,700.4,613.8,799.1,1,0.917,128.5,1,0.918,705.0,1,0.986,0.212,3,0,,,,,,0,323.1,,56.7
2954.940504,TURN,giro de esquina por IMU y reapertura frontal,22,25.00,406.15,PISTA,OK,4,594.5,594.5,684.6,610.3,799.5,1,0.861,128.5,1,0.904,682.0,1,0.973,0.336,3,0,,,,,,0,323.1,,81.9
2955.040299,TURN,giro de esquina por IMU y reapertura frontal,22,25.00,407.93,PISTA,OK,4,599.0,599.0,670.1,600.6,593.5,1,0.889,127.5,1,0.945,657.5,1,0.959,0.504,2,0,,,,,,0,323.1,,53.2
2955.138288,TURN,giro de esquina por IMU y reapertura frontal,23,25.00,408.85,PISTA,OK,4,614.5,614.5,655.4,592.1,584.4,1,0.889,128.2,1,0.918,645.0,1,0.986,0.657,2,0,,,,,,0,323.1,,78.8
2955.238852,TURN,giro de esquina por IMU y reapertura frontal,23,25.00,410.62,PISTA,OK,4,628.0,628.0,641.7,589.9,581.0,1,0.889,126.5,1,0.932,627.5,1,0.986,0.738,3,0,,,,,,0,323.1,,52.4
2955.338794,TURN,giro de esquina por IMU y reapertura frontal,23,25.00,412.49,PISTA,OK,4,642.5,642.5,627.9,584.7,583.9,1,0.889,127.5,1,0.932,612.5,1,0.986,0.832,3,0,,,,,,0,323.1,,80.6
2955.437625,TURN,giro de esquina por IMU y reapertura frontal,23,25.00,413.42,PISTA,OK,4,662.0,662.0,614.9,577.9,583.0,1,0.944,128.0,1,0.959,596.5,1,1.000,0.878,3,0,,,,,,0,323.1,,53.9
2955.537639,TURN,giro de esquina por IMU y reapertura frontal,23,25.00,415.29,PISTA,OK,4,679.0,679.0,602.1,567.6,581.8,1,0.889,128.8,1,0.918,584.5,1,1.000,0.876,4,0,,,,,,0,323.1,,77.5
2955.637245,TURN,giro de esquina por IMU y reapertura frontal,23,25.00,417.01,PISTA,OK,4,702.0,702.0,590.9,557.3,581.3,1,0.889,130.8,1,0.932,568.5,1,0.986,0.867,4,0,,,,,,0,323.1,,53.7
2955.737875,TURN,giro de esquina por IMU y reapertura frontal,24,25.00,418.73,PISTA,OK,4,727.0,727.0,579.7,547.4,579.2,1,0.889,131.2,1,0.890,558.5,1,0.986,0.877,4,0,,,,,,0,323.1,,80.9
2955.838973,TURN,giro de esquina por IMU y reapertura frontal,24,25.00,419.64,PISTA,OK,4,740.5,740.5,569.7,539.3,578.2,1,0.889,131.0,1,0.918,549.0,1,0.986,0.880,4,0,,,,,,0,323.1,,52.8
2955.938537,TURN,giro de esquina por IMU y reapertura frontal,24,25.00,422.45,PISTA,OK,4,769.5,769.5,559.5,531.2,575.7,1,0.889,132.2,1,0.918,537.5,1,0.973,0.855,4,0,,,,,,0,323.1,,74.7
2956.038305,TURN,giro de esquina por IMU y reapertura frontal,24,25.00,423.35,PISTA,OK,4,818.5,818.5,550.2,524.1,573.0,1,0.889,134.0,1,0.918,526.5,1,1.000,0.854,4,0,,,,,,0,323.1,,53.7
2956.139932,CRUISE,esquina 5 verificada,25,21.00,425.30,PISTA,OK,5,847.0,847.0,541.3,517.4,126.1,1,0.944,136.2,1,0.973,519.0,1,0.973,0.848,4,1,,,,,,0,323.1,,77.3
2956.239699,AVOID_APPROACH,pure-pursuit al punto de paso del pilar 97,25,17.00,427.35,PISTA,OK,5,899.5,899.5,532.7,511.9,125.3,1,0.944,135.2,1,0.904,514.5,1,0.986,0.846,4,1,97,ROJO,-259.4,789.4,0.000,1,323.1,,53.8
2956.340318,AVOID_APPROACH,pure-pursuit al punto de paso del pilar 97,25,13.00,429.33,PISTA,OK,5,936.5,936.5,522.1,506.6,129.4,1,0.944,137.8,1,0.918,506.0,1,0.986,0.842,4,1,97,ROJO,-225.0,793.0,0.000,1,323.1,,80.5
2956.441043,AVOID_APPROACH,pure-pursuit al punto de paso del pilar 97,25,9.00,430.62,PISTA,OK,5,1009.0,1009.0,510.9,501.8,129.8,1,0.972,139.2,1,0.932,500.0,1,0.986,0.835,4,1,97,ROJO,-182.0,794.8,0.000,1,323.1,,56.3
2956.542598,AVOID_APPROACH,pure-pursuit al punto de paso del pilar 97,24,5.00,432.71,PISTA,OK,5,806.5,1093.0,502.1,499.2,131.1,1,0.972,138.8,1,0.945,493.2,1,0.986,0.855,4,1,97,ROJO,-147.1,793.1,0.000,1,323.1,,78.7
2956.638785,AVOID_APPROACH,pure-pursuit al punto de paso del pilar 97,24,1.00,434.86,PISTA,OK,5,795.0,1210.5,494.3,498.0,130.9,1,0.944,140.8,1,0.945,490.0,1,1.000,0.886,4,1,97,ROJO,-120.3,786.6,0.000,1,323.1,,52.9
2956.740128,AVOID_APPROACH,pure-pursuit al punto de paso del pilar 97,24,-3.00,436.32,PISTA,OK,5,782.0,1312.5,486.3,497.3,133.5,1,0.972,144.0,1,0.959,487.5,1,1.000,0.827,4,1,97,ROJO,-100.2,779.8,0.000,1,323.1,,80.7
2956.839797,AVOID_APPROACH,pure-pursuit al punto de paso del pilar 97,24,-6.85,436.96,PISTA,OK,5,770.0,1440.5,482.9,497.0,132.7,1,0.972,150.0,1,0.959,485.5,1,0.986,0.817,2,1,97,ROJO,-86.5,770.0,0.000,1,323.1,,53.6
2956.939780,AVOID_APPROACH,pure-pursuit al punto de paso del pilar 97,24,-7.65,437.65,PISTA,OK,5,763.5,1490.0,481.4,496.1,135.8,1,0.972,156.2,1,0.945,485.5,1,0.973,0.780,2,1,97,ROJO,-76.6,762.3,0.000,1,323.1,,78.2
2957.038615,AVOID_APPROACH,pure-pursuit al punto de paso del pilar 97,24,-7.76,437.76,PISTA,OK,5,754.5,1575.0,482.2,495.6,136.0,1,1.000,163.5,1,0.945,484.0,1,1.000,0.764,2,1,97,ROJO,-76.3,753.7,0.000,1,323.1,,54.0
2957.138829,AVOID_APPROACH,pure-pursuit al punto de paso del pilar 97,24,-7.48,437.41,PISTA,OK,5,745.5,1451.5,485.5,494.4,140.9,1,0.972,172.0,1,0.932,483.2,1,1.000,0.785,1,1,97,ROJO,-81.4,743.9,0.000,1,323.1,,80.8
2957.238086,AVOID_APPROACH,pure-pursuit al punto de paso del pilar 97,24,-7.28,437.20,PISTA,OK,5,738.0,1511.5,487.1,492.3,147.9,1,0.972,178.0,1,0.932,481.5,1,0.986,0.740,1,1,97,ROJO,-85.0,735.8,0.000,1,323.1,,49.8
2957.339340,AVOID_APPROACH,pure-pursuit al punto de paso del pilar 97,24,-6.76,436.79,PISTA,OK,5,727.0,1398.5,490.6,491.2,156.3,1,1.000,186.0,1,0.932,480.8,1,0.973,0.774,1,1,97,ROJO,-93.1,724.3,0.000,1,323.1,,80.2
2957.436966,AVOID_APPROACH,pure-pursuit al punto de paso del pilar 97,23,-6.39,436.35,PISTA,OK,5,719.0,1381.0,493.2,489.1,165.6,1,0.944,191.0,1,0.918,478.5,1,0.986,0.756,1,1,97,ROJO,-99.0,715.2,0.000,1,323.1,,53.8
2957.537035,AVOID_APPROACH,pure-pursuit al punto de paso del pilar 97,23,-6.09,435.92,PISTA,OK,5,710.5,1473.0,496.9,487.4,176.4,1,0.972,200.5,1,0.932,478.5,1,0.973,0.775,1,1,97,ROJO,-103.8,704.7,0.000,1,323.1,,80.7
2957.637445,AVOID_APPROACH,pure-pursuit al punto de paso del pilar 97,23,-5.66,435.73,PISTA,OK,5,702.5,1319.0,500.8,485.4,184.5,1,0.944,208.0,1,0.877,477.2,1,0.973,0.791,1,1,97,ROJO,-110.2,694.4,0.000,1,323.1,,54.0
2957.735399,AVOID_APPROACH,pure-pursuit al punto de paso del pilar 97,23,-5.43,435.28,PISTA,OK,5,694.5,1261.0,503.3,483.4,195.5,1,0.972,217.5,1,0.904,474.0,1,1.000,0.792,2,1,97,ROJO,-113.7,687.1,0.000,1,323.1,,76.8
2957.836516,AVOID_APPROACH,pure-pursuit al punto de paso del pilar 97,23,-5.19,434.88,PISTA,OK,5,688.0,1236.0,506.2,482.1,204.8,1,0.972,224.5,1,0.932,471.2,1,0.986,0.783,2,2,97,ROJO,-117.4,678.3,0.000,1,323.1,,52.6
2957.936400,AVOID_APPROACH,pure-pursuit al punto de paso del pilar 97,23,-4.72,434.47,PISTA,OK,5,680.0,1248.0,510.2,479.8,213.8,1,0.944,235.0,1,0.918,470.0,1,0.973,0.823,2,2,97,ROJO,-123.8,668.6,0.000,1,323.1,,80.2
2958.034343,AVOID_APPROACH,pure-pursuit al punto de paso del pilar 97,23,-4.40,434.25,PISTA,OK,5,670.5,1201.0,513.6,478.3,221.1,1,0.917,240.0,1,0.918,468.0,1,0.973,0.804,2,2,97,ROJO,-128.3,658.7,0.000,1,323.1,,46.2
2958.135969,AVOID_APPROACH,pure-pursuit al punto de paso del pilar 97,23,-3.92,433.77,PISTA,OK,5,667.8,1192.5,517.0,475.7,231.8,1,0.917,250.0,1,0.890,465.0,1,0.973,0.822,2,2,97,ROJO,-134.5,649.2,0.000,1,323.1,,77.7
2958.235552,AVOID_APPROACH,pure-pursuit al punto de paso del pilar 97,25,-3.57,433.40,PISTA,OK,5,1157.0,1157.0,526.7,474.5,239.5,1,0.889,256.5,1,0.877,466.8,1,0.973,0.901,2,2,97,ROJO,-139.0,640.4,0.000,1,323.1,,51.5
2958.336257,AVOID_APPROACH,pure-pursuit al punto de paso del pilar 97,25,-3.05,432.94,PISTA,OK,5,1179.5,1179.5,530.8,472.2,248.8,1,0.861,265.0,1,0.890,464.5,1,0.959,0.899,2,2,97,ROJO,-145.5,629.9,0.000,1,323.1,,80.4
2958.436881,AVOID_APPROACH,pure-pursuit al punto de paso del pilar 97,25,-2.77,432.73,PISTA,OK,5,1151.5,1151.5,534.8,470.2,258.4,1,0.889,273.5,1,0.890,462.2,1,0.959,0.892,2,2,97,ROJO,-148.9,620.9,0.000,1,323.1,,53.0
2958.537247,AVOID_APPROACH,pure-pursuit al punto de paso del pilar 97,25,-2.17,432.32,PISTA,OK,5,1077.0,1077.0,538.3,467.9,267.2,1,0.917,281.0,1,0.904,458.5,1,1.000,0.885,2,2,97,ROJO,-155.8,610.5,0.000,1,323.1,,77.8
2958.636951,AVOID_APPROACH,pure-pursuit al punto de paso del pilar 97,25,-1.97,431.89,PISTA,OK,5,1090.0,1090.0,543.0,466.0,275.3,1,0.861,289.5,1,0.863,458.5,1,0.959,0.886,2,2,97,ROJO,-158.3,601.6,0.000,1,323.1,,53.7
2958.739174,AVOID_APPROACH,pure-pursuit al punto de paso del pilar 97,25,-1.83,431.50,PISTA,OK,5,1077.5,1077.5,547.2,463.5,289.1,1,0.889,304.0,1,0.918,454.2,1,0.959,0.887,2,2,97,ROJO,-160.1,592.2,0.000,1,323.1,,82.2
2958.839101,AVOID_APPROACH,pure-pursuit al punto de paso del pilar 97,25,-1.19,431.31,PISTA,OK,5,1029.0,1029.0,551.0,460.8,298.6,1,0.889,314.0,1,0.904,453.5,1,0.959,0.882,2,2,97,ROJO,-167.0,580.7,0.000,1,323.1,,56.4
2958.940551,AVOID_APPROACH,pure-pursuit al punto de paso del pilar 97,25,-0.92,430.94,PISTA,OK,5,1037.5,1037.5,554.9,458.8,311.9,1,0.889,328.0,1,0.918,453.0,1,0.986,0.886,2,2,97,ROJO,-169.8,571.3,0.000,1,323.1,,77.2
2959.040566,AVOID_APPROACH,pure-pursuit al punto de paso del pilar 97,25,-0.47,430.50,PISTA,OK,5,986.0,986.0,559.6,456.3,322.9,1,0.944,339.5,1,0.932,449.0,1,0.959,0.882,2,2,97,ROJO,-174.4,561.9,0.000,1,323.1,,56.0
2959.141041,AVOID_APPROACH,pure-pursuit al punto de paso del pilar 97,25,-0.17,430.18,PISTA,OK,5,973.5,973.5,563.9,453.9,333.8,1,0.889,351.0,1,0.945,446.0,1,0.973,0.882,2,2,97,ROJO,-177.4,550.8,0.000,1,323.1,,80.3
2959.239429,AVOID_APPROACH,pure-pursuit al punto de paso del pilar 97,25,0.26,429.98,PISTA,OK,5,959.5,959.5,568.6,451.2,346.7,1,0.889,364.5,1,0.932,447.0,1,0.932,0.892,2,2,97,ROJO,-181.4,541.2,0.000,1,323.1,,54.1
2959.339693,AVOID_APPROACH,pure-pursuit al punto de paso del pilar 97,25,0.87,429.53,PISTA,OK,5,924.0,924.0,572.8,448.5,361.9,1,0.861,380.5,1,0.932,443.0,1,0.945,0.884,2,2,97,ROJO,-187.0,528.8,0.000,1,323.1,,77.5
2959.440297,AVOID_APPROACH,pure-pursuit al punto de paso del pilar 97,25,1.00,429.16,PISTA,OK,5,893.0,893.0,577.5,445.4,832.3,1,0.917,537.5,1,0.959,439.5,1,0.959,0.884,2,2,97,ROJO,-188.1,520.9,0.000,1,323.1,,56.7
2959.540385,AVOID_APPROACH,pure-pursuit al punto de paso del pilar 97,25,1.46,428.83,PISTA,OK,5,895.0,895.0,582.3,443.1,842.9,1,0.917,541.5,1,0.959,440.2,1,0.959,0.888,2,2,97,ROJO,-192.0,509.1,0.000,1,323.1,,79.8
2959.638009,AVOID_APPROACH,pure-pursuit al punto de paso del pilar 97,25,2.11,428.63,PISTA,OK,5,907.5,907.5,586.3,440.9,853.2,1,0.861,544.5,1,0.932,435.5,1,0.945,0.882,2,2,97,ROJO,-197.4,498.2,0.000,1,323.1,,54.3
2959.737938,AVOID_APPROACH,pure-pursuit al punto de paso del pilar 97,25,2.13,428.29,PISTA,OK,5,863.0,863.0,591.7,438.4,572.2,1,0.861,547.0,1,0.932,432.5,1,0.932,0.880,2,2,97,ROJO,-197.2,489.8,0.000,1,323.1,,76.6
2959.838723,AVOID_APPROACH,pure-pursuit al punto de paso del pilar 97,25,2.60,428.04,PISTA,OK,5,846.5,846.5,595.7,435.1,575.0,1,0.917,551.0,1,0.959,430.5,1,0.959,0.873,2,2,97,ROJO,-200.7,478.8,0.000,1,323.1,,54.9
2959.937241,AVOID_APPROACH,pure-pursuit al punto de paso del pilar 97,24,3.19,427.72,PISTA,OK,5,835.0,835.0,599.6,432.4,571.4,1,0.861,553.8,1,0.932,429.5,1,0.945,0.871,3,2,97,ROJO,-205.1,467.4,0.000,1,323.1,,78.3
2960.036422,AVOID_APPROACH,pure-pursuit al punto de paso del pilar 97,24,3.52,427.59,PISTA,OK,5,840.8,840.8,604.6,429.1,570.1,1,0.917,557.5,1,0.959,426.5,1,0.918,0.875,3,2,97,ROJO,-207.1,456.5,0.000,1,323.1,,52.6
2960.137398,AVOID_APPROACH,pure-pursuit al punto de paso del pilar 97,24,3.79,427.34,PISTA,OK,5,820.0,820.0,608.8,426.2,578.7,1,0.917,559.8,1,0.959,423.0,1,0.932,0.879,3,2,97,ROJO,-208.6,447.4,0.000,1,323.1,,79.7
2960.235136,AVOID_APPROACH,pure-pursuit al punto de paso del pilar 97,24,4.25,427.05,PISTA,OK,5,786.5,786.5,613.5,423.1,583.2,1,0.944,564.0,1,0.973,418.5,1,0.918,0.871,3,2,97,ROJO,-211.4,436.3,0.000,1,323.1,,51.7
2960.336912,AVOID_APPROACH,pure-pursuit al punto de paso del pilar 97,24,4.33,426.80,PISTA,OK,5,789.5,789.5,618.0,420.5,578.9,1,0.917,569.0,1,0.959,420.0,1,0.973,0.865,3,2,97,ROJO,-211.5,428.7,0.000,1,323.1,,81.5
2960.435821,AVOID_APPROACH,pure-pursuit al punto de paso del pilar 97,24,5.01,426.71,PISTA,OK,5,806.5,806.5,622.2,417.4,581.8,1,0.944,570.8,1,0.973,415.8,1,0.945,0.865,3,2,97,ROJO,-215.6,417.6,0.000,1,323.1,,53.2
2960.533910,AVOID_APPROACH,pure-pursuit al punto de paso del pilar 97,24,5.11,426.46,PISTA,OK,5,759.0,759.0,626.4,414.0,583.2,1,1.000,573.5,1,1.000,413.0,1,0.945,0.870,3,2,97,ROJO,-215.5,408.3,0.000,1,323.1,,78.8
2960.634637,AVOID_APPROACH,pure-pursuit al punto de paso del pilar 97,24,5.35,426.32,PISTA,OK,5,750.0,750.0,630.7,411.2,583.6,1,0.917,576.5,1,0.959,410.5,1,0.945,0.857,3,2,97,ROJO,-216.4,399.2,0.000,1,323.1,,50.5
2960.734600,AVOID_APPROACH,pure-pursuit al punto de paso del pilar 97,24,5.33,426.22,PISTA,OK,5,738.0,738.0,634.6,408.1,586.1,1,0.944,580.0,1,0.973,406.0,1,0.932,0.856,3,2,97,ROJO,-215.5,390.8,0.000,1,323.1,,76.0
2960.832556,AVOID_APPROACH,pure-pursuit al punto de paso del pilar 97,24,5.62,426.17,PISTA,OK,5,738.5,738.5,637.0,404.9,591.4,1,0.944,581.8,1,0.973,402.5,1,0.932,0.859,3,2,97,ROJO,-216.5,381.4,0.000,1,323.1,,46.6
2960.933876,AVOID_APPROACH,pure-pursuit al punto de paso del pilar 97,23,5.82,426.10,PISTA,OK,5,722.0,722.0,648.6,402.1,593.1,1,0.972,585.5,1,0.986,400.5,1,0.932,0.926,3,2,97,ROJO,-216.9,372.1,0.000,1,323.1,,81.4
2961.033467,AVOID_APPROACH,pure-pursuit al punto de paso del pilar 97,23,5.71,426.06,PISTA,OK,5,723.0,723.0,643.3,399.4,598.4,1,0.972,588.0,1,0.986,397.5,1,0.918,0.844,3,2,97,ROJO,-215.4,363.4,0.000,1,323.1,,48.8
2961.133723,AVOID_APPROACH,pure-pursuit al punto de paso del pilar 97,24,5.93,426.08,PISTA,OK,5,731.0,731.0,653.1,395.9,598.6,1,0.944,590.8,1,0.973,395.0,1,0.918,0.963,3,2,97,ROJO,-215.9,355.5,0.000,1,323.1,,80.0
2961.234552,AVOID_APPROACH,pure-pursuit al punto de paso del pilar 97,23,5.87,426.04,PISTA,OK,5,705.0,705.0,662.4,393.1,601.3,1,0.833,594.5,1,0.918,393.8,1,0.890,0.863,3,2,97,ROJO,-214.6,346.8,0.000,1,323.1,,51.9
2961.334848,AVOID_APPROACH,pure-pursuit al punto de paso del pilar 97,23,5.82,426.04,PISTA,OK,5,714.0,714.0,651.7,389.8,605.4,1,0.889,596.5,1,0.945,386.5,1,0.904,0.841,3,2,97,ROJO,-213.5,338.4,0.000,1,323.1,,74.7
2961.434586,AVOID_APPROACH,pure-pursuit al punto de paso del pilar 97,23,5.72,426.10,PISTA,OK,5,700.0,700.0,658.6,386.6,608.4,1,0.889,599.5,1,0.945,380.5,1,0.877,0.945,3,2,97,ROJO,-212.1,331.1,0.000,1,323.1,,50.9
2961.536865,AVOID_APPROACH,pure-pursuit al punto de paso del pilar 97,23,5.82,426.08,PISTA,OK,5,699.2,699.2,671.5,383.8,609.4,1,0.917,602.5,1,0.959,383.5,1,0.904,0.864,3,2,97,ROJO,-211.8,322.1,0.000,1,323.1,,82.0
2961.636065,AVOID_APPROACH,pure-pursuit al punto de paso del pilar 97,23,6.24,426.09,PISTA,OK,5,685.0,685.0,664.8,380.6,615.2,1,0.972,604.5,1,0.986,377.0,1,0.904,0.954,3,2,97,ROJO,-213.3,313.1,0.000,1,323.1,,53.4
2961.736625,AVOID_APPROACH,pure-pursuit al punto de paso del pilar 97,23,5.59,426.12,PISTA,OK,5,690.5,690.5,671.6,376.7,615.6,1,0.917,607.5,1,0.959,372.5,1,0.890,0.950,3,2,97,ROJO,-208.9,305.8,0.000,1,323.1,,76.0
2961.836084,AVOID_APPROACH,pure-pursuit al punto de paso del pilar 97,23,5.70,426.14,PISTA,OK,5,687.8,687.8,684.0,374.5,617.6,1,0.944,610.5,1,0.973,372.0,1,0.890,0.808,3,2,97,ROJO,-208.6,296.8,0.000,1,323.1,,53.4
2961.935312,AVOID_APPROACH,pure-pursuit al punto de paso del pilar 97,23,5.61,426.16,PISTA,OK,5,678.0,678.0,687.5,371.2,626.2,1,0.917,614.0,1,0.959,367.5,1,0.877,0.796,3,2,97,ROJO,-207.4,288.6,0.000,1,323.1,,79.8
2962.034759,AVOID_APPROACH,pure-pursuit al punto de paso del pilar 97,23,5.58,426.17,PISTA,OK,5,667.0,667.0,689.2,368.2,625.4,1,0.917,614.8,1,0.959,364.0,1,0.863,0.817,3,2,97,ROJO,-206.4,280.5,0.000,1,323.1,,53.2
2962.134637,AVOID_PASS,manteniendo rumbo mientras pasa el pilar 97,23,1.58,426.26,PISTA,OK,5,669.2,669.2,691.5,364.9,628.1,1,0.944,617.8,1,0.973,357.5,1,0.890,0.822,3,2,97,ROJO,-205.7,273.0,0.000,1,0.0,,80.2
2962.233632,AVOID_PASS,manteniendo rumbo mientras pasa el pilar 97,23,-0.07,426.33,PISTA,OK,5,669.8,669.8,694.4,362.6,631.2,1,0.944,620.0,1,0.973,357.5,1,0.890,0.816,3,2,97,ROJO,-206.3,264.6,0.000,1,9.1,,51.1
2962.333605,AVOID_PASS,manteniendo rumbo mientras pasa el pilar 97,23,-0.10,426.36,PISTA,OK,5,655.0,655.0,699.7,359.6,634.8,1,0.944,621.5,1,0.973,354.8,1,0.890,0.772,3,2,97,ROJO,-203.2,257.4,0.000,1,18.3,,80.6
2962.432956,AVOID_PASS,manteniendo rumbo mientras pasa el pilar 97,23,-0.12,426.38,PISTA,OK,5,685.2,685.2,700.4,356.4,631.2,1,0.917,625.5,1,0.973,352.2,1,0.890,0.782,3,2,97,ROJO,-199.7,252.2,0.000,1,27.4,,46.6
2962.532355,AVOID_PASS,manteniendo rumbo mientras pasa el pilar 97,23,-0.17,426.43,PISTA,OK,5,663.5,663.5,702.4,353.3,644.3,1,0.917,626.5,1,0.973,345.5,1,0.904,0.783,3,2,97,ROJO,-202.1,242.5,0.000,1,36.6,,76.6
2962.631650,AVOID_PASS,manteniendo rumbo mientras pasa el pilar 97,23,-0.13,426.39,PISTA,OK,5,661.5,661.5,719.8,350.7,653.7,1,0.944,628.8,1,0.986,344.0,1,0.863,0.468,3,2,97,ROJO,-200.4,235.0,0.000,1,45.7,,49.2
2962.729895,AVOID_PASS,manteniendo rumbo mientras pasa el pilar 97,23,-0.14,426.40,PISTA,OK,5,654.5,654.5,727.5,347.3,647.5,1,0.889,632.5,1,0.959,343.5,1,0.890,0.429,3,2,97,ROJO,-197.7,229.5,0.000,1,54.8,,78.4
2962.830791,AVOID_PASS,manteniendo rumbo mientras pasa el pilar 97,23,-0.15,426.41,PISTA,OK,5,651.5,651.5,717.6,344.4,648.6,1,0.917,636.0,1,0.973,338.2,1,0.904,0.717,3,2,97,ROJO,-198.0,220.8,0.000,1,64.0,,46.7
2962.931159,AVOID_PASS,manteniendo rumbo mientras pasa el pilar 97,23,-0.11,426.37,PISTA,OK,5,646.5,646.5,722.2,341.7,647.9,1,0.944,636.8,1,0.986,333.0,1,0.849,0.675,3,2,97,ROJO,-197.3,212.0,0.000,1,73.3,,80.9
2963.030669,AVOID_PASS,manteniendo rumbo mientras pasa el pilar 97,23,-0.11,426.37,PISTA,OK,5,636.0,636.0,733.6,338.9,657.8,1,0.917,640.5,1,0.973,335.5,1,0.836,0.614,3,2,97,ROJO,-196.7,204.5,0.000,1,82.4,,48.2
2963.132131,AVOID_PASS,manteniendo rumbo mientras pasa el pilar 97,23,-0.12,426.38,PISTA,OK,5,630.8,630.8,735.4,335.7,660.6,1,0.889,643.2,1,0.973,329.5,1,0.863,0.615,3,2,97,ROJO,-194.4,198.4,0.000,1,91.8,,82.2
2963.231855,AVOID_PASS,manteniendo rumbo mientras pasa el pilar 97,23,-0.11,426.37,PISTA,OK,5,630.5,630.5,748.0,332.0,661.5,1,0.917,646.0,1,1.000,329.5,1,0.863,0.515,3,2,97,ROJO,-194.4,190.1,0.000,1,100.9,,48.6
2963.332101,AVOID_PASS,manteniendo rumbo mientras pasa el pilar 97,23,-0.04,426.30,PISTA,OK,5,618.0,618.0,757.2,329.7,665.6,1,0.944,649.0,1,1.000,323.5,1,0.849,0.467,3,2,97,ROJO,-194.1,183.0,0.000,1,110.2,,79.5
2963.433178,AVOID_PASS,manteniendo rumbo mientras pasa el pilar 97,23,-0.05,426.31,PISTA,OK,5,611.2,611.2,764.4,327.0,666.4,1,0.889,651.2,1,0.986,320.5,1,0.849,0.416,3,2,97,ROJO,-193.9,173.5,0.000,1,119.5,,48.5
2963.533544,AVOID_PASS,manteniendo rumbo mientras pasa el pilar 97,23,-0.06,426.32,PISTA,OK,5,617.5,617.5,766.8,323.7,670.7,1,0.889,652.8,1,0.986,318.5,1,0.836,0.439,3,2,97,ROJO,-193.4,165.2,0.000,1,128.7,,78.2
2963.633311,AVOID_PASS,manteniendo rumbo mientras pasa el pilar 97,22,-0.03,426.29,PISTA,OK,5,596.5,596.5,779.6,321.1,674.6,1,0.889,655.5,1,0.986,317.2,1,0.822,0.370,3,2,97,ROJO,-192.5,158.9,0.000,1,137.9,,50.7
2963.735317,AVOID_PASS,manteniendo rumbo mientras pasa el pilar 97,22,-0.04,426.30,PISTA,OK,5,602.5,602.5,783.3,317.8,677.4,1,0.917,658.0,1,1.000,314.5,1,0.822,0.364,3,2,97,ROJO,-190.5,150.5,0.000,1,146.9,,74.1
2963.834627,AVOID_PASS,manteniendo rumbo mientras pasa el pilar 97,22,-0.07,426.33,PISTA,OK,5,591.0,591.0,791.8,315.1,674.2,1,0.917,658.8,1,1.000,314.5,1,0.849,0.321,3,2,97,ROJO,-189.6,142.6,0.000,1,155.6,,51.4
2963.934771,AVOID_PASS,manteniendo rumbo mientras pasa el pilar 97,22,-0.05,426.31,PISTA,OK,5,590.5,590.5,793.8,312.0,680.3,1,0.861,664.0,1,0.973,308.5,1,0.836,0.335,3,2,97,ROJO,-189.9,135.3,0.000,1,164.4,,81.2
2964.035429,AVOID_PASS,manteniendo rumbo mientras pasa el pilar 97,22,-0.05,426.31,PISTA,OK,5,586.0,586.0,711.1,309.1,683.2,1,0.833,665.2,1,0.986,306.5,1,0.808,0.704,3,2,97,ROJO,-189.9,126.4,0.101,1,173.3,,53.1
2964.135346,AVOID_PASS,manteniendo rumbo mientras pasa el pilar 97,22,-0.07,426.33,PISTA,OK,5,573.0,573.0,705.7,306.4,687.9,1,0.889,668.0,1,0.973,303.0,1,0.849,0.678,2,2,97,ROJO,-187.1,120.9,0.000,1,182.1,,81.0
2964.233398,AVOID_PASS,manteniendo rumbo mientras pasa el pilar 97,22,-0.05,426.31,PISTA,OK,5,585.0,585.0,707.4,303.6,686.0,1,0.917,671.5,1,1.000,301.0,1,0.836,0.648,2,2,97,ROJO,-187.1,112.2,0.098,1,190.7,,51.6
2964.335074,AVOID_PASS,manteniendo rumbo mientras pasa el pilar 97,22,-0.01,426.27,PISTA,OK,5,565.0,565.0,707.2,301.1,688.5,1,0.917,673.2,1,1.000,295.5,1,0.863,0.623,2,2,97,ROJO,-187.2,103.1,0.200,1,199.6,,82.9
2964.433952,AVOID_PASS,manteniendo rumbo mientras pasa el pilar 97,22,-0.02,426.28,PISTA,OK,5,563.8,563.8,710.2,298.4,696.3,1,0.889,676.5,1,0.986,292.5,1,0.863,0.619,2,2,97,ROJO,-187.2,94.4,0.299,1,208.3,,53.2
2964.532190,AVOID_PASS,manteniendo rumbo mientras pasa el pilar 97,22,-0.04,426.30,PISTA,OK,5,568.0,568.0,711.7,295.7,693.8,1,0.889,678.5,1,1.000,290.2,1,0.836,0.620,2,2,97,ROJO,-187.2,85.9,0.397,1,217.0,,78.3
2964.631348,AVOID_PASS,manteniendo rumbo mientras pasa el pilar 97,22,-0.01,426.27,PISTA,OK,5,556.0,556.0,714.2,292.5,700.8,1,0.861,680.8,1,0.973,287.0,1,0.781,0.615,2,2,97,ROJO,-187.2,85.9,0.397,0,225.7,,48.4
2964.730953,AVOID_PASS,manteniendo rumbo mientras pasa el pilar 97,22,0.02,426.24,PISTA,OK,5,543.5,543.5,717.3,290.1,700.0,1,0.833,683.2,1,0.986,285.5,1,0.822,0.618,2,2,97,ROJO,-187.2,85.9,0.397,0,234.5,,80.0
2964.829942,AVOID_PASS,manteniendo rumbo mientras pasa el pilar 97,22,0.04,426.22,PISTA,OK,5,545.5,545.5,720.1,287.1,702.6,1,0.861,687.0,1,0.986,283.5,1,0.836,0.619,2,2,97,ROJO,-187.2,85.9,0.397,0,243.2,,48.3
2964.929371,AVOID_PASS,manteniendo rumbo mientras pasa el pilar 97,22,0.02,426.24,PISTA,OK,5,541.5,541.5,726.1,284.4,708.2,1,0.861,688.5,1,0.986,282.0,1,0.822,0.649,2,2,97,ROJO,-187.2,85.9,0.397,0,251.9,,74.7
2965.028840,AVOID_PASS,manteniendo rumbo mientras pasa el pilar 97,22,0.04,426.22,PISTA,OK,5,531.5,531.5,729.8,282.2,711.0,1,0.861,690.5,1,0.973,277.5,1,0.863,0.656,2,2,97,ROJO,-187.2,85.9,0.397,0,260.7,,44.7
2965.128461,AVOID_PASS,manteniendo rumbo mientras pasa el pilar 97,22,0.03,426.23,PISTA,OK,5,524.5,524.5,787.0,279.6,713.9,1,0.889,693.5,1,0.986,275.0,1,0.836,0.729,2,2,97,ROJO,-187.2,85.9,0.397,0,269.5,,79.2
2965.227686,AVOID_PASS,manteniendo rumbo mientras pasa el pilar 97,22,0.03,426.23,PISTA,OK,5,512.0,512.0,789.0,276.9,713.9,1,0.833,695.5,1,0.973,275.5,1,0.767,0.747,3,2,97,ROJO,-187.2,85.9,0.397,0,278.2,,45.9
2965.327810,AVOID_PASS,manteniendo rumbo mientras pasa el pilar 97,22,0.02,426.24,PISTA,OK,5,514.0,514.0,797.2,274.5,709.4,1,0.833,698.2,1,0.973,273.0,1,0.753,0.696,3,2,97,ROJO,-187.2,85.9,0.397,0,287.0,,76.0
2965.428705,AVOID_PASS,manteniendo rumbo mientras pasa el pilar 97,22,0.03,426.23,PISTA,OK,5,510.0,510.0,804.6,271.7,713.5,1,0.861,701.0,1,0.959,267.5,1,0.849,0.652,2,1,97,ROJO,-187.2,85.9,0.397,0,295.9,,48.2
2965.529031,AVOID_PASS,manteniendo rumbo mientras pasa el pilar 97,22,-0.01,426.27,PISTA,OK,5,503.8,503.8,807.1,269.6,722.5,1,0.833,184.5,1,0.959,266.8,1,0.781,0.671,2,1,97,ROJO,-187.2,85.9,0.397,0,304.7,,81.5
2965.628540,AVOID_PASS,manteniendo rumbo mientras pasa el pilar 97,22,0.00,426.26,PISTA,OK,5,515.5,515.5,811.6,266.6,724.1,1,0.833,165.5,1,0.973,262.5,1,0.808,0.663,2,1,97,ROJO,-187.2,85.9,0.397,0,313.5,,43.7
2965.730169,RECENTER,reincorporacion tras 322 mm de sobrepaso estimado,21,4.00,426.23,PISTA,OK,5,493.5,493.5,817.6,264.4,724.9,1,0.833,164.0,1,0.945,259.5,1,0.808,0.654,2,1,97,ROJO,-187.2,85.9,0.397,0,322.4,,79.8
2965.829830,TURN,giro de esquina por IMU y reapertura frontal,21,25.00,426.20,PISTA,OK,5,490.0,490.0,823.8,261.6,724.9,1,0.806,162.5,1,0.945,255.5,1,0.808,0.629,1,0,,,,,,0,322.4,,48.1
2965.931039,TURN,giro de esquina por IMU y reapertura frontal,21,25.00,426.16,PISTA,OK,5,474.0,474.0,822.9,258.3,727.0,1,0.861,163.0,1,0.959,254.0,1,0.822,0.695,2,0,,,,,,0,322.4,,82.6
2966.031003,TURN,giro de esquina por IMU y reapertura frontal,21,25.00,425.26,PISTA,OK,5,451.5,451.5,2820.8,256.3,721.3,1,0.833,164.5,1,0.945,256.5,1,0.795,0.181,3,0,,,,,,0,322.4,,48.7
2966.131247,TURN,giro de esquina por IMU y reapertura frontal,21,25.00,427.13,PISTA,OK,5,463.5,463.5,824.7,253.2,734.4,1,0.833,160.0,1,0.973,252.0,1,0.781,0.723,3,0,,,,,,0,322.4,,79.5
2966.230830,TURN,giro de esquina por IMU y reapertura frontal,21,25.00,428.79,PISTA,OK,5,491.0,491.0,168.0,251.8,743.0,1,0.778,158.5,1,0.973,251.5,1,0.795,0.785,3,0,,,,,,0,322.4,,50.7
2966.330934,TURN,giro de esquina por IMU y reapertura frontal,22,25.00,429.66,PISTA,OK,5,514.5,514.5,164.2,251.3,756.7,1,0.694,155.0,1,0.973,248.0,1,0.795,0.779,3,0,,,,,,0,322.4,,82.3
2966.432113,TURN,giro de esquina por IMU y reapertura frontal,22,25.00,431.29,PISTA,OK,5,548.5,548.5,160.5,250.7,691.8,1,0.722,154.5,1,0.986,248.0,1,0.822,0.777,3,0,,,,,,0,322.4,,51.1
2966.532423,TURN,giro de esquina por IMU y reapertura frontal,22,25.00,433.11,PISTA,OK,5,582.5,582.5,3784.5,251.4,683.5,1,0.639,151.0,1,0.973,245.5,1,0.767,0.178,3,0,,,,,,0,322.4,,80.3
2966.631702,TURN,giro de esquina por IMU y reapertura frontal,22,25.00,434.88,PISTA,OK,5,606.5,606.5,805.9,251.8,595.1,1,0.694,146.0,1,0.986,247.0,1,0.836,0.704,3,0,,,,,,0,322.4,,50.3
2966.731451,TURN,giro de esquina por IMU y reapertura frontal,23,25.00,436.62,PISTA,OK,5,662.0,662.0,151.0,252.6,591.1,1,0.583,143.5,1,0.945,248.0,1,0.795,0.770,4,0,,,,,,0,322.4,,81.4
2966.830710,TURN,giro de esquina por IMU y reapertura frontal,23,25.00,437.50,PISTA,OK,5,703.0,703.0,155.0,253.4,530.8,1,0.611,141.5,1,0.945,248.0,1,0.795,0.767,4,0,,,,,,0,322.4,,48.7
2966.931779,TURN,giro de esquina por IMU y reapertura frontal,25,25.00,439.33,PISTA,OK,5,1012.0,1012.0,149.8,255.2,504.6,1,0.556,137.5,1,0.932,248.5,1,0.781,0.766,4,0,,,,,,0,322.4,,83.0
2967.029498,TURN,giro de esquina por IMU y reapertura frontal,25,25.00,440.28,PISTA,OK,5,858.5,1005.0,147.8,257.0,489.9,1,0.583,135.0,1,0.890,250.8,1,0.808,0.767,4,0,,,,,,0,322.4,,47.5
2967.129359,TURN,giro de esquina por IMU y reapertura frontal,25,25.00,442.21,PISTA,OK,5,998.0,998.0,778.0,259.7,468.1,1,0.583,131.0,1,0.877,253.5,1,0.836,0.766,4,0,,,,,,0,322.4,,79.0
2967.228711,TURN,giro de esquina por IMU y reapertura frontal,25,25.00,444.19,PISTA,OK,5,990.0,990.0,817.6,262.9,438.7,1,0.611,128.0,1,0.863,257.5,1,0.877,0.335,4,0,,,,,,0,322.4,,46.1
2967.328174,TURN,giro de esquina por IMU y reapertura frontal,25,25.00,446.33,PISTA,OK,5,982.5,982.5,130.9,266.0,429.6,1,0.639,127.0,1,0.808,261.2,1,0.890,0.789,4,0,,,,,,0,322.4,,81.4
2967.427524,TURN,giro de esquina por IMU y reapertura frontal,25,25.00,448.52,PISTA,OK,5,975.5,975.5,126.6,270.7,412.4,1,0.778,122.5,1,0.877,263.8,1,0.973,0.705,5,0,,,,,,0,322.4,,48.1
2967.528680,TURN,giro de esquina por IMU y reapertura frontal,25,25.00,449.56,PISTA,OK,5,971.0,971.0,674.5,275.9,406.3,1,0.778,121.5,1,0.877,269.5,1,0.932,0.768,5,0,,,,,,0,322.4,,80.1
2967.628471,TURN,giro de esquina por IMU y reapertura frontal,25,25.00,451.76,PISTA,OK,5,966.0,966.0,115.9,280.9,392.4,1,0.722,119.0,1,0.767,274.0,1,0.973,0.781,5,0,,,,,,0,322.4,,47.6
2967.728602,TURN,giro de esquina por IMU y reapertura frontal,25,25.00,453.91,PISTA,OK,5,960.5,960.5,115.7,287.3,389.1,1,0.667,117.0,1,0.753,280.5,1,0.945,0.596,5,0,,,,,,0,322.4,,81.5
2967.829711,TURN,giro de esquina por IMU y reapertura frontal,25,25.00,456.03,PISTA,OK,5,953.5,953.5,8000.0,294.1,384.0,1,0.750,113.8,1,0.753,284.2,1,1.000,0.224,5,0,,,,,,0,322.4,,47.4
2967.929915,TURN,giro de esquina por IMU y reapertura frontal,25,25.00,457.14,PISTA,OK,5,946.5,946.5,119.1,301.5,373.1,1,0.694,112.0,1,0.795,290.2,1,0.986,0.204,5,0,,,,,,0,322.4,,80.9
2968.029701,TURN,giro de esquina por IMU y reapertura frontal,25,25.00,459.10,PISTA,OK,5,941.5,941.5,131.8,309.6,360.8,1,0.694,109.0,1,0.726,298.0,1,0.973,0.206,5,0,,,,,,0,322.4,,49.4
2968.131138,TURN,giro de esquina por IMU y reapertura frontal,25,25.00,461.28,PISTA,OK,5,935.0,935.0,130.9,317.7,360.4,1,0.694,108.0,1,0.712,304.5,1,0.986,0.202,5,0,,,,,,0,322.4,,82.4
2968.230964,TURN,giro de esquina por IMU y reapertura frontal,25,25.00,463.38,PISTA,OK,5,933.0,933.0,130.6,326.9,353.1,1,0.694,106.0,1,0.712,310.5,1,0.986,0.202,4,0,,,,,,0,322.4,,50.2
2968.331114,TURN,giro de esquina por IMU y reapertura frontal,25,25.00,464.40,PISTA,OK,5,929.5,929.5,140.4,336.7,351.4,1,0.722,105.0,1,0.685,316.0,1,1.000,0.204,4,0,,,,,,0,322.4,,80.6
2968.432212,TURN,giro de esquina por IMU y reapertura frontal,25,25.00,466.46,PISTA,OK,5,928.5,928.5,135.8,346.7,347.3,1,0.639,106.0,1,0.671,322.5,1,1.000,0.205,4,0,,,,,,0,322.4,,50.6
2968.532687,TURN,giro de esquina por IMU y reapertura frontal,25,25.00,468.63,PISTA,OK,5,928.5,928.5,664.8,358.0,352.2,1,0.667,105.0,1,0.671,329.8,1,1.000,0.801,4,0,,,,,,0,322.4,,81.9
2968.632218,TURN,giro de esquina por IMU y reapertura frontal,25,25.00,469.71,PISTA,OK,5,932.2,932.2,612.5,370.6,350.2,1,0.639,102.5,1,0.671,338.0,1,1.000,0.834,3,0,,,,,,0,322.4,,51.6
2968.732424,TURN,giro de esquina por IMU y reapertura frontal,25,25.00,471.84,PISTA,OK,5,932.8,932.8,673.9,383.5,349.2,1,0.611,103.5,1,0.685,343.2,1,1.000,0.742,4,0,,,,,,0,322.4,,79.4
2968.831341,TURN,giro de esquina por IMU y reapertura frontal,25,25.00,474.07,PISTA,OK,5,935.8,935.8,608.6,398.4,343.6,1,0.556,101.5,1,0.658,351.5,1,1.000,0.211,4,0,,,,,,0,322.4,,48.5
2968.931288,TURN,giro de esquina por IMU y reapertura frontal,25,25.00,476.22,PISTA,OK,5,950.0,950.0,683.0,413.9,347.3,1,0.611,105.5,1,0.658,358.5,1,1.000,0.807,4,0,,,,,,0,322.4,,81.2
2969.031960,TURN,giro de esquina por IMU y reapertura frontal,25,25.00,477.26,PISTA,OK,5,955.0,955.0,686.2,431.4,344.9,1,0.639,104.5,1,0.726,365.8,1,1.000,0.847,4,1,,,,,,0,322.4,,50.2
2969.130356,TURN,giro de esquina por IMU y reapertura frontal,25,25.00,479.35,PISTA,OK,5,962.5,962.5,690.8,448.3,345.5,1,0.667,107.5,1,0.740,374.0,1,1.000,0.842,4,1,,,,,,0,322.4,,77.5
2969.229708,TURN,giro de esquina por IMU y reapertura frontal,25,25.00,481.52,PISTA,OK,5,968.0,968.0,695.9,466.3,346.5,1,0.667,107.5,1,0.767,383.0,1,1.000,0.840,3,1,,,,,,0,322.4,,48.0
2969.329343,CRUISE,esquina 6 verificada,25,21.00,482.65,PISTA,OK,6,985.0,985.0,703.5,484.7,347.3,1,0.694,109.5,1,0.808,389.2,1,1.000,0.778,3,1,,,,,,0,322.4,,81.1
2969.428337,AVOID_APPROACH,pure-pursuit al punto de paso del pilar 111,25,25.00,484.81,PISTA,OK,6,996.5,996.5,710.6,502.2,349.8,1,0.611,110.2,1,0.767,398.5,1,1.000,0.707,3,1,111,VERDE,-297.0,519.5,0.000,1,322.4,,48.4
2969.529520,AVOID_APPROACH,pure-pursuit al punto de paso del pilar 111,25,25.00,486.91,PISTA,OK,6,1011.0,1011.0,720.0,519.2,95.8,1,0.694,111.8,1,0.808,407.5,1,1.000,0.588,2,1,111,VERDE,-277.5,521.0,0.000,1,322.4,,82.1
2969.627271,AVOID_APPROACH,pure-pursuit al punto de paso del pilar 111,25,25.00,488.89,PISTA,OK,6,1018.0,1018.0,727.1,529.8,97.9,1,0.750,111.2,1,0.767,414.8,1,1.000,0.464,2,1,111,VERDE,-257.7,523.5,0.000,1,322.4,,46.8
2969.727480,AVOID_APPROACH,pure-pursuit al punto de paso del pilar 111,25,25.00,489.80,PISTA,OK,6,1045.0,1045.0,738.1,536.3,99.5,1,0.750,114.2,1,0.712,423.5,1,1.000,0.302,2,1,111,VERDE,-236.6,522.9,0.000,1,322.4,,80.9
2969.826937,AVOID_APPROACH,pure-pursuit al punto de paso del pilar 111,25,25.00,491.84,PISTA,OK,6,1059.0,1059.0,750.3,550.7,99.7,1,0.861,117.2,1,0.740,432.0,1,1.000,0.210,2,1,111,VERDE,-218.2,527.5,0.000,1,322.4,,47.6
2969.928413,AVOID_APPROACH,pure-pursuit al punto de paso del pilar 111,25,25.00,493.77,PISTA,OK,6,1082.5,1082.5,771.9,568.8,102.4,1,0.944,120.0,1,0.781,440.0,1,1.000,0.189,2,1,111,VERDE,-196.4,520.1,0.000,1,322.4,,80.2
2970.028131,AVOID_APPROACH,pure-pursuit al punto de paso del pilar 111,25,25.00,495.98,PISTA,OK,6,1107.5,1107.5,787.5,583.6,104.2,1,1.000,119.5,1,0.795,449.0,1,1.000,0.187,2,1,111,VERDE,-178.7,521.2,0.000,1,322.4,,48.6
2970.128516,AVOID_APPROACH,pure-pursuit al punto de paso del pilar 111,25,25.00,498.10,PISTA,OK,6,1129.5,1129.5,805.2,599.4,106.5,1,0.972,124.0,1,0.699,457.0,1,1.000,0.186,2,1,111,VERDE,-152.2,525.1,0.000,1,322.4,,80.1
2970.229287,AVOID_APPROACH,pure-pursuit al punto de paso del pilar 111,25,25.00,499.14,PISTA,OK,6,1157.5,1157.5,827.3,623.6,107.7,1,0.944,124.8,1,0.658,466.0,1,1.000,0.184,2,1,111,VERDE,-128.6,523.4,0.000,1,322.4,,50.4
2970.329615,AVOID_APPROACH,pure-pursuit al punto de paso del pilar 111,25,25.00,501.11,PISTA,OK,6,1187.5,1187.5,839.0,639.9,108.9,1,0.972,127.0,1,0.575,475.0,1,1.000,0.195,4,1,111,VERDE,-114.3,512.0,0.000,1,322.4,,79.4
2970.429284,AVOID_APPROACH,pure-pursuit al punto de paso del pilar 111,22,25.00,503.21,PISTA,OK,6,512.5,1210.0,861.4,651.2,111.4,1,1.000,130.2,1,0.671,483.0,1,1.000,0.205,4,1,111,VERDE,-86.6,515.7,0.000,1,322.4,,50.4
2970.530777,AVOID_APPROACH,pure-pursuit al punto de paso del pilar 111,22,25.00,505.26,PISTA,OK,6,497.5,1305.5,891.3,675.7,113.0,1,1.000,133.8,1,0.603,492.0,1,1.000,0.204,3,1,111,VERDE,-64.9,511.3,0.000,1,322.4,,83.8
2970.630447,AVOID_APPROACH,pure-pursuit al punto de paso del pilar 111,21,24.44,506.20,PISTA,OK,6,492.5,1306.0,920.9,694.6,114.3,1,0.972,137.0,1,0.644,499.0,1,1.000,0.202,3,1,111,VERDE,-50.1,504.0,0.000,1,322.4,,51.1
2970.730820,AVOID_APPROACH,pure-pursuit al punto de paso del pilar 111,21,23.56,507.93,PISTA,OK,6,485.5,1337.5,950.4,715.7,116.3,1,1.000,141.0,1,0.548,508.0,1,1.000,0.196,3,1,111,VERDE,-36.4,493.9,0.000,1,322.4,,79.1
2970.830207,AVOID_APPROACH,pure-pursuit al punto de paso del pilar 111,21,22.89,509.59,PISTA,OK,6,479.5,539.0,982.7,742.1,117.8,1,1.000,142.8,1,0.575,515.5,1,1.000,0.196,3,1,111,VERDE,-27.0,487.9,0.000,1,322.4,,51.5
2970.929731,AVOID_APPROACH,pure-pursuit al punto de paso del pilar 111,21,22.49,511.19,PISTA,OK,6,474.0,495.5,1024.6,760.6,118.0,1,0.944,143.2,1,0.521,521.0,1,1.000,0.203,3,1,111,VERDE,-20.8,482.8,0.000,1,322.4,,82.0
2971.029250,AVOID_APPROACH,pure-pursuit al punto de paso del pilar 111,21,21.66,512.03,PISTA,OK,6,469.0,1415.0,1067.2,781.7,123.1,1,1.000,148.5,1,0.521,527.5,1,1.000,0.203,4,1,111,VERDE,-11.9,480.6,0.000,1,322.4,,49.7
2971.130500,AVOID_APPROACH,pure-pursuit al punto de paso del pilar 111,21,20.71,513.50,PISTA,OK,6,471.0,495.5,1111.4,796.5,125.3,1,1.000,151.2,1,0.507,534.5,1,1.000,0.203,4,1,111,VERDE,0.5,472.2,0.101,1,322.4,,81.1
2971.228153,AVOID_APPROACH,pure-pursuit al punto de paso del pilar 111,21,19.65,515.07,PISTA,OK,6,463.5,1405.0,1155.7,818.0,128.5,1,1.000,154.5,1,0.548,540.5,1,0.973,0.203,4,2,111,VERDE,13.4,463.8,0.199,1,322.4,,48.9
2971.329398,AVOID_APPROACH,pure-pursuit al punto de paso del pilar 111,21,18.45,516.79,PISTA,OK,6,456.5,1399.0,1258.8,839.9,131.1,1,1.000,155.5,1,0.548,548.0,1,1.000,0.204,4,2,111,VERDE,27.3,454.7,0.300,1,322.4,,83.8
2971.428558,AVOID_APPROACH,pure-pursuit al punto de paso del pilar 111,21,17.36,518.36,PISTA,OK,6,452.0,1394.0,1311.3,860.3,132.9,1,0.972,157.0,1,0.562,554.0,1,1.000,0.208,4,2,111,VERDE,39.8,445.4,0.399,1,322.4,,48.7
2971.526316,AVOID_APPROACH,pure-pursuit al punto de paso del pilar 118,21,13.73,519.23,PISTA,OK,6,446.5,1395.0,1404.3,875.2,137.1,1,0.972,161.0,1,0.589,562.0,1,0.986,0.211,4,2,118,VERDE,68.5,452.6,0.000,1,322.4,,80.2
2971.627050,AVOID_APPROACH,pure-pursuit al punto de paso del pilar 118,21,11.78,520.87,PISTA,OK,6,443.0,1385.0,1541.4,878.8,139.2,1,1.000,163.2,1,0.589,570.0,1,1.000,0.211,4,2,118,VERDE,86.3,444.7,0.000,1,322.4,,46.4
2971.725161,AVOID_APPROACH,pure-pursuit al punto de paso del pilar 118,21,9.56,522.50,PISTA,OK,6,462.5,1382.0,1687.3,890.2,142.2,1,0.972,167.5,1,0.616,576.5,1,1.000,0.216,4,2,118,VERDE,105.5,436.6,0.000,1,322.4,,78.8
2971.824890,AVOID_APPROACH,pure-pursuit al punto de paso del pilar 118,25,7.61,524.32,PISTA,OK,6,1375.0,1375.0,1910.0,896.3,146.4,1,0.972,169.0,1,0.630,585.5,1,1.000,0.218,4,2,118,VERDE,122.1,426.2,0.000,1,322.4,,46.0
2971.926459,AVOID_APPROACH,pure-pursuit al punto de paso del pilar 118,25,5.50,525.92,PISTA,OK,6,1368.5,1368.5,2104.9,895.3,151.4,1,1.000,174.0,1,0.740,596.0,1,1.000,0.193,4,2,118,VERDE,139.0,415.1,0.000,1,322.4,,80.5
2972.026209,AVOID_APPROACH,pure-pursuit al punto de paso del pilar 118,25,3.16,526.62,PISTA,OK,6,1361.0,1361.0,2652.2,894.1,155.6,1,0.944,180.2,1,0.740,606.0,1,1.000,0.190,4,2,118,VERDE,156.6,407.0,0.000,1,322.4,,44.3
2972.126497,AVOID_APPROACH,pure-pursuit al punto de paso del pilar 118,25,1.51,528.25,PISTA,OK,6,1353.0,1353.0,2395.4,895.1,163.1,1,0.972,186.0,1,0.712,619.0,1,0.986,0.188,4,2,118,VERDE,168.6,393.9,0.000,1,322.4,,80.0
2972.226369,AVOID_APPROACH,pure-pursuit al punto de paso del pilar 118,25,-0.21,529.46,PISTA,OK,6,1346.0,1346.0,608.9,899.5,169.1,1,0.972,189.8,1,0.822,630.5,1,1.000,0.212,4,2,118,VERDE,180.4,380.2,0.000,1,322.4,,48.0
2972.327903,AVOID_APPROACH,pure-pursuit al punto de paso del pilar 118,25,-1.96,530.36,PISTA,OK,6,1624.0,1624.0,626.1,900.1,178.0,1,1.000,199.0,1,0.836,644.5,1,1.000,0.209,3,1,118,VERDE,191.6,367.1,0.000,1,322.4,,81.2
2972.427618,AVOID_APPROACH,pure-pursuit al punto de paso del pilar 118,25,-2.55,530.69,PISTA,OK,6,2291.0,2291.0,604.5,899.8,188.2,1,1.000,206.0,1,0.767,656.5,1,0.986,0.210,3,1,118,VERDE,194.8,355.3,0.000,1,322.4,,46.5
2972.528245,AVOID_APPROACH,pure-pursuit al punto de paso del pilar 118,25,-2.58,531.17,PISTA,OK,6,1605.0,1605.0,319.0,897.6,198.2,1,0.944,217.5,1,0.699,669.0,1,0.986,0.795,3,1,118,VERDE,194.5,343.5,0.000,1,322.4,,80.6
2972.627606,AVOID_APPROACH,pure-pursuit al punto de paso del pilar 118,25,-2.95,531.40,PISTA,OK,6,1596.0,1596.0,578.9,896.2,206.2,1,1.000,224.0,1,0.836,679.0,1,0.986,0.209,3,1,118,VERDE,196.1,331.9,0.000,1,322.4,,48.5
2972.729016,AVOID_APPROACH,pure-pursuit al punto de paso del pilar 118,25,-3.46,531.49,PISTA,OK,6,1585.0,1585.0,302.0,897.2,217.4,1,0.917,234.5,1,0.740,689.0,1,1.000,0.796,3,1,118,VERDE,198.4,322.0,0.000,1,322.4,,81.6
2972.829000,AVOID_APPROACH,pure-pursuit al punto de paso del pilar 118,25,-3.56,531.54,PISTA,OK,6,1577.0,1577.0,289.5,899.2,228.1,1,1.000,244.5,1,0.836,700.0,1,1.000,0.798,3,1,118,VERDE,198.4,312.4,0.000,1,322.4,,48.5
2972.929231,AVOID_APPROACH,pure-pursuit al punto de paso del pilar 118,25,-3.89,531.63,PISTA,OK,6,2243.0,2243.0,273.5,900.2,236.8,1,0.972,253.0,1,0.877,709.5,1,1.000,0.802,3,1,118,VERDE,199.6,302.3,0.000,1,322.4,,79.4
2973.030005,AVOID_APPROACH,pure-pursuit al punto de paso del pilar 118,25,-4.60,531.62,PISTA,OK,6,1558.0,1558.0,267.5,899.8,246.9,1,1.000,263.0,1,0.877,721.0,1,0.986,0.799,3,1,118,VERDE,202.7,294.6,0.000,1,322.4,,51.6
2973.128690,AVOID_APPROACH,pure-pursuit al punto de paso del pilar 118,25,-4.67,531.62,PISTA,OK,6,2221.0,2221.0,250.5,898.7,255.6,1,0.944,271.0,1,0.822,732.0,1,1.000,0.798,3,1,118,VERDE,202.2,283.6,0.000,1,322.4,,79.7
2973.227601,AVOID_PASS,manteniendo rumbo mientras pasa el pilar 118,25,-0.67,531.60,PISTA,OK,6,1541.5,1541.5,242.0,900.1,265.9,1,1.000,280.5,1,0.904,740.5,1,1.000,0.800,2,1,118,VERDE,199.1,275.5,0.000,1,0.0,,48.4
2973.327374,AVOID_PASS,manteniendo rumbo mientras pasa el pilar 118,25,0.10,531.50,PISTA,OK,6,1539.5,1539.5,230.5,899.5,275.8,1,0.972,290.0,1,0.849,749.5,1,1.000,0.801,2,1,118,VERDE,198.5,266.5,0.000,1,10.0,,76.8
2973.426438,AVOID_PASS,manteniendo rumbo mientras pasa el pilar 118,25,-1.99,531.48,PISTA,OK,6,2192.5,2192.5,219.0,899.2,284.4,1,0.944,299.0,1,0.808,759.5,1,1.000,0.801,2,1,118,VERDE,198.5,256.3,0.000,1,19.9,,48.6
2973.527385,AVOID_PASS,manteniendo rumbo mientras pasa el pilar 118,25,-3.02,531.46,PISTA,OK,6,1512.5,1512.5,213.5,899.0,296.3,1,1.000,311.5,1,0.890,769.5,1,1.000,0.802,3,1,118,VERDE,199.1,248.8,0.000,1,30.0,,82.6
2973.625149,AVOID_PASS,manteniendo rumbo mientras pasa el pilar 118,25,-5.71,531.46,PISTA,OK,6,1508.0,1508.0,199.5,899.1,306.0,1,0.972,322.5,1,0.890,780.5,1,0.986,0.802,3,1,118,VERDE,198.2,238.9,0.000,1,39.8,,44.8
2973.724692,AVOID_PASS,manteniendo rumbo mientras pasa el pilar 118,25,-7.53,531.45,PISTA,OK,6,1491.5,1491.5,190.0,898.4,314.8,1,0.944,331.0,1,0.890,790.5,1,1.000,0.802,3,1,118,VERDE,198.6,228.8,0.000,1,49.7,,79.3
2973.825691,AVOID_PASS,manteniendo rumbo mientras pasa el pilar 118,25,-7.75,531.50,PISTA,OK,6,1491.0,1491.0,189.0,897.3,323.8,1,0.944,340.5,1,0.904,801.0,1,1.000,0.801,4,1,118,VERDE,200.8,220.0,0.000,1,59.8,,47.4
2973.924182,AVOID_PASS,manteniendo rumbo mientras pasa el pilar 118,25,-9.45,531.28,PISTA,OK,6,1476.0,1476.0,179.5,897.1,334.7,1,0.944,352.0,1,0.932,811.0,1,1.000,0.802,4,2,118,VERDE,200.6,211.3,0.000,1,69.7,,80.0
2974.023664,AVOID_PASS,manteniendo rumbo mientras pasa el pilar 118,25,-9.64,531.07,PISTA,OK,6,2136.5,2136.5,178.0,896.2,346.1,1,0.944,364.0,1,0.904,820.0,1,1.000,0.803,4,2,118,VERDE,197.7,203.1,0.000,1,79.6,,44.3
2974.125514,AVOID_PASS,manteniendo rumbo mientras pasa el pilar 118,25,-10.73,530.66,PISTA,OK,6,2127.0,2127.0,171.5,895.8,355.7,1,0.944,374.0,1,0.918,828.5,1,1.000,0.804,4,2,118,VERDE,197.6,193.5,0.000,1,89.8,,80.9
2974.224902,AVOID_PASS,manteniendo rumbo mientras pasa el pilar 118,25,-11.14,529.97,AZUL,OK,6,2118.0,2118.0,168.0,894.2,367.1,1,0.972,386.0,1,0.945,837.0,1,1.000,0.805,4,2,118,VERDE,193.4,187.0,0.000,1,99.7,,46.7
2974.326118,AVOID_PASS,manteniendo rumbo mientras pasa el pilar 118,25,-10.83,529.60,AZUL,OK,6,2109.0,2109.0,168.8,893.3,781.0,1,0.944,943.5,1,0.863,841.0,1,1.000,0.804,4,2,118,VERDE,189.8,180.0,0.000,1,109.9,,80.8
2974.426133,AVOID_PASS,manteniendo rumbo mientras pasa el pilar 118,25,-12.60,528.74,PISTA,OK,6,2100.5,2100.5,159.0,892.1,783.1,1,0.972,954.0,1,0.904,850.0,1,1.000,0.806,4,2,118,VERDE,186.3,172.2,0.000,1,119.9,,47.2
2974.526362,AVOID_PASS,manteniendo rumbo mientras pasa el pilar 118,25,-8.60,527.89,PISTA,OK,6,2091.5,2091.5,232.4,891.0,788.4,1,1.000,959.5,1,0.890,856.5,1,1.000,0.237,5,2,118,VERDE,181.4,167.2,0.000,1,129.9,,78.0
2974.626186,AVOID_PASS,manteniendo rumbo mientras pasa el pilar 118,25,-12.60,526.93,PISTA,OK,6,2081.0,2081.0,147.5,889.6,792.1,1,0.972,981.0,1,0.849,863.5,1,1.000,0.807,5,2,118,VERDE,176.9,160.1,0.000,1,139.9,,48.8
2974.727701,AVOID_PASS,manteniendo rumbo mientras pasa el pilar 118,25,-15.21,526.44,PISTA,OK,6,1125.5,2073.5,145.0,888.9,789.3,1,0.972,1005.0,1,0.849,869.0,1,1.000,0.807,5,2,118,VERDE,172.0,154.6,0.000,1,150.0,,82.5
2974.827280,AVOID_PASS,manteniendo rumbo mientras pasa el pilar 118,25,-11.21,525.59,PISTA,OK,6,1109.5,2066.0,497.7,887.7,795.4,1,1.000,1015.0,1,0.836,876.5,1,1.000,0.210,5,2,118,VERDE,169.7,147.2,0.100,1,160.0,,48.4
2974.927286,AVOID_PASS,manteniendo rumbo mientras pasa el pilar 118,25,-15.21,524.49,PISTA,OK,6,1098.5,2058.0,142.5,886.9,797.5,1,1.000,1038.0,1,0.849,881.5,1,1.000,0.794,5,2,118,VERDE,166.9,140.4,0.200,1,170.0,,83.1
2975.026714,AVOID_PASS,manteniendo rumbo mientras pasa el pilar 118,25,-12.87,523.26,PISTA,OK,6,1087.0,2050.5,151.4,887.7,797.9,1,1.000,335.0,1,0.836,880.2,1,1.000,0.205,5,2,118,VERDE,163.8,134.0,0.299,1,179.9,,49.0
2975.126416,AVOID_PASS,manteniendo rumbo mientras pasa el pilar 118,25,-15.04,522.64,PISTA,OK,6,1078.5,2042.5,143.0,886.4,796.8,1,1.000,230.5,1,0.836,880.2,1,1.000,0.797,5,2,118,VERDE,162.4,125.8,0.399,1,189.9,,81.6
2975.225841,AVOID_PASS,manteniendo rumbo mientras pasa el pilar 118,25,-15.08,521.22,PISTA,OK,6,1069.5,2041.5,142.0,886.9,796.6,1,1.000,229.0,1,0.836,884.8,1,1.000,0.797,5,2,118,VERDE,162.4,125.8,0.399,0,199.8,,47.6
2975.323800,AVOID_PASS,manteniendo rumbo mientras pasa el pilar 118,25,-11.08,519.80,PISTA,OK,6,1060.0,2037.0,218.4,887.7,796.8,1,0.972,148.5,1,0.849,889.5,1,1.000,0.219,5,2,118,VERDE,162.4,125.8,0.399,0,209.6,,80.3
2975.423504,AVOID_PASS,manteniendo rumbo mientras pasa el pilar 118,25,-7.08,518.39,PISTA,OK,6,1049.5,1924.0,227.1,887.9,797.4,1,0.972,145.0,1,0.781,886.2,1,1.000,0.214,5,2,118,VERDE,162.4,125.8,0.399,0,219.6,,46.1
2975.524702,AVOID_PASS,manteniendo rumbo mientras pasa el pilar 118,25,-3.08,517.77,PISTA,OK,6,1039.0,1787.0,218.4,890.3,795.4,1,0.972,144.0,1,0.836,889.5,1,1.000,0.214,5,2,118,VERDE,162.4,125.8,0.399,0,229.7,,79.8
2975.624159,AVOID_PASS,manteniendo rumbo mientras pasa el pilar 118,25,0.92,516.28,PISTA,OK,6,1023.5,1704.0,196.5,893.4,794.6,1,1.000,146.5,1,0.836,895.0,1,1.000,0.212,6,2,118,VERDE,162.4,125.8,0.399,0,239.7,,45.5
2975.723376,AVOID_PASS,manteniendo rumbo mientras pasa el pilar 118,25,-3.08,514.88,PISTA,OK,6,1011.5,1029.8,165.5,895.6,796.2,1,1.000,150.0,1,0.740,901.5,1,1.000,0.822,6,3,118,VERDE,162.4,125.8,0.399,0,249.6,,79.3
2975.822962,AVOID_PASS,manteniendo rumbo mientras pasa el pilar 118,25,-7.08,514.09,PISTA,OK,6,1001.0,1583.0,158.3,897.9,796.4,1,1.000,153.5,1,0.836,906.2,1,1.000,0.218,6,3,118,VERDE,162.4,125.8,0.399,0,259.5,,45.3
2975.922469,AVOID_PASS,manteniendo rumbo mientras pasa el pilar 118,25,-3.08,513.78,NARANJA,OK,6,995.5,1510.0,176.3,894.8,804.0,1,0.972,158.0,1,0.890,899.0,1,1.000,0.811,6,3,118,VERDE,162.4,125.8,0.399,0,269.5,,76.2
2976.021842,AVOID_PASS,manteniendo rumbo mientras pasa el pilar 118,25,0.27,513.28,NARANJA,OK,6,985.5,1492.0,180.6,908.5,809.7,1,1.000,163.0,1,0.945,898.5,1,1.000,0.573,5,2,118,VERDE,162.4,125.8,0.399,0,279.4,,41.9
2976.122738,AVOID_PASS,manteniendo rumbo mientras pasa el pilar 118,25,3.49,512.53,PISTA,OK,6,974.5,1452.0,188.1,893.0,814.6,1,1.000,168.2,1,0.918,901.5,1,1.000,0.773,5,2,118,VERDE,162.4,125.8,0.399,0,289.5,,79.3
2976.221757,AVOID_PASS,manteniendo rumbo mientras pasa el pilar 118,25,5.49,512.25,PISTA,OK,6,964.0,1428.0,193.0,895.0,819.6,1,0.972,171.0,1,0.863,899.5,1,0.986,0.739,5,2,118,VERDE,162.4,125.8,0.399,0,299.4,,44.0
2976.323233,AVOID_PASS,manteniendo rumbo mientras pasa el pilar 118,25,9.11,511.62,PISTA,OK,6,954.5,1405.0,201.5,894.6,821.6,1,1.000,175.5,1,0.877,899.2,1,1.000,0.706,5,2,118,VERDE,162.4,125.8,0.399,0,309.6,,78.9
2976.423046,AVOID_PASS,manteniendo rumbo mientras pasa el pilar 118,25,11.15,511.28,PISTA,OK,6,944.0,1359.0,206.1,892.9,829.8,1,1.000,180.0,1,0.945,901.5,1,1.000,0.709,5,2,118,VERDE,162.4,125.8,0.399,0,319.5,,45.8
2976.524319,RECENTER,reincorporacion tras 330 mm de sobrepaso estimado,25,14.32,511.22,PISTA,OK,6,937.0,1365.0,212.2,2420.0,835.1,1,0.972,182.5,1,0.932,888.2,1,1.000,0.159,3,2,118,VERDE,162.4,125.8,0.399,0,329.7,,79.4
2976.624205,RECENTER,reincorporando por posicion lateral,25,10.32,511.44,PISTA,OK,6,927.0,1351.5,212.8,882.9,844.1,1,0.972,185.0,1,0.986,890.5,1,1.000,0.759,3,2,118,VERDE,162.4,125.8,0.399,0,329.7,,45.3
2976.724511,RECENTER,reincorporando por posicion lateral,25,6.32,512.05,PISTA,OK,6,917.5,1370.5,213.0,825.7,851.9,1,1.000,189.0,1,0.959,113.5,1,1.000,0.588,3,2,118,VERDE,162.4,125.8,0.399,0,329.7,,79.0
2976.823832,RECENTER,reincorporando por posicion lateral,25,2.32,513.05,PISTA,OK,6,910.5,1383.0,213.4,860.8,865.0,1,0.972,189.5,1,0.973,114.0,1,0.986,0.836,3,2,118,VERDE,162.4,125.8,0.399,0,329.7,,44.1
2976.925408,RECENTER,reincorporando por posicion lateral,25,6.32,514.04,PISTA,OK,6,902.0,1415.5,213.0,740.6,878.5,1,0.944,190.5,1,0.959,114.5,1,0.986,0.214,2,1,118,VERDE,162.4,125.8,0.399,0,329.7,,80.9
2977.025156,RECENTER,reincorporando por posicion lateral,25,10.32,514.46,PISTA,OK,6,890.5,924.5,213.9,751.8,892.5,1,1.000,192.0,1,0.959,112.5,1,1.000,0.214,3,1,118,VERDE,162.4,125.8,0.399,0,329.7,,48.7
2977.125229,RECENTER,reincorporando por posicion lateral,25,12.41,515.03,PISTA,OK,6,881.0,901.0,214.9,760.7,901.5,1,0.972,192.8,1,0.959,109.5,1,0.986,0.238,3,1,118,VERDE,162.4,125.8,0.399,0,329.7,,78.2
2977.225137,RECENTER,reincorporando por posicion lateral,25,8.41,515.67,PISTA,OK,6,873.5,1501.0,216.4,770.0,911.7,1,1.000,195.0,1,0.918,110.0,1,0.959,0.316,4,1,118,VERDE,162.4,125.8,0.399,0,329.7,,46.0
2977.326393,RECENTER,reincorporando por posicion lateral,25,4.41,516.57,PISTA,OK,6,871.0,871.0,216.9,824.4,920.3,1,1.000,196.5,1,1.000,114.5,1,0.973,0.782,4,1,118,VERDE,162.4,125.8,0.399,0,329.7,,78.7
2977.424298,RECENTER,reincorporando por posicion lateral,25,0.41,517.01,PISTA,OK,6,864.0,1565.5,216.2,775.5,935.5,1,0.972,197.5,1,0.918,116.0,1,0.932,0.415,4,2,118,VERDE,162.4,125.8,0.399,0,329.7,,45.2
2977.525528,RECENTER,reincorporando por posicion lateral,25,-3.59,517.91,PISTA,OK,6,854.5,1594.0,214.5,778.8,949.8,1,0.972,197.5,1,0.932,123.5,1,0.959,0.492,5,2,118,VERDE,162.4,125.8,0.399,0,329.7,,74.6
2977.625003,RECENTER,reincorporando por posicion lateral,25,-7.59,518.81,PISTA,OK,6,847.5,1680.5,214.1,785.8,963.3,1,1.000,199.8,1,0.959,128.5,1,0.973,0.588,5,2,118,VERDE,162.4,125.8,0.399,0,329.7,,47.4
2977.723486,RECENTER,reincorporando por posicion lateral,24,-11.59,519.35,PISTA,OK,6,836.0,1673.0,215.5,805.3,974.4,1,1.000,201.5,1,0.973,134.2,1,0.973,0.769,6,2,118,VERDE,162.4,125.8,0.399,0,329.7,,79.2
2977.823963,RECENTER,reincorporando por posicion lateral,24,-15.59,519.33,PISTA,OK,6,827.5,1741.5,217.9,800.4,218.3,1,0.944,203.8,1,0.918,139.0,1,0.973,0.733,6,2,118,VERDE,162.4,125.8,0.399,0,329.7,,47.0
2977.923923,RECENTER,reincorporando por posicion lateral,24,-19.59,519.08,PISTA,OK,6,815.5,1728.0,220.7,797.2,223.6,1,1.000,205.2,1,0.973,143.2,1,0.973,0.706,6,2,118,VERDE,162.4,125.8,0.399,0,329.7,,76.2
2978.021694,RECENTER,reincorporando por posicion lateral,24,-20.00,518.32,PISTA,OK,6,806.0,1663.5,226.4,797.4,229.8,1,0.944,210.0,1,0.959,149.5,1,0.986,0.702,6,2,118,VERDE,162.4,125.8,0.399,0,329.7,,43.3
2978.121416,RECENTER,reincorporando por posicion lateral,24,-20.00,516.93,PISTA,OK,6,797.0,1602.0,232.8,800.0,232.1,1,0.944,214.5,1,0.918,153.0,1,0.973,0.708,5,2,118,VERDE,162.4,125.8,0.399,0,329.7,,78.3
2978.222285,RECENTER,reincorporando por posicion lateral,24,-20.00,515.38,PISTA,OK,6,784.0,784.0,241.4,808.9,231.3,1,0.889,221.0,1,0.918,155.0,1,0.959,0.804,6,2,118,VERDE,162.4,125.8,0.399,0,329.7,,45.4
2978.320578,RECENTER,reincorporando por posicion lateral,24,-20.00,514.53,PISTA,OK,6,775.5,1465.0,250.3,812.3,231.4,1,0.972,223.5,1,0.945,156.5,1,0.959,0.837,6,2,118,VERDE,162.4,125.8,0.399,0,329.7,,77.4
2978.421245,RECENTER,reincorporando por posicion lateral,24,-20.00,512.75,PISTA,OK,6,764.0,788.0,259.3,814.2,229.8,1,0.889,229.5,1,0.932,159.5,1,0.986,0.835,6,2,118,VERDE,162.4,125.8,0.399,0,329.7,,44.0
2978.519218,RECENTER,reincorporando por posicion lateral,24,-20.00,511.09,PISTA,OK,6,756.0,1351.0,268.4,817.5,228.5,1,0.917,234.2,1,0.932,161.2,1,0.986,0.824,5,2,118,VERDE,162.4,125.8,0.399,0,329.7,,76.5
2978.619935,RECENTER,reincorporando por posicion lateral,24,-20.00,509.55,PISTA,OK,6,751.0,1298.5,278.5,819.8,229.2,1,0.889,243.0,1,0.932,164.0,1,0.959,0.871,5,2,118,VERDE,162.4,125.8,0.399,0,329.7,,43.0
2978.720179,RECENTER,reincorporando por posicion lateral,24,-20.00,508.65,PISTA,OK,6,741.5,1242.0,289.7,823.4,234.7,1,0.917,249.0,1,0.959,168.5,1,0.973,0.870,5,2,118,VERDE,162.4,125.8,0.399,0,329.7,,77.5
2978.819755,RECENTER,reincorporando por posicion lateral,24,-20.00,506.94,PISTA,OK,6,740.0,1192.5,300.9,826.6,238.0,1,0.972,254.5,1,0.973,171.8,1,0.959,0.842,5,2,118,VERDE,162.4,125.8,0.399,0,329.7,,41.3
2978.919792,RECENTER,reincorporando por posicion lateral,24,-20.00,505.10,PISTA,OK,6,740.5,1147.5,314.8,830.6,237.8,1,0.972,261.5,1,0.986,175.0,1,0.959,0.834,5,2,118,VERDE,162.4,125.8,0.399,0,329.7,,74.9
2979.021003,RECENTER,reincorporando por posicion lateral,25,-20.00,504.21,PISTA,OK,6,1101.5,1101.5,329.5,835.8,240.4,1,0.944,271.5,1,0.973,178.5,1,0.973,0.828,5,2,118,VERDE,162.4,125.8,0.399,0,329.7,,44.8
2979.121136,RECENTER,reincorporando por posicion lateral,25,-20.00,502.41,PISTA,OK,6,1054.5,1054.5,344.6,840.6,240.4,1,1.000,278.5,1,0.986,182.5,1,0.959,0.754,5,2,118,VERDE,162.4,125.8,0.399,0,329.7,,77.3
2979.220878,RECENTER,reincorporando por posicion lateral,25,-20.00,500.54,PISTA,OK,6,1020.5,1020.5,368.0,849.2,244.5,1,0.944,286.0,1,0.973,184.5,1,0.945,0.565,5,2,118,VERDE,162.4,125.8,0.399,0,329.7,,42.9
2979.322313,RECENTER,reincorporando por posicion lateral,25,-20.00,498.70,PISTA,OK,6,976.0,976.0,387.2,855.1,250.7,1,1.000,290.0,1,1.000,189.0,1,0.932,0.542,5,2,118,VERDE,162.4,125.8,0.399,0,329.7,,77.2
2979.422276,RECENTER,reincorporando por posicion lateral,25,-20.00,497.89,PISTA,OK,6,946.5,946.5,397.9,865.5,251.9,1,1.000,301.5,1,1.000,192.5,1,0.986,0.789,5,2,118,VERDE,162.4,125.8,0.399,0,329.7,,45.2
2979.522325,RECENTER,reincorporando por posicion lateral,25,-20.00,496.05,PISTA,OK,6,907.0,907.0,419.9,871.4,256.2,1,1.000,310.0,1,1.000,197.0,1,0.959,0.749,3,1,118,VERDE,162.4,125.8,0.399,0,329.7,,76.7
2979.621824,RECENTER,reincorporando por posicion lateral,25,-20.00,494.24,PISTA,OK,6,876.5,876.5,440.3,867.1,260.9,1,0.972,318.0,1,0.986,201.5,1,0.932,0.640,3,1,118,VERDE,162.4,125.8,0.399,0,329.7,,45.0
2979.723253,RECENTER,reincorporando por posicion lateral,25,-20.00,492.48,PISTA,OK,6,850.0,850.0,463.4,854.4,266.6,1,1.000,325.5,1,0.986,204.5,1,0.959,0.498,2,1,118,VERDE,162.4,125.8,0.399,0,329.7,,79.6
2979.823012,RECENTER,reincorporando por posicion lateral,24,-20.00,490.75,PISTA,OK,6,828.0,828.0,484.6,846.9,271.5,1,1.000,330.5,1,1.000,207.0,1,0.945,0.419,2,1,118,VERDE,162.4,125.8,0.399,0,329.7,,47.4
2979.922815,RECENTER,reincorporando por posicion lateral,24,-16.00,489.83,PISTA,OK,6,799.5,799.5,506.9,838.4,276.5,1,0.944,337.5,1,1.000,211.2,1,0.945,0.291,2,1,118,VERDE,162.4,125.8,0.399,0,329.7,,79.7
2980.022290,RECENTER,reincorporando por posicion lateral,24,-12.00,488.01,PISTA,OK,6,772.5,772.5,530.9,835.4,284.2,1,1.000,346.0,1,0.986,216.2,1,0.973,0.207,2,1,118,VERDE,162.4,125.8,0.399,0,329.7,,45.7
2980.122148,RECENTER,reincorporando por posicion lateral,24,-8.00,486.26,PISTA,OK,6,746.5,746.5,548.6,828.0,290.0,1,0.972,352.5,1,0.986,220.0,1,0.918,0.204,2,1,118,VERDE,162.4,125.8,0.399,0,329.7,,78.3
2980.221167,RECENTER,reincorporando por posicion lateral,23,-4.00,484.35,PISTA,OK,6,722.0,722.0,570.1,825.2,297.4,1,1.000,361.0,1,1.000,221.5,1,0.986,0.196,2,1,118,VERDE,162.4,125.8,0.399,0,329.7,,45.2
2980.320855,RECENTER,reincorporando por posicion lateral,23,0.00,483.46,PISTA,OK,6,695.5,695.5,585.3,839.8,305.5,1,0.944,369.0,1,1.000,225.5,1,0.959,0.191,2,1,118,VERDE,162.4,125.8,0.399,0,329.7,,78.4
2980.418326,RECENTER,reincorporando por posicion lateral,23,4.00,481.71,PISTA,OK,6,673.0,673.0,597.8,843.7,312.9,1,0.944,375.0,1,0.986,228.5,1,0.932,0.190,2,1,118,VERDE,162.4,125.8,0.399,0,329.7,,43.0
2980.519136,CRUISE,reincorporacion verificada,23,8.00,480.57,PISTA,OK,6,655.0,655.0,612.1,836.5,319.1,1,0.944,384.0,1,1.000,233.5,1,0.918,0.187,2,1,,,,,,0,329.7,,77.2
2980.616777,CRUISE,crucero centrado por paredes,23,12.00,480.31,PISTA,OK,6,640.0,640.0,620.5,840.9,323.4,1,0.944,392.0,1,0.973,238.0,1,0.918,0.188,2,1,,,,,,0,329.7,,41.5
2980.716739,TURN,giro de esquina por IMU y reapertura frontal,23,25.00,479.97,PISTA,OK,6,630.5,630.5,640.7,841.2,330.9,1,0.889,398.0,1,1.000,244.5,1,0.904,0.187,2,1,,,,,,0,329.7,,72.9
2980.817482,TURN,giro de esquina por IMU y reapertura frontal,23,25.00,479.77,PISTA,OK,6,625.0,625.0,654.1,850.6,216.3,1,0.944,406.0,1,0.986,252.5,1,0.945,0.184,2,1,,,,,,0,329.7,,41.3
2980.916111,TURN,giro de esquina por IMU y reapertura frontal,23,25.00,481.23,PISTA,OK,6,614.0,614.0,652.1,838.8,220.8,1,0.944,412.0,1,0.973,257.0,1,0.945,0.186,2,1,,,,,,0,329.7,,73.2
2981.016312,TURN,giro de esquina por IMU y reapertura frontal,23,25.00,482.25,PISTA,OK,6,618.5,618.5,639.5,810.7,224.0,1,0.917,415.5,1,0.973,267.0,1,0.904,0.189,2,1,,,,,,0,329.7,,39.9
2981.116381,TURN,giro de esquina por IMU y reapertura frontal,23,25.00,483.97,PISTA,OK,6,628.0,628.0,628.5,789.8,229.4,1,0.972,419.5,1,1.000,275.0,1,0.945,0.189,2,1,,,,,,0,329.7,,73.0
2981.214175,TURN,giro de esquina por IMU y reapertura frontal,23,25.00,485.80,PISTA,OK,6,634.5,634.5,629.9,775.5,233.9,1,0.944,423.5,1,0.986,282.5,1,0.904,0.191,2,1,,,,,,0,329.7,,37.1
2981.315518,TURN,giro de esquina por IMU y reapertura frontal,23,25.00,487.68,PISTA,OK,6,640.2,640.2,634.1,773.5,237.6,1,0.944,426.0,1,1.000,288.5,1,0.959,0.210,2,1,,,,,,0,329.7,,73.2
2981.415256,TURN,giro de esquina por IMU y reapertura frontal,23,25.00,488.45,PISTA,OK,6,650.5,650.5,627.8,751.5,245.7,1,0.944,429.8,1,1.000,297.0,1,0.945,0.301,2,1,,,,,,0,329.7,,39.4
2981.515484,TURN,giro de esquina por IMU y reapertura frontal,23,25.00,490.28,PISTA,OK,6,658.0,658.0,617.8,736.3,255.8,1,0.889,434.0,1,1.000,305.0,1,0.945,0.362,2,1,,,,,,0,329.7,,73.5
2981.616487,TURN,giro de esquina por IMU y reapertura frontal,23,25.00,491.95,PISTA,OK,6,669.5,669.5,613.6,719.7,267.4,1,0.944,437.0,1,1.000,312.0,1,0.932,0.417,2,1,,,,,,0,329.7,,39.0
2981.716691,TURN,giro de esquina por IMU y reapertura frontal,23,25.00,493.72,PISTA,OK,6,679.0,679.0,608.3,717.7,278.1,1,0.917,439.5,1,1.000,318.0,1,0.945,0.549,2,1,,,,,,0,329.7,,73.9
2981.816531,TURN,giro de esquina por IMU y reapertura frontal,23,25.00,494.64,PISTA,OK,6,689.0,689.0,602.2,710.6,288.7,1,0.944,439.0,1,1.000,327.0,1,0.959,0.635,2,1,,,,,,0,329.7,,40.5
2981.916571,TURN,giro de esquina por IMU y reapertura frontal,23,25.00,496.45,PISTA,OK,6,705.5,705.5,594.4,704.3,297.6,1,0.917,441.2,1,1.000,334.0,1,0.932,0.701,2,1,,,,,,0,329.7,,74.0
2982.017706,TURN,giro de esquina por IMU y reapertura frontal,23,25.00,498.25,PISTA,OK,6,717.0,717.0,578.9,693.8,310.0,1,0.944,441.2,1,1.000,342.0,1,0.932,0.822,2,1,,,,,,0,329.7,,41.2
2982.117892,TURN,giro de esquina por IMU y reapertura frontal,24,25.00,500.09,PISTA,OK,6,734.5,734.5,570.5,683.1,319.3,1,0.944,442.8,1,1.000,348.5,1,0.945,0.842,2,1,,,,,,0,329.7,,73.5
2982.217563,TURN,giro de esquina por IMU y reapertura frontal,24,25.00,500.91,PISTA,OK,6,756.0,756.0,560.0,667.4,329.2,1,0.944,443.2,1,1.000,355.0,1,0.918,0.821,2,1,,,,,,0,329.7,,41.7
2982.318967,TURN,giro de esquina por IMU y reapertura frontal,24,25.00,502.88,PISTA,OK,6,777.0,777.0,553.5,654.6,339.4,1,0.972,444.0,1,1.000,363.5,1,0.973,0.761,3,1,,,,,,0,329.7,,75.9
2982.418819,TURN,giro de esquina por IMU y reapertura frontal,24,25.00,504.84,PISTA,OK,6,795.0,795.0,537.2,642.2,350.3,1,0.944,443.5,1,1.000,370.5,1,0.959,0.876,3,1,,,,,,0,329.7,,43.8
2982.519198,TURN,giro de esquina por IMU y reapertura frontal,24,25.00,506.79,PISTA,OK,6,828.5,828.5,524.9,629.4,361.4,1,0.972,441.5,1,1.000,380.0,1,0.973,0.885,3,1,,,,,,0,329.7,,76.9
2982.621718,TURN,giro de esquina por IMU y reapertura frontal,25,25.00,507.74,PISTA,OK,6,859.0,859.0,515.0,618.8,412.0,1,0.972,441.5,1,1.000,628.0,1,0.945,0.888,3,1,,,,,,0,329.7,,41.1
2982.720442,TURN,giro de esquina por IMU y reapertura frontal,25,25.00,509.71,PISTA,OK,6,881.0,881.0,504.7,609.8,420.6,1,1.000,441.5,1,1.000,616.5,1,1.000,0.923,3,1,,,,,,0,329.7,,70.5
2982.820131,TURN,giro de esquina por IMU y reapertura frontal,25,25.00,511.92,PISTA,OK,6,918.5,918.5,494.8,601.0,428.4,1,0.972,439.5,1,0.986,609.0,1,0.959,0.866,3,1,,,,,,0,329.7,,44.0
2982.918030,TURN,giro de esquina por IMU y reapertura frontal,25,25.00,514.00,PISTA,OK,6,965.5,965.5,510.2,593.7,435.0,1,1.000,438.2,1,1.000,600.0,1,0.959,0.272,3,1,,,,,,0,329.7,,75.4
2983.018768,TURN,giro de esquina por IMU y reapertura frontal,21,25.00,514.94,PISTA,OK,6,458.0,1008.0,503.1,586.7,448.5,1,0.972,436.5,1,0.986,587.5,1,0.986,0.222,3,1,,,,,,0,329.7,,43.7
2983.117089,TURN,giro de esquina por IMU y reapertura frontal,21,25.00,516.99,PISTA,OK,6,446.0,1054.5,494.4,581.2,460.8,1,0.972,433.0,1,0.986,579.0,1,0.959,0.221,3,1,,,,,,0,329.7,,73.8
2983.216383,TURN,giro de esquina por IMU y reapertura frontal,21,25.00,518.70,PISTA,OK,6,438.5,1127.0,491.4,578.2,462.0,1,1.000,431.5,1,0.986,574.5,1,0.973,0.219,3,1,,,,,,0,329.7,,38.3
2983.317373,TURN,giro de esquina por IMU y reapertura frontal,21,25.00,520.30,PISTA,OK,6,432.5,1166.0,454.0,575.3,470.6,1,1.000,430.5,1,0.986,571.0,1,0.959,0.872,3,1,,,,,,0,329.7,,76.0
2983.415325,TURN,giro de esquina por IMU y reapertura frontal,21,25.00,521.12,PISTA,OK,6,426.5,1265.0,453.3,573.0,475.9,1,0.972,428.5,1,0.986,564.5,1,0.986,0.914,3,1,,,,,,0,329.7,,40.1
2983.514925,TURN,giro de esquina por IMU y reapertura frontal,21,25.00,522.80,PISTA,OK,6,419.0,1286.0,448.0,571.4,487.0,1,0.972,428.0,1,0.973,562.0,1,0.986,0.904,3,1,,,,,,0,329.7,,73.1
2983.615732,TURN,giro de esquina por IMU y reapertura frontal,21,25.00,524.56,PISTA,OK,6,414.0,429.0,443.0,570.3,486.6,1,0.972,425.5,1,0.986,561.0,1,0.973,0.911,3,1,,,,,,0,329.7,,41.0
2983.714483,TURN,giro de esquina por IMU y reapertura frontal,21,25.00,525.40,PISTA,OK,6,409.5,409.5,438.1,569.7,496.4,1,1.000,422.0,1,1.000,560.5,1,0.986,0.913,3,1,,,,,,0,329.7,,72.5
2983.814693,TURN,giro de esquina por IMU y reapertura frontal,21,25.00,527.89,PISTA,OK,6,409.5,1431.0,433.3,569.7,531.0,1,0.889,420.5,1,0.973,559.8,1,0.932,0.902,2,1,,,,,,0,329.7,,39.4
2983.914625,TURN,giro de esquina por IMU y reapertura frontal,21,25.00,528.62,PISTA,OK,6,402.5,1425.5,428.9,570.0,525.5,1,0.944,417.5,1,1.000,558.5,1,0.973,0.909,2,1,,,,,,0,329.7,,73.3
2984.014233,TURN,giro de esquina por IMU y reapertura frontal,21,25.00,530.18,PISTA,OK,6,398.0,1420.5,424.3,571.0,534.5,1,0.889,414.0,1,0.986,559.8,1,0.959,0.898,2,1,,,,,,0,329.7,,39.4
2984.114292,TURN,giro de esquina por IMU y reapertura frontal,21,25.00,531.84,PISTA,OK,6,393.0,1413.5,419.7,572.9,542.3,1,0.972,411.0,1,0.973,562.5,1,1.000,0.911,2,1,,,,,,0,329.7,,73.5
2984.213674,TURN,giro de esquina por IMU y reapertura frontal,21,25.00,533.48,PISTA,OK,6,387.5,1409.0,416.4,574.6,558.3,1,0.972,409.0,1,0.986,562.5,1,1.000,0.895,2,1,,,,,,0,329.7,,38.9
2984.313937,TURN,giro de esquina por IMU y reapertura frontal,21,25.00,534.22,PISTA,OK,6,381.5,1404.5,412.8,576.8,573.0,1,0.861,406.0,1,0.973,564.2,1,0.945,0.898,2,1,,,,,,0,329.7,,73.4
2984.414521,TURN,giro de esquina por IMU y reapertura frontal,25,25.00,535.76,PISTA,OK,6,1397.5,1397.5,408.3,579.7,585.7,1,0.944,401.0,1,0.986,567.2,1,0.959,0.898,2,1,,,,,,0,329.7,,38.6
2984.515306,CRUISE,esquina 7 verificada,25,21.00,537.54,PISTA,OK,7,1392.0,1392.0,404.8,582.5,856.4,1,0.972,398.0,1,0.945,569.5,1,0.986,0.891,2,1,,,,,,0,329.7,,70.2
2984.614963,AVOID_APPROACH,pure-pursuit al punto de paso del pilar 122,25,17.00,539.69,PISTA,OK,7,1390.0,1390.0,398.8,588.1,822.0,1,0.972,394.0,1,0.973,576.0,1,1.000,0.875,2,1,122,VERDE,126.2,350.4,0.000,1,329.7,,39.1
2984.716477,AVOID_APPROACH,pure-pursuit al punto de paso del pilar 122,25,13.00,540.82,PISTA,OK,7,1382.5,1382.5,393.5,594.3,778.2,1,0.917,388.0,1,0.973,581.2,1,0.973,0.857,2,1,122,VERDE,145.5,336.5,0.000,1,329.7,,76.3
2984.816139,AVOID_APPROACH,pure-pursuit al punto de paso del pilar 122,25,9.00,543.12,PISTA,OK,7,1374.5,1374.5,388.7,601.7,762.6,1,0.944,382.0,1,0.973,587.0,1,0.986,0.820,2,1,122,VERDE,166.5,325.4,0.000,1,329.7,,41.6
2984.916339,AVOID_APPROACH,pure-pursuit al punto de paso del pilar 122,25,5.00,545.30,PISTA,OK,7,1369.5,1369.5,383.7,612.2,736.8,1,1.000,375.0,1,0.973,595.0,1,1.000,0.832,2,2,122,VERDE,185.3,314.2,0.000,1,329.7,,73.2
2985.015638,AVOID_APPROACH,pure-pursuit al punto de paso del pilar 122,25,1.00,547.67,PISTA,OK,7,1363.0,1363.0,378.4,623.1,530.2,1,0.944,370.5,1,0.945,601.5,1,0.986,0.835,2,2,122,VERDE,199.9,296.4,0.000,1,329.7,,40.4
2985.115122,AVOID_APPROACH,pure-pursuit al punto de paso del pilar 122,25,-3.00,548.43,PISTA,OK,7,1357.5,1357.5,374.9,634.0,531.2,1,0.944,369.0,1,0.904,607.5,1,1.000,0.855,2,2,122,VERDE,210.3,284.0,0.000,1,329.7,,74.4
2985.214565,AVOID_PASS,manteniendo rumbo mientras pasa el pilar 122,25,0.00,549.59,PISTA,OK,7,1349.0,1349.0,371.3,641.9,537.8,1,0.861,363.5,1,0.932,613.0,1,0.973,0.856,2,2,122,VERDE,217.6,272.5,0.000,1,0.0,,38.0
2985.316430,AVOID_PASS,manteniendo rumbo mientras pasa el pilar 122,25,-0.38,549.97,PISTA,OK,7,1342.0,1342.0,368.5,649.2,547.3,1,0.972,359.5,1,0.986,617.5,1,1.000,0.890,2,2,122,VERDE,223.2,256.4,0.000,1,10.2,,75.1
2985.415275,AVOID_PASS,manteniendo rumbo mientras pasa el pilar 122,25,-0.49,550.08,PISTA,OK,7,1333.0,1333.0,365.1,651.5,554.9,1,0.917,354.0,1,0.932,619.5,1,0.986,0.880,2,2,122,VERDE,225.5,249.5,0.000,1,20.1,,40.7
2985.515796,AVOID_PASS,manteniendo rumbo mientras pasa el pilar 122,25,-0.54,550.13,PISTA,OK,7,1325.5,1325.5,362.5,655.1,563.5,1,0.944,354.0,1,0.959,622.8,1,1.000,0.893,2,2,122,VERDE,221.2,242.6,0.000,1,30.1,,75.5
2985.612744,AVOID_PASS,manteniendo rumbo mientras pasa el pilar 122,25,-0.63,550.22,PISTA,OK,7,1316.0,1316.0,359.6,658.1,577.3,1,1.000,350.0,1,0.973,625.2,1,1.000,0.880,2,2,122,VERDE,225.9,230.6,0.000,1,39.8,,36.8
2985.712187,AVOID_PASS,manteniendo rumbo mientras pasa el pilar 122,25,-0.74,550.33,PISTA,OK,7,1308.0,1308.0,356.5,661.2,700.8,1,0.972,347.8,1,0.959,628.5,1,1.000,0.884,2,2,122,VERDE,223.6,222.0,0.000,1,49.8,,70.0
2985.811453,AVOID_PASS,manteniendo rumbo mientras pasa el pilar 122,25,-0.82,550.41,PISTA,OK,7,1298.5,1298.5,352.2,665.2,712.3,1,0.944,344.0,1,0.918,632.0,1,1.000,0.873,2,2,122,VERDE,223.9,211.9,0.000,1,59.7,,35.8
2985.912684,AVOID_PASS,manteniendo rumbo mientras pasa el pilar 122,25,-0.89,550.48,PISTA,OK,7,1289.0,1289.0,350.0,668.8,711.4,1,0.944,341.0,1,0.918,634.0,1,1.000,0.877,2,2,122,VERDE,226.5,202.1,0.000,1,69.8,,70.9
2986.010624,AVOID_PASS,manteniendo rumbo mientras pasa el pilar 122,25,-0.97,550.56,PISTA,OK,7,1279.5,1279.5,346.7,671.7,713.7,1,0.944,336.0,1,0.904,638.5,1,1.000,0.879,2,2,122,VERDE,225.6,191.5,0.000,1,79.6,,36.4
2986.110361,AVOID_PASS,manteniendo rumbo mientras pasa el pilar 122,25,-1.02,550.61,PISTA,OK,7,1270.0,1270.0,343.7,675.4,708.0,1,0.944,333.0,1,0.890,641.0,1,1.000,0.870,2,2,122,VERDE,227.8,184.3,0.000,1,89.6,,69.3
2986.211508,AVOID_PASS,manteniendo rumbo mientras pasa el pilar 122,25,-1.09,550.68,PISTA,OK,7,1264.0,1264.0,340.5,678.7,713.7,1,0.944,330.0,1,0.945,644.0,1,1.000,0.875,2,2,122,VERDE,227.1,173.4,0.000,1,99.7,,36.4
2986.311735,AVOID_PASS,manteniendo rumbo mientras pasa el pilar 122,25,-1.21,550.80,PISTA,OK,7,1253.0,1253.0,337.1,681.7,721.3,1,0.917,328.5,1,0.918,647.0,1,0.986,0.859,2,2,122,VERDE,228.4,164.7,0.000,1,109.7,,66.7
2986.411270,AVOID_PASS,manteniendo rumbo mientras pasa el pilar 122,25,-1.25,550.84,PISTA,OK,7,1245.5,1245.5,334.1,684.5,720.0,1,0.972,325.0,1,0.932,648.8,1,1.000,0.852,2,2,122,VERDE,226.0,155.8,0.000,1,119.7,,37.2
2986.511249,AVOID_PASS,manteniendo rumbo mientras pasa el pilar 122,25,-1.36,550.95,PISTA,OK,7,1235.5,1235.5,331.2,688.3,722.9,1,0.917,320.8,1,0.932,652.5,1,0.986,0.845,2,2,122,VERDE,226.5,146.1,0.000,1,129.7,,71.6
2986.611434,AVOID_PASS,manteniendo rumbo mientras pasa el pilar 122,25,-1.48,551.07,PISTA,OK,7,1227.0,1227.0,327.6,691.6,722.5,1,0.972,319.0,1,0.945,654.8,1,0.986,0.856,2,2,122,VERDE,227.2,137.5,0.000,1,139.7,,37.1
2986.712836,AVOID_PASS,manteniendo rumbo mientras pasa el pilar 122,25,-1.58,551.17,PISTA,OK,7,1221.5,1221.5,324.8,694.4,727.6,1,0.972,313.8,1,0.959,659.5,1,0.986,0.849,2,2,122,VERDE,230.4,127.6,0.000,1,149.8,,70.1
2986.812589,AVOID_PASS,manteniendo rumbo mientras pasa el pilar 122,25,-1.68,551.27,PISTA,OK,7,1212.5,1212.5,321.9,698.5,728.8,1,0.972,312.2,1,0.877,661.8,1,1.000,0.850,2,2,122,VERDE,228.1,120.1,0.000,1,159.8,,38.5
2986.914075,AVOID_PASS,manteniendo rumbo mientras pasa el pilar 122,25,-1.73,551.32,PISTA,OK,7,1204.0,1204.0,318.7,701.4,734.0,1,0.944,308.2,1,0.904,664.2,1,1.000,0.844,2,2,122,VERDE,231.7,109.2,0.000,1,170.0,,73.9
2987.014053,AVOID_PASS,manteniendo rumbo mientras pasa el pilar 122,25,-1.84,551.43,PISTA,OK,7,1193.5,1193.5,315.1,705.3,735.6,1,0.944,305.5,1,0.904,667.8,1,1.000,0.834,2,2,122,VERDE,230.7,101.5,0.000,1,179.9,,108.1
2987.115974,AVOID_PASS,manteniendo rumbo mientras pasa el pilar 122,25,-1.90,551.49,PISTA,OK,7,1184.0,1184.0,311.0,708.6,737.2,1,0.972,305.5,1,0.877,671.0,1,1.000,0.829,2,2,122,VERDE,230.1,92.2,0.000,1,190.1,,74.1
2987.213736,AVOID_PASS,manteniendo rumbo mientras pasa el pilar 122,25,-1.99,551.58,PISTA,OK,7,1173.5,1173.5,307.9,712.0,743.0,1,0.944,300.5,1,0.849,675.5,1,1.000,0.829,2,2,122,VERDE,230.8,83.8,0.000,1,199.9,,39.2
2987.313408,AVOID_PASS,manteniendo rumbo mientras pasa el pilar 122,25,-2.04,551.63,PISTA,OK,7,1166.5,1166.5,304.5,716.0,741.3,1,0.972,298.2,1,0.877,678.5,1,1.000,0.825,2,2,122,VERDE,230.3,75.4,0.000,1,209.9,,72.9
2987.413073,AVOID_PASS,manteniendo rumbo mientras pasa el pilar 122,25,-2.07,551.72,PISTA,OK,7,1158.5,1158.5,301.2,719.3,748.3,1,0.972,292.5,1,0.932,681.5,1,1.000,0.820,2,2,122,VERDE,229.6,67.7,0.000,1,219.9,,38.5
2987.514241,AVOID_PASS,manteniendo rumbo mientras pasa el pilar 122,25,-2.15,551.74,PISTA,OK,7,1149.5,1149.5,297.8,722.7,754.4,1,0.944,290.5,1,0.822,684.8,1,1.000,0.816,2,2,122,VERDE,230.0,61.3,0.000,1,230.0,,74.1
2987.613849,AVOID_PASS,manteniendo rumbo mientras pasa el pilar 122,25,-2.20,551.79,PISTA,OK,7,1142.5,1142.5,294.8,727.2,755.3,1,0.944,286.5,1,0.863,687.0,1,1.000,0.818,2,2,122,VERDE,229.4,50.5,0.000,1,239.9,,40.0
2987.711954,AVOID_PASS,manteniendo rumbo mientras pasa el pilar 122,25,-2.29,551.88,PISTA,OK,7,1133.5,1133.5,291.3,731.7,749.9,1,0.944,284.0,1,0.932,691.0,1,0.986,0.805,2,2,122,VERDE,230.8,42.4,0.000,1,249.7,,71.8
2987.812519,AVOID_PASS,manteniendo rumbo mientras pasa el pilar 122,25,-2.42,552.01,PISTA,OK,7,1124.5,1124.5,288.0,734.5,756.9,1,0.944,280.0,1,0.877,693.8,1,1.000,0.788,2,2,122,VERDE,230.9,34.7,0.000,1,259.8,,39.1
2987.910869,AVOID_PASS,manteniendo rumbo mientras pasa el pilar 122,25,-2.49,552.08,PISTA,OK,7,1114.0,1114.0,284.8,739.3,764.7,1,0.917,276.8,1,0.904,696.2,1,0.959,0.803,2,2,122,VERDE,230.6,27.8,0.000,1,269.6,,71.4
2988.010065,AVOID_PASS,manteniendo rumbo mientras pasa el pilar 122,25,-2.57,552.16,PISTA,OK,7,1108.0,1108.0,280.9,742.6,762.6,1,0.889,275.5,1,0.863,223.5,1,0.973,0.775,2,2,122,VERDE,231.5,16.4,0.000,1,279.5,,36.8
2988.113720,AVOID_PASS,manteniendo rumbo mientras pasa el pilar 122,25,-2.67,552.26,PISTA,OK,7,1098.0,1098.0,275.0,748.7,744.2,1,0.944,272.5,1,0.863,224.0,1,0.973,0.784,2,2,122,VERDE,231.8,7.0,0.000,1,289.9,,73.0
2988.209351,AVOID_PASS,manteniendo rumbo mientras pasa el pilar 122,25,-2.73,552.32,PISTA,OK,7,1091.0,1091.0,272.1,751.7,764.8,1,0.944,269.0,1,0.890,224.5,1,0.986,0.756,2,2,122,VERDE,232.4,1.1,0.000,1,299.5,,36.6
2988.308921,AVOID_PASS,manteniendo rumbo mientras pasa el pilar 122,25,-2.73,552.32,PISTA,OK,7,1079.0,1079.0,269.2,756.1,721.3,1,1.000,264.0,1,0.877,226.5,1,0.986,0.758,2,2,122,VERDE,232.7,-11.5,0.000,1,309.4,,69.8
2988.409373,AVOID_PASS,manteniendo rumbo mientras pasa el pilar 122,25,-2.79,552.38,PISTA,OK,7,1072.0,1072.0,265.8,759.8,713.9,1,0.944,262.0,1,0.890,229.0,1,0.959,0.740,2,2,122,VERDE,232.6,-20.2,0.000,1,319.5,,34.2
2988.508494,RECENTER,reincorporacion tras 329 mm de sobrepaso estimado,25,-6.79,552.41,PISTA,OK,7,1062.5,1062.5,261.7,767.6,729.0,1,0.944,260.0,1,0.904,230.5,1,0.973,0.738,3,2,122,VERDE,234.9,-28.4,0.000,1,329.4,,68.7
2988.609523,RECENTER,reincorporando por posicion lateral,25,-10.79,552.56,PISTA,OK,7,1051.5,1051.5,259.2,769.6,727.9,1,0.944,257.0,1,0.863,234.0,1,0.973,0.741,3,2,122,VERDE,234.9,-28.4,0.000,1,329.4,,35.8
2988.713471,RECENTER,reincorporando por posicion lateral,25,-14.79,552.71,PISTA,OK,7,1042.5,1042.5,255.8,774.7,692.6,1,0.944,252.8,1,0.849,236.5,1,0.986,0.730,3,2,122,VERDE,234.9,-28.4,0.000,1,329.4,,74.1
2988.808681,RECENTER,reincorporando por posicion lateral,25,-18.79,552.50,PISTA,OK,7,1034.5,1034.5,252.4,777.3,770.3,1,0.889,249.0,1,0.795,237.5,1,0.973,0.701,3,2,122,VERDE,234.9,-28.4,0.000,1,329.4,,36.0
2988.908801,RECENTER,reincorporando por posicion lateral,25,-20.00,551.77,PISTA,OK,7,1022.5,1022.5,249.1,776.2,646.7,1,0.917,247.8,1,0.918,238.0,1,0.973,0.681,3,2,122,VERDE,234.9,-28.4,0.000,1,329.4,,69.4
2989.010087,RECENTER,reincorporando por posicion lateral,25,-20.00,550.56,PISTA,OK,7,1012.5,1012.5,248.2,775.2,604.5,1,0.833,247.0,1,0.836,237.8,1,0.986,0.689,3,2,122,VERDE,234.9,-28.4,0.000,1,329.4,,36.7
2989.110456,RECENTER,reincorporando por posicion lateral,25,-20.00,548.99,PISTA,OK,7,999.0,999.0,245.9,770.6,592.7,1,0.861,246.8,1,0.890,239.5,1,0.973,0.668,3,2,122,VERDE,234.9,-28.4,0.000,1,329.4,,70.2
2989.211674,RECENTER,reincorporando por posicion lateral,25,-20.00,547.20,PISTA,OK,7,990.0,990.0,245.8,763.6,554.2,1,0.889,245.5,1,0.822,237.0,1,0.986,0.689,3,2,122,VERDE,234.9,-28.4,0.000,1,329.4,,38.6
2989.310369,RECENTER,reincorporando por posicion lateral,25,-20.00,546.29,PISTA,OK,7,979.0,979.0,244.6,757.9,525.1,1,0.833,246.2,1,0.836,238.5,1,0.986,0.707,3,2,122,VERDE,234.9,-28.4,0.000,1,329.4,,71.5
2989.411487,RECENTER,reincorporando por posicion lateral,25,-20.00,544.51,PISTA,OK,7,968.5,968.5,242.9,752.0,478.8,1,0.750,246.5,1,0.808,238.5,1,0.959,0.614,3,2,122,VERDE,234.9,-28.4,0.000,1,329.4,,38.7
2989.511890,RECENTER,reincorporando por posicion lateral,25,-20.00,542.62,PISTA,OK,7,960.0,960.0,243.3,747.7,468.6,1,0.778,249.0,1,0.822,238.5,1,0.932,0.629,3,2,122,VERDE,234.9,-28.4,0.000,1,329.4,,72.9
2989.611169,RECENTER,reincorporando por posicion lateral,25,-16.00,541.67,PISTA,OK,7,949.5,949.5,321.3,741.7,463.6,1,0.778,250.5,1,0.795,237.5,1,0.918,0.218,3,2,122,VERDE,234.9,-28.4,0.000,1,329.4,,38.3
2989.712372,RECENTER,reincorporando por posicion lateral,25,-12.00,539.83,PISTA,OK,7,939.5,939.5,345.1,737.3,437.4,1,0.667,254.8,1,0.753,237.8,1,0.904,0.217,3,2,122,VERDE,234.9,-28.4,0.000,1,329.4,,73.5
2989.810066,RECENTER,reincorporando por posicion lateral,25,-8.00,537.93,PISTA,OK,7,929.0,929.0,357.8,732.5,430.3,1,0.722,256.5,1,0.699,236.2,1,0.932,0.218,3,2,122,VERDE,234.9,-28.4,0.000,1,329.4,,37.2
2989.911240,RECENTER,reincorporando por posicion lateral,25,-4.00,535.97,PISTA,OK,7,919.0,919.0,397.3,728.6,405.8,1,0.750,260.8,1,0.767,236.2,1,0.877,0.217,3,2,122,VERDE,234.9,-28.4,0.000,1,329.4,,72.3
2990.010531,RECENTER,reincorporando por posicion lateral,25,0.00,535.11,PISTA,OK,7,910.0,910.0,499.7,723.1,383.4,1,0.861,263.5,1,0.740,234.5,1,0.918,0.225,4,2,122,VERDE,234.9,-28.4,0.000,1,329.4,,38.2
2990.110008,CRUISE,reincorporacion verificada,25,4.00,533.44,PISTA,OK,7,901.5,901.5,500.9,720.7,394.2,1,0.778,268.5,1,0.740,233.2,1,0.890,0.227,4,2,,,,,,0,329.4,,69.2
2990.209094,AVOID_PASS,manteniendo rumbo mientras pasa el pilar 125,25,0.00,532.23,PISTA,OK,7,892.5,892.5,510.0,717.8,363.7,1,0.833,276.0,1,0.712,233.2,1,0.959,0.226,4,2,125,ROJO,-311.2,230.6,0.000,1,0.0,,36.3
2990.307670,AVOID_PASS,manteniendo rumbo mientras pasa el pilar 125,25,0.40,531.83,PISTA,OK,7,884.0,884.0,396.4,715.9,388.4,1,0.778,280.0,1,0.699,233.2,1,0.904,0.231,4,2,125,ROJO,-313.0,219.5,0.000,1,9.9,,69.1
2990.406655,AVOID_PASS,manteniendo rumbo mientras pasa el pilar 125,25,0.49,531.74,PISTA,OK,7,874.5,874.5,381.2,715.2,381.2,1,0.806,285.8,1,0.712,237.5,1,0.959,0.224,4,2,125,ROJO,-313.0,212.7,0.000,1,19.8,,33.6
2990.506211,AVOID_PASS,manteniendo rumbo mientras pasa el pilar 125,25,0.75,531.48,PISTA,OK,7,866.0,866.0,389.7,714.7,366.0,1,0.861,291.0,1,0.726,239.8,1,0.959,0.224,4,2,125,ROJO,-311.2,198.2,0.000,1,29.7,,67.4
2990.605882,AVOID_PASS,manteniendo rumbo mientras pasa el pilar 125,25,1.02,531.21,PISTA,OK,7,856.0,856.0,393.7,714.0,382.4,1,0.861,292.5,1,0.753,243.2,1,0.959,0.225,4,2,125,ROJO,-311.8,187.4,0.000,1,39.7,,33.4
2990.706083,AVOID_PASS,manteniendo rumbo mientras pasa el pilar 125,25,1.18,531.05,PISTA,OK,7,846.5,846.5,277.7,713.3,362.1,1,0.833,300.5,1,0.699,248.5,1,0.904,0.696,4,2,125,ROJO,-312.0,181.0,0.000,1,49.7,,67.6
2990.806656,AVOID_PASS,manteniendo rumbo mientras pasa el pilar 125,24,1.45,530.78,PISTA,OK,7,837.0,837.0,392.2,712.5,365.1,1,0.833,306.2,1,0.795,253.5,1,0.904,0.229,4,2,125,ROJO,-313.5,171.9,0.000,1,59.8,,33.1
2990.907473,AVOID_PASS,manteniendo rumbo mientras pasa el pilar 125,24,1.69,530.54,PISTA,OK,7,828.0,828.0,336.0,711.9,364.9,1,0.694,316.0,1,0.726,256.0,1,0.904,0.807,5,2,125,ROJO,-312.7,162.8,0.000,1,69.4,,69.3
2991.007022,AVOID_PASS,manteniendo rumbo mientras pasa el pilar 125,24,1.97,530.26,PISTA,OK,7,819.5,819.5,332.0,711.7,355.1,1,0.917,333.0,1,0.795,262.5,1,0.904,0.807,5,2,125,ROJO,-313.6,153.7,0.000,1,79.0,,34.0
2991.107897,AVOID_PASS,manteniendo rumbo mientras pasa el pilar 125,24,2.08,530.15,PISTA,OK,7,810.0,810.0,409.8,710.6,361.9,1,0.917,335.2,1,0.740,266.5,1,0.959,0.213,5,2,125,ROJO,-313.0,142.8,0.000,1,88.7,,69.4
2991.207746,AVOID_PASS,manteniendo rumbo mientras pasa el pilar 125,24,2.33,529.90,PISTA,OK,7,801.5,801.5,417.2,710.0,366.6,1,0.833,336.5,1,0.781,270.0,1,0.890,0.219,5,2,125,ROJO,-314.8,132.4,0.000,1,98.3,,35.5
2991.307864,AVOID_PASS,manteniendo rumbo mientras pasa el pilar 125,24,2.57,529.66,PISTA,OK,7,791.0,791.0,453.5,709.0,361.5,1,0.944,341.5,1,0.767,274.2,1,0.973,0.209,5,2,125,ROJO,-313.7,123.6,0.000,1,107.9,,69.0
2991.409062,AVOID_PASS,manteniendo rumbo mientras pasa el pilar 125,24,2.79,529.44,PISTA,OK,7,782.0,782.0,484.9,708.0,365.3,1,0.833,342.0,1,0.795,281.2,1,0.945,0.202,5,2,125,ROJO,-314.0,113.6,0.000,1,117.6,,35.7
2991.509369,AVOID_PASS,manteniendo rumbo mientras pasa el pilar 125,24,2.89,529.34,PISTA,OK,7,773.5,773.5,544.3,707.0,360.6,1,0.861,349.2,1,0.781,286.0,1,0.932,0.200,4,2,125,ROJO,-312.2,106.4,0.000,1,127.2,,70.3
2991.609173,AVOID_PASS,manteniendo rumbo mientras pasa el pilar 125,24,3.12,529.11,PISTA,OK,7,763.5,763.5,502.7,702.0,363.1,1,0.889,357.0,1,0.767,290.0,1,0.918,0.204,4,2,125,ROJO,-313.5,97.0,0.000,1,136.8,,36.1
2991.710753,AVOID_PASS,manteniendo rumbo mientras pasa el pilar 125,24,3.34,528.89,AZUL,OK,7,754.0,754.0,572.8,701.3,364.5,1,0.806,371.5,1,0.685,296.8,1,0.904,0.198,4,2,125,ROJO,-312.8,88.5,0.000,1,146.5,,72.6
2991.810197,AVOID_PASS,manteniendo rumbo mientras pasa el pilar 125,24,3.44,528.79,AZUL,OK,7,745.0,745.0,590.5,701.4,369.8,1,0.889,378.5,1,0.740,300.5,1,0.918,0.204,4,2,125,ROJO,-313.1,77.3,0.000,1,156.1,,38.7
2991.910210,AVOID_PASS,manteniendo rumbo mientras pasa el pilar 125,24,3.67,528.56,PISTA,OK,7,737.0,737.0,556.0,700.7,368.0,1,0.750,379.0,1,0.712,307.8,1,0.904,0.204,4,2,125,ROJO,-309.5,71.8,0.000,1,165.7,,71.2
2992.009246,AVOID_PASS,manteniendo rumbo mientras pasa el pilar 125,24,3.93,528.30,PISTA,OK,7,727.5,727.5,587.6,699.9,368.4,1,0.833,383.8,1,0.781,313.5,1,0.918,0.209,4,2,125,ROJO,-311.4,62.9,0.000,1,175.2,,36.5
2992.109266,AVOID_PASS,manteniendo rumbo mientras pasa el pilar 125,23,4.13,528.10,PISTA,OK,7,719.5,719.5,616.7,701.0,367.2,1,0.833,391.5,1,0.767,318.8,1,0.932,0.207,4,2,125,ROJO,-310.2,54.4,0.000,1,184.8,,71.6
2992.208493,AVOID_PASS,manteniendo rumbo mientras pasa el pilar 125,23,4.23,528.00,PISTA,OK,7,709.0,709.0,617.3,703.2,370.3,1,0.833,398.2,1,0.753,326.8,1,0.904,0.204,4,2,125,ROJO,-310.2,44.7,0.000,1,193.9,,35.6
2992.307980,AVOID_PASS,manteniendo rumbo mientras pasa el pilar 125,23,4.45,527.78,PISTA,OK,7,701.0,701.0,626.8,697.6,367.8,1,0.861,408.0,1,0.808,333.8,1,0.904,0.202,4,2,125,ROJO,-312.3,38.1,0.000,1,203.1,,68.7
2992.407396,AVOID_PASS,manteniendo rumbo mientras pasa el pilar 125,23,4.61,527.62,PISTA,OK,7,693.0,693.0,648.1,701.0,366.6,1,0.861,309.0,1,0.753,339.5,1,0.904,0.205,4,2,125,ROJO,-311.5,27.6,0.000,1,212.2,,35.5
2992.507205,AVOID_PASS,manteniendo rumbo mientras pasa el pilar 125,23,4.73,527.50,PISTA,OK,7,683.5,683.5,669.4,700.0,362.9,1,0.778,305.0,1,0.849,345.0,1,0.890,0.206,4,2,125,ROJO,-314.5,23.5,0.000,1,221.4,,69.6
2992.606033,AVOID_PASS,manteniendo rumbo mientras pasa el pilar 125,23,4.81,527.42,PISTA,OK,7,676.0,676.0,649.2,699.4,361.5,1,0.889,306.5,1,0.808,351.5,1,0.932,0.208,4,2,125,ROJO,-313.1,12.5,0.000,1,230.5,,35.4
2992.706428,AVOID_PASS,manteniendo rumbo mientras pasa el pilar 125,23,4.93,527.30,PISTA,OK,7,667.5,667.5,701.0,698.6,368.6,1,0.861,306.0,1,0.822,357.8,1,0.890,0.201,3,1,125,ROJO,-312.0,3.5,0.000,1,239.7,,67.5
2992.804368,AVOID_PASS,manteniendo rumbo mientras pasa el pilar 125,23,5.04,527.19,PISTA,OK,7,659.0,659.0,694.3,697.6,366.4,1,0.889,303.0,1,0.822,364.0,1,0.918,0.205,3,1,125,ROJO,-310.5,-6.2,0.000,1,248.8,,100.2
2992.908859,AVOID_PASS,manteniendo rumbo mientras pasa el pilar 125,23,5.09,527.14,PISTA,OK,7,650.5,650.5,709.4,696.2,364.5,1,0.833,304.0,1,0.822,371.0,1,0.918,0.208,3,1,125,ROJO,-309.9,-14.9,0.000,1,258.4,,71.0
2993.004719,AVOID_PASS,manteniendo rumbo mientras pasa el pilar 125,23,5.20,527.03,PISTA,OK,7,643.0,643.0,688.6,695.6,366.4,1,0.889,303.5,1,0.822,375.5,1,0.932,0.211,3,1,125,ROJO,-308.7,-23.9,0.000,1,267.2,,33.5
2993.106554,AVOID_PASS,manteniendo rumbo mientras pasa el pilar 125,23,5.25,526.98,PISTA,OK,7,634.0,634.0,718.6,694.4,374.7,1,0.861,304.0,1,0.712,384.0,1,0.932,0.210,3,1,125,ROJO,-309.4,-31.3,0.000,1,276.6,,69.3
2993.205922,AVOID_PASS,manteniendo rumbo mientras pasa el pilar 125,23,5.30,526.93,PISTA,OK,7,625.5,625.5,715.9,693.8,386.3,1,0.833,304.8,1,0.740,390.0,1,0.959,0.207,2,1,125,ROJO,-304.4,-43.1,0.000,1,285.7,,35.3
2993.306116,AVOID_PASS,manteniendo rumbo mientras pasa el pilar 125,23,5.34,526.89,PISTA,OK,7,617.0,617.0,733.0,693.0,396.0,1,0.833,306.0,1,0.795,397.0,1,0.918,0.205,2,1,125,ROJO,-307.0,-48.7,0.000,1,294.9,,68.4
2993.406523,AVOID_PASS,manteniendo rumbo mientras pasa el pilar 125,22,5.43,526.80,PISTA,OK,7,609.0,609.0,713.7,691.7,360.8,1,0.806,306.5,1,0.767,405.8,1,0.918,0.207,2,1,125,ROJO,-303.3,-59.9,0.000,1,304.2,,32.1
2993.508130,AVOID_PASS,manteniendo rumbo mientras pasa el pilar 125,22,5.45,526.78,PISTA,OK,7,602.0,602.0,770.2,690.9,364.9,1,0.806,308.8,1,0.836,412.0,1,0.945,0.236,2,1,125,ROJO,-304.5,-68.5,0.000,1,313.1,,69.4
2993.606773,RECENTER,reincorporacion tras 322 mm de sobrepaso estimado,22,1.45,526.73,PISTA,OK,7,593.0,593.0,760.1,689.8,364.1,1,0.778,310.0,1,0.836,418.0,1,0.932,0.329,2,1,125,ROJO,-302.9,-75.5,0.000,1,321.8,,34.0
2993.708428,TURN,giro de esquina por IMU y reapertura frontal,22,25.00,526.70,PISTA,OK,7,586.0,586.0,774.9,689.0,364.9,1,0.833,311.5,1,0.890,426.2,1,0.918,0.201,1,1,,,,,,0,321.8,,71.5
2993.808056,TURN,giro de esquina por IMU y reapertura frontal,22,25.00,526.72,PISTA,OK,7,577.0,577.0,762.8,688.0,358.0,1,0.778,313.2,1,0.726,433.0,1,0.918,0.775,2,1,,,,,,0,321.8,,36.9
2993.908220,TURN,giro de esquina por IMU y reapertura frontal,22,25.00,525.95,PISTA,OK,7,569.5,569.5,768.2,687.5,365.8,1,0.861,317.5,1,0.699,438.5,1,0.945,0.810,2,1,,,,,,0,321.8,,70.2
2994.007467,TURN,giro de esquina por IMU y reapertura frontal,22,25.00,527.85,PISTA,OK,7,562.0,562.0,782.2,685.2,365.8,1,0.889,316.0,1,0.767,446.5,1,0.959,0.741,2,1,,,,,,0,321.8,,34.8
2994.107474,TURN,giro de esquina por IMU y reapertura frontal,22,25.00,528.58,PISTA,OK,7,554.5,554.5,772.5,685.9,378.0,1,0.806,315.5,1,0.781,455.5,1,0.918,0.623,2,1,,,,,,0,321.8,,69.6
2994.207053,TURN,giro de esquina por IMU y reapertura frontal,22,25.00,530.42,PISTA,OK,7,549.0,549.0,753.2,686.7,388.4,1,0.778,311.8,1,0.740,462.0,1,0.918,0.538,2,1,,,,,,0,321.8,,33.5
2994.306809,TURN,giro de esquina por IMU y reapertura frontal,22,25.00,532.17,PISTA,OK,7,543.5,543.5,734.5,686.9,395.7,1,0.833,311.2,1,0.795,468.0,1,0.973,0.660,2,1,,,,,,0,321.8,,69.6
2994.407754,TURN,giro de esquina por IMU y reapertura frontal,22,25.00,533.95,PISTA,OK,7,537.0,537.0,718.2,688.1,411.8,1,0.722,308.0,1,0.808,475.8,1,0.918,0.797,2,1,,,,,,0,321.8,,36.8
2994.505757,TURN,giro de esquina por IMU y reapertura frontal,22,25.00,534.86,PISTA,OK,7,531.0,531.0,697.5,690.5,421.5,1,0.722,306.5,1,0.781,481.5,1,0.918,0.645,2,1,,,,,,0,321.8,,68.4
2994.606532,TURN,giro de esquina por IMU y reapertura frontal,22,25.00,536.58,PISTA,OK,7,526.0,526.0,666.8,693.4,435.6,1,0.667,303.0,1,0.740,490.5,1,0.904,0.362,2,1,,,,,,0,321.8,,34.7
2994.705593,TURN,giro de esquina por IMU y reapertura frontal,22,25.00,538.38,PISTA,OK,7,521.0,521.0,698.8,696.6,444.0,1,0.639,301.0,1,0.753,497.0,1,0.932,0.348,2,1,,,,,,0,321.8,,67.1
2994.804637,TURN,giro de esquina por IMU y reapertura frontal,22,25.00,539.30,PISTA,OK,7,516.5,516.5,685.7,700.8,464.2,1,0.750,298.5,1,0.781,504.5,1,0.973,0.309,2,1,,,,,,0,321.8,,33.1
2994.905384,TURN,giro de esquina por IMU y reapertura frontal,22,25.00,541.12,PISTA,OK,7,511.0,511.0,723.6,700.3,472.3,1,0.778,297.0,1,0.795,513.5,1,0.986,0.217,2,1,,,,,,0,321.8,,68.6
2995.005285,TURN,giro de esquina por IMU y reapertura frontal,22,25.00,542.84,PISTA,OK,7,506.0,506.0,688.9,703.9,477.2,1,0.722,294.0,1,0.795,520.0,1,0.986,0.330,2,1,,,,,,0,321.8,,33.0
2995.103497,TURN,giro de esquina por IMU y reapertura frontal,22,25.00,544.45,PISTA,OK,7,499.0,499.0,666.8,712.8,497.8,1,0.722,291.5,1,0.781,526.5,1,0.986,0.207,2,1,,,,,,0,321.8,,64.3
2995.204604,TURN,giro de esquina por IMU y reapertura frontal,22,25.00,546.20,PISTA,OK,7,494.5,494.5,700.2,720.0,509.3,1,0.806,289.0,1,0.808,535.5,1,1.000,0.205,2,1,,,,,,0,321.8,,33.7
2995.304985,TURN,giro de esquina por IMU y reapertura frontal,21,25.00,547.12,PISTA,OK,7,489.5,489.5,687.1,724.0,522.0,1,0.667,287.5,1,0.767,549.5,1,0.986,0.207,2,1,,,,,,0,321.8,,67.4
2995.403929,TURN,giro de esquina por IMU y reapertura frontal,21,25.00,548.76,PISTA,OK,7,484.0,484.0,712.8,727.1,532.6,1,0.667,287.0,1,0.767,560.0,1,0.986,0.201,2,1,,,,,,0,321.8,,32.3
2995.505583,TURN,giro de esquina por IMU y reapertura frontal,21,25.00,550.41,PISTA,OK,7,480.5,480.5,658.3,731.9,650.0,1,0.694,282.5,1,0.795,720.5,1,0.973,0.204,3,1,,,,,,0,321.8,,69.0
2995.605128,TURN,giro de esquina por IMU y reapertura frontal,21,25.00,551.99,PISTA,OK,7,476.5,476.5,657.5,740.3,675.7,1,0.778,281.2,1,0.740,724.2,1,1.000,0.207,3,1,,,,,,0,321.8,,34.7
2995.705211,TURN,giro de esquina por IMU y reapertura frontal,21,25.00,552.71,PISTA,OK,7,474.0,474.0,678.8,738.5,688.1,1,0.806,278.5,1,0.740,729.5,1,1.000,0.201,3,1,,,,,,0,321.8,,67.6
2995.805063,TURN,giro de esquina por IMU y reapertura frontal,21,25.00,554.25,PISTA,OK,7,470.8,470.8,675.1,734.7,715.1,1,0.750,275.5,1,0.740,734.5,1,1.000,0.199,3,1,,,,,,0,321.8,,33.3
2995.909314,TURN,giro de esquina por IMU y reapertura frontal,21,25.00,555.88,PISTA,OK,7,468.0,468.0,1457.1,728.0,779.8,1,0.778,273.0,1,0.781,740.5,1,1.000,0.188,2,1,,,,,,0,321.8,,72.2
2996.005330,TURN,giro de esquina por IMU y reapertura frontal,21,25.00,557.51,PISTA,OK,7,465.0,465.0,1722.6,731.7,775.3,1,0.778,270.5,1,0.753,744.0,1,0.986,0.192,3,1,,,,,,0,321.8,,102.4
2996.104645,TURN,giro de esquina por IMU y reapertura frontal,21,25.00,558.24,NARANJA,OK,7,464.5,464.5,626.1,703.7,765.9,1,0.889,267.0,1,0.795,747.5,1,1.000,0.197,3,1,,,,,,0,321.8,,68.3
2996.204340,TURN,giro de esquina por IMU y reapertura frontal,21,25.00,559.93,NARANJA,OK,7,462.2,462.2,978.5,686.6,756.5,1,0.944,265.0,1,0.849,754.2,1,1.000,0.181,3,1,,,,,,0,321.8,,33.9
2996.305697,TURN,giro de esquina por IMU y reapertura frontal,21,25.00,561.50,NARANJA,OK,7,463.8,463.8,627.2,684.7,749.9,1,1.000,263.5,1,0.918,759.2,1,1.000,0.201,4,1,,,,,,0,321.8,,69.3
2996.405522,TURN,giro de esquina por IMU y reapertura frontal,21,25.00,563.21,PISTA,OK,7,463.2,463.2,846.5,670.7,745.6,1,0.917,261.5,1,0.863,766.5,1,1.000,0.607,4,1,,,,,,0,321.8,,36.0
2996.508127,TURN,giro de esquina por IMU y reapertura frontal,21,25.00,564.79,PISTA,OK,7,465.2,465.2,1132.3,651.4,741.7,1,1.000,260.0,1,0.918,772.2,1,1.000,0.196,4,1,,,,,,0,321.8,,70.9
2996.606510,TURN,giro de esquina por IMU y reapertura frontal,21,25.00,565.61,PISTA,OK,7,466.5,466.5,1086.8,646.0,731.1,1,0.972,256.0,1,0.863,777.2,1,1.000,0.189,4,1,,,,,,0,321.8,,34.9
2996.706938,TURN,giro de esquina por IMU y reapertura frontal,21,25.00,567.25,PISTA,OK,7,469.5,469.5,918.5,629.5,724.5,1,0.944,252.0,1,0.849,784.5,1,1.000,0.587,4,1,,,,,,0,321.8,,70.6
2996.806398,TURN,giro de esquina por IMU y reapertura frontal,21,25.00,568.94,PISTA,OK,7,473.5,473.5,352.7,618.4,724.1,1,1.000,249.5,1,0.918,789.0,1,1.000,0.175,4,1,,,,,,0,321.8,,36.1
2996.907644,TURN,giro de esquina por IMU y reapertura frontal,21,25.00,570.56,PISTA,OK,7,476.5,476.5,1002.0,609.9,722.5,1,0.944,246.5,1,0.808,797.0,1,1.000,0.573,4,1,,,,,,0,321.8,,71.4
2997.005428,TURN,giro de esquina por IMU y reapertura frontal,21,25.00,571.38,PISTA,OK,7,480.2,480.2,951.5,584.9,715.9,1,0.944,245.0,1,0.849,802.0,1,0.986,0.589,4,1,,,,,,0,321.8,,35.8
2997.105864,TURN,giro de esquina por IMU y reapertura frontal,21,25.00,573.02,PISTA,OK,7,480.8,480.8,267.3,582.8,715.9,1,0.944,241.5,1,0.849,753.5,1,0.986,0.177,4,1,,,,,,0,321.8,,68.6
2997.206183,TURN,giro de esquina por IMU y reapertura frontal,21,25.00,574.62,PISTA,OK,7,485.0,485.0,917.5,582.5,712.7,1,0.917,238.5,1,0.863,718.5,1,1.000,0.584,4,1,,,,,,0,321.8,,35.4
2997.304293,TURN,giro de esquina por IMU y reapertura frontal,21,25.00,575.44,PISTA,OK,7,491.2,491.2,208.3,571.8,712.3,1,0.889,235.0,1,0.822,701.5,1,1.000,0.190,4,1,,,,,,0,321.8,,68.2
2997.405256,TURN,giro de esquina por IMU y reapertura frontal,22,25.00,577.05,PISTA,OK,7,496.0,496.0,219.3,562.6,713.3,1,0.861,234.0,1,0.795,679.0,1,1.000,0.189,4,1,,,,,,0,321.8,,34.4
2997.503216,TURN,giro de esquina por IMU y reapertura frontal,22,25.00,578.62,PISTA,OK,7,504.0,504.0,255.1,552.3,709.8,1,0.889,231.0,1,0.822,655.5,1,0.973,0.443,4,1,,,,,,0,321.8,,66.9
2997.603195,TURN,giro de esquina por IMU y reapertura frontal,22,25.00,579.34,PISTA,OK,7,509.5,509.5,815.2,540.5,711.4,1,0.833,226.5,1,0.808,634.5,1,0.973,0.205,4,1,,,,,,0,321.8,,33.9
2997.703472,TURN,giro de esquina por IMU y reapertura frontal,22,25.00,581.06,PISTA,OK,7,517.5,517.5,800.3,542.3,712.7,1,0.833,226.5,1,0.753,612.0,1,0.973,0.198,4,1,,,,,,0,321.8,,66.5
2997.801647,TURN,giro de esquina por IMU y reapertura frontal,22,25.00,582.82,PISTA,OK,7,525.0,525.0,780.3,533.2,713.3,1,0.806,223.0,1,0.795,601.0,1,1.000,0.322,4,1,,,,,,0,321.8,,99.3
2997.901860,TURN,giro de esquina por IMU y reapertura frontal,22,25.00,584.56,PISTA,OK,7,537.0,537.0,762.2,530.0,715.9,1,0.806,219.0,1,0.767,583.5,1,0.986,0.466,4,1,,,,,,0,321.8,,61.8
2998.002498,TURN,giro de esquina por IMU y reapertura frontal,22,25.00,585.42,PISTA,OK,7,544.0,544.0,747.4,525.0,719.2,1,0.806,215.5,1,0.781,573.0,1,0.986,0.636,6,1,,,,,,0,321.8,,33.2
2998.102893,TURN,giro de esquina por IMU y reapertura frontal,22,25.00,587.90,PISTA,OK,7,554.0,554.0,736.1,522.2,692.8,1,0.917,213.5,1,0.863,558.0,1,0.986,0.689,6,1,,,,,,0,321.8,,66.9
2998.202971,TURN,giro de esquina por IMU y reapertura frontal,22,25.00,588.70,PISTA,OK,7,564.5,564.5,712.1,516.8,686.2,1,0.889,208.5,1,0.836,542.5,1,1.000,0.758,6,1,,,,,,0,321.8,,31.1
2998.304779,TURN,giro de esquina por IMU y reapertura frontal,22,25.00,590.44,PISTA,OK,7,580.5,580.5,714.6,511.8,674.8,1,0.861,207.8,1,0.808,525.0,1,1.000,0.736,6,1,,,,,,0,321.8,,68.6
2998.403775,TURN,giro de esquina por IMU y reapertura frontal,22,25.00,592.17,PISTA,OK,7,593.5,593.5,694.9,500.5,671.3,1,0.861,204.0,1,0.849,519.5,1,0.986,0.801,6,1,,,,,,0,321.8,,34.4
2998.509710,TURN,giro de esquina por IMU y reapertura frontal,23,25.00,593.78,PISTA,OK,7,611.5,611.5,685.0,493.6,674.2,1,0.861,198.5,1,0.836,507.0,1,1.000,0.790,5,1,,,,,,0,321.8,,74.1
2998.604859,TURN,giro de esquina por IMU y reapertura frontal,23,25.00,594.59,PISTA,OK,7,628.5,628.5,672.5,485.8,672.6,1,0.917,196.5,1,0.836,498.5,1,0.986,0.783,5,1,,,,,,0,321.8,,34.5
2998.704916,TURN,giro de esquina por IMU y reapertura frontal,23,25.00,596.33,PISTA,OK,7,643.0,643.0,658.2,478.0,672.2,1,0.833,192.0,1,0.836,485.5,1,0.973,0.792,5,1,,,,,,0,321.8,,68.8
2998.805576,TURN,giro de esquina por IMU y reapertura frontal,23,25.00,598.22,PISTA,OK,7,680.5,680.5,662.5,471.5,670.5,1,0.861,189.8,1,0.849,479.0,1,0.986,0.666,5,1,,,,,,0,321.8,,35.7
2998.906108,TURN,giro de esquina por IMU y reapertura frontal,23,25.00,600.02,PISTA,OK,7,690.5,690.5,636.8,464.9,667.5,1,0.917,186.5,1,0.863,468.0,1,1.000,0.811,5,1,,,,,,0,321.8,,69.8
2999.005839,TURN,giro de esquina por IMU y reapertura frontal,23,25.00,600.95,PISTA,OK,7,719.5,719.5,634.8,460.5,664.7,1,0.889,185.0,1,0.877,464.0,1,0.986,0.707,5,1,,,,,,0,321.8,,35.9
2999.105699,TURN,giro de esquina por IMU y reapertura frontal,24,25.00,602.74,PISTA,OK,7,752.5,752.5,622.1,455.8,659.8,1,0.889,183.0,1,0.822,453.5,1,0.986,0.722,5,2,,,,,,0,321.8,,70.2
2999.204104,TURN,giro de esquina por IMU y reapertura frontal,24,25.00,604.65,PISTA,OK,7,785.0,785.0,617.2,451.3,660.0,1,0.972,180.5,1,0.918,450.0,1,0.986,0.694,5,2,,,,,,0,321.8,,34.2
2999.305447,CRUISE,esquina 8 verificada,24,21.00,605.71,PISTA,OK,8,831.5,831.5,605.8,448.2,654.7,1,0.944,176.0,1,0.918,446.0,1,0.973,0.725,5,2,,,,,,0,321.8,,69.9
2999.404175,CRUISE,crucero centrado por paredes,25,17.00,607.68,PISTA,OK,8,872.0,872.0,590.5,445.8,651.3,1,0.944,173.5,1,0.904,445.5,1,0.945,0.767,5,2,,,,,,0,321.8,,33.9
2999.502955,AVOID_APPROACH,pure-pursuit al punto de paso del pilar 133,25,21.00,609.66,PISTA,OK,8,932.0,932.0,578.0,443.3,644.1,1,0.972,169.5,1,0.959,440.5,1,0.959,0.792,5,2,133,VERDE,-443.8,836.2,0.000,1,321.8,,67.4
2999.603049,AVOID_APPROACH,pure-pursuit al punto de paso del pilar 133,25,25.00,611.89,PISTA,OK,8,1027.0,1027.0,566.9,442.0,635.9,1,1.000,166.5,1,0.932,436.5,1,0.986,0.808,5,2,133,VERDE,-404.4,846.7,0.000,1,321.8,,33.0
2999.702110,AVOID_APPROACH,pure-pursuit al punto de paso del pilar 133,25,25.00,612.87,PISTA,OK,8,1128.0,1128.0,555.2,442.4,629.5,1,0.972,164.5,1,0.849,433.5,1,0.973,0.793,5,2,133,VERDE,-382.0,848.0,0.000,1,321.8,,67.0
2999.801185,AVOID_APPROACH,pure-pursuit al punto de paso del pilar 133,25,25.00,614.54,PISTA,OK,8,1164.0,1164.0,549.3,442.8,633.6,1,1.000,163.0,1,0.932,432.5,1,0.973,0.778,5,2,133,VERDE,-353.5,852.2,0.000,1,321.8,,99.4
2999.901546,AVOID_APPROACH,pure-pursuit al punto de paso del pilar 133,25,25.00,616.68,PISTA,OK,8,1230.5,1398.0,539.1,443.6,640.4,1,0.944,159.5,1,0.877,433.0,1,0.973,0.750,4,2,133,VERDE,-325.0,853.7,0.000,1,321.8,,66.3
3000.000648,AVOID_APPROACH,pure-pursuit al punto de paso del pilar 133,25,25.00,618.84,PISTA,OK,8,1359.5,1359.5,530.2,445.0,652.9,1,1.000,157.0,1,0.877,436.5,1,0.973,0.710,4,2,133,VERDE,-293.1,856.8,0.000,1,321.8,,84.8
3000.100681,AVOID_APPROACH,pure-pursuit al punto de paso del pilar 133,25,25.00,619.80,PISTA,OK,8,1909.5,1909.5,534.6,447.4,774.9,1,1.000,153.0,1,0.836,437.2,1,1.000,0.874,4,2,133,VERDE,-260.7,858.1,0.000,1,321.8,,65.6
3000.200761,AVOID_APPROACH,pure-pursuit al punto de paso del pilar 133,25,25.00,621.75,PISTA,OK,8,1902.0,1902.0,526.0,450.0,747.1,1,1.000,150.0,1,0.877,440.0,1,0.986,0.882,4,2,133,VERDE,-227.8,858.5,0.000,1,321.8,,85.4
3000.299254,AVOID_APPROACH,pure-pursuit al punto de paso del pilar 133,25,23.69,623.72,PISTA,OK,8,1895.0,1895.0,517.0,453.2,710.6,1,1.000,147.5,1,0.795,443.2,1,0.986,0.804,4,2,133,VERDE,-197.5,858.1,0.000,1,321.8,,62.8
3000.399929,AVOID_APPROACH,pure-pursuit al punto de paso del pilar 133,25,21.93,625.91,PISTA,OK,8,874.0,1889.5,514.0,457.6,678.7,1,1.000,144.5,1,0.849,449.0,1,1.000,0.843,4,2,133,VERDE,-165.8,856.7,0.000,1,321.8,,84.9
3000.499768,AVOID_APPROACH,pure-pursuit al punto de paso del pilar 133,25,19.71,628.04,PISTA,OK,8,861.5,1883.5,509.5,462.5,652.0,1,0.972,141.5,1,0.849,452.0,1,0.986,0.851,3,2,133,VERDE,-127.2,854.6,0.000,1,321.8,,64.4
3000.599764,AVOID_APPROACH,pure-pursuit al punto de paso del pilar 133,25,17.71,629.06,PISTA,OK,8,856.5,1879.5,505.8,468.1,632.0,1,1.000,139.5,1,0.863,456.8,1,1.000,0.810,2,1,133,VERDE,-93.1,852.0,0.000,1,321.8,,81.2
3000.700763,AVOID_APPROACH,pure-pursuit al punto de paso del pilar 133,25,15.94,631.23,PISTA,OK,8,847.5,1872.5,500.2,474.2,612.7,1,1.000,136.5,1,0.877,461.0,1,1.000,0.812,2,1,133,VERDE,-62.8,846.8,0.000,1,321.8,,64.9
3000.801818,AVOID_APPROACH,pure-pursuit al punto de paso del pilar 133,24,13.68,633.51,PISTA,OK,8,840.5,1866.5,496.5,482.7,599.2,1,0.944,133.0,1,0.890,469.5,1,0.973,0.806,2,1,133,VERDE,-25.8,841.5,0.000,1,321.8,,32.9
3000.901155,AVOID_APPROACH,pure-pursuit al punto de paso del pilar 133,24,12.78,634.60,PISTA,OK,8,833.5,833.5,527.7,491.0,580.8,1,0.944,130.0,1,0.890,475.0,1,0.973,0.224,2,1,133,VERDE,-9.8,832.3,0.099,1,321.8,,66.4
3001.000970,AVOID_APPROACH,pure-pursuit al punto de paso del pilar 133,24,10.93,636.62,PISTA,OK,8,830.5,1462.5,523.4,500.3,569.7,1,1.000,128.0,1,0.904,482.0,1,1.000,0.394,2,1,133,VERDE,17.9,834.4,0.000,1,321.8,,85.1
3001.104833,AVOID_APPROACH,pure-pursuit al punto de paso del pilar 133,24,9.28,638.66,PISTA,OK,8,824.0,1453.0,519.3,510.9,562.8,1,1.000,126.0,1,0.918,488.0,1,1.000,0.437,1,1,133,VERDE,44.4,823.6,0.000,1,321.8,,66.6
3001.202006,AVOID_APPROACH,pure-pursuit al punto de paso del pilar 133,24,7.58,640.55,PISTA,OK,8,814.0,1446.0,518.3,521.5,552.1,1,1.000,123.5,1,0.945,495.0,1,1.000,0.383,1,1,133,VERDE,70.9,812.7,0.000,1,321.8,,101.0
3001.301697,AVOID_APPROACH,pure-pursuit al punto de paso del pilar 133,24,5.52,641.51,PISTA,OK,8,805.5,1436.5,518.4,532.1,549.7,1,1.000,121.5,1,0.959,501.8,1,1.000,0.414,1,1,133,VERDE,101.4,802.6,0.000,1,321.8,,66.8
3001.402859,AVOID_APPROACH,pure-pursuit al punto de paso del pilar 133,24,4.00,643.16,PISTA,OK,8,798.5,966.5,505.4,543.1,541.9,1,1.000,121.5,1,0.918,508.0,1,1.000,0.542,1,1,133,VERDE,123.8,789.8,0.000,1,321.8,,34.0
3001.503002,AVOID_APPROACH,pure-pursuit al punto de paso del pilar 133,24,2.35,644.50,PISTA,OK,8,791.5,921.5,497.5,553.9,540.2,1,1.000,124.0,1,0.904,514.2,1,1.000,0.614,1,1,133,VERDE,147.1,778.5,0.000,1,321.8,,68.0
3001.602653,AVOID_APPROACH,pure-pursuit al punto de paso del pilar 133,24,1.06,645.60,PISTA,OK,8,781.0,894.0,486.3,563.2,540.0,1,1.000,125.5,1,0.918,519.2,1,1.000,0.734,2,1,133,VERDE,164.8,765.6,0.000,1,321.8,,33.4
3001.701297,AVOID_APPROACH,pure-pursuit al punto de paso del pilar 133,25,-0.29,646.10,PISTA,OK,8,862.5,862.5,461.1,573.1,536.7,1,1.000,128.5,1,0.904,525.5,1,1.000,0.797,2,1,133,VERDE,182.8,753.3,0.000,1,321.8,,66.3
3001.802254,AVOID_APPROACH,pure-pursuit al punto de paso del pilar 133,24,-1.49,646.93,PISTA,OK,8,840.5,840.5,457.6,582.3,537.0,1,1.000,131.5,1,0.904,531.0,1,1.000,0.794,2,1,133,VERDE,198.3,742.0,0.000,1,321.8,,32.6
3001.901082,AVOID_APPROACH,pure-pursuit al punto de paso del pilar 133,24,-2.15,647.54,PISTA,OK,8,828.5,828.5,464.4,590.1,541.0,1,1.000,137.0,1,0.863,535.5,1,1.000,0.806,2,1,133,VERDE,206.3,729.4,0.000,1,321.8,,66.0
3002.000384,AVOID_APPROACH,pure-pursuit al punto de paso del pilar 133,24,-2.45,647.92,PISTA,OK,8,805.0,805.0,461.0,597.4,544.7,1,1.000,142.5,1,0.904,541.0,1,1.000,0.798,2,1,133,VERDE,209.8,718.8,0.000,1,321.8,,85.1
3002.099903,AVOID_APPROACH,pure-pursuit al punto de paso del pilar 133,24,-2.85,648.03,PISTA,OK,8,814.5,814.5,554.0,603.6,545.6,1,1.000,144.0,1,0.932,545.5,1,1.000,0.219,2,1,133,VERDE,214.2,708.7,0.000,1,321.8,,65.0
3002.199226,AVOID_APPROACH,pure-pursuit al punto de paso del pilar 133,24,-3.47,648.19,PISTA,OK,8,785.0,785.0,538.2,609.2,551.7,1,1.000,147.5,1,0.918,549.0,1,1.000,0.221,2,1,133,VERDE,221.4,698.9,0.000,1,321.8,,77.8
3002.299497,AVOID_APPROACH,pure-pursuit al punto de paso del pilar 133,24,-3.87,648.27,PISTA,OK,8,765.0,765.0,533.9,614.4,555.0,1,0.972,154.0,1,0.836,554.5,1,1.000,0.219,2,1,133,VERDE,225.6,689.8,0.000,1,321.8,,62.9
3002.396599,AVOID_APPROACH,pure-pursuit al punto de paso del pilar 133,24,-3.82,648.39,PISTA,OK,8,758.5,758.5,520.1,619.6,152.4,1,0.972,160.5,1,0.918,558.5,1,1.000,0.220,2,1,133,VERDE,224.4,680.1,0.000,1,321.8,,82.8
3002.497642,AVOID_APPROACH,pure-pursuit al punto de paso del pilar 133,24,-3.66,648.45,PISTA,OK,8,754.8,754.8,515.9,625.8,143.4,1,0.944,166.0,1,0.945,562.5,1,1.000,0.221,3,1,133,VERDE,221.8,669.9,0.000,1,321.8,,60.9
3002.597473,AVOID_APPROACH,pure-pursuit al punto de paso del pilar 133,24,-4.15,648.44,PISTA,OK,8,750.5,750.5,502.4,628.6,143.8,1,0.944,174.0,1,0.904,566.5,1,1.000,0.221,3,1,133,VERDE,226.9,659.5,0.000,1,321.8,,81.9
3002.696963,AVOID_APPROACH,pure-pursuit al punto de paso del pilar 133,24,-3.97,648.45,PISTA,OK,8,739.0,739.0,495.0,632.5,148.1,1,0.972,180.8,1,0.959,569.5,1,1.000,0.221,3,1,133,VERDE,224.2,652.0,0.000,1,321.8,,62.0
3002.798377,AVOID_APPROACH,pure-pursuit al punto de paso del pilar 133,24,-4.25,648.45,PISTA,OK,8,744.0,744.0,482.1,637.3,155.0,1,0.944,187.0,1,0.918,573.8,1,1.000,0.223,3,1,133,VERDE,226.8,642.5,0.000,1,321.8,,79.7
3002.896687,AVOID_APPROACH,pure-pursuit al punto de paso del pilar 133,24,-4.33,648.44,PISTA,OK,8,729.0,729.0,423.9,641.9,159.3,1,0.972,194.0,1,0.945,578.0,1,1.000,0.799,3,1,133,VERDE,227.0,633.9,0.000,1,321.8,,60.6
3002.996789,AVOID_APPROACH,pure-pursuit al punto de paso del pilar 133,23,-4.41,648.43,PISTA,OK,8,721.0,721.0,419.1,645.8,169.6,1,0.944,202.8,1,0.932,581.2,1,1.000,0.805,3,1,133,VERDE,227.1,623.6,0.000,1,321.8,,80.9
3003.096568,AVOID_APPROACH,pure-pursuit al punto de paso del pilar 133,23,-4.43,648.42,PISTA,OK,8,715.5,715.5,415.9,650.2,177.3,1,0.972,211.0,1,0.959,585.5,1,1.000,0.773,3,1,133,VERDE,226.6,615.2,0.000,1,321.8,,61.2
3003.197525,AVOID_APPROACH,pure-pursuit al punto de paso del pilar 133,23,-4.47,648.37,PISTA,OK,8,709.5,709.5,412.0,655.2,184.7,1,0.944,222.0,1,0.945,590.0,1,1.000,0.802,3,1,133,VERDE,226.4,606.8,0.000,1,321.8,,78.0
3003.297473,AVOID_APPROACH,pure-pursuit al punto de paso del pilar 133,23,-4.43,648.30,PISTA,OK,8,703.0,703.0,443.9,657.6,191.7,1,1.000,227.0,1,0.973,593.5,1,1.000,0.225,3,1,133,VERDE,225.4,598.0,0.000,1,321.8,,61.4
3003.398993,AVOID_APPROACH,pure-pursuit al punto de paso del pilar 133,23,-4.34,648.28,PISTA,OK,8,694.0,694.0,438.1,661.8,197.4,1,0.972,235.8,1,0.945,596.2,1,1.000,0.225,2,1,133,VERDE,223.7,589.8,0.000,1,321.8,,82.8
3003.499260,AVOID_APPROACH,pure-pursuit al punto de paso del pilar 133,23,-4.76,648.17,PISTA,OK,8,685.0,685.0,432.5,665.4,208.8,1,0.972,243.0,1,0.959,600.0,1,1.000,0.225,2,1,133,VERDE,227.5,581.7,0.000,1,321.8,,63.6
3003.598805,AVOID_APPROACH,pure-pursuit al punto de paso del pilar 133,23,-4.48,648.05,PISTA,OK,8,679.0,679.0,425.3,668.4,217.1,1,0.972,250.0,1,0.959,603.5,1,1.000,0.226,2,1,133,VERDE,223.9,573.4,0.000,1,321.8,,84.6
3003.699134,AVOID_APPROACH,pure-pursuit al punto de paso del pilar 133,23,-4.56,647.97,PISTA,OK,8,674.5,674.5,419.4,672.5,225.2,1,1.000,258.8,1,0.986,607.0,1,1.000,0.226,2,1,133,VERDE,224.0,564.2,0.000,1,321.8,,59.9
3003.799885,AVOID_APPROACH,pure-pursuit al punto de paso del pilar 133,23,-4.29,647.93,PISTA,OK,8,686.8,686.8,412.8,675.6,233.6,1,0.972,267.0,1,0.986,610.5,1,1.000,0.226,2,1,133,VERDE,220.8,556.8,0.000,1,321.8,,85.7
3003.897747,AVOID_APPROACH,pure-pursuit al punto de paso del pilar 133,23,-4.52,647.85,PISTA,OK,8,673.5,673.5,412.0,679.2,241.4,1,0.944,273.0,1,0.986,615.0,1,0.986,0.223,2,1,133,VERDE,222.3,548.1,0.000,1,321.8,,63.5
3003.997765,AVOID_APPROACH,pure-pursuit al punto de paso del pilar 133,23,-4.56,647.78,PISTA,OK,8,667.5,667.5,407.4,682.6,253.0,1,0.972,282.0,1,0.986,617.5,1,1.000,0.223,2,1,133,VERDE,222.0,539.6,0.000,1,321.8,,81.6
3004.097346,AVOID_APPROACH,pure-pursuit al punto de paso del pilar 133,23,-4.60,647.73,PISTA,OK,8,650.0,650.0,401.3,686.4,259.3,1,0.944,288.5,1,0.945,622.0,1,1.000,0.223,2,1,133,VERDE,221.8,531.8,0.000,1,321.8,,62.6
3004.196169,AVOID_APPROACH,pure-pursuit al punto de paso del pilar 133,23,-4.50,647.64,PISTA,OK,8,649.5,649.5,395.4,689.6,266.9,1,0.972,295.5,1,1.000,625.0,1,0.986,0.224,3,1,133,VERDE,220.3,524.3,0.000,1,321.8,,78.7
3004.296105,AVOID_APPROACH,pure-pursuit al punto de paso del pilar 133,23,-4.90,647.58,PISTA,OK,8,657.5,657.5,389.7,693.1,276.4,1,0.972,303.0,1,0.973,628.0,1,1.000,0.224,3,2,133,VERDE,223.2,515.7,0.000,1,321.8,,61.6
3004.395484,AVOID_APPROACH,pure-pursuit al punto de paso del pilar 133,23,-4.53,647.48,PISTA,OK,8,643.5,643.5,386.6,696.2,285.9,1,0.944,312.5,1,0.945,632.0,1,1.000,0.223,3,2,133,VERDE,219.1,506.9,0.000,1,321.8,,80.5
3004.494581,AVOID_APPROACH,pure-pursuit al punto de paso del pilar 133,23,-4.90,647.38,PISTA,OK,8,640.0,640.0,381.3,699.6,292.3,1,0.972,320.5,1,0.973,635.5,1,1.000,0.223,2,2,133,VERDE,221.7,498.4,0.000,1,321.8,,58.4
3004.596193,AVOID_APPROACH,pure-pursuit al punto de paso del pilar 133,23,-4.88,647.32,PISTA,OK,8,647.5,647.5,380.5,702.8,302.4,1,0.944,327.5,1,0.918,637.0,1,1.000,0.224,2,2,133,VERDE,220.9,490.8,0.000,1,321.8,,81.7
3004.693347,AVOID_APPROACH,pure-pursuit al punto de paso del pilar 133,23,-4.59,647.24,PISTA,OK,8,638.0,638.0,371.4,706.2,311.6,1,0.944,334.5,1,0.918,640.8,1,1.000,0.223,2,2,133,VERDE,217.8,483.5,0.000,1,321.8,,58.8
3004.793103,AVOID_APPROACH,pure-pursuit al punto de paso del pilar 133,23,-4.40,647.10,PISTA,OK,8,636.5,636.5,363.7,709.1,320.8,1,0.972,342.5,1,0.959,644.5,1,1.000,0.224,2,2,133,VERDE,215.5,475.2,0.000,1,321.8,,79.2
3004.892771,AVOID_APPROACH,pure-pursuit al punto de paso del pilar 133,23,-4.36,646.95,PISTA,OK,8,618.5,618.5,357.8,711.5,326.8,1,0.944,335.5,1,0.945,648.0,1,1.000,0.225,2,2,133,VERDE,214.6,466.8,0.000,1,321.8,,56.7
3004.994208,AVOID_APPROACH,pure-pursuit al punto de paso del pilar 133,23,-4.49,646.84,PISTA,OK,8,623.5,623.5,356.1,715.1,338.4,1,0.972,336.0,1,0.932,650.5,1,1.000,0.226,2,2,133,VERDE,214.9,456.8,0.000,1,321.8,,80.9
3005.091994,AVOID_APPROACH,pure-pursuit al punto de paso del pilar 133,23,-4.35,646.77,PISTA,OK,8,614.5,614.5,348.4,718.4,344.0,1,0.972,331.0,1,0.945,653.5,1,1.000,0.227,2,2,133,VERDE,213.1,448.7,0.000,1,321.8,,57.1
3005.192909,AVOID_APPROACH,pure-pursuit al punto de paso del pilar 133,22,-4.37,646.66,PISTA,OK,8,596.5,596.5,341.3,721.1,354.7,1,0.972,323.5,1,0.959,656.5,1,1.000,0.228,2,2,133,VERDE,212.8,442.0,0.000,1,321.8,,78.6
3005.293188,AVOID_APPROACH,pure-pursuit al punto de paso del pilar 133,22,-4.20,646.53,PISTA,OK,8,598.0,598.0,338.6,724.3,362.7,1,0.972,322.0,1,0.945,660.5,1,1.000,0.227,2,2,133,VERDE,210.8,433.0,0.000,1,321.8,,58.1
3005.394662,AVOID_APPROACH,pure-pursuit al punto de paso del pilar 133,22,-4.05,646.52,PISTA,OK,8,589.5,589.5,332.5,727.1,374.4,1,0.972,316.0,1,0.932,663.5,1,1.000,0.228,2,2,133,VERDE,209.1,425.4,0.000,1,321.8,,81.6
3005.493188,AVOID_APPROACH,pure-pursuit al punto de paso del pilar 133,22,-4.80,646.40,PISTA,OK,8,585.8,585.8,330.9,729.9,379.6,1,0.972,314.0,1,0.959,667.0,1,1.000,0.227,2,2,133,VERDE,214.2,418.5,0.000,1,321.8,,58.0
3005.594895,AVOID_APPROACH,pure-pursuit al punto de paso del pilar 133,22,-4.40,646.29,PISTA,OK,8,577.0,577.0,326.2,732.6,389.0,1,0.972,311.0,1,0.918,669.2,1,1.000,0.228,2,2,133,VERDE,210.6,410.8,0.000,1,321.8,,81.5
3005.694362,AVOID_APPROACH,pure-pursuit al punto de paso del pilar 133,22,-4.35,646.19,PISTA,OK,8,565.5,565.5,321.5,735.8,396.6,1,0.972,308.5,1,0.945,673.0,1,1.000,0.228,2,2,133,VERDE,209.7,403.7,0.000,1,321.8,,58.4
3005.794800,AVOID_APPROACH,pure-pursuit al punto de paso del pilar 133,22,-4.84,646.12,PISTA,OK,8,564.5,564.5,318.7,738.4,696.7,1,0.944,298.5,1,0.890,677.0,1,1.000,0.229,2,2,133,VERDE,212.6,397.1,0.000,1,321.8,,80.6
3005.895733,AVOID_APPROACH,pure-pursuit al punto de paso del pilar 133,22,-4.84,645.98,PISTA,OK,8,559.5,559.5,302.1,740.4,701.6,1,0.972,298.0,1,0.932,678.2,1,1.000,0.726,2,2,133,VERDE,212.0,389.2,0.000,1,321.8,,61.4
3005.995656,AVOID_APPROACH,pure-pursuit al punto de paso del pilar 133,22,-4.19,645.88,PISTA,OK,8,555.5,555.5,298.7,743.1,702.8,1,0.972,294.0,1,0.932,681.8,1,1.000,0.732,2,2,133,VERDE,206.9,380.9,0.000,1,321.8,,77.0
3006.096263,AVOID_APPROACH,pure-pursuit al punto de paso del pilar 133,22,-4.10,645.80,PISTA,OK,8,544.5,544.5,295.0,745.9,706.9,1,1.000,291.5,1,0.918,683.8,1,1.000,0.765,2,2,133,VERDE,205.9,374.4,0.000,1,321.8,,61.8
3006.198286,AVOID_APPROACH,pure-pursuit al punto de paso del pilar 133,22,-3.88,645.65,PISTA,OK,8,538.5,538.5,291.2,748.7,711.0,1,1.000,285.0,1,0.973,687.0,1,1.000,0.761,2,2,133,VERDE,203.8,366.6,0.000,1,321.8,,82.6
3006.297868,AVOID_APPROACH,pure-pursuit al punto de paso del pilar 133,25,-4.14,645.49,PISTA,OK,8,1018.0,1472.0,287.0,750.9,709.2,1,1.000,283.0,1,0.945,689.2,1,1.000,0.776,2,2,133,VERDE,205.0,358.6,0.000,1,321.8,,64.5
3006.397415,AVOID_APPROACH,pure-pursuit al punto de paso del pilar 133,22,-3.95,645.35,PISTA,OK,8,560.0,560.0,284.1,753.5,715.3,1,1.000,280.0,1,0.945,692.5,1,1.000,0.765,2,2,133,VERDE,203.2,350.2,0.000,1,321.8,,84.1
3006.497067,AVOID_APPROACH,pure-pursuit al punto de paso del pilar 133,25,-3.56,645.27,PISTA,OK,8,998.0,1453.5,280.0,756.2,718.6,1,0.972,277.5,1,0.959,696.0,1,1.000,0.767,2,2,133,VERDE,200.3,343.5,0.000,1,321.8,,64.0
3006.598047,AVOID_APPROACH,pure-pursuit al punto de paso del pilar 133,25,-3.75,645.13,PISTA,OK,8,990.0,1443.5,276.5,759.5,721.7,1,1.000,272.5,1,0.932,698.5,1,1.000,0.778,2,2,133,VERDE,201.0,335.3,0.000,1,321.8,,82.5
3006.695731,AVOID_APPROACH,pure-pursuit al punto de paso del pilar 133,25,-3.76,645.02,PISTA,OK,8,981.5,1437.5,273.3,762.0,726.2,1,0.972,268.0,1,0.849,701.0,1,1.000,0.780,2,2,133,VERDE,200.5,327.4,0.000,1,321.8,,62.2
3006.795419,AVOID_APPROACH,pure-pursuit al punto de paso del pilar 133,25,-3.80,644.88,PISTA,OK,8,973.5,1426.0,269.8,765.9,737.2,1,0.972,267.0,1,0.918,706.0,1,1.000,0.770,2,2,133,VERDE,200.2,318.7,0.000,1,321.8,,80.3
3006.896394,AVOID_APPROACH,pure-pursuit al punto de paso del pilar 133,25,-3.53,644.80,PISTA,OK,8,963.0,1419.0,265.3,768.1,733.1,1,1.000,261.0,1,0.932,708.5,1,1.000,0.770,2,2,133,VERDE,198.1,309.3,0.000,1,321.8,,63.2
3006.994526,AVOID_APPROACH,pure-pursuit al punto de paso del pilar 133,25,-3.66,644.67,PISTA,OK,8,955.0,1410.5,261.7,771.7,744.6,1,1.000,259.0,1,0.890,713.5,1,1.000,0.785,2,2,133,VERDE,198.2,301.3,0.000,1,321.8,,78.8
3007.095150,AVOID_APPROACH,pure-pursuit al punto de paso del pilar 133,25,-3.75,644.56,PISTA,OK,8,945.5,1401.0,258.2,774.4,741.7,1,0.972,252.5,1,0.822,717.0,1,1.000,0.777,2,2,133,VERDE,198.2,292.5,0.000,1,321.8,,61.7
3007.194865,AVOID_APPROACH,pure-pursuit al punto de paso del pilar 133,25,-3.49,644.42,PISTA,OK,8,936.5,1390.0,254.1,777.7,750.5,1,1.000,250.0,1,0.890,720.5,1,1.000,0.778,2,2,133,VERDE,196.3,283.8,0.000,1,321.8,,80.0
3007.292509,AVOID_PASS,manteniendo rumbo mientras pasa el pilar 133,25,0.00,644.34,PISTA,OK,8,925.5,1381.0,250.5,780.9,751.2,1,0.972,245.0,1,0.849,723.5,1,1.000,0.777,2,2,133,VERDE,196.9,274.2,0.000,1,0.0,,59.1
3007.394129,AVOID_PASS,manteniendo rumbo mientras pasa el pilar 133,25,0.19,644.15,PISTA,OK,8,917.5,1372.5,246.4,783.2,758.9,1,0.972,244.5,1,0.863,725.2,1,1.000,0.795,2,2,133,VERDE,196.4,266.3,0.000,1,10.2,,76.8
3007.493035,AVOID_PASS,manteniendo rumbo mientras pasa el pilar 133,25,0.35,643.99,PISTA,OK,8,907.0,1363.5,242.7,784.6,765.5,1,0.972,241.0,1,0.849,729.5,1,1.000,0.774,2,2,133,VERDE,193.6,257.8,0.000,1,20.1,,58.2
3007.592653,AVOID_PASS,manteniendo rumbo mientras pasa el pilar 133,25,0.44,643.90,PISTA,OK,8,899.5,1352.0,239.0,788.2,767.5,1,1.000,239.5,1,0.863,733.0,1,1.000,0.768,2,2,133,VERDE,191.3,252.0,0.000,1,30.0,,79.8
3007.692389,AVOID_PASS,manteniendo rumbo mientras pasa el pilar 133,25,0.49,643.85,PISTA,OK,8,887.5,1340.0,235.3,790.8,775.3,1,0.972,231.0,1,0.822,734.0,1,1.000,0.766,2,2,133,VERDE,196.7,240.0,0.000,1,40.0,,58.3
3007.792270,AVOID_PASS,manteniendo rumbo mientras pasa el pilar 133,25,0.59,643.75,PISTA,OK,8,879.5,1331.5,231.5,793.3,786.4,1,0.972,227.0,1,0.836,738.2,1,1.000,0.773,2,2,133,VERDE,190.6,233.8,0.000,1,50.0,,69.3
3007.892038,AVOID_PASS,manteniendo rumbo mientras pasa el pilar 133,25,0.13,643.68,PISTA,OK,8,870.5,1323.5,227.3,796.9,787.2,1,0.944,227.0,1,0.836,742.0,1,1.000,0.782,2,2,133,VERDE,192.6,223.5,0.000,1,60.0,,58.4
3007.993469,AVOID_PASS,manteniendo rumbo mientras pasa el pilar 133,25,-0.42,643.61,PISTA,OK,8,860.0,1316.0,224.2,800.1,788.4,1,0.972,224.0,1,0.849,745.0,1,1.000,0.776,2,2,133,VERDE,194.3,214.6,0.000,1,70.1,,81.8
3008.093194,AVOID_PASS,manteniendo rumbo mientras pasa el pilar 133,25,-1.02,643.54,PISTA,OK,8,850.5,1306.5,220.8,803.1,790.1,1,1.000,221.5,1,0.822,748.0,1,1.000,0.781,2,2,133,VERDE,192.4,206.3,0.000,1,80.1,,59.4
3008.193256,AVOID_PASS,manteniendo rumbo mientras pasa el pilar 133,25,-1.73,643.49,PISTA,OK,8,843.0,1297.5,217.0,806.9,801.1,1,0.944,214.5,1,0.836,748.8,1,1.000,0.782,2,2,133,VERDE,191.9,197.5,0.000,1,90.1,,80.6
3008.294487,AVOID_PASS,manteniendo rumbo mientras pasa el pilar 133,24,-2.44,643.42,PISTA,OK,8,833.0,1285.5,213.1,809.7,798.3,1,0.972,211.5,1,0.863,754.5,1,1.000,0.761,2,2,133,VERDE,193.1,191.5,0.000,1,100.2,,60.1
3008.394545,AVOID_PASS,manteniendo rumbo mientras pasa el pilar 133,24,-2.95,643.30,PISTA,OK,8,822.5,1277.0,210.1,813.5,805.6,1,0.972,208.5,1,0.849,757.5,1,1.000,0.775,2,2,133,VERDE,194.7,180.2,0.000,1,109.8,,79.1
3008.494346,AVOID_PASS,manteniendo rumbo mientras pasa el pilar 133,24,-3.52,643.21,PISTA,OK,8,812.5,1268.5,206.9,816.2,805.2,1,0.972,203.5,1,0.836,760.5,1,1.000,0.779,2,2,133,VERDE,191.8,174.2,0.000,1,119.4,,60.5
3008.594481,AVOID_PASS,manteniendo rumbo mientras pasa el pilar 133,24,-4.08,643.16,PISTA,OK,8,804.0,1260.5,203.9,819.3,609.9,1,0.944,202.0,1,0.767,762.8,1,1.000,0.806,2,2,133,VERDE,191.9,165.2,0.000,1,129.0,,81.9
3008.693661,AVOID_PASS,manteniendo rumbo mientras pasa el pilar 133,24,-4.65,643.00,PISTA,OK,8,794.5,1250.5,200.5,822.2,626.3,1,0.944,196.5,1,0.808,766.5,1,1.000,0.790,2,2,133,VERDE,189.8,156.7,0.000,1,138.5,,60.7
3008.794099,AVOID_PASS,manteniendo rumbo mientras pasa el pilar 133,24,-5.34,642.87,PISTA,OK,8,784.0,1241.5,196.7,822.4,628.8,1,0.944,196.5,1,0.795,770.5,1,1.000,0.763,2,2,133,VERDE,189.4,147.5,0.100,1,148.2,,81.5
3008.895792,AVOID_PASS,manteniendo rumbo mientras pasa el pilar 133,24,-5.78,642.80,PISTA,OK,8,775.0,1231.0,194.3,820.5,550.5,1,0.944,191.0,1,0.822,773.2,1,1.000,0.687,2,2,133,VERDE,189.2,138.0,0.202,1,157.9,,63.3
3008.994560,AVOID_PASS,manteniendo rumbo mientras pasa el pilar 133,24,-6.39,642.65,PISTA,OK,8,765.0,1224.5,190.9,827.5,655.4,1,0.861,190.8,1,0.712,776.0,1,1.000,0.774,2,2,133,VERDE,188.9,129.0,0.301,1,167.4,,78.8
3009.092029,AVOID_PASS,manteniendo rumbo mientras pasa el pilar 133,24,-7.09,642.54,PISTA,OK,8,757.5,1216.0,187.2,824.4,558.3,1,0.944,185.5,1,0.753,779.5,1,1.000,0.703,2,2,133,VERDE,188.6,120.0,0.398,1,176.8,,59.3
3009.191684,AVOID_PASS,manteniendo rumbo mientras pasa el pilar 133,24,-7.47,642.42,PISTA,OK,8,749.0,1207.0,185.0,812.8,847.4,1,0.889,180.5,1,0.808,782.0,1,1.000,0.583,2,2,133,VERDE,188.6,120.0,0.398,0,186.3,,81.4
3009.290610,AVOID_PASS,manteniendo rumbo mientras pasa el pilar 133,24,-8.18,642.30,PISTA,OK,8,740.5,1199.0,181.3,813.4,567.9,1,0.889,178.0,1,0.753,783.8,1,0.986,0.604,2,2,133,VERDE,188.6,120.0,0.398,0,195.8,,58.0
3009.390531,AVOID_PASS,manteniendo rumbo mientras pasa el pilar 133,24,-8.31,641.99,PISTA,OK,8,726.5,726.5,179.9,817.1,530.6,1,0.861,176.0,1,0.740,787.5,1,1.000,0.624,2,2,133,VERDE,188.6,120.0,0.398,0,205.4,,79.4
3009.489465,AVOID_PASS,manteniendo rumbo mientras pasa el pilar 133,23,-8.81,641.63,PISTA,OK,8,720.0,720.0,176.8,825.0,537.6,1,0.861,176.0,1,0.685,789.0,1,1.000,0.667,2,2,133,VERDE,188.6,120.0,0.398,0,214.9,,57.3
3009.589470,AVOID_PASS,manteniendo rumbo mientras pasa el pilar 133,23,-9.10,641.15,PISTA,OK,8,708.5,708.5,174.4,827.9,475.5,1,0.917,174.0,1,0.726,790.5,1,1.000,0.715,2,2,133,VERDE,188.6,120.0,0.398,0,224.1,,81.6
3009.689867,AVOID_PASS,manteniendo rumbo mientras pasa el pilar 133,23,-9.36,640.91,PISTA,OK,8,702.0,702.0,172.7,828.0,443.2,1,0.833,172.5,1,0.644,792.5,1,1.000,0.697,2,2,133,VERDE,188.6,120.0,0.398,0,233.4,,56.8
3009.789152,AVOID_PASS,manteniendo rumbo mientras pasa el pilar 133,23,-9.57,640.43,PISTA,OK,8,691.0,1152.0,170.8,822.6,452.6,1,0.861,168.5,1,0.658,795.0,1,1.000,0.672,3,2,133,VERDE,188.6,120.0,0.398,0,242.5,,79.4
3009.887676,AVOID_PASS,manteniendo rumbo mientras pasa el pilar 133,23,-9.87,639.84,PISTA,OK,8,681.5,689.0,168.4,820.7,446.9,1,0.861,166.5,1,0.712,796.5,1,1.000,0.649,3,2,133,VERDE,188.6,120.0,0.398,0,251.6,,52.2
3009.989460,AVOID_PASS,manteniendo rumbo mientras pasa el pilar 133,23,-10.16,639.17,PISTA,OK,8,671.0,678.5,166.1,832.9,436.5,1,0.722,164.5,1,0.616,796.2,1,0.986,0.769,2,1,133,VERDE,188.6,120.0,0.398,0,260.9,,83.3
3010.088895,AVOID_PASS,manteniendo rumbo mientras pasa el pilar 133,23,-10.39,638.89,PISTA,OK,8,662.5,1124.5,164.6,831.9,460.8,1,0.806,161.5,1,0.685,798.0,1,1.000,0.771,2,1,133,VERDE,188.6,120.0,0.398,0,270.1,,56.8
3010.188855,AVOID_PASS,manteniendo rumbo mientras pasa el pilar 133,23,-10.37,638.20,PISTA,OK,8,654.0,1115.0,163.7,819.9,380.9,1,0.778,162.0,1,0.685,799.5,1,1.000,0.702,3,1,133,VERDE,188.6,120.0,0.398,0,279.3,,79.1
3010.288534,AVOID_PASS,manteniendo rumbo mientras pasa el pilar 133,23,-10.47,637.51,PISTA,OK,8,646.5,1107.0,162.3,814.9,393.8,1,0.694,160.0,1,0.603,799.5,1,0.986,0.683,3,1,133,VERDE,188.6,120.0,0.398,0,288.4,,57.1
3010.388692,AVOID_PASS,manteniendo rumbo mientras pasa el pilar 133,23,-10.58,636.81,PISTA,OK,8,638.0,1096.5,160.9,816.9,368.6,1,0.722,157.5,1,0.644,800.5,1,0.986,0.723,3,1,133,VERDE,188.6,120.0,0.398,0,297.6,,81.7
3010.487826,AVOID_PASS,manteniendo rumbo mientras pasa el pilar 133,23,-10.90,636.48,PISTA,OK,8,630.5,1089.0,159.3,825.2,370.6,1,0.722,158.5,1,0.644,801.0,1,1.000,0.804,3,1,133,VERDE,188.6,120.0,0.398,0,306.8,,56.6
3010.589369,AVOID_PASS,manteniendo rumbo mientras pasa el pilar 133,23,-10.85,635.74,PISTA,OK,8,622.5,1079.0,158.6,824.0,342.0,1,0.722,154.5,1,0.644,800.2,1,0.986,0.770,4,1,133,VERDE,188.6,120.0,0.398,0,316.1,,80.8
3010.689017,RECENTER,reincorporacion tras 325 mm de sobrepaso estimado,23,-14.85,634.97,PISTA,OK,8,615.5,1069.5,157.6,827.3,332.2,1,0.667,153.2,1,0.534,800.8,1,1.000,0.794,4,1,133,VERDE,188.6,120.0,0.398,0,325.3,,56.5
3010.789431,RECENTER,reincorporando por posicion lateral,22,-18.85,634.59,PISTA,OK,8,605.0,1061.0,157.6,832.1,331.6,1,0.667,152.5,1,0.630,169.0,1,0.973,0.820,4,1,133,VERDE,188.6,120.0,0.398,0,325.3,,82.0
3010.888862,RECENTER,reincorporando por posicion lateral,22,-20.00,634.08,PISTA,OK,8,598.5,1053.0,156.1,826.2,309.2,1,0.722,152.5,1,0.685,157.0,1,0.986,0.785,4,1,133,VERDE,188.6,120.0,0.398,0,325.3,,56.2
3010.990234,RECENTER,reincorporando por posicion lateral,22,-20.00,632.98,PISTA,OK,8,590.0,1044.0,155.9,825.5,315.2,1,0.528,151.5,1,0.575,152.0,1,0.945,0.785,3,0,133,VERDE,188.6,120.0,0.398,0,325.3,,82.0
3011.090043,RECENTER,reincorporando por posicion lateral,22,-20.00,631.54,PISTA,OK,8,585.0,1036.5,156.5,827.7,303.0,1,0.639,152.0,1,0.603,146.5,1,0.986,0.841,4,0,133,VERDE,188.6,120.0,0.398,0,325.3,,55.5
3011.190916,RECENTER,reincorporando por posicion lateral,25,-20.00,630.76,PISTA,OK,8,1027.0,1027.0,157.9,814.0,278.5,1,0.806,153.8,1,0.726,144.5,1,1.000,0.709,4,0,133,VERDE,188.6,120.0,0.398,0,325.3,,82.4
3011.291124,RECENTER,reincorporando por posicion lateral,25,-20.00,629.11,PISTA,OK,8,1019.0,1020.0,158.5,823.7,272.8,1,0.667,154.2,1,0.699,141.5,1,0.945,0.804,4,0,133,VERDE,188.6,120.0,0.398,0,325.3,,59.2
3011.392266,RECENTER,reincorporando por posicion lateral,25,-16.00,627.17,PISTA,OK,8,1005.0,1010.5,184.1,820.7,261.7,1,0.806,160.2,1,0.767,140.0,1,0.959,0.223,5,0,133,VERDE,188.6,120.0,0.398,0,325.3,,82.9
3011.491056,RECENTER,reincorporando por posicion lateral,25,-12.00,626.24,PISTA,OK,8,995.0,1002.5,191.6,816.3,264.6,1,0.750,163.5,1,0.740,136.5,1,0.932,0.222,5,0,133,VERDE,188.6,120.0,0.398,0,325.3,,50.4
3011.592260,RECENTER,reincorporando por posicion lateral,25,-8.00,624.41,PISTA,OK,8,987.5,987.5,211.8,814.1,242.5,1,0.778,164.8,1,0.753,135.0,1,0.973,0.221,6,0,133,VERDE,188.6,120.0,0.398,0,325.3,,80.6
3011.689991,RECENTER,reincorporando por posicion lateral,25,-4.00,622.59,PISTA,OK,8,979.0,979.0,218.5,810.4,244.5,1,0.778,168.0,1,0.781,132.5,1,0.945,0.220,6,0,133,VERDE,188.6,120.0,0.398,0,325.3,,58.2
3011.789777,RECENTER,reincorporando por posicion lateral,25,0.00,620.67,PISTA,OK,8,970.0,970.0,234.3,805.0,239.6,1,0.861,169.5,1,0.822,127.0,1,0.959,0.220,6,0,133,VERDE,188.6,120.0,0.398,0,325.3,,80.6
3011.888652,RECENTER,reincorporando por posicion lateral,25,4.00,618.95,PISTA,OK,8,961.0,961.0,249.1,801.0,232.6,1,0.861,176.5,1,0.753,125.5,1,0.959,0.217,6,0,133,VERDE,188.6,120.0,0.398,0,325.3,,55.0
3011.988496,RECENTER,reincorporando por posicion lateral,25,8.00,618.58,PISTA,OK,8,951.5,951.5,258.8,797.3,231.8,1,0.889,179.0,1,0.740,125.0,1,0.973,0.218,6,0,133,VERDE,188.6,120.0,0.398,0,325.3,,81.4
3012.087049,RECENTER,reincorporando por posicion lateral,25,12.00,617.73,PISTA,OK,8,943.5,943.5,262.4,796.6,232.1,1,0.778,177.5,1,0.781,125.0,1,0.904,0.220,6,0,133,VERDE,188.6,120.0,0.398,0,325.3,,55.4
3012.186942,RECENTER,reincorporando por posicion lateral,25,16.00,617.43,PISTA,OK,8,933.5,933.5,271.5,795.0,232.6,1,0.778,180.8,1,0.753,124.8,1,0.918,0.219,5,0,133,VERDE,188.6,120.0,0.398,0,325.3,,82.1
3012.285651,RECENTER,reincorporando por posicion lateral,25,20.00,617.82,PISTA,OK,8,924.0,924.0,288.2,792.0,234.7,1,0.889,183.2,1,0.808,126.5,1,0.877,0.219,5,0,133,VERDE,188.6,120.0,0.398,0,325.3,,52.1
3012.385577,RECENTER,reincorporando por posicion lateral,25,24.00,618.30,PISTA,OK,8,915.0,915.0,318.7,789.7,233.5,1,0.806,179.5,1,0.740,131.0,1,0.877,0.217,5,0,133,VERDE,188.6,120.0,0.398,0,325.3,,81.2
3012.485110,RECENTER,reincorporando por posicion lateral,25,25.00,619.20,PISTA,OK,8,906.5,906.5,311.1,789.1,228.7,1,0.861,182.0,1,0.658,136.0,1,0.918,0.216,5,0,133,VERDE,188.6,120.0,0.398,0,325.3,,51.1
3012.586355,RECENTER,reincorporando por posicion lateral,25,25.00,620.90,PISTA,OK,8,898.5,898.5,300.0,782.7,232.2,1,0.806,185.2,1,0.671,140.8,1,0.904,0.217,5,0,133,VERDE,188.6,120.0,0.398,0,325.3,,83.4
3012.684187,RECENTER,reincorporando por posicion lateral,25,25.00,621.87,PISTA,OK,8,892.0,892.0,307.3,788.3,243.3,1,0.806,182.5,1,0.575,148.2,1,0.959,0.221,5,0,133,VERDE,188.6,120.0,0.398,0,325.3,,49.3
