t,estado,razon,velocidad,angulo,heading,color_piso,watchdog_pico,esquinas,frontal,frontal_muro,izquierda,derecha,trasera,trasera_valida,cobertura_trasera,trasera_izquierda,trasera_izquierda_valida,cobertura_trasera_izquierda,trasera_derecha,trasera_derecha_valida,cobertura_trasera_derecha,calidad_pared,tracks,tracks_confirmados,track_activo_id,track_activo_color,track_activo_x,track_activo_y,track_activo_edad,track_activo_observado,distancia_sobrepaso,hueco_confianza,vision_edad_ms
4150.900918,CRUISE,crucero centrado por paredes,5,-4.00,-0.06,PISTA,OK,0,695.5,1736.5,418.3,543.9,163.6,1,0.889,414.5,1,0.849,180.5,1,0.945,0.867,2,0,,,,,,0,0.0,,42.1
4150.970063,AVOID_APPROACH,pure-pursuit al punto de paso del pilar 1,10,0.00,-0.06,PISTA,OK,0,694.5,1735.0,418.5,544.1,163.2,1,0.806,414.5,1,0.863,181.5,1,0.904,0.867,2,1,1,VERDE,-92.5,689.8,0.000,1,0.0,,43.2
4151.041573,AVOID_APPROACH,pure-pursuit al punto de paso del pilar 1,15,4.00,-0.03,PISTA,OK,0,694.8,1732.8,418.1,544.5,164.6,1,0.889,413.5,1,0.863,183.8,1,0.904,0.872,2,1,1,VERDE,-92.4,689.3,0.000,1,0.0,,48.5
4151.113180,AVOID_APPROACH,pure-pursuit al punto de paso del pilar 1,20,8.00,-0.10,PISTA,OK,0,691.8,1730.0,418.8,543.6,163.5,1,0.861,414.5,1,0.877,182.5,1,0.904,0.854,3,2,1,VERDE,-99.0,685.8,0.000,1,0.0,,53.9
4151.188192,AVOID_APPROACH,pure-pursuit al punto de paso del pilar 1,23,12.00,-0.37,PISTA,OK,0,690.5,1722.5,420.1,543.9,165.4,1,0.861,416.0,1,0.877,185.0,1,0.918,0.849,3,2,1,VERDE,-106.4,682.0,0.000,1,0.0,,57.7
4151.263942,AVOID_APPROACH,pure-pursuit al punto de paso del pilar 1,23,16.00,-0.86,PISTA,OK,0,683.5,1723.5,421.7,542.8,168.6,1,0.889,415.8,1,0.863,187.0,1,0.945,0.881,3,2,1,VERDE,-108.6,676.4,0.000,1,0.0,,56.2
4151.343353,AVOID_APPROACH,pure-pursuit al punto de paso del pilar 1,23,20.00,-0.88,PISTA,OK,0,677.5,1716.5,421.6,542.7,177.0,1,0.833,416.8,1,0.890,193.5,1,0.904,0.876,3,2,1,VERDE,-108.2,670.8,0.000,1,0.0,,83.4
4151.427013,AVOID_APPROACH,pure-pursuit al punto de paso del pilar 1,23,23.08,-0.51,PISTA,OK,0,670.5,1711.5,421.4,543.2,183.2,1,0.917,415.8,1,0.890,200.5,1,0.973,0.905,3,2,1,VERDE,-103.6,663.2,0.000,1,0.0,,98.0
4151.513862,AVOID_APPROACH,pure-pursuit al punto de paso del pilar 1,23,22.77,-0.13,PISTA,OK,0,663.0,1702.5,420.0,544.1,191.8,1,0.917,414.8,1,0.877,209.5,1,0.945,0.911,3,2,1,VERDE,-96.8,656.9,0.000,1,0.0,,53.9
4151.605068,AVOID_APPROACH,pure-pursuit al punto de paso del pilar 1,23,21.37,1.11,PISTA,OK,0,655.5,1695.0,417.2,545.7,201.1,1,0.889,412.5,1,0.932,216.5,1,0.959,0.942,3,2,1,VERDE,-77.1,654.2,0.000,1,0.0,,71.3
4151.701731,AVOID_APPROACH,pure-pursuit al punto de paso del pilar 1,23,20.37,2.83,PISTA,OK,0,650.0,1689.0,413.2,549.6,206.8,1,0.944,409.5,1,0.959,222.0,1,0.986,0.938,3,2,1,VERDE,-61.7,648.2,0.000,1,0.0,,42.8
4151.800305,AVOID_APPROACH,pure-pursuit al punto de paso del pilar 1,23,18.91,3.67,PISTA,OK,0,645.0,1691.5,409.0,553.9,217.5,1,0.972,406.0,1,0.986,230.0,1,0.986,0.922,3,2,1,VERDE,-41.8,644.6,0.000,1,0.0,,75.5
4151.902873,AVOID_APPROACH,pure-pursuit al punto de paso del pilar 1,23,17.38,5.31,PISTA,OK,0,637.0,1681.5,405.1,558.4,224.0,1,0.972,400.5,1,0.945,235.5,1,0.986,0.935,3,2,1,VERDE,-20.6,637.8,0.000,1,0.0,,43.2
4152.008512,AVOID_APPROACH,pure-pursuit al punto de paso del pilar 1,23,16.61,7.00,PISTA,OK,0,630.0,638.5,401.2,564.8,233.0,1,0.972,396.0,1,0.932,245.0,1,0.986,0.923,3,2,1,VERDE,-9.2,630.9,0.000,1,0.0,,81.5
4152.114756,AVOID_APPROACH,pure-pursuit al punto de paso del pilar 1,23,14.44,8.58,PISTA,OK,0,630.0,1665.5,392.5,570.8,243.5,1,1.000,392.0,1,0.973,256.0,1,1.000,0.795,3,2,1,VERDE,16.4,631.5,0.000,1,0.0,,54.8
4152.221330,AVOID_APPROACH,pure-pursuit al punto de paso del pilar 1,23,13.60,10.30,PISTA,OK,0,623.5,1659.0,388.8,578.2,254.9,1,1.000,387.0,1,0.986,268.0,1,1.000,0.808,3,2,1,VERDE,28.0,624.3,0.000,1,0.0,,86.0
4152.329446,AVOID_APPROACH,pure-pursuit al punto de paso del pilar 1,23,11.46,11.79,PISTA,OK,0,617.5,1656.5,422.8,586.7,266.6,1,0.972,382.0,1,0.986,280.5,1,0.986,0.215,3,2,1,VERDE,54.0,616.6,0.000,1,0.0,,69.0
4152.434038,AVOID_APPROACH,pure-pursuit al punto de paso del pilar 1,22,10.13,13.23,PISTA,OK,0,608.5,1650.5,417.7,595.3,280.0,1,0.972,379.0,1,1.000,294.5,1,0.986,0.216,3,2,1,VERDE,70.7,605.8,0.000,1,0.0,,41.4
4152.538043,AVOID_APPROACH,pure-pursuit al punto de paso del pilar 1,22,8.15,14.80,PISTA,OK,0,602.0,1657.0,415.4,604.0,290.3,1,0.972,377.0,1,1.000,306.0,1,0.986,0.216,3,2,1,VERDE,93.5,596.6,0.000,1,0.0,,78.6
4152.640470,AVOID_APPROACH,pure-pursuit al punto de paso del pilar 1,22,6.49,16.25,PISTA,OK,0,595.0,1673.5,404.5,614.4,300.1,1,1.000,371.5,1,0.986,315.5,1,1.000,0.218,3,2,1,VERDE,112.4,585.9,0.000,1,0.0,,48.6
4152.742683,AVOID_APPROACH,pure-pursuit al punto de paso del pilar 1,22,4.59,16.90,PISTA,OK,0,592.0,1982.5,401.2,623.8,650.6,1,1.000,371.5,1,0.959,586.5,1,1.000,0.219,3,2,1,VERDE,132.8,575.9,0.000,1,0.0,,82.1
4152.842339,AVOID_APPROACH,pure-pursuit al punto de paso del pilar 1,25,3.58,18.07,PISTA,OK,0,1031.0,1975.0,398.2,633.4,645.9,1,1.000,368.5,1,0.973,590.0,1,1.000,0.220,3,2,1,VERDE,143.6,566.2,0.000,1,0.0,,48.5
4152.942458,AVOID_APPROACH,pure-pursuit al punto de paso del pilar 1,25,2.10,19.15,PISTA,OK,0,1022.5,1977.5,396.9,641.4,639.8,1,1.000,366.5,1,0.986,595.0,1,1.000,0.217,3,2,1,VERDE,158.6,556.0,0.000,1,0.0,,78.7
4153.041936,AVOID_APPROACH,pure-pursuit al punto de paso del pilar 1,24,0.64,20.20,PISTA,OK,0,730.0,730.0,394.7,651.1,632.0,1,1.000,363.0,1,0.973,600.0,1,1.000,0.218,3,2,1,VERDE,172.9,546.3,0.000,1,0.0,,46.3
4153.141627,AVOID_APPROACH,pure-pursuit al punto de paso del pilar 1,23,-0.06,20.62,PISTA,OK,0,712.5,712.5,389.1,659.8,630.3,1,1.000,358.5,1,1.000,603.0,1,1.000,0.219,3,2,1,VERDE,179.6,533.6,0.000,1,0.0,,79.7
4153.238594,AVOID_APPROACH,pure-pursuit al punto de paso del pilar 1,23,-1.34,21.33,PISTA,OK,0,697.5,697.5,388.8,668.4,634.0,1,1.000,355.0,1,0.959,611.0,1,1.000,0.220,3,2,1,VERDE,191.2,521.7,0.000,1,0.0,,44.9
4153.337837,AVOID_APPROACH,pure-pursuit al punto de paso del pilar 1,23,-1.79,21.73,PISTA,OK,0,680.5,680.5,382.5,674.9,631.8,1,0.972,350.5,1,0.959,613.2,1,0.986,0.220,3,2,1,VERDE,195.0,512.5,0.000,1,0.0,,76.1
4153.436817,AVOID_APPROACH,pure-pursuit al punto de paso del pilar 1,23,-2.22,22.09,PISTA,OK,0,660.0,660.0,377.6,680.8,638.7,1,1.000,349.0,1,0.973,618.0,1,1.000,0.220,3,2,1,VERDE,198.5,503.6,0.000,1,0.0,,44.8
4153.535752,AVOID_APPROACH,pure-pursuit al punto de paso del pilar 1,23,-2.67,22.35,PISTA,OK,0,658.8,658.8,374.3,685.1,635.0,1,0.972,344.0,1,0.973,620.5,1,0.986,0.220,3,2,1,VERDE,202.1,494.5,0.000,1,0.0,,77.8
4153.634891,AVOID_APPROACH,pure-pursuit al punto de paso del pilar 1,23,-2.83,22.46,PISTA,OK,0,652.5,652.5,368.8,690.9,637.7,1,1.000,342.5,1,0.986,623.8,1,1.000,0.221,3,2,1,VERDE,203.0,485.9,0.000,1,0.0,,40.7
4153.732923,AVOID_APPROACH,pure-pursuit al punto de paso del pilar 1,23,-3.21,22.55,PISTA,OK,0,643.0,643.0,363.8,695.5,640.6,1,1.000,337.5,1,0.959,627.2,1,1.000,0.224,3,2,1,VERDE,205.8,477.8,0.000,1,0.0,,73.9
4153.833340,AVOID_APPROACH,pure-pursuit al punto de paso del pilar 1,23,-3.31,22.68,PISTA,OK,0,630.0,630.0,360.6,700.3,643.2,1,0.972,335.5,1,0.945,631.2,1,0.986,0.226,2,2,1,VERDE,206.1,469.0,0.000,1,0.0,,41.6
4153.931508,AVOID_APPROACH,pure-pursuit al punto de paso del pilar 1,23,-3.55,22.75,PISTA,OK,0,624.0,624.0,337.5,704.6,645.9,1,1.000,331.0,1,1.000,635.5,1,1.000,0.841,2,2,1,VERDE,207.5,459.5,0.000,1,0.0,,73.5
4154.032421,AVOID_APPROACH,pure-pursuit al punto de paso del pilar 1,23,-3.79,22.79,PISTA,OK,0,616.8,616.8,344.6,709.1,647.1,1,1.000,328.5,1,0.945,640.2,1,1.000,0.414,2,2,1,VERDE,208.9,450.9,0.000,1,0.0,,41.4
4154.132280,AVOID_APPROACH,pure-pursuit al punto de paso del pilar 1,22,-4.31,22.81,PISTA,OK,0,606.5,606.5,344.6,712.7,653.3,1,1.000,325.0,1,0.959,642.5,1,1.000,0.287,2,2,1,VERDE,212.5,443.5,0.000,1,0.0,,74.9
4154.232645,AVOID_APPROACH,pure-pursuit al punto de paso del pilar 1,23,-4.16,22.86,PISTA,OK,0,624.0,624.0,334.7,716.7,656.6,1,0.972,316.5,1,0.973,647.0,1,0.986,0.431,2,2,1,VERDE,210.6,434.9,0.000,1,0.0,,38.8
4154.332207,AVOID_APPROACH,pure-pursuit al punto de paso del pilar 1,22,-4.48,22.86,PISTA,OK,0,603.5,603.5,331.3,719.4,659.4,1,1.000,317.5,1,0.932,648.8,1,1.000,0.446,2,2,1,VERDE,212.5,427.3,0.000,1,0.0,,74.9
4154.432591,AVOID_APPROACH,pure-pursuit al punto de paso del pilar 1,22,-4.36,22.80,PISTA,OK,0,587.5,587.5,326.7,723.0,664.3,1,1.000,311.5,1,0.945,651.2,1,1.000,0.453,2,2,1,VERDE,211.1,420.6,0.000,1,0.0,,40.2
4154.531638,AVOID_APPROACH,pure-pursuit al punto de paso del pilar 1,22,-4.22,22.74,PISTA,OK,0,575.5,575.5,323.7,726.9,667.2,1,1.000,310.0,1,0.959,656.0,1,1.000,0.471,2,2,1,VERDE,209.5,414.1,0.000,1,0.0,,72.3
4154.631946,AVOID_APPROACH,pure-pursuit al punto de paso del pilar 1,22,-4.95,22.73,PISTA,OK,0,582.0,582.0,318.4,730.3,669.7,1,1.000,308.8,1,0.959,659.0,1,1.000,0.497,2,2,1,VERDE,214.3,408.0,0.000,1,0.0,,40.2
4154.732763,AVOID_APPROACH,pure-pursuit al punto de paso del pilar 1,22,-4.47,22.64,PISTA,OK,0,571.0,571.0,314.6,733.6,672.1,1,1.000,305.5,1,0.959,661.2,1,1.000,0.515,2,2,1,VERDE,210.2,399.6,0.000,1,0.0,,74.3
4154.832672,AVOID_APPROACH,pure-pursuit al punto de paso del pilar 1,22,-4.60,22.58,PISTA,OK,0,567.0,567.0,311.0,736.0,673.8,1,1.000,304.0,1,0.945,664.2,1,1.000,0.507,2,2,1,VERDE,210.5,391.8,0.000,1,0.0,,40.9
4154.932291,AVOID_APPROACH,pure-pursuit al punto de paso del pilar 1,22,-4.73,22.53,PISTA,OK,0,569.0,569.0,301.9,738.6,684.8,1,1.000,295.5,1,0.973,667.0,1,1.000,0.854,2,2,1,VERDE,211.0,387.0,0.000,1,0.0,,72.1
4155.033300,AVOID_APPROACH,pure-pursuit al punto de paso del pilar 1,22,-4.50,22.45,PISTA,OK,0,572.0,572.0,297.3,742.0,681.1,1,1.000,295.5,1,0.904,671.0,1,1.000,0.846,2,2,1,VERDE,208.6,376.8,0.000,1,0.0,,42.5
4155.133304,AVOID_APPROACH,pure-pursuit al punto de paso del pilar 1,22,-4.89,22.32,PISTA,OK,0,558.5,558.5,293.8,744.6,687.7,1,1.000,289.5,1,0.945,674.5,1,1.000,0.858,2,2,1,VERDE,210.7,370.8,0.000,1,0.0,,74.8
4155.235061,AVOID_APPROACH,pure-pursuit al punto de paso del pilar 1,22,-4.44,22.21,PISTA,OK,0,557.0,557.0,291.1,746.9,687.3,1,1.000,288.0,1,0.945,677.5,1,1.000,0.851,2,2,1,VERDE,207.1,362.6,0.000,1,0.0,,111.0
4155.332827,AVOID_APPROACH,pure-pursuit al punto de paso del pilar 1,22,-4.73,22.13,PISTA,OK,0,551.5,551.5,287.9,749.6,698.3,1,1.000,284.5,1,0.918,680.5,1,1.000,0.866,2,2,1,VERDE,208.5,356.4,0.000,1,0.0,,73.4
4155.434307,AVOID_APPROACH,pure-pursuit al punto de paso del pilar 1,22,-4.43,22.04,PISTA,OK,0,543.0,543.0,284.2,751.6,700.8,1,1.000,283.5,1,0.918,684.0,1,1.000,0.856,2,2,1,VERDE,206.0,348.1,0.000,1,0.0,,40.8
4155.532286,AVOID_APPROACH,pure-pursuit al punto de paso del pilar 1,24,-4.41,21.92,PISTA,OK,0,821.5,821.5,281.1,755.8,702.4,1,1.000,276.5,1,0.959,686.0,1,1.000,0.886,2,2,1,VERDE,205.3,340.6,0.000,1,0.0,,73.5
4155.633675,AVOID_APPROACH,pure-pursuit al punto de paso del pilar 1,24,-4.37,21.79,PISTA,OK,0,809.5,1452.0,277.8,757.5,708.2,1,1.000,272.0,1,0.973,688.2,1,1.000,0.881,3,2,1,VERDE,204.6,334.6,0.000,1,0.0,,41.9
4155.733296,AVOID_APPROACH,pure-pursuit al punto de paso del pilar 1,24,-4.09,21.69,PISTA,OK,0,803.5,803.5,274.3,760.7,705.3,1,0.972,269.5,1,0.890,691.5,1,0.986,0.863,3,2,1,VERDE,202.3,325.9,0.000,1,0.0,,75.2
4155.833100,AVOID_APPROACH,pure-pursuit al punto de paso del pilar 1,24,-4.06,21.62,PISTA,OK,0,793.5,796.0,270.5,762.6,715.9,1,1.000,268.0,1,0.890,695.0,1,1.000,0.846,3,3,1,VERDE,201.6,318.7,0.000,1,0.0,,41.6
4155.932939,AVOID_APPROACH,pure-pursuit al punto de paso del pilar 1,24,-4.03,21.49,PISTA,OK,0,785.5,1426.5,267.4,764.6,721.7,1,1.000,263.5,1,0.836,698.2,1,1.000,0.846,3,3,1,VERDE,200.9,310.3,0.000,1,0.0,,76.0
4156.034263,AVOID_APPROACH,pure-pursuit al punto de paso del pilar 1,24,-3.95,21.38,PISTA,OK,0,773.0,778.5,264.2,766.7,720.4,1,1.000,258.5,1,0.836,700.5,1,1.000,0.832,3,3,1,VERDE,199.9,302.5,0.000,1,0.0,,43.9
4156.134087,AVOID_APPROACH,pure-pursuit al punto de paso del pilar 1,24,-4.27,21.26,PISTA,OK,0,764.5,769.5,260.9,770.0,720.0,1,0.972,256.5,1,0.877,705.0,1,0.986,0.851,3,3,1,VERDE,200.9,293.9,0.000,1,0.0,,74.5
4156.232493,AVOID_APPROACH,pure-pursuit al punto de paso del pilar 1,24,-4.21,21.09,PISTA,OK,0,754.0,1401.0,257.3,772.5,729.5,1,0.972,252.5,1,0.904,706.5,1,0.986,0.850,3,3,1,VERDE,200.1,286.9,0.000,1,0.0,,109.3
4156.333299,AVOID_PASS,manteniendo rumbo mientras pasa el pilar 1,24,-0.21,20.97,PISTA,OK,0,745.0,754.5,253.4,775.5,733.1,1,0.972,247.0,1,0.932,711.0,1,1.000,0.834,3,3,1,VERDE,197.1,280.0,0.000,1,0.0,,76.4
4156.434437,AVOID_PASS,manteniendo rumbo mientras pasa el pilar 1,24,0.02,20.95,PISTA,OK,0,736.0,744.0,250.2,777.7,732.3,1,1.000,247.0,1,0.904,715.0,1,1.000,0.837,3,3,1,VERDE,198.3,270.3,0.000,1,9.7,,111.4
4156.532661,AVOID_PASS,manteniendo rumbo mientras pasa el pilar 1,24,0.24,20.73,PISTA,OK,0,726.0,741.0,246.4,779.9,745.4,1,1.000,245.0,1,0.890,718.0,1,1.000,0.835,3,3,1,VERDE,197.0,263.5,0.000,1,19.1,,75.2
4156.633651,AVOID_PASS,manteniendo rumbo mientras pasa el pilar 1,23,0.34,20.63,PISTA,OK,0,718.5,733.0,243.7,781.9,741.7,1,0.972,242.5,1,0.904,720.2,1,1.000,0.826,3,3,1,VERDE,194.7,255.4,0.000,1,28.8,,43.5
4156.733812,AVOID_PASS,manteniendo rumbo mientras pasa el pilar 1,23,0.43,20.54,PISTA,OK,0,710.0,722.0,239.8,786.2,749.9,1,1.000,237.5,1,0.945,724.0,1,1.000,0.843,3,3,1,VERDE,193.1,247.9,0.000,1,38.0,,71.4
4156.832846,AVOID_PASS,manteniendo rumbo mientras pasa el pilar 1,23,0.50,20.47,PISTA,OK,0,701.5,1351.5,236.3,788.6,754.8,1,0.972,235.5,1,0.836,727.0,1,1.000,0.831,3,3,1,VERDE,196.8,241.0,0.000,1,47.2,,42.7
4156.932619,AVOID_PASS,manteniendo rumbo mientras pasa el pilar 1,23,0.58,20.39,PISTA,OK,0,693.5,714.0,233.5,791.6,761.4,1,0.972,233.0,1,0.795,730.0,1,1.000,0.826,3,3,1,VERDE,193.8,234.2,0.000,1,56.3,,75.4
4157.033779,AVOID_PASS,manteniendo rumbo mientras pasa el pilar 1,23,0.65,20.32,PISTA,OK,0,683.0,701.5,230.4,794.7,761.8,1,0.944,226.5,1,0.781,733.0,1,1.000,0.847,3,3,1,VERDE,194.8,228.3,0.000,1,65.6,,43.1
4157.132336,AVOID_PASS,manteniendo rumbo mientras pasa el pilar 1,23,0.14,20.27,PISTA,OK,0,679.0,692.0,227.2,797.5,759.8,1,0.972,226.8,1,0.822,736.5,1,1.000,0.845,3,3,1,VERDE,192.3,218.0,0.000,1,74.7,,73.0
4157.233035,AVOID_PASS,manteniendo rumbo mientras pasa el pilar 1,23,-0.25,20.17,PISTA,OK,0,670.0,687.5,224.7,801.2,770.0,1,0.972,220.5,1,0.808,738.5,1,1.000,0.873,3,3,1,VERDE,196.3,211.2,0.000,1,84.0,,41.1
4157.331531,AVOID_PASS,manteniendo rumbo mientras pasa el pilar 1,23,-0.82,20.10,PISTA,OK,0,662.0,703.0,221.5,804.2,772.1,1,0.944,221.2,1,0.699,740.5,1,0.986,0.867,3,3,1,VERDE,191.8,204.0,0.000,1,93.0,,74.8
4157.431158,AVOID_PASS,manteniendo rumbo mientras pasa el pilar 1,23,-1.31,20.06,PISTA,OK,0,654.5,671.5,218.9,806.9,776.1,1,1.000,217.5,1,0.849,743.0,1,1.000,0.864,3,3,1,VERDE,193.7,198.1,0.000,1,102.2,,40.6
4157.531045,AVOID_PASS,manteniendo rumbo mientras pasa el pilar 1,23,-1.84,20.00,PISTA,OK,0,646.0,669.0,215.9,809.8,781.9,1,0.944,213.0,1,0.781,747.5,1,1.000,0.842,2,2,1,VERDE,193.7,190.0,0.000,1,111.4,,74.9
4157.630609,AVOID_PASS,manteniendo rumbo mientras pasa el pilar 1,23,-2.44,19.90,PISTA,OK,0,639.5,671.5,212.5,812.4,785.6,1,0.972,211.0,1,0.822,749.5,1,1.000,0.857,2,2,1,VERDE,189.6,184.9,0.000,1,120.6,,39.4
4157.730609,AVOID_PASS,manteniendo rumbo mientras pasa el pilar 1,23,-2.85,19.82,PISTA,OK,0,629.5,653.0,210.1,815.4,787.2,1,0.944,209.0,1,0.822,751.5,1,1.000,0.850,2,2,1,VERDE,191.8,175.6,0.000,1,129.8,,69.4
4157.831234,AVOID_PASS,manteniendo rumbo mientras pasa el pilar 1,23,-3.51,19.76,PISTA,OK,0,623.5,1271.0,206.6,817.6,789.9,1,0.944,205.0,1,0.822,753.8,1,1.000,0.857,2,2,1,VERDE,190.9,167.2,0.000,1,139.0,,41.3
4157.929894,AVOID_PASS,manteniendo rumbo mientras pasa el pilar 1,23,-4.00,19.62,PISTA,OK,0,614.5,1264.5,203.7,820.6,794.4,1,0.917,204.2,1,0.753,757.2,1,1.000,0.859,2,2,1,VERDE,188.9,161.6,0.000,1,148.1,,74.1
4158.030376,AVOID_PASS,manteniendo rumbo mientras pasa el pilar 1,22,-4.58,19.57,PISTA,OK,0,606.0,635.0,200.7,823.2,799.5,1,0.917,199.0,1,0.726,762.0,1,0.986,0.827,2,2,1,VERDE,188.8,152.5,0.100,1,157.3,,39.1
4158.130210,AVOID_PASS,manteniendo rumbo mientras pasa el pilar 1,22,-5.01,19.46,PISTA,OK,0,597.5,636.0,198.2,823.8,562.3,1,0.944,196.5,1,0.740,764.5,1,1.000,0.802,2,2,1,VERDE,188.5,144.1,0.200,1,166.1,,74.1
4158.230346,AVOID_PASS,manteniendo rumbo mientras pasa el pilar 1,22,-5.51,19.42,PISTA,OK,0,591.5,615.5,195.6,828.6,799.9,1,0.917,198.0,1,0.712,768.0,1,0.986,0.857,2,2,1,VERDE,185.8,139.3,0.000,1,174.9,,40.2
4158.329733,AVOID_PASS,manteniendo rumbo mientras pasa el pilar 1,22,-5.94,19.27,PISTA,OK,0,582.5,609.0,193.0,825.1,580.4,1,0.972,192.8,1,0.753,769.5,1,1.000,0.792,2,2,1,VERDE,185.5,131.0,0.099,1,183.7,,70.6
4158.430349,AVOID_PASS,manteniendo rumbo mientras pasa el pilar 1,22,-6.56,19.17,PISTA,OK,0,575.5,1223.0,189.7,831.9,552.9,1,0.972,189.5,1,0.753,773.0,1,1.000,0.819,2,2,1,VERDE,185.2,122.5,0.200,1,192.5,,40.8
4158.528653,AVOID_PASS,manteniendo rumbo mientras pasa el pilar 1,22,-6.96,19.11,PISTA,OK,0,567.5,1218.0,187.7,811.5,548.0,1,0.944,187.0,1,0.753,775.0,1,1.000,0.662,2,2,1,VERDE,185.1,114.0,0.298,1,201.2,,71.1
4158.628963,AVOID_PASS,manteniendo rumbo mientras pasa el pilar 1,22,-7.50,18.96,PISTA,OK,0,559.5,595.5,184.7,811.0,568.7,1,0.917,181.5,1,0.767,776.8,1,1.000,0.646,2,2,1,VERDE,184.8,105.7,0.399,1,210.0,,37.4
4158.729539,AVOID_PASS,manteniendo rumbo mientras pasa el pilar 1,22,-7.75,18.72,PISTA,OK,0,552.0,1200.5,182.8,815.3,534.5,1,0.944,178.0,1,0.726,780.0,1,1.000,0.647,2,2,1,VERDE,184.8,105.7,0.399,0,218.9,,73.9
4158.828918,AVOID_PASS,manteniendo rumbo mientras pasa el pilar 1,22,-8.13,18.44,PISTA,OK,0,544.0,1193.0,180.3,814.0,826.9,1,0.861,176.5,1,0.712,781.5,1,1.000,0.635,2,2,1,VERDE,184.8,105.7,0.399,0,227.6,,39.4
4158.927017,AVOID_PASS,manteniendo rumbo mientras pasa el pilar 1,22,-8.45,18.27,PISTA,OK,0,537.5,1186.5,178.4,822.5,512.3,1,0.917,175.8,1,0.753,783.2,1,1.000,0.680,2,2,1,VERDE,184.8,105.7,0.399,0,236.2,,69.3
4159.026706,AVOID_PASS,manteniendo rumbo mientras pasa el pilar 1,22,-8.67,17.92,PISTA,OK,0,529.0,1178.5,176.6,822.8,472.7,1,0.861,173.5,1,0.671,785.5,1,1.000,0.689,2,2,1,VERDE,184.8,105.7,0.399,0,245.0,,105.0
4159.125958,AVOID_PASS,manteniendo rumbo mientras pasa el pilar 1,22,-9.07,17.52,PISTA,OK,0,521.5,1169.5,173.9,815.4,483.9,1,0.833,170.0,1,0.685,787.8,1,1.000,0.620,2,2,1,VERDE,184.8,105.7,0.399,0,253.7,,68.8
4159.227057,AVOID_PASS,manteniendo rumbo mientras pasa el pilar 1,22,-9.32,17.09,PISTA,OK,0,514.0,1160.5,172.0,817.1,489.5,1,0.861,169.0,1,0.671,790.5,1,1.000,0.659,2,2,1,VERDE,184.8,105.7,0.399,0,262.6,,103.7
4159.326902,AVOID_PASS,manteniendo rumbo mientras pasa el pilar 1,22,-9.40,16.58,PISTA,OK,0,506.0,1151.5,170.6,834.2,466.3,1,0.833,167.5,1,0.630,791.2,1,1.000,0.788,3,2,1,VERDE,184.8,105.7,0.399,0,271.4,,70.7
4159.424768,AVOID_PASS,manteniendo rumbo mientras pasa el pilar 1,22,-9.61,16.32,PISTA,OK,0,496.5,1143.5,169.2,833.7,466.7,1,0.861,169.0,1,0.644,793.2,1,1.000,0.772,3,2,1,VERDE,184.8,105.7,0.399,0,280.0,,102.3
4159.525668,AVOID_PASS,manteniendo rumbo mientras pasa el pilar 1,21,-10.16,15.79,PISTA,OK,0,491.0,1136.0,166.0,818.0,417.4,1,0.861,162.0,1,0.658,795.0,1,1.000,0.682,2,1,1,VERDE,184.8,105.7,0.399,0,288.9,,69.6
4159.625242,AVOID_PASS,manteniendo rumbo mientras pasa el pilar 1,21,-10.26,15.25,PISTA,OK,0,482.0,1127.0,164.8,817.7,395.2,1,0.806,163.2,1,0.699,796.0,1,1.000,0.678,2,1,1,VERDE,184.8,105.7,0.399,0,297.3,,103.5
4159.723679,AVOID_PASS,manteniendo rumbo mientras pasa el pilar 1,21,-10.41,14.68,PISTA,OK,0,476.5,1118.5,163.3,832.6,395.2,1,0.806,162.2,1,0.603,798.0,1,0.986,0.774,2,1,1,VERDE,184.8,105.7,0.399,0,305.6,,66.6
4159.825361,AVOID_PASS,manteniendo rumbo mientras pasa el pilar 1,21,-10.32,14.09,PISTA,OK,0,469.5,1109.5,162.8,819.4,395.9,1,0.778,160.5,1,0.603,798.2,1,0.986,0.714,3,1,1,VERDE,184.8,105.7,0.399,0,314.1,,102.0
4159.924145,RECENTER,reincorporacion tras 322 mm de sobrepaso estimado,21,-14.32,13.81,PISTA,OK,0,463.0,1102.5,161.4,816.3,352.6,1,0.806,156.5,1,0.630,799.0,1,1.000,0.688,3,1,1,VERDE,184.8,105.7,0.399,0,322.4,,68.0
4160.024185,RECENTER,reincorporando por posicion lateral,21,-18.32,13.24,PISTA,OK,0,456.0,1095.5,161.0,817.4,355.7,1,0.722,157.8,1,0.603,799.5,1,0.973,0.706,3,1,1,VERDE,184.8,105.7,0.399,0,322.4,,102.9
4160.125524,RECENTER,reincorporando por posicion lateral,21,-20.00,12.83,PISTA,OK,0,448.0,1089.5,157.8,815.3,358.4,1,0.667,154.0,1,0.575,800.5,1,0.973,0.714,3,1,1,VERDE,184.8,105.7,0.399,0,322.4,,67.4
4160.225843,RECENTER,reincorporando por posicion lateral,25,-20.00,11.90,PISTA,OK,0,1081.0,1081.0,157.8,815.4,356.5,1,0.639,153.0,1,0.548,802.0,1,0.973,0.727,3,1,1,VERDE,184.8,105.7,0.399,0,322.4,,104.1
4160.327045,RECENTER,reincorporando por posicion lateral,25,-20.00,11.38,PISTA,OK,0,1074.0,1074.0,158.0,826.9,330.5,1,0.694,155.2,1,0.685,799.2,1,0.986,0.831,3,1,1,VERDE,184.8,105.7,0.399,0,322.4,,69.4
4160.426278,RECENTER,reincorporando por posicion lateral,25,-20.00,9.64,PISTA,OK,0,1065.5,1065.5,157.6,828.1,309.2,1,0.667,155.0,1,0.603,799.5,1,0.959,0.781,3,1,1,VERDE,184.8,105.7,0.399,0,322.4,,104.8
4160.527313,RECENTER,reincorporando por posicion lateral,25,-16.00,7.90,PISTA,OK,0,1057.0,1058.0,143.3,824.1,299.0,1,0.639,154.0,1,0.616,156.5,1,0.945,0.217,3,1,1,VERDE,184.8,105.7,0.399,0,322.4,,72.4
4160.628865,RECENTER,reincorporando por posicion lateral,25,-12.00,6.03,PISTA,OK,0,1043.5,1043.5,164.9,819.7,285.1,1,0.722,157.5,1,0.685,144.0,1,0.945,0.217,3,1,1,VERDE,184.8,105.7,0.399,0,322.4,,40.1
4160.727797,RECENTER,reincorporando por posicion lateral,25,-8.00,5.07,PISTA,OK,0,1032.0,1032.0,176.9,815.7,291.4,1,0.778,160.0,1,0.767,137.5,1,0.959,0.216,3,1,1,VERDE,184.8,105.7,0.399,0,322.4,,72.2
4160.827142,RECENTER,reincorporando por posicion lateral,25,-4.00,3.10,PISTA,OK,0,1022.0,1022.0,183.0,812.2,255.2,1,0.667,163.8,1,0.767,133.5,1,0.932,0.218,3,1,1,VERDE,184.8,105.7,0.399,0,322.4,,105.8
4160.927909,RECENTER,reincorporando por posicion lateral,25,-0.66,1.26,PISTA,OK,0,1014.5,1014.5,194.0,808.2,251.9,1,0.722,167.0,1,0.781,128.5,1,0.945,0.219,3,1,1,VERDE,184.8,105.7,0.399,0,322.4,,72.7
4161.027309,RECENTER,reincorporando por posicion lateral,25,0.24,-0.55,PISTA,OK,0,1006.0,1006.0,206.6,805.6,252.5,1,0.694,168.5,1,0.767,124.5,1,0.932,0.221,3,1,1,VERDE,184.8,105.7,0.399,0,322.4,,39.3
4161.128579,RECENTER,reincorporando por posicion lateral,25,0.65,-1.37,PISTA,OK,0,997.5,997.5,219.4,803.8,247.4,1,0.861,170.5,1,0.849,125.5,1,0.959,0.221,3,1,1,VERDE,184.8,105.7,0.399,0,322.4,,74.4
4161.224739,RECENTER,reincorporando por posicion lateral,25,0.80,-1.66,PISTA,OK,0,988.0,988.0,226.5,803.4,256.4,1,0.861,171.5,1,0.849,123.0,1,0.973,0.220,4,1,1,VERDE,184.8,105.7,0.399,0,322.4,,100.6
4161.324964,RECENTER,reincorporando por posicion lateral,25,1.11,-2.28,PISTA,OK,0,979.0,979.0,235.7,801.0,234.3,1,0.778,174.0,1,0.740,123.5,1,0.904,0.220,4,1,1,VERDE,184.8,105.7,0.399,0,322.4,,69.4
4161.422821,RECENTER,reincorporando por posicion lateral,25,1.39,-2.85,PISTA,OK,0,970.0,970.0,251.8,797.9,243.3,1,0.694,173.2,1,0.808,122.5,1,0.932,0.218,4,1,1,VERDE,184.8,105.7,0.399,0,322.4,,102.0
4161.522881,RECENTER,reincorporando por posicion lateral,25,1.66,-3.39,PISTA,OK,0,960.5,960.5,257.9,796.4,241.2,1,0.750,174.5,1,0.836,122.5,1,0.918,0.218,4,1,1,VERDE,184.8,105.7,0.399,0,322.4,,66.7
4161.621565,RECENTER,reincorporando por posicion lateral,25,1.91,-3.88,PISTA,OK,0,952.5,952.5,262.8,794.3,249.8,1,0.806,175.5,1,0.767,122.5,1,0.890,0.218,3,1,1,VERDE,184.8,105.7,0.399,0,322.4,,100.4
4161.721399,RECENTER,reincorporando por posicion lateral,25,2.02,-4.11,PISTA,OK,0,943.5,943.5,280.2,793.1,244.2,1,0.750,176.8,1,0.726,123.2,1,0.877,0.217,2,1,1,VERDE,184.8,105.7,0.399,0,322.4,,66.9
4161.821259,RECENTER,reincorporando por posicion lateral,25,2.27,-4.61,PISTA,OK,0,933.5,933.5,283.6,791.0,244.9,1,0.750,179.2,1,0.726,122.2,1,0.890,0.219,2,1,1,VERDE,184.8,105.7,0.399,0,322.4,,100.4
4161.921764,RECENTER,reincorporando por posicion lateral,25,2.49,-5.05,PISTA,OK,0,925.0,925.0,334.6,789.5,244.6,1,0.722,182.5,1,0.685,123.5,1,0.863,0.218,3,1,1,VERDE,184.8,105.7,0.399,0,322.4,,66.0
4162.022360,RECENTER,reincorporando por posicion lateral,25,2.74,-5.55,PISTA,OK,0,915.5,915.5,335.4,786.9,249.1,1,0.750,188.2,1,0.685,126.8,1,0.904,0.217,3,1,1,VERDE,184.8,105.7,0.399,0,322.4,,101.3
4162.122864,RECENTER,reincorporando por posicion lateral,25,2.96,-5.99,PISTA,OK,0,907.0,907.0,349.5,776.7,232.2,1,0.944,192.8,1,0.712,131.0,1,0.945,0.221,3,1,1,VERDE,184.8,105.7,0.399,0,322.4,,64.0
4162.222345,RECENTER,reincorporando por posicion lateral,25,3.13,-6.33,PISTA,OK,0,899.0,899.0,353.5,783.2,244.9,1,0.833,198.5,1,0.712,132.8,1,0.932,0.224,4,1,1,VERDE,184.8,105.7,0.399,0,322.4,,100.8
4162.322048,RECENTER,reincorporando por posicion lateral,25,3.19,-6.45,PISTA,OK,0,890.0,890.0,360.8,781.8,259.9,1,0.750,201.5,1,0.671,137.5,1,0.932,0.223,4,1,1,VERDE,184.8,105.7,0.399,0,322.4,,66.7
4162.421252,RECENTER,reincorporando por posicion lateral,25,3.37,-6.79,PISTA,OK,0,881.0,881.0,371.8,766.4,238.8,1,0.889,207.8,1,0.589,142.5,1,0.932,0.209,4,1,1,VERDE,184.8,105.7,0.399,0,322.4,,101.4
4162.521499,RECENTER,reincorporando por posicion lateral,25,3.52,-7.11,PISTA,OK,0,872.0,872.0,410.7,766.1,237.8,1,0.917,217.2,1,0.685,145.8,1,0.932,0.212,4,1,1,VERDE,184.8,105.7,0.399,0,322.4,,66.1
4162.622959,RECENTER,reincorporando por posicion lateral,25,3.64,-7.35,PISTA,OK,0,864.5,864.5,402.5,768.9,241.2,1,0.694,228.0,1,0.644,149.5,1,0.932,0.221,4,1,1,VERDE,184.8,105.7,0.399,0,322.4,,101.6
4162.722124,RECENTER,reincorporando por posicion lateral,25,3.70,-7.47,PISTA,OK,0,854.5,854.5,415.9,771.9,232.2,1,0.861,229.8,1,0.685,157.2,1,0.890,0.225,4,1,1,VERDE,184.8,105.7,0.399,0,322.4,,66.8
4162.822170,RECENTER,reincorporando por posicion lateral,25,3.81,-7.69,PISTA,OK,0,846.5,846.5,397.6,772.8,247.1,1,0.778,235.8,1,0.616,159.0,1,0.932,0.198,3,1,1,VERDE,184.8,105.7,0.399,0,322.4,,101.3
4162.923041,RECENTER,reincorporando por posicion lateral,24,-0.19,-7.93,PISTA,OK,0,837.5,837.5,639.6,774.5,246.2,1,0.667,238.8,1,0.685,165.2,1,0.863,0.575,3,1,1,VERDE,184.8,105.7,0.399,0,322.4,,69.2
4163.023425,RECENTER,reincorporando por posicion lateral,24,-4.19,-8.14,PISTA,OK,0,829.0,829.0,268.5,776.2,250.4,1,0.778,247.8,1,0.699,170.5,1,0.877,0.788,3,1,1,VERDE,184.8,105.7,0.399,0,322.4,,103.6
4163.122516,RECENTER,reincorporando por posicion lateral,24,-8.19,-8.20,PISTA,OK,0,820.5,820.5,264.5,776.3,248.4,1,0.861,253.5,1,0.699,177.5,1,0.945,0.794,3,1,1,VERDE,184.8,105.7,0.399,0,322.4,,68.1
4163.222580,RECENTER,reincorporando por posicion lateral,24,-12.19,-8.35,PISTA,OK,0,810.5,810.5,260.0,775.6,245.3,1,0.750,257.5,1,0.644,184.5,1,0.904,0.801,3,1,1,VERDE,184.8,105.7,0.399,0,322.4,,101.3
4163.322024,RECENTER,reincorporando por posicion lateral,24,-16.19,-8.59,PISTA,OK,0,802.5,802.5,256.0,775.6,183.9,1,0.806,265.8,1,0.726,188.2,1,0.918,0.808,3,1,1,VERDE,184.8,105.7,0.399,0,322.4,,67.5
4163.421861,RECENTER,reincorporando por posicion lateral,24,-12.19,-8.84,AZUL,OK,0,794.5,794.5,6011.2,774.6,184.9,1,0.750,271.0,1,0.726,194.5,1,0.918,0.186,3,1,1,VERDE,184.8,105.7,0.399,0,322.4,,101.3
4163.523018,RECENTER,reincorporando por posicion lateral,24,-8.19,-9.86,PISTA,OK,0,787.5,787.5,5438.6,774.3,191.3,1,0.806,274.8,1,0.795,201.5,1,0.932,0.187,3,1,1,VERDE,184.8,105.7,0.399,0,322.4,,66.0
4163.622929,RECENTER,reincorporando por posicion lateral,24,-4.19,-11.07,PISTA,OK,0,781.0,781.0,3956.8,773.6,191.7,1,0.806,275.0,1,0.685,206.2,1,0.959,0.187,3,1,1,VERDE,184.8,105.7,0.399,0,322.4,,103.1
4163.722802,RECENTER,reincorporando por posicion lateral,24,-0.19,-11.82,PISTA,OK,0,776.0,776.0,3581.1,773.5,197.0,1,0.861,284.5,1,0.726,210.0,1,0.932,0.188,3,1,1,VERDE,184.8,105.7,0.399,0,322.4,,68.9
4163.822799,RECENTER,reincorporando por posicion lateral,24,-4.19,-13.02,PISTA,OK,0,772.0,772.0,766.1,773.9,200.7,1,0.861,307.0,1,0.740,214.0,1,0.945,0.396,3,1,1,VERDE,184.8,105.7,0.399,0,322.4,,102.7
4163.922323,CRUISE,reincorporacion verificada,24,-0.19,-14.13,PISTA,OK,0,762.5,762.5,776.0,773.1,206.0,1,0.806,299.0,1,0.753,221.0,1,0.945,0.251,3,1,,,,,,0,322.4,,68.2
4164.023063,CRUISE,crucero centrado por paredes,24,-4.19,-14.69,PISTA,OK,0,756.5,756.5,796.2,771.7,203.6,1,0.861,308.5,1,0.781,227.8,1,0.973,0.333,2,1,,,,,,0,322.4,,102.9
4164.123743,CRUISE,crucero centrado por paredes,24,-0.19,-15.20,PISTA,OK,0,751.5,751.5,3157.6,770.0,204.0,1,0.778,312.2,1,0.767,234.0,1,0.932,0.187,2,1,,,,,,0,322.4,,68.8
4164.222984,CRUISE,crucero centrado por paredes,24,3.81,-15.50,PISTA,OK,0,742.5,742.5,2624.8,768.7,210.2,1,0.806,256.5,1,0.753,238.5,1,0.945,0.189,2,1,,,,,,0,322.4,,101.0
4164.322552,CRUISE,crucero centrado por paredes,24,7.81,-16.12,PISTA,OK,0,736.5,736.5,2393.1,767.8,203.8,1,0.806,254.5,1,0.753,248.5,1,0.932,0.189,2,1,,,,,,0,322.4,,68.1
4164.422160,CRUISE,crucero centrado por paredes,24,8.40,-16.87,PISTA,OK,0,733.5,733.5,808.1,766.9,207.2,1,0.917,254.5,1,0.808,253.0,1,0.945,0.221,2,1,,,,,,0,322.4,,102.1
4164.522069,CRUISE,crucero centrado por paredes,23,4.40,-16.93,PISTA,OK,0,723.5,723.5,763.2,764.9,215.0,1,0.833,255.5,1,0.836,260.8,1,0.932,0.435,2,1,,,,,,0,322.4,,66.9
4164.624978,CRUISE,crucero centrado por paredes,23,8.33,-16.72,PISTA,OK,0,712.0,712.0,804.2,762.0,222.0,1,0.889,255.0,1,0.808,265.2,1,0.959,0.256,2,1,,,,,,0,322.4,,37.3
4164.722348,CRUISE,crucero centrado por paredes,23,4.33,-16.60,PISTA,OK,0,702.5,702.5,780.6,758.6,230.6,1,0.889,255.0,1,0.849,275.0,1,0.932,0.366,2,1,,,,,,0,322.4,,68.3
4164.820799,CRUISE,crucero centrado por paredes,23,5.93,-16.39,PISTA,OK,0,695.0,695.0,775.1,757.2,235.1,1,0.889,254.0,1,0.781,283.0,1,0.945,0.374,1,1,,,,,,0,322.4,,100.8
4164.920667,TURN,giro de esquina por IMU y reapertura frontal,23,25.00,-16.21,PISTA,OK,0,688.5,688.5,805.5,754.2,243.7,1,0.889,253.5,1,0.808,287.0,1,0.918,0.249,1,1,,,,,,0,322.4,,63.4
4165.022147,TURN,giro de esquina por IMU y reapertura frontal,23,25.00,-16.51,PISTA,OK,0,681.0,681.0,848.0,752.0,248.6,1,0.861,255.5,1,0.849,296.0,1,0.890,0.198,1,1,,,,,,0,322.4,,102.3
4165.121076,TURN,giro de esquina por IMU y reapertura frontal,23,25.00,-16.78,PISTA,OK,0,673.0,673.0,794.5,751.3,254.3,1,0.861,257.5,1,0.836,303.0,1,0.932,0.242,1,1,,,,,,0,322.4,,65.2
4165.220863,TURN,giro de esquina por IMU y reapertura frontal,23,25.00,-14.98,PISTA,OK,0,662.0,662.0,796.0,746.6,263.4,1,0.889,255.0,1,0.822,311.5,1,0.890,0.338,1,1,,,,,,0,322.4,,101.2
4165.321207,TURN,giro de esquina por IMU y reapertura frontal,23,25.00,-13.15,PISTA,OK,0,650.0,650.0,853.5,743.7,274.4,1,0.917,252.0,1,0.836,319.0,1,0.945,0.200,1,1,,,,,,0,322.4,,68.0
4165.421432,TURN,giro de esquina por IMU y reapertura frontal,23,25.00,-11.41,PISTA,OK,0,643.0,643.0,837.5,740.1,285.4,1,0.806,249.5,1,0.849,328.0,1,0.890,0.200,1,1,,,,,,0,322.4,,102.5
4165.522096,TURN,giro de esquina por IMU y reapertura frontal,23,25.00,-10.64,PISTA,OK,0,633.0,633.0,800.8,738.1,295.3,1,0.861,247.0,1,0.863,333.0,1,0.918,0.200,1,1,,,,,,0,322.4,,68.0
4165.621150,TURN,giro de esquina por IMU y reapertura frontal,23,25.00,-8.81,PISTA,OK,0,625.5,625.5,774.2,736.8,306.6,1,0.861,245.0,1,0.836,340.0,1,0.945,0.370,1,1,,,,,,0,322.4,,100.9
4165.720707,TURN,giro de esquina por IMU y reapertura frontal,23,25.00,-7.06,PISTA,OK,0,618.0,618.0,702.5,736.3,315.7,1,0.833,241.5,1,0.836,348.0,1,0.932,0.210,3,1,,,,,,0,322.4,,67.5
4165.820501,TURN,giro de esquina por IMU y reapertura frontal,23,25.00,-5.31,PISTA,OK,0,612.5,612.5,778.2,736.5,328.5,1,0.722,238.5,1,0.822,354.5,1,0.918,0.674,3,1,,,,,,0,322.4,,101.6
4165.921043,TURN,giro de esquina por IMU y reapertura frontal,22,25.00,-4.52,PISTA,OK,0,605.5,605.5,736.2,736.9,334.9,1,0.861,234.5,1,0.836,362.5,1,0.945,0.354,3,1,,,,,,0,322.4,,68.0
4166.020151,TURN,giro de esquina por IMU y reapertura frontal,22,25.00,-2.59,PISTA,OK,0,600.0,600.0,725.2,738.0,343.0,1,0.833,233.0,1,0.808,368.5,1,0.973,0.360,3,1,,,,,,0,322.4,,101.5
4166.120928,TURN,giro de esquina por IMU y reapertura frontal,22,25.00,-0.91,PISTA,OK,0,594.0,594.0,648.8,740.2,358.4,1,0.806,228.5,1,0.863,379.5,1,0.945,0.210,4,1,,,,,,0,322.4,,66.0
4166.220864,TURN,giro de esquina por IMU y reapertura frontal,22,25.00,0.84,PISTA,OK,0,587.0,587.0,665.5,742.5,366.4,1,0.861,225.5,1,0.890,389.0,1,0.945,0.211,4,1,,,,,,0,322.4,,100.6
4166.320417,TURN,giro de esquina por IMU y reapertura frontal,22,25.00,1.66,PISTA,OK,0,581.0,581.0,736.4,745.4,375.4,1,0.750,223.2,1,0.849,398.0,1,0.932,0.234,4,1,,,,,,0,322.4,,66.5
4166.420393,TURN,giro de esquina por IMU y reapertura frontal,22,25.00,3.23,PISTA,OK,0,577.0,577.0,646.5,748.6,376.5,1,0.778,219.0,1,0.863,405.0,1,0.945,0.212,4,1,,,,,,0,322.4,,101.2
4166.520626,TURN,giro de esquina por IMU y reapertura frontal,22,25.00,4.85,PISTA,OK,0,571.5,571.5,646.7,753.3,377.8,1,0.667,217.0,1,0.808,737.2,1,0.932,0.211,4,1,,,,,,0,322.4,,68.0
4166.619536,TURN,giro de esquina por IMU y reapertura frontal,22,25.00,6.65,PISTA,OK,0,568.0,568.0,623.5,757.7,379.9,1,0.667,213.5,1,0.822,740.8,1,0.932,0.208,4,1,,,,,,0,322.4,,101.1
4166.721015,TURN,giro de esquina por IMU y reapertura frontal,22,25.00,7.46,PISTA,OK,0,561.0,561.0,596.6,755.1,378.7,1,0.694,212.0,1,0.836,745.5,1,0.945,0.209,4,1,,,,,,0,322.4,,67.6
4166.819760,TURN,giro de esquina por IMU y reapertura frontal,22,25.00,9.03,PISTA,OK,0,557.5,557.5,591.0,766.0,380.3,1,0.722,208.0,1,0.836,750.0,1,0.973,0.211,4,1,,,,,,0,322.4,,101.0
4166.920778,TURN,giro de esquina por IMU y reapertura frontal,22,25.00,10.64,PISTA,OK,0,552.0,552.0,570.1,776.3,378.4,1,0.639,204.0,1,0.822,756.0,1,0.959,0.210,4,1,,,,,,0,322.4,,67.3
4167.018885,TURN,giro de esquina por IMU y reapertura frontal,22,25.00,12.38,PISTA,OK,0,546.5,546.5,618.6,783.3,440.2,1,0.667,201.0,1,0.808,760.0,1,0.986,0.213,4,1,,,,,,0,322.4,,100.0
4167.119332,TURN,giro de esquina por IMU y reapertura frontal,22,25.00,14.09,PISTA,OK,0,542.0,542.0,569.5,784.5,439.8,1,0.667,199.0,1,0.781,765.5,1,1.000,0.209,4,1,,,,,,0,322.4,,66.8
4167.219900,TURN,giro de esquina por IMU y reapertura frontal,22,25.00,14.88,PISTA,OK,0,537.0,537.0,604.5,784.6,441.9,1,0.750,194.5,1,0.822,770.0,1,0.986,0.212,4,1,,,,,,0,322.4,,101.5
4167.319846,TURN,giro de esquina por IMU y reapertura frontal,22,25.00,16.66,PISTA,OK,0,533.0,533.0,536.4,792.7,456.3,1,0.694,192.0,1,0.795,775.5,1,1.000,0.193,4,1,,,,,,0,322.4,,66.2
4167.417845,TURN,giro de esquina por IMU y reapertura frontal,22,25.00,18.33,NARANJA,OK,0,529.5,529.5,617.6,798.0,501.7,1,0.722,188.0,1,0.795,782.0,1,1.000,0.205,4,1,,,,,,0,322.4,,99.4
4167.518651,TURN,giro de esquina por IMU y reapertura frontal,22,25.00,20.18,NARANJA,OK,0,524.5,524.5,811.5,798.8,535.1,1,0.722,186.5,1,0.808,788.0,1,1.000,0.733,3,1,,,,,,0,322.4,,65.4
4167.619430,TURN,giro de esquina por IMU y reapertura frontal,22,25.00,21.15,NARANJA,OK,0,521.0,521.0,826.5,791.7,605.5,1,0.778,183.5,1,0.795,793.0,1,1.000,0.703,3,1,,,,,,0,322.4,,101.1
4167.718321,TURN,giro de esquina por IMU y reapertura frontal,22,25.00,22.82,PISTA,OK,0,518.2,518.2,852.5,787.3,811.0,1,0.806,181.8,1,0.822,799.2,1,1.000,0.683,3,1,,,,,,0,322.4,,66.4
4167.818186,TURN,giro de esquina por IMU y reapertura frontal,22,25.00,24.57,PISTA,OK,0,517.0,517.0,202.5,776.9,679.8,1,0.861,177.5,1,0.836,806.0,1,1.000,0.181,3,1,,,,,,0,322.4,,87.1
4167.918278,TURN,giro de esquina por IMU y reapertura frontal,22,25.00,26.31,PISTA,OK,0,516.5,516.5,227.5,765.4,798.7,1,0.861,175.0,1,0.836,812.0,1,1.000,0.643,3,1,,,,,,0,322.4,,64.8
4168.018508,TURN,giro de esquina por IMU y reapertura frontal,22,25.00,27.14,PISTA,OK,0,516.0,516.0,197.8,749.2,791.7,1,0.861,174.0,1,0.822,819.2,1,1.000,0.177,4,1,,,,,,0,322.4,,95.1
4168.118237,TURN,giro de esquina por IMU y reapertura frontal,22,25.00,28.89,PISTA,OK,0,515.8,515.8,197.6,743.1,786.0,1,0.972,172.5,1,0.890,823.5,1,1.000,0.174,4,1,,,,,,0,322.4,,65.9
4168.218654,TURN,giro de esquina por IMU y reapertura frontal,22,25.00,30.48,PISTA,OK,0,517.2,517.2,194.2,732.1,783.9,1,0.972,167.5,1,0.877,830.5,1,1.000,0.172,4,1,,,,,,0,322.4,,95.2
4168.318225,TURN,giro de esquina por IMU y reapertura frontal,22,25.00,32.21,PISTA,OK,0,519.8,519.8,188.7,704.1,777.8,1,0.972,166.0,1,0.877,835.2,1,1.000,0.173,4,1,,,,,,0,322.4,,65.0
4168.416575,TURN,giro de esquina por IMU y reapertura frontal,22,25.00,33.86,PISTA,OK,0,523.5,523.5,191.6,693.9,773.3,1,0.972,162.5,1,0.877,842.5,1,1.000,0.171,5,1,,,,,,0,322.4,,85.2
4168.517828,TURN,giro de esquina por IMU y reapertura frontal,22,25.00,34.62,PISTA,OK,0,526.5,526.5,185.1,676.9,768.8,1,0.944,161.0,1,0.836,847.2,1,1.000,0.322,4,0,,,,,,0,322.4,,66.5
4168.617392,TURN,giro de esquina por IMU y reapertura frontal,22,25.00,36.22,PISTA,OK,0,529.5,529.5,181.4,678.7,765.1,1,0.972,159.5,1,0.877,854.0,1,1.000,0.395,4,0,,,,,,0,322.4,,86.4
4168.717868,TURN,giro de esquina por IMU y reapertura frontal,22,25.00,37.91,PISTA,OK,0,534.5,534.5,180.3,657.6,762.6,1,0.917,158.0,1,0.877,860.2,1,1.000,0.457,4,0,,,,,,0,322.4,,64.8
4168.816985,TURN,giro de esquina por IMU y reapertura frontal,22,25.00,39.69,PISTA,OK,0,538.5,538.5,173.8,651.2,758.1,1,1.000,154.5,1,0.904,838.5,1,1.000,0.636,4,0,,,,,,0,322.4,,99.3
4168.917073,TURN,giro de esquina por IMU y reapertura frontal,22,25.00,41.44,PISTA,OK,0,539.0,539.0,783.6,635.2,754.4,1,1.000,151.0,1,0.890,836.0,1,0.986,0.187,4,0,,,,,,0,322.4,,64.4
4169.016636,TURN,giro de esquina por IMU y reapertura frontal,22,25.00,42.34,PISTA,OK,0,554.0,554.0,765.0,622.6,754.4,1,0.944,149.5,1,0.890,787.5,1,1.000,0.190,4,0,,,,,,0,322.4,,86.6
4169.117475,TURN,giro de esquina por IMU y reapertura frontal,22,25.00,44.13,PISTA,OK,0,557.5,557.5,738.5,620.1,553.5,1,0.944,148.0,1,0.904,752.5,1,0.986,0.204,4,0,,,,,,0,322.4,,65.8
4169.217182,TURN,giro de esquina por IMU y reapertura frontal,22,25.00,45.97,PISTA,OK,0,568.5,568.5,726.4,615.9,537.3,1,0.972,144.5,1,0.904,728.0,1,0.986,0.195,4,0,,,,,,0,322.4,,86.6
4169.316635,TURN,giro de esquina por IMU y reapertura frontal,22,25.00,47.67,PISTA,OK,0,573.5,573.5,708.9,614.0,538.3,1,0.944,144.5,1,0.932,702.0,1,1.000,0.197,4,0,,,,,,0,322.4,,65.5
4169.416346,TURN,giro de esquina por IMU y reapertura frontal,22,25.00,49.25,PISTA,OK,0,579.0,579.0,687.8,600.5,538.9,1,0.944,143.2,1,0.904,676.0,1,1.000,0.208,4,0,,,,,,0,322.4,,81.6
4169.516485,TURN,giro de esquina por IMU y reapertura frontal,22,25.00,49.99,PISTA,OK,0,598.0,598.0,674.9,595.7,539.9,1,0.972,141.2,1,0.918,660.0,1,1.000,0.360,4,0,,,,,,0,322.4,,64.8
4169.615717,TURN,giro de esquina por IMU y reapertura frontal,23,25.00,51.65,PISTA,OK,0,610.5,610.5,661.1,587.5,541.0,1,0.889,139.2,1,0.849,646.5,1,1.000,0.533,5,0,,,,,,0,322.4,,85.7
4169.715069,TURN,giro de esquina por IMU y reapertura frontal,23,25.00,53.35,PISTA,OK,0,614.5,614.5,652.9,586.5,538.5,1,0.972,138.5,1,0.932,622.5,1,1.000,0.704,5,0,,,,,,0,322.4,,63.6
4169.814883,TURN,giro de esquina por IMU y reapertura frontal,23,25.00,55.21,PISTA,OK,0,626.5,626.5,637.5,581.4,540.8,1,0.917,136.0,1,0.904,610.0,1,1.000,0.803,5,0,,,,,,0,322.4,,82.2
4169.914428,TURN,giro de esquina por IMU y reapertura frontal,23,25.00,56.89,PISTA,OK,0,645.0,645.0,621.6,576.0,539.9,1,0.861,134.0,1,0.863,603.0,1,0.986,0.888,5,0,,,,,,0,322.4,,57.8
4170.014577,TURN,giro de esquina por IMU y reapertura frontal,23,25.00,57.71,PISTA,OK,0,664.5,664.5,612.2,566.3,539.3,1,0.889,133.8,1,0.890,580.5,1,0.986,0.838,5,0,,,,,,0,322.4,,82.0
4170.115666,TURN,giro de esquina por IMU y reapertura frontal,23,25.00,59.50,PISTA,OK,0,686.0,686.0,602.0,557.2,534.6,1,0.944,131.0,1,0.904,576.5,1,1.000,0.834,4,0,,,,,,0,322.4,,64.5
4170.214420,TURN,giro de esquina por IMU y reapertura frontal,23,25.00,61.19,PISTA,OK,0,708.0,708.0,597.6,547.4,536.4,1,0.917,130.5,1,0.945,561.5,1,1.000,0.744,4,0,,,,,,0,322.4,,83.7
4170.314673,TURN,giro de esquina por IMU y reapertura frontal,24,25.00,62.99,PISTA,OK,0,730.0,730.0,586.4,539.1,534.0,1,0.917,128.0,1,0.918,549.5,1,1.000,0.746,4,0,,,,,,0,322.4,,60.2
4170.415335,TURN,giro de esquina por IMU y reapertura frontal,24,25.00,64.79,PISTA,OK,0,753.5,753.5,572.2,531.2,534.8,1,0.917,125.5,1,0.890,536.0,1,1.000,0.782,4,0,,,,,,0,322.4,,83.1
4170.514280,TURN,giro de esquina por IMU y reapertura frontal,24,25.00,65.62,PISTA,OK,0,802.0,802.0,559.3,524.2,532.6,1,0.972,125.5,1,0.918,532.0,1,0.973,0.844,4,0,,,,,,0,322.4,,61.9
4170.614573,CRUISE,esquina 1 verificada,24,21.00,67.52,PISTA,OK,1,830.0,830.0,553.6,517.3,529.7,1,0.944,123.0,1,0.890,521.0,1,0.986,0.746,5,1,,,,,,0,322.4,,80.7
4170.712990,AVOID_APPROACH,pure-pursuit al punto de paso del pilar 11,25,17.00,69.44,PISTA,OK,1,860.5,860.5,539.5,511.4,524.2,1,1.000,125.5,1,0.904,514.5,1,1.000,0.803,5,1,11,ROJO,-290.0,837.4,0.000,1,322.4,,60.4
4170.812871,AVOID_APPROACH,pure-pursuit al punto de paso del pilar 11,25,13.00,71.48,PISTA,OK,1,940.5,940.5,527.6,506.0,519.0,1,1.000,124.5,1,0.904,506.0,1,0.986,0.842,5,1,11,ROJO,-253.8,840.8,0.000,1,322.4,,81.2
4170.914864,AVOID_APPROACH,pure-pursuit al punto de paso del pilar 11,25,9.00,73.50,PISTA,OK,1,984.0,984.0,515.2,501.1,518.1,1,0.972,124.0,1,0.932,498.0,1,0.986,0.842,4,1,11,ROJO,-220.0,841.3,0.000,1,322.4,,60.8
4171.014417,AVOID_APPROACH,pure-pursuit al punto de paso del pilar 11,25,5.00,74.46,PISTA,OK,1,1068.5,1068.5,505.9,497.5,524.9,1,0.972,122.5,1,0.945,491.0,1,1.000,0.853,4,1,11,ROJO,-181.9,840.8,0.000,1,322.4,,82.9
4171.111564,AVOID_APPROACH,pure-pursuit al punto de paso del pilar 11,25,1.00,76.79,PISTA,OK,1,850.0,1150.5,497.7,495.6,535.3,1,1.000,121.5,1,0.932,488.0,1,0.973,0.878,4,1,11,ROJO,-148.9,836.1,0.000,1,322.4,,59.6
4171.215274,AVOID_APPROACH,pure-pursuit al punto de paso del pilar 11,24,-3.00,78.69,PISTA,OK,1,834.5,1283.0,492.5,493.9,947.6,1,0.972,122.2,1,0.959,484.5,1,1.000,0.897,4,1,11,ROJO,-123.5,829.7,0.000,1,322.4,,82.4
4171.313166,AVOID_APPROACH,pure-pursuit al punto de paso del pilar 11,24,-4.94,79.62,PISTA,OK,1,828.5,1358.5,490.4,492.9,960.0,1,0.972,126.0,1,0.959,484.0,1,0.973,0.920,4,1,11,ROJO,-108.0,822.7,0.000,1,322.4,,60.0
4171.413891,AVOID_APPROACH,pure-pursuit al punto de paso del pilar 11,24,-5.22,80.15,PISTA,OK,1,815.5,1432.5,489.8,491.9,960.5,1,0.944,127.5,1,0.918,480.5,1,0.986,0.924,4,1,11,ROJO,-104.8,813.2,0.000,1,322.4,,81.7
4171.514421,AVOID_APPROACH,pure-pursuit al punto de paso del pilar 11,24,-5.25,80.16,PISTA,OK,1,806.5,1622.0,491.2,490.9,131.3,1,0.972,133.5,1,0.973,480.5,1,0.986,0.942,3,1,11,ROJO,-105.1,803.8,0.000,1,322.4,,62.5
4171.614323,AVOID_APPROACH,pure-pursuit al punto de paso del pilar 11,24,-5.32,80.09,PISTA,OK,1,797.5,1354.0,493.0,489.3,561.5,1,0.917,141.0,1,0.932,478.5,1,1.000,0.950,3,1,11,ROJO,-105.1,794.5,0.000,1,322.4,,78.4
4171.716491,AVOID_APPROACH,pure-pursuit al punto de paso del pilar 11,24,-5.22,79.98,PISTA,OK,1,787.5,1559.0,494.5,488.0,137.6,1,0.972,145.0,1,0.973,480.0,1,0.986,0.957,3,1,11,ROJO,-107.3,785.0,0.000,1,322.4,,64.9
4171.816453,AVOID_APPROACH,pure-pursuit al punto de paso del pilar 11,24,-5.20,79.80,PISTA,OK,1,782.5,1581.0,493.5,486.3,140.5,1,0.972,148.0,1,0.959,478.0,1,0.973,0.792,3,1,11,ROJO,-108.3,776.4,0.000,1,322.4,,94.8
4171.917964,AVOID_APPROACH,pure-pursuit al punto de paso del pilar 11,24,-5.13,79.67,PISTA,OK,1,774.5,1337.5,493.6,484.7,143.4,1,1.000,155.0,1,0.986,475.0,1,0.986,0.739,3,1,11,ROJO,-110.0,767.8,0.000,1,322.4,,67.6
4172.016181,AVOID_APPROACH,pure-pursuit al punto de paso del pilar 11,24,-4.81,79.60,PISTA,OK,1,764.0,1367.0,496.2,483.0,143.4,1,0.972,161.5,1,0.959,471.5,1,0.986,0.745,3,1,11,ROJO,-115.4,755.3,0.000,1,322.4,,99.4
4172.116497,AVOID_APPROACH,pure-pursuit al punto de paso del pilar 11,24,-4.92,79.38,PISTA,OK,1,756.0,1293.5,497.9,481.4,144.2,1,1.000,169.0,1,0.959,470.0,1,0.973,0.736,3,1,11,ROJO,-114.5,748.2,0.000,1,322.4,,65.7
4172.216899,AVOID_APPROACH,pure-pursuit al punto de paso del pilar 11,24,-5.05,79.22,PISTA,OK,1,748.5,1272.0,500.8,480.1,145.0,1,1.000,175.2,1,0.959,468.8,1,0.959,0.768,3,1,11,ROJO,-113.5,741.1,0.000,1,322.4,,85.6
4172.318081,AVOID_APPROACH,pure-pursuit al punto de paso del pilar 11,24,-4.57,79.02,PISTA,OK,1,739.0,1262.2,502.9,478.7,148.5,1,0.972,181.2,1,0.918,468.0,1,0.986,0.763,3,1,11,ROJO,-120.7,729.0,0.000,1,322.4,,67.6
4172.416481,AVOID_APPROACH,pure-pursuit al punto de paso del pilar 11,24,-4.77,78.84,PISTA,OK,1,731.0,1285.0,504.1,476.8,156.5,1,0.972,187.2,1,0.945,466.5,1,0.986,0.744,3,1,11,ROJO,-118.7,722.6,0.000,1,322.4,,100.2
4172.516877,AVOID_APPROACH,pure-pursuit al punto de paso del pilar 11,23,-4.27,78.72,PISTA,OK,1,723.0,1304.0,506.8,474.9,165.9,1,0.972,197.8,1,0.932,465.0,1,0.973,0.754,3,1,11,ROJO,-126.0,710.6,0.000,1,322.4,,65.5
4172.617514,AVOID_APPROACH,pure-pursuit al punto de paso del pilar 11,23,-4.42,78.60,PISTA,OK,1,715.5,1440.5,509.4,473.4,174.4,1,0.972,203.5,1,0.932,463.8,1,0.945,0.790,2,1,11,ROJO,-124.6,704.2,0.000,1,322.4,,100.9
4172.715881,AVOID_APPROACH,pure-pursuit al punto de paso del pilar 11,23,-4.33,78.43,PISTA,OK,1,705.0,1233.5,512.0,471.8,182.3,1,0.972,209.5,1,0.945,460.0,1,0.959,0.804,2,1,11,ROJO,-126.5,693.7,0.000,1,322.4,,65.9
4172.816568,AVOID_APPROACH,pure-pursuit al punto de paso del pilar 11,23,-4.38,78.24,PISTA,OK,1,699.0,1230.0,515.4,470.3,190.5,1,0.944,218.0,1,0.877,460.8,1,0.973,0.808,2,1,11,ROJO,-126.4,686.7,0.000,1,322.4,,86.4
4172.916820,AVOID_APPROACH,pure-pursuit al punto de paso del pilar 11,23,-4.19,78.10,PISTA,OK,1,693.0,1209.0,517.1,468.5,198.2,1,0.972,224.5,1,0.932,461.0,1,0.986,0.805,3,1,11,ROJO,-129.3,678.2,0.000,1,322.4,,65.6
4173.016091,AVOID_APPROACH,pure-pursuit al punto de paso del pilar 11,23,-4.07,78.00,PISTA,OK,1,683.0,1220.5,519.5,466.7,207.6,1,1.000,233.0,1,0.932,454.5,1,1.000,0.834,3,1,11,ROJO,-131.4,669.4,0.000,1,322.4,,84.7
4173.117848,AVOID_APPROACH,pure-pursuit al punto de paso del pilar 11,23,-3.97,77.81,PISTA,OK,1,675.0,1218.5,521.5,465.0,215.7,1,0.972,240.0,1,0.918,456.0,1,0.986,0.819,3,1,11,ROJO,-133.2,659.9,0.000,1,322.4,,67.7
4173.215786,AVOID_APPROACH,pure-pursuit al punto de paso del pilar 11,23,-3.86,77.65,PISTA,OK,1,671.2,1219.0,523.8,463.0,224.3,1,1.000,247.5,1,0.918,452.0,1,0.986,0.840,3,1,11,ROJO,-135.0,652.7,0.000,1,322.4,,99.3
4173.315547,AVOID_APPROACH,pure-pursuit al punto de paso del pilar 11,25,-3.69,77.50,PISTA,OK,1,1157.5,1157.5,526.3,461.3,234.1,1,0.944,255.8,1,0.918,451.0,1,0.986,0.842,3,1,11,ROJO,-137.5,643.3,0.000,1,322.4,,62.8
4173.416162,AVOID_APPROACH,pure-pursuit al punto de paso del pilar 11,25,-3.48,77.37,PISTA,OK,1,1154.5,1154.5,528.4,459.8,242.6,1,0.917,263.5,1,0.904,449.0,1,0.986,0.844,3,1,11,ROJO,-140.5,634.0,0.000,1,322.4,,85.6
4173.516233,AVOID_APPROACH,pure-pursuit al punto de paso del pilar 11,25,-3.49,77.15,PISTA,OK,1,1179.5,1179.5,538.3,457.7,252.0,1,0.833,271.8,1,0.836,449.0,1,0.986,0.894,3,1,11,ROJO,-140.9,624.7,0.000,1,322.4,,65.4
4173.615446,AVOID_APPROACH,pure-pursuit al punto de paso del pilar 11,25,-3.50,76.98,PISTA,OK,1,1139.5,1139.5,540.6,455.6,262.1,1,0.917,280.8,1,0.904,445.0,1,0.986,0.883,3,1,11,ROJO,-141.2,617.9,0.000,1,322.4,,83.8
4173.715209,AVOID_APPROACH,pure-pursuit al punto de paso del pilar 11,25,-3.40,76.83,PISTA,OK,1,1096.5,1318.0,543.6,453.6,269.3,1,0.861,287.0,1,0.890,445.2,1,0.986,0.885,3,1,11,ROJO,-142.9,608.1,0.000,1,322.4,,65.1
4173.812983,AVOID_APPROACH,pure-pursuit al punto de paso del pilar 11,25,-3.22,76.64,PISTA,OK,1,1135.0,1135.0,546.0,451.8,278.6,1,0.917,296.5,1,0.918,442.0,1,0.973,0.880,3,1,11,ROJO,-145.3,599.0,0.000,1,322.4,,82.3
4173.911837,AVOID_APPROACH,pure-pursuit al punto de paso del pilar 11,25,-2.89,76.52,PISTA,OK,1,1078.0,1078.0,548.7,449.4,287.5,1,0.889,305.0,1,0.904,441.5,1,0.973,0.876,3,1,11,ROJO,-149.4,587.6,0.000,1,322.4,,60.5
4174.011156,AVOID_APPROACH,pure-pursuit al punto de paso del pilar 11,25,-2.85,76.44,PISTA,OK,1,1129.5,1129.5,550.8,447.3,297.2,1,0.861,312.5,1,0.890,438.0,1,0.973,0.875,3,1,11,ROJO,-150.1,579.2,0.000,1,322.4,,79.4
4174.110161,AVOID_APPROACH,pure-pursuit al punto de paso del pilar 11,25,-2.57,76.27,PISTA,OK,1,1075.5,1075.5,553.8,445.4,306.2,1,0.833,322.0,1,0.890,437.2,1,0.959,0.875,3,1,11,ROJO,-153.4,569.5,0.000,1,322.4,,56.4
4174.209655,AVOID_APPROACH,pure-pursuit al punto de paso del pilar 11,25,-2.60,76.10,PISTA,OK,1,1039.0,1039.0,556.5,442.6,314.8,1,0.917,331.0,1,0.945,433.5,1,0.959,0.872,3,1,11,ROJO,-153.6,560.5,0.000,1,322.4,,79.5
4174.308875,AVOID_APPROACH,pure-pursuit al punto de paso del pilar 11,25,-2.53,75.96,PISTA,OK,1,1047.5,1047.5,559.3,440.8,326.7,1,0.833,343.5,1,0.904,431.5,1,0.959,0.879,3,1,11,ROJO,-154.6,551.6,0.000,1,322.4,,55.4
4174.410013,AVOID_APPROACH,pure-pursuit al punto de paso del pilar 11,25,-2.42,75.87,PISTA,OK,1,1065.5,1065.5,562.2,438.7,334.8,1,0.861,352.0,1,0.918,431.0,1,0.959,0.869,3,1,11,ROJO,-156.1,542.2,0.000,1,322.4,,80.5
4174.507604,AVOID_APPROACH,pure-pursuit al punto de paso del pilar 11,25,-2.03,75.67,PISTA,OK,1,1008.5,1008.5,564.7,436.7,347.1,1,0.833,365.0,1,0.904,428.5,1,0.959,0.868,3,1,11,ROJO,-160.2,532.0,0.000,1,322.4,,56.1
4174.607545,AVOID_APPROACH,pure-pursuit al punto de paso del pilar 11,25,-2.42,75.52,PISTA,OK,1,997.5,997.5,567.5,434.4,357.6,1,0.861,376.0,1,0.932,427.0,1,0.932,0.869,3,1,11,ROJO,-156.8,524.7,0.000,1,322.4,,77.0
4174.707179,AVOID_APPROACH,pure-pursuit al punto de paso del pilar 11,25,-2.02,75.33,PISTA,OK,1,979.0,979.0,570.5,432.1,367.1,1,0.833,386.0,1,0.918,425.0,1,0.959,0.869,3,1,11,ROJO,-160.9,514.7,0.000,1,322.4,,56.4
4174.807312,AVOID_APPROACH,pure-pursuit al punto de paso del pilar 11,25,-1.95,75.15,PISTA,OK,1,1008.5,1008.5,573.5,429.7,379.2,1,0.806,399.5,1,0.890,422.5,1,0.959,0.863,3,1,11,ROJO,-161.8,505.4,0.000,1,322.4,,78.4
4174.906297,AVOID_APPROACH,pure-pursuit al punto de paso del pilar 11,25,-1.88,75.06,PISTA,OK,1,956.5,956.5,576.1,427.4,391.4,1,0.861,411.5,1,0.918,423.5,1,0.973,0.867,3,1,11,ROJO,-162.7,495.8,0.000,1,322.4,,55.5
4175.006807,AVOID_APPROACH,pure-pursuit al punto de paso del pilar 11,25,-1.64,74.93,PISTA,OK,1,979.5,979.5,579.2,425.3,401.3,1,0.833,422.0,1,0.904,419.2,1,0.959,0.858,2,1,11,ROJO,-165.1,485.6,0.000,1,322.4,,77.4
4175.107469,AVOID_APPROACH,pure-pursuit al punto de paso del pilar 11,25,-1.66,74.75,PISTA,OK,1,953.5,953.5,581.4,422.8,443.9,1,0.861,469.5,1,0.945,415.0,1,0.973,0.862,2,1,11,ROJO,-165.2,474.8,0.000,1,322.4,,57.2
4175.208696,AVOID_APPROACH,pure-pursuit al punto de paso del pilar 11,25,-1.47,74.62,PISTA,OK,1,952.0,952.0,584.1,420.8,450.8,1,0.833,474.0,1,0.932,415.5,1,0.959,0.858,3,1,11,ROJO,-167.0,465.2,0.000,1,322.4,,81.7
4175.308439,AVOID_APPROACH,pure-pursuit al punto de paso del pilar 11,25,-1.60,74.55,PISTA,OK,1,924.5,924.5,587.6,418.3,463.6,1,0.861,487.5,1,0.932,410.5,1,0.945,0.861,3,1,11,ROJO,-166.3,455.7,0.000,1,322.4,,58.1
4175.409573,AVOID_APPROACH,pure-pursuit al punto de paso del pilar 11,25,-1.39,74.39,PISTA,OK,1,961.0,961.0,591.0,415.8,466.5,1,0.861,490.5,1,0.945,407.5,1,0.973,0.862,3,1,11,ROJO,-168.2,447.4,0.000,1,322.4,,80.3
4175.509006,AVOID_APPROACH,pure-pursuit al punto de paso del pilar 11,25,-1.14,74.22,PISTA,OK,1,901.5,901.5,593.5,413.3,609.2,1,0.833,558.0,1,0.932,408.0,1,0.932,0.865,3,1,11,ROJO,-170.3,436.9,0.000,1,322.4,,56.4
4175.609607,AVOID_APPROACH,pure-pursuit al punto de paso del pilar 11,25,-1.35,74.07,PISTA,OK,1,897.0,897.0,596.2,411.1,607.4,1,0.889,560.0,1,0.959,404.5,1,0.945,0.861,3,1,11,ROJO,-168.9,429.3,0.000,1,322.4,,80.5
4175.709059,AVOID_APPROACH,pure-pursuit al punto de paso del pilar 11,25,-1.03,73.87,PISTA,OK,1,900.0,900.0,599.9,408.1,613.5,1,0.861,564.5,1,0.959,400.0,1,0.932,0.855,3,1,11,ROJO,-171.5,419.2,0.000,1,322.4,,57.1
4175.810074,AVOID_APPROACH,pure-pursuit al punto de paso del pilar 11,25,-0.81,73.79,PISTA,OK,1,890.0,890.0,603.2,405.7,609.0,1,0.917,566.8,1,0.973,398.5,1,0.973,0.859,3,1,11,ROJO,-173.2,409.7,0.000,1,322.4,,80.9
4175.910499,AVOID_APPROACH,pure-pursuit al punto de paso del pilar 11,25,-0.52,73.64,PISTA,OK,1,905.5,905.5,606.3,403.1,611.1,1,0.889,569.0,1,0.959,399.5,1,0.932,0.848,3,1,11,ROJO,-175.4,399.1,0.000,1,322.4,,59.2
4176.011097,AVOID_APPROACH,pure-pursuit al punto de paso del pilar 11,25,-0.63,73.45,PISTA,OK,1,863.5,863.5,609.1,400.9,617.6,1,0.917,571.2,1,0.973,395.2,1,0.945,0.854,3,1,11,ROJO,-174.7,390.7,0.000,1,322.4,,80.7
4176.111381,AVOID_APPROACH,pure-pursuit al punto de paso del pilar 11,25,-0.76,73.28,PISTA,OK,1,861.0,861.0,612.1,398.5,620.9,1,0.972,572.8,1,0.986,392.0,1,0.932,0.842,3,1,11,ROJO,-173.9,381.0,0.000,1,322.4,,59.2
4176.211603,AVOID_APPROACH,pure-pursuit al punto de paso del pilar 11,24,-0.55,73.20,PISTA,OK,1,834.0,834.0,615.3,395.6,623.4,1,0.861,576.2,1,0.959,388.0,1,0.904,0.833,3,1,11,ROJO,-175.4,371.9,0.000,1,322.4,,81.3
4176.309165,AVOID_APPROACH,pure-pursuit al punto de paso del pilar 11,24,-0.15,73.06,PISTA,OK,1,829.0,829.0,618.3,393.6,618.5,1,0.889,579.0,1,0.959,387.8,1,0.932,0.842,3,1,11,ROJO,-178.1,361.1,0.000,1,322.4,,57.8
4176.409142,AVOID_APPROACH,pure-pursuit al punto de paso del pilar 11,24,-0.14,72.94,PISTA,OK,1,833.5,833.5,621.0,391.2,623.4,1,0.944,582.0,1,0.973,384.0,1,0.973,0.833,3,1,11,ROJO,-178.1,354.4,0.000,1,322.4,,78.2
4176.510476,AVOID_APPROACH,pure-pursuit al punto de paso del pilar 11,25,0.14,72.80,PISTA,OK,1,844.5,844.5,624.6,388.7,623.8,1,0.917,585.0,1,0.986,383.5,1,0.890,0.858,3,1,11,ROJO,-179.8,344.4,0.000,1,322.4,,59.0
4176.608838,AVOID_APPROACH,pure-pursuit al punto de paso del pilar 11,24,0.33,72.65,PISTA,OK,1,820.5,820.5,626.4,386.8,626.2,1,0.917,586.2,1,0.986,379.0,1,0.932,0.834,3,1,11,ROJO,-180.9,335.9,0.000,1,322.4,,79.3
4176.708179,AVOID_APPROACH,pure-pursuit al punto de paso del pilar 11,24,0.31,72.49,PISTA,OK,1,791.5,791.5,646.4,384.2,644.8,1,0.861,588.8,1,0.959,378.5,1,0.904,0.712,3,1,11,ROJO,-180.8,327.6,0.000,1,322.4,,58.5
4176.809368,AVOID_APPROACH,pure-pursuit al punto de paso del pilar 11,24,0.39,72.46,PISTA,OK,1,795.5,795.5,654.0,381.3,625.8,1,0.972,591.0,1,0.986,374.5,1,0.945,0.649,3,1,11,ROJO,-181.2,318.8,0.000,1,322.4,,79.3
4176.908947,AVOID_APPROACH,pure-pursuit al punto de paso del pilar 11,24,0.23,72.33,PISTA,OK,1,763.0,763.0,656.0,378.8,628.7,1,0.917,594.5,1,0.986,370.8,1,0.890,0.708,3,1,11,ROJO,-180.2,310.3,0.000,1,322.4,,59.3
4177.008842,AVOID_APPROACH,pure-pursuit al punto de paso del pilar 11,24,0.24,72.18,PISTA,OK,1,765.5,765.5,658.9,376.2,631.6,1,0.944,597.0,1,1.000,369.5,1,0.863,0.719,3,1,11,ROJO,-180.3,301.9,0.000,1,322.4,,76.6
4177.110381,AVOID_APPROACH,pure-pursuit al punto de paso del pilar 11,24,0.76,72.02,PISTA,OK,1,750.5,750.5,662.1,373.7,636.1,1,0.806,601.0,1,0.932,365.5,1,0.877,0.746,3,1,11,ROJO,-182.9,291.8,0.000,1,322.4,,59.6
4177.209009,AVOID_APPROACH,pure-pursuit al punto de paso del pilar 11,24,0.46,71.95,PISTA,OK,1,756.0,756.0,667.0,370.0,632.2,1,0.833,602.5,1,0.945,364.5,1,0.904,0.735,3,1,11,ROJO,-181.3,283.0,0.000,1,322.4,,80.0
4177.307565,AVOID_PASS,manteniendo rumbo mientras pasa el pilar 11,24,0.00,71.83,PISTA,OK,1,751.0,751.0,670.2,367.7,633.6,1,0.861,606.0,1,0.959,360.5,1,0.890,0.764,3,1,11,ROJO,-182.0,274.1,0.000,1,0.0,,56.3
4177.408691,AVOID_PASS,manteniendo rumbo mientras pasa el pilar 11,24,0.17,71.66,PISTA,OK,1,735.0,735.0,672.4,365.8,636.3,1,0.889,607.2,1,0.973,359.8,1,0.890,0.769,3,1,11,ROJO,-181.1,264.9,0.000,1,9.7,,78.6
4177.508520,AVOID_PASS,manteniendo rumbo mientras pasa el pilar 11,24,0.33,71.50,PISTA,OK,1,747.0,747.0,678.1,363.1,647.5,1,0.889,610.5,1,0.973,356.5,1,0.890,0.739,3,1,11,ROJO,-184.0,255.0,0.000,1,19.3,,57.0
4177.607398,AVOID_PASS,manteniendo rumbo mientras pasa el pilar 11,23,0.36,71.40,PISTA,OK,1,723.0,723.0,680.6,360.2,640.2,1,0.889,613.8,1,0.973,353.0,1,0.863,0.771,3,1,11,ROJO,-181.6,249.7,0.000,1,28.8,,79.4
4177.707196,AVOID_PASS,manteniendo rumbo mientras pasa el pilar 11,23,0.50,71.33,PISTA,OK,1,711.0,711.0,687.1,357.3,647.1,1,0.889,616.0,1,0.973,348.5,1,0.904,0.720,3,1,11,ROJO,-182.3,237.6,0.000,1,38.0,,54.1
4177.807775,AVOID_PASS,manteniendo rumbo mientras pasa el pilar 11,23,0.58,71.25,PISTA,OK,1,686.0,686.0,690.7,354.6,650.8,1,0.889,619.5,1,0.973,348.0,1,0.863,0.735,3,1,11,ROJO,-181.5,233.0,0.000,1,47.2,,76.6
4177.907007,AVOID_PASS,manteniendo rumbo mientras pasa el pilar 11,23,0.66,71.17,PISTA,OK,1,693.5,693.5,694.4,351.7,647.1,1,0.861,622.0,1,0.959,346.0,1,0.904,0.737,3,1,11,ROJO,-180.6,222.7,0.000,1,56.3,,57.1
4178.006683,AVOID_PASS,manteniendo rumbo mientras pasa el pilar 11,24,0.79,71.04,PISTA,OK,1,728.0,728.0,697.2,349.2,642.0,1,0.861,622.5,1,0.959,342.0,1,0.890,0.723,2,1,11,ROJO,-181.3,214.4,0.000,1,65.5,,80.1
4178.106362,AVOID_PASS,manteniendo rumbo mientras pasa el pilar 11,23,0.84,70.99,PISTA,OK,1,684.5,684.5,705.8,346.6,657.8,1,0.806,625.0,1,0.945,340.0,1,0.863,0.644,2,1,11,ROJO,-179.1,209.6,0.000,1,75.1,,57.4
4178.206397,AVOID_PASS,manteniendo rumbo mientras pasa el pilar 11,23,0.95,70.88,PISTA,OK,1,692.8,692.8,711.7,343.7,659.4,1,0.806,629.5,1,0.945,338.0,1,0.890,0.627,2,1,11,ROJO,-182.1,198.9,0.000,1,84.3,,76.9
4178.306748,AVOID_PASS,manteniendo rumbo mientras pasa el pilar 11,23,1.07,70.76,PISTA,OK,1,666.0,666.0,719.2,341.1,659.6,1,0.861,630.8,1,0.973,336.0,1,0.849,0.603,2,1,11,ROJO,-180.0,193.3,0.000,1,93.5,,56.9
4178.405103,AVOID_PASS,manteniendo rumbo mientras pasa el pilar 11,23,1.20,70.63,PISTA,OK,1,650.0,650.0,729.1,338.5,657.4,1,0.889,634.5,1,0.986,332.0,1,0.877,0.519,2,1,11,ROJO,-179.4,187.0,0.000,1,102.6,,79.0
4178.504679,AVOID_PASS,manteniendo rumbo mientras pasa el pilar 11,23,1.25,70.58,PISTA,OK,1,645.0,645.0,740.9,335.5,660.6,1,0.833,638.5,1,0.959,329.0,1,0.849,0.463,2,1,11,ROJO,-180.2,177.2,0.000,1,111.7,,54.6
4178.606004,AVOID_PASS,manteniendo rumbo mientras pasa el pilar 11,23,1.37,70.46,PISTA,OK,1,637.0,637.0,747.1,332.8,664.5,1,0.889,640.5,1,0.986,328.0,1,0.836,0.454,2,1,11,ROJO,-178.1,171.0,0.000,1,121.1,,80.3
4178.705380,AVOID_PASS,manteniendo rumbo mientras pasa el pilar 11,23,1.51,70.32,PISTA,OK,1,623.5,623.5,762.5,329.8,666.0,1,0.889,642.8,1,0.986,325.0,1,0.877,0.339,2,1,11,ROJO,-179.6,164.4,0.000,1,130.2,,56.0
4178.806633,AVOID_PASS,manteniendo rumbo mientras pasa el pilar 11,23,1.62,70.21,PISTA,OK,1,625.5,625.5,766.2,327.2,662.7,1,0.861,646.0,1,0.973,323.5,1,0.863,0.348,2,1,11,ROJO,-180.5,153.5,0.000,1,139.5,,81.7
4178.905881,AVOID_PASS,manteniendo rumbo mientras pasa el pilar 11,23,1.74,70.09,PISTA,OK,1,639.0,639.0,768.6,324.4,662.7,1,0.833,649.0,1,0.973,320.5,1,0.877,0.351,3,1,11,ROJO,-178.8,146.2,0.000,1,148.6,,55.0
4179.004766,AVOID_PASS,manteniendo rumbo mientras pasa el pilar 11,23,1.77,70.06,PISTA,OK,1,616.5,616.5,790.7,321.3,669.0,1,0.806,650.8,1,0.959,315.5,1,0.863,0.221,3,1,11,ROJO,-176.1,138.8,0.000,1,157.7,,79.9
4179.105342,AVOID_PASS,manteniendo rumbo mientras pasa el pilar 11,22,1.87,69.96,PISTA,OK,1,605.5,605.5,701.1,319.1,676.6,1,0.861,653.8,1,0.986,314.5,1,0.836,0.729,3,1,11,ROJO,-176.4,129.2,0.101,1,167.0,,54.3
4179.205653,AVOID_PASS,manteniendo rumbo mientras pasa el pilar 11,22,1.93,69.90,PISTA,OK,1,594.0,594.0,705.6,315.6,680.3,1,0.833,656.2,1,0.973,309.5,1,0.836,0.746,3,1,11,ROJO,-176.5,120.2,0.201,1,175.8,,78.1
4179.303195,AVOID_PASS,manteniendo rumbo mientras pasa el pilar 11,22,1.98,69.85,PISTA,OK,1,589.0,589.0,702.9,312.8,680.7,1,0.861,659.0,1,0.986,310.0,1,0.836,0.691,3,1,11,ROJO,-176.6,111.5,0.298,1,184.4,,55.5
4179.404841,AVOID_PASS,manteniendo rumbo mientras pasa el pilar 11,22,2.07,69.76,PISTA,OK,1,587.5,587.5,705.2,310.3,681.9,1,0.861,662.0,1,0.959,307.5,1,0.836,0.677,3,1,11,ROJO,-176.8,102.3,0.400,1,193.3,,82.7
4179.504126,AVOID_PASS,manteniendo rumbo mientras pasa el pilar 11,22,2.11,69.72,PISTA,OK,1,579.0,579.0,698.0,307.9,686.7,1,0.833,664.8,1,0.959,303.0,1,0.822,0.627,3,1,11,ROJO,-176.8,102.3,0.400,0,202.1,,52.5
4179.602037,AVOID_PASS,manteniendo rumbo mientras pasa el pilar 11,22,2.19,69.64,PISTA,OK,1,579.5,579.5,702.3,304.9,685.6,1,0.861,667.5,1,0.986,301.5,1,0.822,0.629,3,1,11,ROJO,-176.8,102.3,0.400,0,210.7,,74.5
4179.703088,AVOID_PASS,manteniendo rumbo mientras pasa el pilar 11,22,2.29,69.54,PISTA,OK,1,565.5,565.5,702.0,302.2,683.6,1,0.917,669.0,1,0.986,296.5,1,0.863,0.611,3,1,11,ROJO,-176.8,102.3,0.400,0,219.6,,54.4
4179.803596,AVOID_PASS,manteniendo rumbo mientras pasa el pilar 11,22,2.38,69.45,PISTA,OK,1,557.2,557.2,707.0,299.8,685.6,1,0.861,673.0,1,0.986,293.8,1,0.836,0.606,3,1,11,ROJO,-176.8,102.3,0.400,0,228.4,,79.3
4179.902671,AVOID_PASS,manteniendo rumbo mientras pasa el pilar 11,22,2.49,69.34,PISTA,OK,1,552.0,552.0,707.0,296.4,686.4,1,0.889,675.0,1,1.000,294.5,1,0.822,0.588,3,1,11,ROJO,-176.8,102.3,0.400,0,237.2,,54.7
4180.003009,AVOID_PASS,manteniendo rumbo mientras pasa el pilar 11,22,2.56,69.27,PISTA,OK,1,544.5,544.5,711.6,293.4,693.4,1,0.889,678.0,1,1.000,292.0,1,0.863,0.602,3,1,11,ROJO,-176.8,102.3,0.400,0,246.0,,80.9
4180.101767,AVOID_PASS,manteniendo rumbo mientras pasa el pilar 11,22,2.61,69.22,PISTA,OK,1,536.0,536.0,725.2,291.2,684.8,1,0.889,680.8,1,1.000,285.5,1,0.836,0.696,3,1,11,ROJO,-176.8,102.3,0.400,0,254.7,,54.1
4180.201705,AVOID_PASS,manteniendo rumbo mientras pasa el pilar 11,22,2.69,69.14,PISTA,OK,1,529.0,529.0,729.7,288.8,686.9,1,0.889,683.8,1,1.000,283.0,1,0.836,0.699,3,1,11,ROJO,-176.8,102.3,0.400,0,263.5,,81.2
4180.301296,AVOID_PASS,manteniendo rumbo mientras pasa el pilar 11,22,2.73,69.10,PISTA,OK,1,528.5,528.5,775.0,286.2,698.3,1,0.889,685.5,1,0.986,282.2,1,0.849,0.810,2,0,11,ROJO,-176.8,102.3,0.400,0,272.2,,51.4
4180.402535,AVOID_PASS,manteniendo rumbo mientras pasa el pilar 11,22,2.80,69.03,PISTA,OK,1,516.0,516.0,785.8,283.1,706.5,1,0.889,689.2,1,0.986,280.8,1,0.767,0.762,2,0,11,ROJO,-176.8,102.3,0.400,0,281.1,,80.2
4180.502140,AVOID_PASS,manteniendo rumbo mientras pasa el pilar 11,22,2.87,68.96,PISTA,OK,1,507.8,507.8,792.4,280.9,703.7,1,0.889,692.0,1,0.986,279.8,1,0.808,0.735,2,0,11,ROJO,-176.8,102.3,0.400,0,289.9,,54.2
4180.602334,AVOID_PASS,manteniendo rumbo mientras pasa el pilar 11,22,2.91,68.92,PISTA,OK,1,503.0,503.0,791.5,278.0,698.1,1,0.861,695.0,1,0.945,274.0,1,0.808,0.769,2,0,11,ROJO,-176.8,102.3,0.400,0,298.7,,78.4
4180.703471,AVOID_PASS,manteniendo rumbo mientras pasa el pilar 11,22,2.96,68.87,PISTA,OK,1,494.0,494.0,799.7,275.8,699.4,1,0.889,169.5,1,0.973,273.8,1,0.795,0.729,2,0,11,ROJO,-176.8,102.3,0.400,0,307.6,,53.4
4180.804329,AVOID_PASS,manteniendo rumbo mientras pasa el pilar 11,22,2.99,68.84,PISTA,OK,1,508.5,508.5,807.5,272.5,703.2,1,0.889,155.5,1,0.945,270.0,1,0.808,0.711,2,0,11,ROJO,-176.8,102.3,0.400,0,316.5,,81.6
4180.903786,RECENTER,reincorporacion tras 325 mm de sobrepaso estimado,21,6.99,68.80,PISTA,OK,1,485.8,485.8,801.5,270.1,704.1,1,0.861,155.0,1,0.945,269.0,1,0.808,0.763,2,0,11,ROJO,-176.8,102.3,0.400,0,325.3,,53.9
4181.004796,TURN,giro de esquina por IMU y reapertura frontal,21,25.00,68.70,PISTA,OK,1,481.2,481.2,805.9,267.5,709.0,1,0.889,155.0,1,0.945,263.5,1,0.781,0.768,1,0,,,,,,0,325.3,,80.1
4181.105029,TURN,giro de esquina por IMU y reapertura frontal,21,25.00,68.15,PISTA,OK,1,468.5,468.5,805.1,264.9,709.8,1,0.889,155.0,1,0.959,261.0,1,0.795,0.812,1,0,,,,,,0,325.3,,57.3
4181.204937,TURN,giro de esquina por IMU y reapertura frontal,21,25.00,68.24,PISTA,OK,1,452.5,452.5,2660.9,262.1,708.8,1,0.917,157.5,1,0.959,259.0,1,0.808,0.183,3,0,,,,,,0,325.3,,81.4
4181.302855,TURN,giro de esquina por IMU y reapertura frontal,21,25.00,69.90,PISTA,OK,1,457.5,457.5,3011.4,258.8,722.1,1,0.833,155.0,1,0.959,259.0,1,0.781,0.182,3,0,,,,,,0,325.3,,51.2
4181.404158,TURN,giro de esquina por IMU y reapertura frontal,22,25.00,70.76,PISTA,OK,1,495.0,495.0,3037.1,257.7,733.1,1,0.833,152.0,1,0.986,256.8,1,0.740,0.180,3,0,,,,,,0,325.3,,82.6
4181.503624,TURN,giro de esquina por IMU y reapertura frontal,22,25.00,72.37,PISTA,OK,1,511.5,511.5,159.0,256.3,742.2,1,0.750,149.5,1,0.959,252.2,1,0.781,0.783,3,0,,,,,,0,325.3,,55.9
4181.602854,TURN,giro de esquina por IMU y reapertura frontal,22,25.00,74.02,PISTA,OK,1,536.5,536.5,3659.7,256.0,749.5,1,0.722,146.5,1,0.973,252.0,1,0.795,0.179,3,0,,,,,,0,325.3,,77.2
4181.702279,TURN,giro de esquina por IMU y reapertura frontal,22,25.00,75.80,PISTA,OK,1,565.0,565.0,776.6,255.7,744.1,1,0.667,144.5,1,0.945,250.5,1,0.822,0.877,3,0,,,,,,0,325.3,,53.3
4181.802076,TURN,giro de esquina por IMU y reapertura frontal,23,25.00,77.43,PISTA,OK,1,617.5,617.5,784.4,256.0,688.1,1,0.667,141.5,1,0.973,250.2,1,0.795,0.797,3,0,,,,,,0,325.3,,81.6
4181.900132,TURN,giro de esquina por IMU y reapertura frontal,23,25.00,78.19,PISTA,OK,1,640.0,640.0,4025.3,256.8,596.3,1,0.667,138.0,1,0.932,250.8,1,0.836,0.179,4,0,,,,,,0,325.3,,51.0
4182.001306,TURN,giro de esquina por IMU y reapertura frontal,23,25.00,79.97,PISTA,OK,1,695.5,695.5,149.0,257.6,626.5,1,0.667,134.0,1,0.973,252.5,1,0.836,0.771,4,0,,,,,,0,325.3,,80.8
4182.101037,TURN,giro de esquina por IMU y reapertura frontal,24,25.00,81.84,PISTA,OK,1,794.5,794.5,785.5,259.1,559.2,1,0.583,131.5,1,0.945,255.5,1,0.795,0.608,4,0,,,,,,0,325.3,,51.2
4182.199123,TURN,giro de esquina por IMU y reapertura frontal,25,25.00,83.75,PISTA,OK,1,1002.5,1002.5,779.0,261.0,514.8,1,0.583,128.0,1,0.918,255.0,1,0.808,0.768,4,0,,,,,,0,325.3,,79.6
4182.299980,TURN,giro de esquina por IMU y reapertura frontal,25,25.00,85.56,PISTA,OK,1,995.0,995.0,772.0,262.9,478.0,1,0.611,127.0,1,0.890,256.5,1,0.822,0.768,4,0,,,,,,0,325.3,,53.3
4182.399881,TURN,giro de esquina por IMU y reapertura frontal,25,25.00,86.59,PISTA,OK,1,989.5,989.5,766.5,265.5,468.6,1,0.611,123.5,1,0.877,258.8,1,0.863,0.764,4,0,,,,,,0,325.3,,81.4
4182.499300,TURN,giro de esquina por IMU y reapertura frontal,25,25.00,88.50,PISTA,OK,1,980.5,980.5,758.5,268.8,460.9,1,0.583,122.2,1,0.849,262.5,1,0.890,0.766,3,0,,,,,,0,325.3,,51.7
4182.598996,TURN,giro de esquina por IMU y reapertura frontal,25,25.00,90.63,PISTA,OK,1,974.5,974.5,751.0,272.5,436.6,1,0.722,119.0,1,0.836,265.8,1,0.918,0.766,4,0,,,,,,0,325.3,,80.9
4182.698411,TURN,giro de esquina por IMU y reapertura frontal,25,25.00,92.54,PISTA,OK,1,969.0,969.0,115.9,277.5,418.6,1,0.639,118.0,1,0.740,271.8,1,0.918,0.764,4,0,,,,,,0,325.3,,47.3
4182.799706,TURN,giro de esquina por IMU y reapertura frontal,25,25.00,93.60,PISTA,OK,1,964.0,964.0,114.9,281.7,410.4,1,0.750,115.0,1,0.822,276.0,1,0.932,0.665,4,0,,,,,,0,325.3,,81.8
4182.899449,TURN,giro de esquina por IMU y reapertura frontal,25,25.00,95.63,PISTA,OK,1,959.0,959.0,113.0,287.1,393.2,1,0.694,112.0,1,0.781,279.5,1,0.973,0.534,4,0,,,,,,0,325.3,,47.9
4182.999937,TURN,giro de esquina por IMU y reapertura frontal,25,25.00,97.80,PISTA,OK,1,950.5,950.5,8000.0,293.6,391.1,1,0.750,110.5,1,0.795,285.5,1,0.973,0.223,4,0,,,,,,0,325.3,,79.1
4183.099767,TURN,giro de esquina por IMU y reapertura frontal,25,25.00,99.87,PISTA,OK,1,944.5,944.5,8000.0,300.3,389.5,1,0.667,108.0,1,0.767,290.5,1,0.959,0.228,4,0,,,,,,0,325.3,,49.5
4183.200566,TURN,giro de esquina por IMU y reapertura frontal,25,25.00,100.81,PISTA,OK,1,939.5,939.5,8000.0,307.6,376.4,1,0.694,105.5,1,0.740,296.0,1,1.000,0.228,4,0,,,,,,0,325.3,,82.6
4183.301172,TURN,giro de esquina por IMU y reapertura frontal,25,25.00,102.82,PISTA,OK,1,932.0,932.0,129.1,315.4,375.2,1,0.722,103.8,1,0.753,304.0,1,1.000,0.201,4,0,,,,,,0,325.3,,50.6
4183.402078,TURN,giro de esquina por IMU y reapertura frontal,25,25.00,104.81,PISTA,OK,1,929.0,929.0,127.8,323.8,363.3,1,0.611,102.0,1,0.685,308.8,1,0.986,0.202,4,0,,,,,,0,325.3,,80.0
4183.501445,TURN,giro de esquina por IMU y reapertura frontal,25,25.00,106.91,PISTA,OK,1,925.0,925.0,133.6,333.3,360.4,1,0.667,103.5,1,0.699,316.5,1,1.000,0.203,4,0,,,,,,0,325.3,,53.5
4183.603057,TURN,giro de esquina por IMU y reapertura frontal,25,25.00,108.74,PISTA,OK,1,922.0,922.0,127.8,343.3,369.8,1,0.694,102.0,1,0.699,322.0,1,0.986,0.204,4,0,,,,,,0,325.3,,83.4
4183.702601,TURN,giro de esquina por IMU y reapertura frontal,25,25.00,110.84,PISTA,OK,1,923.0,923.0,137.8,353.9,355.1,1,0.611,100.5,1,0.671,326.5,1,0.986,0.204,2,0,,,,,,0,325.3,,53.7
4183.802689,TURN,giro de esquina por IMU y reapertura frontal,25,25.00,112.87,PISTA,OK,1,923.0,923.0,586.7,365.3,353.5,1,0.583,101.5,1,0.685,335.5,1,0.986,0.214,3,0,,,,,,0,325.3,,82.0
4183.902327,TURN,giro de esquina por IMU y reapertura frontal,25,25.00,113.78,PISTA,OK,1,924.0,924.0,598.0,377.5,350.2,1,0.556,103.0,1,0.699,343.2,1,1.000,0.212,3,0,,,,,,0,325.3,,55.2
4184.001948,TURN,giro de esquina por IMU y reapertura frontal,25,25.00,115.74,PISTA,OK,1,924.2,924.2,668.3,390.4,347.7,1,0.528,104.0,1,0.658,350.0,1,0.986,0.665,3,0,,,,,,0,325.3,,78.8
4184.101373,TURN,giro de esquina por IMU y reapertura frontal,25,25.00,117.76,PISTA,OK,1,933.5,933.5,671.4,404.8,351.0,1,0.528,104.0,1,0.699,355.2,1,1.000,0.706,3,0,,,,,,0,325.3,,54.9
4184.201426,TURN,giro de esquina por IMU y reapertura frontal,25,25.00,119.89,PISTA,OK,1,939.5,939.5,675.9,420.5,350.8,1,0.611,105.0,1,0.726,364.0,1,1.000,0.726,3,0,,,,,,0,325.3,,81.4
4184.302139,TURN,giro de esquina por IMU y reapertura frontal,25,25.00,120.79,PISTA,OK,1,946.5,946.5,677.8,436.6,347.3,1,0.639,106.0,1,0.726,372.5,1,1.000,0.852,3,1,,,,,,0,325.3,,56.1
4184.400402,TURN,giro de esquina por IMU y reapertura frontal,25,25.00,122.87,PISTA,OK,1,952.0,952.0,681.8,453.5,349.6,1,0.639,107.5,1,0.740,379.0,1,1.000,0.844,3,1,,,,,,0,325.3,,78.1
4184.501103,TURN,giro de esquina por IMU y reapertura frontal,25,25.00,124.84,PISTA,OK,1,963.0,963.0,687.3,471.3,96.7,1,0.639,109.2,1,0.740,387.0,1,1.000,0.854,2,1,,,,,,0,325.3,,54.8
4184.601029,CRUISE,esquina 2 verificada,25,24.02,126.92,PISTA,OK,2,975.5,975.5,693.9,489.8,95.0,1,0.667,110.5,1,0.795,394.2,1,1.000,0.818,2,1,,,,,,0,325.3,,81.2
4184.700678,AVOID_APPROACH,pure-pursuit al punto de paso del pilar 21,25,25.00,127.98,PISTA,OK,2,985.5,985.5,701.3,506.5,97.3,1,0.722,112.2,1,0.795,402.0,1,1.000,0.705,2,1,21,VERDE,-297.6,509.2,0.000,1,325.3,,52.8
4184.800267,AVOID_APPROACH,pure-pursuit al punto de paso del pilar 21,25,25.00,129.93,PISTA,OK,2,1001.0,1001.0,707.8,514.9,98.1,1,0.750,113.2,1,0.795,409.0,1,1.000,0.534,2,1,21,VERDE,-277.8,509.7,0.000,1,325.3,,79.4
4184.899976,AVOID_APPROACH,pure-pursuit al punto de paso del pilar 21,25,25.00,132.03,PISTA,OK,2,1016.0,1016.0,718.0,530.3,98.5,1,0.722,115.5,1,0.712,417.2,1,1.000,0.420,2,1,21,VERDE,-258.1,510.8,0.000,1,325.3,,52.2
4185.000074,AVOID_APPROACH,pure-pursuit al punto de paso del pilar 21,25,25.00,134.13,PISTA,OK,2,1029.5,1029.5,728.5,542.4,99.9,1,0.750,118.0,1,0.712,427.0,1,1.000,0.294,3,1,21,VERDE,-236.8,519.7,0.000,1,325.3,,81.9
4185.100692,AVOID_APPROACH,pure-pursuit al punto de paso del pilar 21,25,25.00,135.12,PISTA,OK,2,1051.5,1051.5,746.7,548.7,102.0,1,0.889,119.5,1,0.753,435.0,1,1.000,0.192,3,1,21,VERDE,-220.3,513.7,0.000,1,325.3,,52.9
4185.198860,AVOID_APPROACH,pure-pursuit al punto de paso del pilar 21,25,25.00,137.02,PISTA,OK,2,1073.5,1073.5,756.8,565.8,104.4,1,0.889,122.0,1,0.726,442.5,1,1.000,0.191,3,1,21,VERDE,-200.9,512.0,0.000,1,325.3,,77.4
4185.298382,AVOID_APPROACH,pure-pursuit al punto de paso del pilar 21,25,25.00,139.07,PISTA,OK,2,1092.5,1092.5,773.5,584.4,106.5,1,0.972,125.5,1,0.740,452.5,1,0.986,0.187,3,1,21,VERDE,-174.8,511.3,0.000,1,325.3,,48.5
4185.398113,AVOID_APPROACH,pure-pursuit al punto de paso del pilar 21,25,25.00,141.12,PISTA,OK,2,1128.0,1128.0,791.6,596.6,108.1,1,0.944,129.0,1,0.671,459.5,1,0.986,0.183,3,1,21,VERDE,-159.3,511.3,0.000,1,325.3,,82.0
4185.497298,AVOID_APPROACH,pure-pursuit al punto de paso del pilar 21,25,25.00,143.12,PISTA,OK,2,1156.5,1156.5,808.1,617.8,109.6,1,0.944,131.0,1,0.616,469.0,1,1.000,0.184,3,1,21,VERDE,-138.0,507.7,0.000,1,325.3,,49.8
4185.597479,AVOID_APPROACH,pure-pursuit al punto de paso del pilar 21,22,25.00,144.25,PISTA,OK,2,564.5,1169.0,824.4,636.2,113.5,1,0.972,133.2,1,0.603,476.0,1,0.986,0.197,4,1,21,VERDE,-107.3,509.8,0.000,1,325.3,,81.8
4185.698288,AVOID_APPROACH,pure-pursuit al punto de paso del pilar 21,22,25.00,146.16,PISTA,OK,2,509.0,1206.0,845.0,649.1,114.3,1,0.972,135.0,1,0.616,486.0,1,0.986,0.195,4,1,21,VERDE,-93.2,503.8,0.000,1,325.3,,52.9
4185.798654,AVOID_APPROACH,pure-pursuit al punto de paso del pilar 21,22,25.00,147.78,PISTA,OK,2,494.0,1244.5,864.6,678.3,114.3,1,1.000,139.5,1,0.616,493.0,1,1.000,0.204,4,1,21,VERDE,-77.6,499.8,0.000,1,325.3,,80.9
4185.898100,AVOID_APPROACH,pure-pursuit al punto de paso del pilar 21,21,25.00,149.41,PISTA,OK,2,485.0,1308.0,893.3,688.8,118.0,1,0.972,141.0,1,0.658,500.5,1,0.986,0.203,3,1,21,VERDE,-63.0,496.2,0.000,1,325.3,,51.1
4185.998561,AVOID_APPROACH,pure-pursuit al punto de paso del pilar 21,21,24.75,151.04,PISTA,OK,2,478.5,1317.0,921.7,708.8,119.2,1,0.944,144.5,1,0.603,508.5,1,1.000,0.202,3,1,21,VERDE,-46.9,490.2,0.000,1,325.3,,82.4
4186.099609,AVOID_APPROACH,pure-pursuit al punto de paso del pilar 21,21,23.96,152.62,PISTA,OK,2,473.0,1345.0,944.7,718.2,120.4,1,1.000,146.2,1,0.589,515.0,1,1.000,0.198,3,1,21,VERDE,-34.8,481.0,0.000,1,325.3,,53.9
4186.200206,AVOID_APPROACH,pure-pursuit al punto de paso del pilar 21,21,23.14,153.43,PISTA,OK,2,467.0,539.0,977.6,751.0,122.9,1,0.972,149.0,1,0.562,522.5,1,1.000,0.203,3,1,21,VERDE,-24.3,475.8,0.000,1,325.3,,81.5
4186.299846,AVOID_APPROACH,pure-pursuit al punto de paso del pilar 21,21,22.88,155.00,PISTA,OK,2,462.5,482.5,1026.4,768.0,126.0,1,0.972,150.2,1,0.562,528.5,1,0.986,0.204,3,1,21,VERDE,-20.5,472.7,0.000,1,325.3,,51.7
4186.401416,AVOID_APPROACH,pure-pursuit al punto de paso del pilar 21,21,21.95,156.62,PISTA,OK,2,457.0,1401.5,1064.0,794.0,128.0,1,0.972,154.5,1,0.575,535.5,1,0.973,0.204,4,1,21,VERDE,-10.8,470.8,0.000,1,325.3,,81.6
4186.501154,AVOID_APPROACH,pure-pursuit al punto de paso del pilar 21,21,20.92,158.19,PISTA,OK,2,458.5,477.0,1108.7,804.3,131.4,1,1.000,157.0,1,0.534,541.0,1,1.000,0.199,4,1,21,VERDE,2.1,462.6,0.100,1,325.3,,53.7
4186.601987,AVOID_APPROACH,pure-pursuit al punto de paso del pilar 21,21,19.89,159.76,PISTA,OK,2,451.5,1393.0,1165.4,829.2,133.9,1,1.000,158.8,1,0.562,548.0,1,1.000,0.204,4,2,21,VERDE,14.8,453.9,0.201,1,325.3,,82.9
4186.701864,AVOID_APPROACH,pure-pursuit al punto de paso del pilar 21,21,19.57,160.50,PISTA,OK,2,445.0,1386.0,1237.9,844.2,138.0,1,0.972,161.8,1,0.507,554.5,1,1.000,0.206,4,2,21,VERDE,20.7,445.3,0.300,1,325.3,,54.5
4186.800278,AVOID_APPROACH,pure-pursuit al punto de paso del pilar 21,21,18.49,162.10,PISTA,OK,2,440.5,1381.0,1316.0,862.4,140.1,1,0.972,165.8,1,0.589,562.0,1,0.986,0.209,4,2,21,VERDE,33.1,436.2,0.399,1,325.3,,79.7
4186.899567,AVOID_APPROACH,pure-pursuit al punto de paso del pilar 27,21,14.49,163.68,PISTA,OK,2,435.0,1381.0,1392.1,873.0,143.8,1,0.972,167.5,1,0.562,568.5,1,0.986,0.211,4,2,27,VERDE,70.2,442.2,0.000,1,325.3,,48.6
4186.999425,AVOID_APPROACH,pure-pursuit al punto de paso del pilar 27,21,12.41,165.53,PISTA,OK,2,430.5,1376.0,1530.0,875.0,146.8,1,0.972,170.8,1,0.589,575.0,1,1.000,0.212,4,2,27,VERDE,83.9,432.1,0.000,1,325.3,,82.1
4187.100442,AVOID_APPROACH,pure-pursuit al punto de paso del pilar 27,21,9.75,166.33,PISTA,OK,2,451.0,1371.5,1721.5,890.6,149.3,1,0.972,174.2,1,0.630,583.0,1,1.000,0.218,4,2,27,VERDE,106.2,424.0,0.000,1,325.3,,53.4
4187.198872,AVOID_APPROACH,pure-pursuit al punto de paso del pilar 27,25,7.50,168.12,PISTA,OK,2,1364.0,1364.0,2169.8,888.5,151.2,1,0.972,176.0,1,0.699,592.0,1,1.000,0.192,4,2,27,VERDE,124.2,416.2,0.000,1,325.3,,78.0
4187.299475,AVOID_APPROACH,pure-pursuit al punto de paso del pilar 27,25,5.53,169.72,PISTA,OK,2,1358.5,1358.5,2074.0,888.2,155.0,1,0.972,180.0,1,0.671,600.5,1,1.000,0.190,4,2,27,VERDE,139.8,404.9,0.000,1,325.3,,52.8
4187.399338,AVOID_APPROACH,pure-pursuit al punto de paso del pilar 27,25,3.73,171.44,PISTA,OK,2,1351.0,1351.0,2587.2,888.5,160.3,1,0.917,185.5,1,0.740,612.0,1,1.000,0.183,4,2,27,VERDE,153.2,395.2,0.000,1,325.3,,80.7
4187.499008,AVOID_APPROACH,pure-pursuit al punto de paso del pilar 27,25,1.53,173.03,PISTA,OK,2,1342.5,1342.5,2488.4,892.8,168.8,1,0.944,192.0,1,0.808,625.5,1,1.000,0.189,4,2,27,VERDE,168.9,379.4,0.000,1,325.3,,51.7
4187.598968,AVOID_APPROACH,pure-pursuit al punto de paso del pilar 27,25,0.05,173.55,PISTA,OK,2,1335.0,1335.0,621.9,892.2,176.4,1,0.944,198.0,1,0.740,638.0,1,1.000,0.208,3,2,27,VERDE,178.7,366.2,0.000,1,325.3,,81.0
4187.698133,AVOID_APPROACH,pure-pursuit al punto de paso del pilar 27,25,-1.13,174.53,PISTA,OK,2,1621.0,1621.0,601.1,892.7,184.5,1,1.000,206.5,1,0.781,652.0,1,1.000,0.210,2,1,27,VERDE,186.0,354.3,0.000,1,325.3,,53.9
4187.798146,AVOID_APPROACH,pure-pursuit al punto de paso del pilar 27,25,-2.15,175.25,PISTA,OK,2,1609.5,1609.5,599.4,890.5,192.5,1,0.944,214.5,1,0.767,665.0,1,0.986,0.212,2,1,27,VERDE,191.9,342.7,0.000,1,325.3,,76.2
4187.898809,AVOID_APPROACH,pure-pursuit al punto de paso del pilar 27,25,-2.39,175.75,PISTA,OK,2,1598.5,1598.5,600.3,891.4,201.3,1,1.000,222.0,1,0.753,675.5,1,1.000,0.206,2,1,27,VERDE,192.9,332.9,0.000,1,325.3,,51.9
4187.998413,AVOID_APPROACH,pure-pursuit al punto de paso del pilar 27,25,-2.84,176.03,PISTA,OK,2,1594.0,1594.0,579.4,893.7,210.3,1,0.944,232.5,1,0.781,688.0,1,1.000,0.211,3,1,27,VERDE,195.0,323.4,0.000,1,325.3,,81.0
4188.096655,AVOID_APPROACH,pure-pursuit al punto de paso del pilar 27,25,-3.62,176.13,PISTA,OK,2,2253.0,2253.0,295.0,894.3,218.3,1,0.944,238.5,1,0.781,696.5,1,0.986,0.801,3,1,27,VERDE,198.8,312.6,0.000,1,325.3,,50.9
4188.196501,AVOID_APPROACH,pure-pursuit al punto de paso del pilar 27,25,-3.86,176.29,PISTA,OK,2,2242.0,2242.0,289.5,894.5,229.9,1,0.972,248.5,1,0.822,706.0,1,1.000,0.801,3,1,27,VERDE,199.4,303.1,0.000,1,325.3,,78.4
4188.297513,AVOID_APPROACH,pure-pursuit al punto de paso del pilar 27,25,-4.03,176.37,PISTA,OK,2,1567.0,1567.0,280.0,895.2,239.2,1,0.917,256.5,1,0.808,718.5,1,1.000,0.801,3,1,27,VERDE,199.7,293.7,0.000,1,325.3,,51.3
4188.395692,AVOID_APPROACH,pure-pursuit al punto de paso del pilar 27,25,-4.82,176.35,PISTA,OK,2,1552.5,1552.5,261.5,894.6,247.9,1,0.944,266.5,1,0.849,728.5,1,1.000,0.802,3,1,27,VERDE,203.0,284.6,0.000,1,325.3,,79.9
4188.495209,AVOID_PASS,manteniendo rumbo mientras pasa el pilar 27,25,-0.82,176.35,PISTA,OK,2,1543.0,1543.0,245.0,894.7,257.4,1,0.944,272.2,1,0.808,736.5,1,1.000,0.803,3,1,27,VERDE,202.9,274.7,0.000,1,0.0,,47.5
4188.596658,AVOID_PASS,manteniendo rumbo mientras pasa el pilar 27,25,0.03,176.32,PISTA,OK,2,1538.0,1538.0,235.5,895.1,267.9,1,0.972,284.0,1,0.877,748.5,1,1.000,0.801,3,1,27,VERDE,203.0,265.9,0.000,1,10.1,,83.4
4188.696051,AVOID_PASS,manteniendo rumbo mientras pasa el pilar 27,25,-0.72,176.18,PISTA,OK,2,1527.5,1527.5,224.5,894.7,276.6,1,0.972,291.5,1,0.863,754.5,1,1.000,0.800,3,1,27,VERDE,199.1,256.6,0.000,1,20.1,,51.6
4188.795778,AVOID_PASS,manteniendo rumbo mientras pasa el pilar 27,25,-2.20,176.15,PISTA,OK,2,1513.5,1513.5,217.5,894.1,284.4,1,0.917,299.0,1,0.849,766.5,1,1.000,0.803,3,1,27,VERDE,198.7,247.2,0.000,1,30.1,,82.0
4188.894999,AVOID_PASS,manteniendo rumbo mientras pasa el pilar 27,25,-5.08,176.13,PISTA,OK,2,1506.0,1506.0,202.5,894.3,296.0,1,0.972,311.5,1,0.932,778.5,1,1.000,0.801,4,1,27,VERDE,198.8,239.6,0.000,1,40.0,,50.6
4188.995308,AVOID_PASS,manteniendo rumbo mientras pasa el pilar 27,25,-5.05,176.10,PISTA,OK,2,1501.0,1501.0,202.5,893.8,305.9,1,0.972,322.0,1,0.932,786.5,1,1.000,0.800,4,1,27,VERDE,202.7,229.7,0.000,1,50.0,,82.4
4189.093990,AVOID_PASS,manteniendo rumbo mientras pasa el pilar 27,25,-6.49,176.09,PISTA,OK,2,1487.0,1487.0,195.0,893.9,314.3,1,0.972,331.5,1,0.918,799.5,1,1.000,0.801,4,1,27,VERDE,198.5,221.1,0.000,1,59.9,,43.7
4189.193996,AVOID_PASS,manteniendo rumbo mientras pasa el pilar 27,25,-8.48,176.02,PISTA,OK,2,1481.5,1481.5,184.5,893.4,324.3,1,0.944,341.0,1,0.918,806.0,1,0.986,0.804,5,1,27,VERDE,197.2,212.7,0.000,1,69.9,,77.8
4189.293555,AVOID_PASS,manteniendo rumbo mientras pasa el pilar 27,25,-4.48,175.99,PISTA,OK,2,1470.5,1470.5,435.7,892.9,334.7,1,0.972,353.0,1,0.904,816.0,1,1.000,0.214,5,2,27,VERDE,198.4,203.3,0.000,1,79.8,,48.4
4189.394768,AVOID_PASS,manteniendo rumbo mientras pasa el pilar 27,25,-8.48,175.55,PISTA,OK,2,1461.0,1461.0,176.0,892.4,344.2,1,0.944,363.0,1,0.918,823.5,1,1.000,0.804,5,2,27,VERDE,200.3,194.7,0.000,1,90.0,,83.1
4189.494554,AVOID_PASS,manteniendo rumbo mientras pasa el pilar 27,25,-11.22,175.15,AZUL,OK,2,1458.5,1458.5,168.5,891.1,355.5,1,0.972,374.5,1,0.945,834.0,1,1.000,0.806,5,2,27,VERDE,194.9,188.4,0.000,1,99.9,,47.5
4189.595101,AVOID_PASS,manteniendo rumbo mientras pasa el pilar 27,25,-7.22,174.95,AZUL,OK,2,2115.5,2115.5,299.5,889.9,363.3,1,0.917,382.0,1,0.822,842.0,1,1.000,0.229,5,2,27,VERDE,194.3,179.7,0.000,1,110.0,,83.6
4189.694866,AVOID_PASS,manteniendo rumbo mientras pasa el pilar 27,25,-11.22,174.40,PISTA,OK,2,2105.0,2105.0,162.5,889.2,377.6,1,0.944,397.0,1,0.932,849.5,1,1.000,0.806,5,2,27,VERDE,193.6,171.1,0.000,1,120.0,,51.1
4189.796486,AVOID_PASS,manteniendo rumbo mientras pasa el pilar 27,25,-13.17,173.59,PISTA,OK,2,2098.0,2098.0,156.5,888.5,789.7,1,0.944,954.0,1,0.890,854.5,1,1.000,0.806,5,2,27,VERDE,185.7,166.7,0.000,1,130.1,,83.2
4189.896480,AVOID_PASS,manteniendo rumbo mientras pasa el pilar 27,25,-14.85,172.82,PISTA,OK,2,2088.0,2088.0,148.0,887.1,794.2,1,1.000,958.5,1,0.890,862.0,1,1.000,0.808,5,2,27,VERDE,184.5,159.1,0.000,1,140.1,,51.2
4189.996898,AVOID_PASS,manteniendo rumbo mientras pasa el pilar 27,25,-18.37,171.93,PISTA,OK,2,2080.0,2080.0,132.0,886.1,798.8,1,0.972,973.5,1,0.863,869.0,1,1.000,0.807,7,2,27,VERDE,178.0,154.1,0.000,1,150.2,,83.0
4190.097564,AVOID_PASS,manteniendo rumbo mientras pasa el pilar 27,25,-15.18,171.06,PISTA,OK,2,2070.5,2070.5,145.0,883.5,802.9,1,0.972,991.5,1,0.849,870.5,1,1.000,0.788,7,2,27,VERDE,175.6,146.7,0.101,1,160.2,,51.3
4190.197998,AVOID_PASS,manteniendo rumbo mientras pasa el pilar 27,25,-11.18,170.39,PISTA,OK,2,2062.5,2062.5,523.1,882.6,804.0,1,1.000,1007.0,1,0.877,874.8,1,1.000,0.216,6,2,27,VERDE,173.9,138.7,0.201,1,170.3,,83.7
4190.297835,AVOID_PASS,manteniendo rumbo mientras pasa el pilar 27,25,-15.18,168.78,PISTA,OK,2,1094.5,2056.5,138.0,883.5,795.0,1,0.972,1032.5,1,0.849,878.2,1,1.000,0.793,6,2,27,VERDE,169.9,133.5,0.301,1,180.3,,51.1
4190.397882,AVOID_PASS,manteniendo rumbo mientras pasa el pilar 27,25,-11.18,167.26,PISTA,OK,2,1084.5,2052.0,368.9,885.3,792.3,1,0.972,409.0,1,0.795,880.5,1,1.000,0.208,6,2,27,VERDE,166.3,128.0,0.401,1,190.3,,79.5
4190.495931,AVOID_PASS,manteniendo rumbo mientras pasa el pilar 27,25,-7.18,165.79,PISTA,OK,2,1076.5,2044.5,228.9,884.8,793.1,1,1.000,274.5,1,0.808,880.8,1,1.000,0.218,6,2,27,VERDE,166.3,128.0,0.401,0,200.1,,51.8
4190.596192,AVOID_PASS,manteniendo rumbo mientras pasa el pilar 27,25,-3.18,164.11,PISTA,OK,2,1067.0,2047.0,204.9,885.2,791.3,1,1.000,227.0,1,0.740,882.5,1,1.000,0.221,6,2,27,VERDE,166.3,128.0,0.401,0,210.1,,83.0
4190.696851,AVOID_PASS,manteniendo rumbo mientras pasa el pilar 27,25,0.82,162.44,PISTA,OK,2,1058.0,1883.5,229.2,888.0,786.0,1,1.000,147.0,1,0.644,889.0,1,1.000,0.217,6,2,27,VERDE,166.3,128.0,0.401,0,220.2,,53.2
4190.795238,AVOID_PASS,manteniendo rumbo mientras pasa el pilar 27,25,4.82,161.79,PISTA,OK,2,1050.0,1062.0,291.6,890.7,782.7,1,1.000,147.0,1,0.671,889.5,1,1.000,0.211,6,2,27,VERDE,166.3,128.0,0.401,0,230.0,,81.4
4190.895603,AVOID_PASS,manteniendo rumbo mientras pasa el pilar 27,25,0.82,160.76,PISTA,OK,2,1028.5,1028.5,155.8,891.8,785.4,1,0.972,146.5,1,0.603,892.5,1,1.000,0.828,6,2,27,VERDE,166.3,128.0,0.401,0,240.0,,50.5
4190.995458,AVOID_PASS,manteniendo rumbo mientras pasa el pilar 27,25,-3.18,160.35,PISTA,OK,2,1021.5,1021.5,157.3,891.1,789.7,1,1.000,146.5,1,0.767,895.8,1,1.000,0.695,6,2,27,VERDE,166.3,128.0,0.401,0,250.0,,81.5
4191.093091,AVOID_PASS,manteniendo rumbo mientras pasa el pilar 27,25,-7.18,160.27,PISTA,OK,2,1016.5,1016.5,160.9,886.8,798.3,1,0.972,147.0,1,0.849,887.5,1,1.000,0.835,6,2,27,VERDE,166.3,128.0,0.401,0,259.8,,49.4
4191.193531,AVOID_PASS,manteniendo rumbo mientras pasa el pilar 27,25,-6.92,160.27,PISTA,OK,2,1004.0,1004.0,163.1,883.1,806.9,1,0.944,149.2,1,0.932,887.2,1,1.000,0.803,6,2,27,VERDE,166.3,128.0,0.401,0,269.8,,81.6
4191.294211,AVOID_PASS,manteniendo rumbo mientras pasa el pilar 27,25,-5.43,160.07,NARANJA,OK,2,995.0,995.0,167.2,880.1,815.5,1,0.972,153.5,1,0.986,884.5,1,1.000,0.787,5,1,27,VERDE,166.3,128.0,0.401,0,279.9,,50.2
4191.392668,AVOID_PASS,manteniendo rumbo mientras pasa el pilar 27,25,-3.56,159.76,NARANJA,OK,2,984.0,984.0,172.2,879.4,821.2,1,1.000,157.0,1,0.932,882.5,1,1.000,0.797,4,1,27,VERDE,166.3,128.0,0.401,0,289.7,,77.5
4191.492109,AVOID_PASS,manteniendo rumbo mientras pasa el pilar 27,25,-2.20,159.40,PISTA,OK,2,975.0,1593.0,175.6,878.8,828.2,1,0.972,158.5,1,0.959,880.8,1,1.000,0.784,5,1,27,VERDE,166.3,128.0,0.401,0,299.7,,46.7
4191.593205,AVOID_PASS,manteniendo rumbo mientras pasa el pilar 27,25,-0.77,159.21,PISTA,OK,2,963.5,981.0,179.4,877.8,831.2,1,1.000,162.0,1,0.932,879.8,1,1.000,0.775,4,2,27,VERDE,166.3,128.0,0.401,0,309.8,,81.8
4191.690999,AVOID_PASS,manteniendo rumbo mientras pasa el pilar 27,25,1.10,158.89,PISTA,OK,2,956.5,973.5,184.1,877.3,836.4,1,1.000,165.0,1,0.932,878.5,1,1.000,0.766,3,2,27,VERDE,166.3,128.0,0.401,0,319.6,,42.7
4191.790944,RECENTER,reincorporacion tras 330 mm de sobrepaso estimado,25,-2.90,158.63,PISTA,OK,2,949.5,971.0,188.1,876.2,841.3,1,0.972,171.0,1,0.973,880.0,1,1.000,0.763,3,2,27,VERDE,166.3,128.0,0.401,0,329.6,,78.7
4191.891535,RECENTER,reincorporando por posicion lateral,25,-6.90,158.27,PISTA,OK,2,938.0,1493.5,194.1,873.2,845.4,1,1.000,173.5,1,0.959,872.0,1,1.000,0.664,3,2,27,VERDE,166.3,128.0,0.401,0,329.6,,47.3
4191.991581,RECENTER,reincorporando por posicion lateral,25,-10.90,158.13,PISTA,OK,2,930.5,953.0,194.9,867.7,856.8,1,0.972,175.5,1,0.986,131.0,1,0.986,0.783,3,2,27,VERDE,166.3,128.0,0.401,0,329.6,,79.9
4192.089177,RECENTER,reincorporando por posicion lateral,25,-14.90,157.95,PISTA,OK,2,919.5,1500.0,200.5,862.5,864.6,1,1.000,178.2,1,0.959,119.5,1,0.986,0.710,3,2,27,VERDE,166.3,128.0,0.401,0,329.6,,45.7
4192.190909,RECENTER,reincorporando por posicion lateral,25,-18.90,157.86,PISTA,OK,2,911.0,936.0,203.5,857.8,871.6,1,0.972,181.5,1,0.918,116.0,1,0.959,0.798,3,2,27,VERDE,166.3,128.0,0.401,0,329.6,,77.2
4192.290444,RECENTER,reincorporando por posicion lateral,25,-14.90,157.14,PISTA,OK,2,900.0,1471.0,210.0,743.4,878.5,1,0.917,186.5,1,0.932,116.5,1,0.973,0.216,3,2,27,VERDE,166.3,128.0,0.401,0,329.6,,47.2
4192.390846,RECENTER,reincorporando por posicion lateral,25,-10.90,155.67,PISTA,OK,2,894.0,1418.0,218.6,743.7,879.0,1,0.972,192.0,1,0.959,110.5,1,0.973,0.215,3,2,27,VERDE,166.3,128.0,0.401,0,329.6,,81.5
4192.492620,RECENTER,reincorporando por posicion lateral,25,-6.90,154.09,PISTA,OK,2,885.5,1366.5,229.0,730.0,877.7,1,1.000,196.2,1,0.973,106.2,1,0.986,0.213,4,2,27,VERDE,166.3,128.0,0.401,0,329.6,,49.6
4192.594379,RECENTER,reincorporando por posicion lateral,25,-2.90,153.30,PISTA,OK,2,875.5,1306.5,242.0,717.2,877.3,1,0.944,205.5,1,0.945,100.5,1,1.000,0.215,4,2,27,VERDE,166.3,128.0,0.401,0,329.6,,82.5
4192.694019,RECENTER,reincorporando por posicion lateral,25,1.10,151.73,PISTA,OK,2,876.5,1240.5,253.7,780.5,193.7,1,1.000,211.5,1,1.000,94.5,1,0.973,0.273,3,1,27,VERDE,166.3,128.0,0.401,0,329.6,,50.5
4192.793893,RECENTER,reincorporando por posicion lateral,25,5.10,150.12,PISTA,OK,2,1182.5,1182.5,265.6,790.0,199.8,1,0.944,219.5,1,0.973,90.0,1,0.904,0.246,3,1,27,VERDE,166.3,128.0,0.401,0,329.6,,76.6
4192.893105,RECENTER,reincorporando por posicion lateral,25,9.10,149.10,PISTA,OK,2,1158.0,1158.0,275.5,763.6,202.9,1,0.972,226.0,1,0.959,88.5,1,0.986,0.222,3,1,27,VERDE,166.3,128.0,0.401,0,329.6,,48.1
4192.992915,RECENTER,reincorporando por posicion lateral,25,13.10,148.67,PISTA,OK,2,1143.0,1143.0,283.1,695.4,205.4,1,0.972,232.0,1,0.973,90.0,1,0.945,0.218,3,1,27,VERDE,166.3,128.0,0.401,0,329.6,,79.3
4193.093652,RECENTER,reincorporando por posicion lateral,25,15.61,148.72,PISTA,OK,2,1114.0,1114.0,289.4,693.4,210.1,1,0.944,236.5,1,0.973,91.5,1,0.918,0.217,3,1,27,VERDE,166.3,128.0,0.401,0,329.6,,49.2
4193.192047,RECENTER,reincorporando por posicion lateral,25,15.44,149.06,PISTA,OK,2,1122.2,1122.2,291.9,690.6,216.3,1,0.944,241.5,1,0.945,95.8,1,0.945,0.208,4,1,27,VERDE,166.3,128.0,0.401,0,329.6,,76.9
4193.291208,RECENTER,reincorporando por posicion lateral,25,15.02,149.90,PISTA,OK,2,1123.5,1123.5,292.1,697.7,216.7,1,1.000,244.5,1,0.973,102.5,1,0.945,0.211,4,1,27,VERDE,166.3,128.0,0.401,0,329.6,,47.7
4193.390661,RECENTER,reincorporando por posicion lateral,24,14.49,150.96,PISTA,OK,2,813.0,1139.5,291.7,706.6,225.7,1,1.000,245.0,1,1.000,105.5,1,0.959,0.212,4,1,27,VERDE,166.3,128.0,0.401,0,329.6,,79.3
4193.490119,RECENTER,reincorporando por posicion lateral,24,10.49,151.94,PISTA,OK,2,801.5,1154.8,290.5,845.3,229.4,1,0.944,247.0,1,0.973,113.0,1,0.904,0.834,5,1,27,VERDE,166.3,128.0,0.401,0,329.6,,43.0
4193.590417,RECENTER,reincorporando por posicion lateral,24,6.49,153.08,PISTA,OK,2,786.5,1180.0,288.4,836.0,231.4,1,0.944,246.5,1,0.973,121.5,1,0.945,0.867,5,1,27,VERDE,166.3,128.0,0.401,0,329.6,,79.8
4193.689562,RECENTER,reincorporando por posicion lateral,24,2.49,153.60,PISTA,OK,2,779.5,1197.0,286.7,822.6,240.4,1,0.972,248.2,1,0.986,127.5,1,0.945,0.930,5,1,27,VERDE,166.3,128.0,0.401,0,329.6,,39.4
4193.788903,RECENTER,reincorporando por posicion lateral,24,-1.51,154.70,PISTA,OK,2,769.0,1229.0,284.1,810.1,244.2,1,0.917,250.5,1,0.945,134.5,1,0.932,0.941,5,1,27,VERDE,166.3,128.0,0.401,0,329.6,,73.8
4193.888521,RECENTER,reincorporando por posicion lateral,24,-5.51,155.79,PISTA,OK,2,762.0,1275.0,282.2,800.8,246.6,1,0.972,250.0,1,0.973,142.0,1,0.973,0.936,4,1,27,VERDE,166.3,128.0,0.401,0,329.6,,45.8
4193.989798,RECENTER,reincorporando por posicion lateral,24,-9.51,156.48,PISTA,OK,2,754.5,1290.5,282.6,793.4,250.3,1,1.000,251.8,1,0.986,148.0,1,1.000,0.926,4,1,27,VERDE,166.3,128.0,0.401,0,329.6,,76.1
4194.089496,RECENTER,reincorporando por posicion lateral,24,-13.51,156.70,PISTA,OK,2,745.0,1299.0,285.5,788.1,156.5,1,0.972,253.5,1,0.986,158.0,1,0.986,0.905,4,1,27,VERDE,166.3,128.0,0.401,0,329.6,,45.8
4194.189880,RECENTER,reincorporando por posicion lateral,24,-17.51,156.57,PISTA,OK,2,734.5,1303.8,289.6,783.7,157.7,1,1.000,256.8,1,0.986,163.5,1,0.986,0.893,4,1,27,VERDE,166.3,128.0,0.401,0,329.6,,79.2
4194.290954,RECENTER,reincorporando por posicion lateral,24,-20.00,156.06,PISTA,OK,2,726.0,1312.5,296.6,781.8,155.2,1,0.889,262.5,1,0.918,168.5,1,0.959,0.876,4,1,27,VERDE,166.3,128.0,0.401,0,329.6,,44.0
4194.391521,RECENTER,reincorporando por posicion lateral,23,-20.00,154.50,PISTA,OK,2,717.0,1270.5,304.6,781.2,160.6,1,0.889,266.2,1,0.973,177.5,1,0.973,0.866,4,1,27,VERDE,166.3,128.0,0.401,0,329.6,,76.2
4194.491465,RECENTER,reincorporando por posicion lateral,23,-20.00,153.73,PISTA,OK,2,710.5,1242.0,314.9,782.0,148.9,1,0.917,273.5,1,0.986,180.5,1,0.959,0.847,3,1,27,VERDE,166.3,128.0,0.401,0,329.6,,48.9
4194.591683,RECENTER,reincorporando por posicion lateral,23,-20.00,152.14,PISTA,OK,2,706.5,1191.5,326.6,784.0,153.0,1,0.917,280.0,1,0.973,185.0,1,0.973,0.829,3,1,27,VERDE,166.3,128.0,0.401,0,329.6,,80.4
4194.693344,RECENTER,reincorporando por posicion lateral,23,-20.00,150.50,PISTA,OK,2,704.0,1126.5,338.6,787.2,154.6,1,0.917,285.5,1,0.973,186.5,1,0.973,0.820,3,1,27,VERDE,166.3,128.0,0.401,0,329.6,,47.9
4194.792840,RECENTER,reincorporando por posicion lateral,25,-20.00,149.67,PISTA,OK,2,1103.5,1103.5,351.6,789.4,157.1,1,0.889,293.5,1,0.973,191.8,1,0.973,0.811,3,1,27,VERDE,166.3,128.0,0.401,0,329.6,,79.2
4194.892230,RECENTER,reincorporando por posicion lateral,25,-20.00,148.10,PISTA,OK,2,1052.0,1052.0,365.2,794.3,161.6,1,0.944,301.0,1,0.986,196.8,1,0.986,0.763,3,1,27,VERDE,166.3,128.0,0.401,0,329.6,,49.2
4194.993610,RECENTER,reincorporando por posicion lateral,25,-20.00,146.37,PISTA,OK,2,1016.0,1016.0,392.8,797.6,166.3,1,0.972,309.5,1,1.000,202.5,1,0.959,0.370,2,1,27,VERDE,166.3,128.0,0.401,0,329.6,,80.2
4195.091233,RECENTER,reincorporando por posicion lateral,25,-20.00,144.69,PISTA,OK,2,971.5,971.5,413.5,800.5,172.0,1,0.917,315.5,1,0.986,207.8,1,0.959,0.307,2,1,27,VERDE,166.3,128.0,0.401,0,329.6,,48.5
4195.191094,RECENTER,reincorporando por posicion lateral,25,-20.00,143.80,PISTA,OK,2,933.5,933.5,415.6,800.0,175.7,1,0.972,324.5,1,0.986,214.5,1,1.000,0.633,2,1,27,VERDE,166.3,128.0,0.401,0,329.6,,80.3
4195.292174,RECENTER,reincorporando por posicion lateral,25,-20.00,142.12,PISTA,OK,2,905.0,905.0,434.9,795.0,181.9,1,0.972,332.0,1,1.000,217.8,1,0.959,0.544,2,1,27,VERDE,166.3,128.0,0.401,0,329.6,,50.7
4195.392136,RECENTER,reincorporando por posicion lateral,25,-19.91,140.42,PISTA,OK,2,876.5,876.5,455.3,794.4,183.9,1,0.972,340.5,1,1.000,222.5,1,0.973,0.420,2,1,27,VERDE,166.3,128.0,0.401,0,329.6,,78.5
4195.490991,RECENTER,reincorporando por posicion lateral,25,-17.21,138.59,PISTA,OK,2,850.5,850.5,478.2,796.1,187.0,1,0.944,348.5,1,0.986,228.0,1,0.959,0.304,2,1,27,VERDE,166.3,128.0,0.401,0,329.6,,47.8
4195.591016,RECENTER,reincorporando por posicion lateral,24,-13.21,136.88,PISTA,OK,2,821.0,821.0,500.4,796.1,192.9,1,0.972,355.0,1,1.000,233.0,1,0.959,0.227,2,1,27,VERDE,166.3,128.0,0.401,0,329.6,,81.0
4195.690436,RECENTER,reincorporando por posicion lateral,24,-9.21,136.04,PISTA,OK,2,788.5,788.5,521.7,786.7,195.4,1,0.944,363.0,1,1.000,237.5,1,0.945,0.209,2,1,27,VERDE,166.3,128.0,0.401,0,329.6,,46.8
4195.790068,RECENTER,reincorporando por posicion lateral,24,-5.21,133.34,PISTA,OK,2,759.5,759.5,550.5,794.1,200.7,1,0.972,369.0,1,0.986,240.0,1,0.945,0.206,2,1,27,VERDE,166.3,128.0,0.401,0,329.6,,77.1
4195.889469,RECENTER,reincorporando por posicion lateral,24,-9.21,132.45,PISTA,OK,2,728.0,728.0,538.2,791.4,204.0,1,0.944,375.5,1,1.000,243.8,1,0.945,0.335,2,1,27,VERDE,166.3,128.0,0.401,0,329.6,,47.3
4195.989202,RECENTER,reincorporando por posicion lateral,23,-5.21,130.91,PISTA,OK,2,707.0,707.0,584.6,798.2,208.5,1,0.972,383.0,1,1.000,248.0,1,0.973,0.198,2,1,27,VERDE,166.3,128.0,0.401,0,329.6,,81.2
4196.088925,CRUISE,reincorporacion verificada,23,-1.21,129.72,PISTA,OK,2,689.0,689.0,596.2,788.4,212.6,1,0.944,387.8,1,0.986,254.8,1,0.932,0.195,2,1,,,,,,0,329.6,,46.9
4196.188740,CRUISE,crucero centrado por paredes,23,2.79,129.08,PISTA,OK,2,667.5,667.5,602.2,799.3,217.5,1,0.944,397.0,1,0.986,258.5,1,0.932,0.191,2,1,,,,,,0,329.6,,80.5
4196.287969,TURN,giro de esquina por IMU y reapertura frontal,23,25.00,127.83,PISTA,OK,2,651.0,651.0,612.6,795.3,219.9,1,0.972,404.0,1,0.973,262.5,1,0.959,0.189,2,1,,,,,,0,329.6,,46.6
4196.387931,TURN,giro de esquina por IMU y reapertura frontal,23,25.00,126.68,PISTA,OK,2,639.0,639.0,633.5,798.2,226.5,1,0.944,410.5,1,0.986,268.0,1,0.932,0.190,2,1,,,,,,0,329.6,,78.1
4196.487091,TURN,giro de esquina por IMU y reapertura frontal,23,25.00,126.67,PISTA,OK,2,621.0,621.0,643.9,802.1,230.2,1,0.944,418.5,1,1.000,271.0,1,0.945,0.187,2,1,,,,,,0,329.6,,45.5
4196.587047,TURN,giro de esquina por IMU y reapertura frontal,23,25.00,127.62,PISTA,OK,2,618.5,618.5,645.3,780.9,233.5,1,0.972,422.5,1,1.000,281.5,1,0.932,0.190,2,1,,,,,,0,329.6,,78.6
4196.685566,TURN,giro de esquina por IMU y reapertura frontal,23,25.00,129.31,PISTA,OK,2,626.0,626.0,644.1,771.2,238.4,1,0.972,426.5,1,1.000,288.5,1,0.932,0.193,2,1,,,,,,0,329.6,,44.2
4196.785460,TURN,giro de esquina por IMU y reapertura frontal,23,25.00,130.91,PISTA,OK,2,632.5,632.5,635.8,759.2,242.1,1,0.944,431.0,1,1.000,295.0,1,0.918,0.236,3,1,,,,,,0,329.6,,76.3
4196.885120,TURN,giro de esquina por IMU y reapertura frontal,23,25.00,132.67,PISTA,OK,2,639.5,639.5,629.4,747.2,251.2,1,0.917,433.5,1,1.000,303.0,1,0.904,0.344,3,1,,,,,,0,329.6,,42.2
4196.984953,TURN,giro de esquina por IMU y reapertura frontal,23,25.00,134.41,PISTA,OK,2,649.0,649.0,621.5,739.3,259.6,1,0.944,437.0,1,1.000,309.5,1,0.973,0.410,3,1,,,,,,0,329.6,,74.1
4197.086153,TURN,giro de esquina por IMU y reapertura frontal,23,25.00,135.33,PISTA,OK,2,667.0,667.0,615.7,724.1,272.2,1,0.889,440.2,1,1.000,317.5,1,0.945,0.457,3,1,,,,,,0,329.6,,43.2
4197.186262,TURN,giro de esquina por IMU y reapertura frontal,23,25.00,137.01,PISTA,OK,2,672.5,672.5,610.8,713.2,282.3,1,0.889,441.5,1,1.000,326.0,1,0.918,0.554,3,1,,,,,,0,329.6,,77.4
4197.286977,TURN,giro de esquina por IMU y reapertura frontal,23,25.00,138.74,PISTA,OK,2,679.5,679.5,606.9,704.6,292.7,1,0.944,443.5,1,1.000,331.5,1,0.945,0.605,3,1,,,,,,0,329.6,,40.0
4197.387916,TURN,giro de esquina por IMU y reapertura frontal,23,25.00,140.53,PISTA,OK,2,695.0,695.0,599.2,693.5,301.6,1,0.917,444.0,1,1.000,338.5,1,0.918,0.662,3,1,,,,,,0,329.6,,78.5
4197.487919,TURN,giro de esquina por IMU y reapertura frontal,23,25.00,142.34,PISTA,OK,2,716.5,716.5,582.9,686.1,314.9,1,0.944,444.8,1,1.000,347.5,1,0.945,0.804,3,1,,,,,,0,329.6,,45.4
4197.587988,TURN,giro de esquina por IMU y reapertura frontal,23,25.00,143.14,PISTA,OK,2,721.0,721.0,576.8,675.6,324.3,1,0.972,446.5,1,1.000,355.0,1,0.959,0.804,3,1,,,,,,0,329.6,,76.5
4197.687901,TURN,giro de esquina por IMU y reapertura frontal,24,25.00,144.96,PISTA,OK,2,744.0,744.0,564.5,663.1,332.8,1,1.000,446.8,1,1.000,359.5,1,0.986,0.848,3,1,,,,,,0,329.6,,45.5
4197.788502,TURN,giro de esquina por IMU y reapertura frontal,24,25.00,146.67,PISTA,OK,2,762.5,762.5,556.6,650.8,344.5,1,0.944,446.0,1,1.000,369.0,1,0.959,0.832,3,1,,,,,,0,329.6,,78.9
4197.889240,TURN,giro de esquina por IMU y reapertura frontal,24,25.00,148.65,PISTA,OK,2,784.5,784.5,548.5,637.8,356.0,1,0.917,446.8,1,0.986,376.5,1,0.945,0.767,3,1,,,,,,0,329.6,,45.2
4197.987961,TURN,giro de esquina por IMU y reapertura frontal,24,25.00,150.40,PISTA,OK,2,815.0,815.0,533.7,626.4,363.1,1,0.944,446.0,1,1.000,381.8,1,0.959,0.865,3,1,,,,,,0,329.6,,79.0
4198.087247,TURN,giro de esquina por IMU y reapertura frontal,24,25.00,151.28,PISTA,OK,2,833.5,833.5,522.0,615.3,413.7,1,0.972,445.5,1,1.000,625.0,1,0.959,0.892,3,1,,,,,,0,329.6,,46.3
4198.188410,TURN,giro de esquina por IMU y reapertura frontal,25,25.00,153.11,PISTA,OK,2,868.5,868.5,511.7,606.1,422.3,1,1.000,444.5,1,1.000,614.0,1,0.973,0.922,3,1,,,,,,0,329.6,,77.8
4198.287815,TURN,giro de esquina por IMU y reapertura frontal,25,25.00,154.95,PISTA,OK,2,902.0,902.0,502.4,597.5,432.1,1,0.972,444.5,1,0.986,606.0,1,0.986,0.916,3,1,,,,,,0,329.6,,47.2
4198.387318,TURN,giro de esquina por IMU y reapertura frontal,25,25.00,156.96,PISTA,OK,2,926.5,926.5,492.2,589.9,439.5,1,0.972,442.0,1,0.986,590.0,1,0.986,0.899,3,1,,,,,,0,329.6,,76.2
4198.487009,TURN,giro de esquina por IMU y reapertura frontal,21,25.00,159.00,PISTA,OK,2,451.5,984.5,510.5,582.9,447.3,1,0.972,440.5,1,0.986,585.5,1,0.973,0.226,3,1,,,,,,0,329.6,,45.0
4198.586663,TURN,giro de esquina por IMU y reapertura frontal,21,25.00,160.08,PISTA,OK,2,441.5,1029.0,501.3,577.4,457.9,1,1.000,438.0,1,1.000,579.5,1,0.959,0.221,3,1,,,,,,0,329.6,,79.1
4198.685733,TURN,giro de esquina por IMU y reapertura frontal,21,25.00,161.82,PISTA,OK,2,432.0,1109.0,495.4,573.4,463.2,1,1.000,436.0,1,0.986,570.5,1,0.945,0.220,3,1,,,,,,0,329.6,,42.2
4198.785587,TURN,giro de esquina por IMU y reapertura frontal,21,25.00,163.53,PISTA,OK,2,426.0,1126.0,460.6,570.3,465.7,1,1.000,434.5,1,1.000,567.0,1,0.973,0.862,3,1,,,,,,0,329.6,,78.5
4198.885469,TURN,giro de esquina por IMU y reapertura frontal,21,25.00,165.08,PISTA,OK,2,417.0,1221.0,455.5,567.5,469.6,1,0.972,433.2,1,0.986,561.0,1,0.959,0.872,3,1,,,,,,0,329.6,,45.3
4198.985973,TURN,giro de esquina por IMU y reapertura frontal,21,25.00,166.70,PISTA,OK,2,412.5,1325.0,454.7,566.0,482.9,1,0.972,431.5,1,0.986,557.5,1,0.959,0.912,3,1,,,,,,0,329.6,,79.3
4199.084612,TURN,giro de esquina por IMU y reapertura frontal,21,25.00,167.43,PISTA,OK,2,406.0,425.5,449.4,564.9,498.5,1,0.972,429.5,1,0.986,555.5,1,0.973,0.906,3,1,,,,,,0,329.6,,38.9
4199.183892,TURN,giro de esquina por IMU y reapertura frontal,21,25.00,169.01,PISTA,OK,2,401.5,1418.0,443.9,564.3,502.5,1,0.972,427.5,1,1.000,553.0,1,0.945,0.889,4,1,,,,,,0,329.6,,71.9
4199.282914,TURN,giro de esquina por IMU y reapertura frontal,21,25.00,170.51,PISTA,OK,2,404.0,1424.5,439.8,564.2,505.8,1,0.917,425.8,1,0.973,552.0,1,0.959,0.892,4,1,,,,,,0,329.6,,41.9
4199.382822,TURN,giro de esquina por IMU y reapertura frontal,21,25.00,172.15,PISTA,OK,2,395.5,1419.0,434.3,564.5,519.8,1,0.944,422.5,1,0.973,551.5,1,0.973,0.887,3,2,,,,,,0,329.6,,72.6
4199.482906,TURN,giro de esquina por IMU y reapertura frontal,21,25.00,173.82,PISTA,OK,2,391.0,1414.5,430.0,565.0,536.5,1,0.917,419.5,1,0.973,552.0,1,0.959,0.890,3,2,,,,,,0,329.6,,42.6
4199.583531,TURN,giro de esquina por IMU y reapertura frontal,21,25.00,174.55,PISTA,OK,2,385.5,1408.0,425.6,566.1,544.3,1,0.944,416.0,1,0.973,554.5,1,0.986,0.893,3,2,,,,,,0,329.6,,76.3
4199.682339,TURN,giro de esquina por IMU y reapertura frontal,21,25.00,176.21,PISTA,OK,2,380.0,1403.0,421.6,568.0,555.0,1,0.972,413.5,1,0.973,555.5,1,0.986,0.900,3,2,,,,,,0,329.6,,40.5
4199.781036,TURN,giro de esquina por IMU y reapertura frontal,20,25.00,177.83,PISTA,OK,2,375.5,1398.0,418.7,570.4,571.4,1,0.889,410.5,1,0.973,557.2,1,0.973,0.896,3,2,,,,,,0,329.6,,69.9
4199.882810,TURN,giro de esquina por IMU y reapertura frontal,20,25.00,179.35,PISTA,OK,2,371.0,1393.0,414.7,572.6,580.8,1,0.889,407.0,1,0.959,561.5,1,0.959,0.898,3,2,,,,,,0,329.6,,39.5
4199.980554,TURN,giro de esquina por IMU y reapertura frontal,25,25.00,180.14,PISTA,OK,2,1387.5,1387.5,411.4,575.1,860.9,1,0.944,404.5,1,0.959,562.8,1,1.000,0.907,3,2,,,,,,0,329.6,,72.4
4200.081827,TURN,giro de esquina por IMU y reapertura frontal,25,25.00,181.75,PISTA,OK,2,1383.0,1383.0,407.3,578.6,841.3,1,0.889,398.5,1,0.986,565.2,1,0.959,0.898,3,2,,,,,,0,329.6,,41.8
4200.181639,TURN,giro de esquina por IMU y reapertura frontal,25,25.00,183.98,PISTA,OK,2,1379.5,1379.5,402.3,583.4,812.2,1,0.917,396.5,1,0.945,571.5,1,0.973,0.867,3,2,,,,,,0,329.6,,74.9
4200.285127,CRUISE,esquina 3 verificada,25,21.00,185.99,PISTA,OK,3,1374.0,1374.0,397.8,589.0,786.0,1,0.833,391.0,1,0.959,576.2,1,0.932,0.866,3,2,,,,,,0,329.6,,42.4
4200.381476,AVOID_APPROACH,pure-pursuit al punto de paso del pilar 38,25,17.00,187.11,PISTA,OK,3,1366.5,1366.5,392.7,595.7,754.8,1,0.944,385.0,1,0.932,579.0,1,1.000,0.840,3,3,38,VERDE,160.7,319.0,0.000,1,329.6,,73.9
4200.482942,AVOID_APPROACH,pure-pursuit al punto de paso del pilar 38,25,13.00,189.30,PISTA,OK,3,1360.0,1360.0,387.9,604.9,731.5,1,0.944,379.5,1,0.959,587.2,1,0.986,0.853,2,2,38,VERDE,171.7,305.3,0.000,1,329.6,,42.3
4200.582791,AVOID_APPROACH,pure-pursuit al punto de paso del pilar 38,25,9.00,191.41,PISTA,OK,3,1353.5,1353.5,383.5,615.0,528.8,1,0.944,375.5,1,0.986,594.0,1,0.973,0.826,2,2,38,VERDE,184.5,292.4,0.000,1,329.6,,76.0
4200.682764,AVOID_PASS,manteniendo rumbo mientras pasa el pilar 38,25,5.00,193.46,PISTA,OK,3,1350.5,1350.5,378.4,627.4,530.0,1,0.972,370.0,1,0.973,601.0,1,1.000,0.832,2,2,38,VERDE,204.3,278.3,0.000,1,0.0,,43.3
4200.783277,AVOID_PASS,manteniendo rumbo mientras pasa el pilar 38,25,1.00,195.98,PISTA,OK,3,1345.5,1345.5,373.9,640.5,534.2,1,0.944,365.5,1,0.959,609.5,1,0.986,0.828,2,2,38,VERDE,220.0,261.1,0.000,1,10.1,,77.6
4200.886522,AVOID_PASS,manteniendo rumbo mientras pasa el pilar 38,25,-3.00,197.38,PISTA,OK,3,1343.0,1343.0,370.1,655.4,538.0,1,0.944,363.2,1,0.932,616.5,1,1.000,0.842,2,2,38,VERDE,230.5,246.3,0.000,1,20.4,,42.5
4200.984279,AVOID_PASS,manteniendo rumbo mientras pasa el pilar 38,24,-4.38,197.84,PISTA,OK,3,762.0,1339.0,366.4,665.6,544.3,1,0.944,360.5,1,0.932,620.5,1,1.000,0.858,2,2,38,VERDE,239.5,233.2,0.000,1,30.2,,76.9
4201.084841,AVOID_PASS,manteniendo rumbo mientras pasa el pilar 38,24,-5.00,198.46,PISTA,OK,3,746.5,1333.8,363.1,674.6,550.7,1,0.972,355.0,1,0.959,626.0,1,1.000,0.873,2,2,38,VERDE,247.8,217.6,0.000,1,39.8,,112.3
4201.184209,AVOID_PASS,manteniendo rumbo mientras pasa el pilar 38,24,-5.02,198.48,PISTA,OK,3,738.5,1328.5,360.1,678.9,560.6,1,0.972,352.5,1,0.959,630.5,1,1.000,0.889,2,2,38,VERDE,243.3,211.4,0.000,1,49.3,,75.2
4201.285454,AVOID_PASS,manteniendo rumbo mientras pasa el pilar 38,24,-5.02,198.48,PISTA,OK,3,728.0,1320.5,355.7,682.1,566.7,1,0.972,349.5,1,0.904,633.8,1,1.000,0.877,2,2,38,VERDE,247.5,200.0,0.000,1,59.1,,44.9
4201.385058,AVOID_PASS,manteniendo rumbo mientras pasa el pilar 38,23,-4.99,198.45,PISTA,OK,3,722.2,1312.0,352.2,685.2,579.8,1,0.944,345.2,1,0.918,636.2,1,1.000,0.889,2,2,38,VERDE,245.9,192.9,0.000,1,68.6,,77.2
4201.484523,AVOID_PASS,manteniendo rumbo mientras pasa el pilar 38,23,-4.86,198.32,PISTA,OK,3,724.0,1304.5,348.7,687.1,587.8,1,0.944,343.0,1,0.918,639.5,1,1.000,0.870,2,2,38,VERDE,245.2,181.9,0.000,1,77.8,,41.4
4201.583901,AVOID_PASS,manteniendo rumbo mientras pasa el pilar 38,23,-4.74,198.20,PISTA,OK,3,716.5,1298.0,345.7,690.1,594.8,1,0.972,337.5,1,0.973,641.0,1,1.000,0.867,2,2,38,VERDE,243.4,177.4,0.000,1,86.9,,75.0
4201.683411,AVOID_PASS,manteniendo rumbo mientras pasa el pilar 38,23,-4.64,198.10,PISTA,OK,3,712.0,1284.0,342.0,691.8,606.1,1,0.972,334.5,1,0.932,644.5,1,1.000,0.870,2,2,38,VERDE,240.5,170.0,0.000,1,96.1,,42.7
4201.783168,AVOID_PASS,manteniendo rumbo mientras pasa el pilar 38,25,-4.49,197.95,PISTA,OK,3,1274.5,1274.5,338.7,694.2,612.7,1,0.944,332.0,1,0.918,648.5,1,1.000,0.848,2,2,38,VERDE,239.3,161.0,0.000,1,105.3,,76.9
4201.882309,AVOID_PASS,manteniendo rumbo mientras pasa el pilar 38,25,-4.35,197.81,PISTA,OK,3,1270.5,1270.5,335.8,696.8,620.7,1,1.000,327.5,1,0.945,651.0,1,1.000,0.853,2,2,38,VERDE,240.9,152.8,0.000,1,115.2,,42.6
4201.982348,AVOID_PASS,manteniendo rumbo mientras pasa el pilar 38,25,-4.22,197.68,PISTA,OK,3,1257.5,1257.5,332.2,698.7,630.6,1,0.944,324.5,1,0.904,652.8,1,0.986,0.851,2,2,38,VERDE,238.4,147.9,0.000,1,125.2,,76.5
4202.083311,AVOID_PASS,manteniendo rumbo mientras pasa el pilar 38,25,-4.13,197.59,PISTA,OK,3,1248.0,1248.0,328.5,701.0,644.3,1,0.917,323.0,1,0.918,657.0,1,0.986,0.835,2,2,38,VERDE,241.4,137.1,0.000,1,135.3,,43.7
4202.181531,AVOID_PASS,manteniendo rumbo mientras pasa el pilar 38,25,-3.97,197.43,PISTA,OK,3,1238.5,1238.5,325.3,703.2,651.5,1,0.972,316.5,1,0.918,659.0,1,1.000,0.832,2,2,38,VERDE,238.4,130.3,0.000,1,145.1,,73.7
4202.281138,AVOID_PASS,manteniendo rumbo mientras pasa el pilar 38,25,-3.85,197.31,PISTA,OK,3,1232.5,1232.5,322.3,705.4,709.6,1,0.917,314.0,1,0.918,663.0,1,0.986,0.828,2,2,38,VERDE,239.9,123.5,0.000,1,155.0,,40.9
4202.380983,AVOID_PASS,manteniendo rumbo mientras pasa el pilar 38,25,-3.71,197.17,PISTA,OK,3,1223.5,1223.5,318.7,708.3,711.4,1,0.944,309.5,1,0.877,665.5,1,1.000,0.831,2,2,38,VERDE,237.2,114.0,0.000,1,165.0,,72.3
4202.480098,AVOID_PASS,manteniendo rumbo mientras pasa el pilar 38,25,-3.63,197.09,PISTA,OK,3,1214.5,1214.5,315.0,710.1,720.4,1,0.972,307.5,1,0.877,667.2,1,1.000,0.839,2,2,38,VERDE,237.8,108.1,0.000,1,174.9,,40.1
4202.580221,AVOID_PASS,manteniendo rumbo mientras pasa el pilar 38,25,-3.50,196.96,PISTA,OK,3,1205.0,1205.0,311.8,712.8,722.9,1,0.972,302.0,1,0.890,670.0,1,1.000,0.835,2,2,38,VERDE,239.2,98.9,0.000,1,185.0,,74.2
4202.680651,AVOID_PASS,manteniendo rumbo mientras pasa el pilar 38,25,-3.35,196.81,PISTA,OK,3,1194.5,1194.5,309.0,715.1,727.0,1,0.944,300.0,1,0.918,673.2,1,1.000,0.831,2,2,38,VERDE,236.2,92.3,0.000,1,195.0,,41.2
4202.780462,AVOID_PASS,manteniendo rumbo mientras pasa el pilar 38,25,-3.21,196.67,PISTA,OK,3,1187.0,1187.0,305.7,718.0,730.5,1,0.972,298.5,1,0.918,676.0,1,1.000,0.831,2,2,38,VERDE,235.0,85.6,0.000,1,205.0,,75.0
4202.878990,AVOID_PASS,manteniendo rumbo mientras pasa el pilar 38,25,-3.03,196.49,PISTA,OK,3,1174.5,1174.5,302.4,720.2,732.7,1,0.972,298.0,1,0.877,679.2,1,0.986,0.812,2,2,38,VERDE,234.6,78.1,0.000,1,214.8,,107.7
4202.980366,AVOID_PASS,manteniendo rumbo mientras pasa el pilar 38,25,-2.97,196.43,PISTA,OK,3,1167.5,1167.5,299.1,722.3,745.4,1,0.972,295.0,1,0.918,681.5,1,1.000,0.817,2,2,38,VERDE,234.1,70.9,0.000,1,225.0,,68.9
4203.080458,AVOID_PASS,manteniendo rumbo mientras pasa el pilar 38,25,-2.79,196.25,PISTA,OK,3,1158.0,1158.0,296.0,725.0,740.9,1,0.972,288.0,1,0.877,685.5,1,1.000,0.828,2,2,38,VERDE,233.2,63.4,0.000,1,235.0,,105.7
4203.181856,AVOID_PASS,manteniendo rumbo mientras pasa el pilar 38,25,-2.62,196.08,PISTA,OK,3,1146.5,1146.5,293.1,728.2,747.5,1,0.917,285.8,1,0.836,687.5,1,0.986,0.835,2,2,38,VERDE,233.3,54.6,0.000,1,245.1,,74.4
4203.282952,AVOID_PASS,manteniendo rumbo mientras pasa el pilar 38,25,-2.52,195.98,PISTA,OK,3,1140.0,1140.0,290.0,730.9,755.3,1,0.972,284.0,1,0.849,690.8,1,1.000,0.816,2,2,38,VERDE,231.1,48.4,0.000,1,255.2,,40.3
4203.383318,AVOID_PASS,manteniendo rumbo mientras pasa el pilar 38,25,-2.43,195.89,PISTA,OK,3,1128.0,1128.0,286.2,733.6,758.9,1,0.917,278.5,1,0.863,693.0,1,0.986,0.824,2,2,38,VERDE,231.5,40.7,0.000,1,265.3,,77.2
4203.483133,AVOID_PASS,manteniendo rumbo mientras pasa el pilar 38,25,-2.31,195.77,PISTA,OK,3,1121.5,1121.5,283.2,737.1,711.6,1,0.944,275.8,1,0.904,696.0,1,1.000,0.803,2,2,38,VERDE,232.2,33.7,0.000,1,275.2,,40.9
4203.581310,AVOID_PASS,manteniendo rumbo mientras pasa el pilar 38,25,-2.20,195.66,PISTA,OK,3,1110.0,1110.0,279.5,739.0,765.5,1,0.861,272.5,1,0.877,699.0,1,0.945,0.793,2,2,38,VERDE,230.5,28.6,0.000,1,285.1,,72.2
4203.682201,AVOID_PASS,manteniendo rumbo mientras pasa el pilar 38,25,-2.05,195.51,PISTA,OK,3,1101.0,1101.0,276.6,742.6,687.7,1,0.917,272.0,1,0.877,233.5,1,0.986,0.797,2,2,38,VERDE,232.1,19.0,0.000,1,295.2,,42.3
4203.783690,AVOID_PASS,manteniendo rumbo mientras pasa el pilar 38,25,-1.94,195.40,PISTA,OK,3,1091.5,1091.5,274.0,745.6,762.8,1,0.944,267.5,1,0.932,224.5,1,0.973,0.786,2,2,38,VERDE,231.8,8.8,0.000,1,305.3,,76.8
4203.881826,AVOID_PASS,manteniendo rumbo mientras pasa el pilar 38,25,-1.89,195.35,PISTA,OK,3,1085.0,1085.0,269.4,748.3,676.6,1,0.889,264.5,1,0.836,221.0,1,0.986,0.783,2,2,38,VERDE,230.6,3.4,0.000,1,315.1,,110.5
4203.981114,RECENTER,reincorporacion tras 325 mm de sobrepaso estimado,25,-5.89,195.22,PISTA,OK,3,1074.5,1074.5,266.6,750.4,691.6,1,0.889,262.2,1,0.836,224.0,1,0.973,0.778,2,2,38,VERDE,231.0,-5.1,0.000,1,325.0,,74.2
4204.080588,RECENTER,reincorporando por posicion lateral,25,-9.89,195.11,PISTA,OK,3,1065.0,1065.0,264.2,753.1,655.7,1,0.917,260.5,1,0.822,225.0,1,0.986,0.716,2,2,38,VERDE,231.0,-5.1,0.000,1,325.0,,41.8
4204.180359,RECENTER,reincorporando por posicion lateral,25,-13.89,195.19,PISTA,OK,3,1054.5,1054.5,260.6,756.1,696.8,1,0.944,257.5,1,0.890,226.8,1,1.000,0.773,2,2,38,VERDE,231.0,-5.1,0.000,1,325.0,,75.0
4204.281918,RECENTER,reincorporando por posicion lateral,25,-17.89,194.92,PISTA,OK,3,1046.5,1046.5,257.4,763.2,651.2,1,0.917,255.0,1,0.863,230.0,1,0.973,0.726,3,2,38,VERDE,231.0,-5.1,0.000,1,325.0,,41.8
4204.379232,RECENTER,reincorporando por posicion lateral,25,-20.00,194.57,PISTA,OK,3,1035.0,1035.0,256.0,763.3,709.5,1,0.917,251.0,1,0.849,230.0,1,0.986,0.736,3,2,38,VERDE,231.0,-5.1,0.000,1,325.0,,74.9
4204.480272,RECENTER,reincorporando por posicion lateral,25,-20.00,193.56,PISTA,OK,3,1026.0,1026.0,253.8,761.7,636.7,1,0.833,253.0,1,0.808,229.5,1,0.973,0.684,3,2,38,VERDE,231.0,-5.1,0.000,1,325.0,,41.5
4204.580082,RECENTER,reincorporando por posicion lateral,25,-20.00,192.00,PISTA,OK,3,1015.0,1015.0,251.4,758.4,604.0,1,0.889,250.2,1,0.863,229.5,1,1.000,0.689,3,2,38,VERDE,231.0,-5.1,0.000,1,325.0,,72.7
4204.680904,RECENTER,reincorporando por posicion lateral,25,-20.00,190.42,PISTA,OK,3,1005.0,1005.0,251.1,752.6,562.1,1,0.889,251.5,1,0.877,227.8,1,0.986,0.684,3,2,38,VERDE,231.0,-5.1,0.000,1,325.0,,40.8
4204.779212,RECENTER,reincorporando por posicion lateral,25,-20.00,188.70,PISTA,OK,3,994.0,994.0,250.8,746.4,514.8,1,0.833,250.2,1,0.849,225.5,1,0.959,0.680,3,2,38,VERDE,231.0,-5.1,0.000,1,325.0,,75.1
4204.878802,RECENTER,reincorporando por posicion lateral,25,-20.00,187.93,PISTA,OK,3,986.0,986.0,252.0,741.3,487.8,1,0.833,252.8,1,0.795,225.8,1,0.973,0.716,3,2,38,VERDE,231.0,-5.1,0.000,1,325.0,,39.0
4204.978698,RECENTER,reincorporando por posicion lateral,25,-20.00,186.15,PISTA,OK,3,976.5,976.5,249.8,736.7,455.9,1,0.778,256.2,1,0.877,223.5,1,0.932,0.618,3,2,38,VERDE,231.0,-5.1,0.000,1,325.0,,72.7
4205.077730,RECENTER,reincorporando por posicion lateral,25,-16.00,184.32,PISTA,OK,3,968.0,968.0,327.6,731.9,448.5,1,0.694,258.5,1,0.836,224.0,1,0.932,0.218,3,2,38,VERDE,231.0,-5.1,0.000,1,325.0,,39.5
4205.177676,RECENTER,reincorporando por posicion lateral,25,-12.00,183.51,PISTA,OK,3,956.5,956.5,335.1,726.9,435.0,1,0.667,261.2,1,0.836,222.0,1,0.918,0.218,3,2,38,VERDE,231.0,-5.1,0.000,1,325.0,,71.3
4205.277489,RECENTER,reincorporando por posicion lateral,25,-8.00,181.64,PISTA,OK,3,946.5,946.5,349.5,721.3,426.4,1,0.778,263.8,1,0.836,222.5,1,0.945,0.218,3,2,38,VERDE,231.0,-5.1,0.000,1,325.0,,37.7
4205.376795,RECENTER,reincorporando por posicion lateral,25,-4.00,179.80,PISTA,OK,3,937.0,937.0,381.7,718.0,400.2,1,0.917,266.5,1,0.836,219.5,1,0.959,0.218,3,2,38,VERDE,231.0,-5.1,0.000,1,325.0,,71.0
4205.476779,RECENTER,reincorporando por posicion lateral,25,0.00,177.89,PISTA,OK,3,929.5,929.5,405.2,713.3,389.1,1,0.833,270.0,1,0.808,216.5,1,0.918,0.219,3,2,38,VERDE,231.0,-5.1,0.000,1,325.0,,106.3
4205.575780,RECENTER,reincorporando por posicion lateral,25,4.00,176.92,PISTA,OK,3,920.5,920.5,419.2,709.6,373.9,1,0.889,273.0,1,0.767,215.5,1,0.945,0.221,3,2,38,VERDE,231.0,-5.1,0.000,1,325.0,,69.7
4205.677154,RECENTER,reincorporando por posicion lateral,25,8.00,175.72,PISTA,OK,3,910.5,910.5,509.9,708.0,371.1,1,0.833,276.0,1,0.795,214.0,1,0.918,0.226,4,2,38,VERDE,231.0,-5.1,0.000,1,325.0,,36.8
4205.777042,RECENTER,reincorporando por posicion lateral,25,12.00,175.09,PISTA,OK,3,902.0,902.0,388.5,706.4,371.9,1,0.833,280.5,1,0.781,214.2,1,0.904,0.229,4,2,38,VERDE,231.0,-5.1,0.000,1,325.0,,72.7
4205.876933,RECENTER,reincorporando por posicion lateral,25,16.00,174.74,PISTA,OK,3,895.5,895.5,392.5,705.2,363.7,1,0.861,286.0,1,0.836,218.5,1,0.904,0.228,4,2,38,VERDE,231.0,-5.1,0.000,1,325.0,,38.2
4205.977464,RECENTER,reincorporando por posicion lateral,25,20.00,175.02,PISTA,OK,3,884.0,884.0,392.7,704.1,369.4,1,0.861,289.0,1,0.753,219.5,1,0.932,0.231,4,2,38,VERDE,231.0,-5.1,0.000,1,325.0,,72.9
4206.076951,RECENTER,reincorporando por posicion lateral,25,24.00,175.96,PISTA,OK,3,875.0,875.0,400.3,704.2,375.2,1,0.861,292.8,1,0.781,225.5,1,0.932,0.232,4,2,38,VERDE,231.0,-5.1,0.000,1,325.0,,39.5
4206.176162,RECENTER,reincorporando por posicion lateral,25,25.00,176.39,PISTA,OK,3,868.0,868.0,400.7,704.6,375.2,1,0.889,296.0,1,0.753,230.0,1,0.918,0.230,4,2,38,VERDE,231.0,-5.1,0.000,1,325.0,,71.3
4206.278330,RECENTER,reincorporando por posicion lateral,25,25.00,177.83,PISTA,OK,3,861.0,861.0,401.1,705.4,383.0,1,0.833,297.5,1,0.726,235.8,1,0.932,0.232,4,2,38,VERDE,231.0,-5.1,0.000,1,325.0,,39.9
4206.376158,RECENTER,reincorporando por posicion lateral,25,25.00,179.73,PISTA,OK,3,854.0,854.0,408.0,707.5,420.3,1,0.833,296.2,1,0.699,242.0,1,0.973,0.230,4,2,38,VERDE,231.0,-5.1,0.000,1,325.0,,70.4
4206.477837,RECENTER,reincorporando por posicion lateral,25,25.00,181.64,PISTA,OK,3,847.0,847.0,538.9,711.0,429.0,1,0.722,296.8,1,0.644,252.5,1,0.945,0.226,4,2,38,VERDE,231.0,-5.1,0.000,1,325.0,,38.5
4206.578159,CRUISE,reincorporacion verificada,25,25.00,182.50,PISTA,OK,3,842.5,842.5,482.4,713.0,425.8,1,0.778,295.2,1,0.685,259.2,1,0.945,0.218,4,2,,,,,,0,325.0,,74.6
4206.678873,AVOID_PASS,manteniendo rumbo mientras pasa el pilar 35,24,21.00,184.35,PISTA,OK,3,836.0,836.0,543.4,719.3,434.8,1,0.694,293.8,1,0.685,266.0,1,0.945,0.226,4,2,35,ROJO,-264.7,213.6,0.000,1,0.0,,41.4
4206.778917,AVOID_PASS,manteniendo rumbo mientras pasa el pilar 35,24,17.00,186.41,PISTA,OK,3,830.5,830.5,593.1,722.5,436.6,1,0.667,292.5,1,0.630,274.5,1,0.945,0.209,4,2,35,ROJO,-252.0,214.1,0.000,1,9.6,,75.6
4206.878785,AVOID_PASS,manteniendo rumbo mientras pasa el pilar 35,24,13.00,188.28,PISTA,OK,3,822.5,822.5,467.1,734.7,461.6,1,0.667,296.8,1,0.630,282.5,1,0.945,0.220,5,2,35,ROJO,-238.2,217.5,0.000,1,19.2,,40.6
4206.977900,AVOID_PASS,manteniendo rumbo mientras pasa el pilar 35,24,9.00,190.36,PISTA,OK,3,817.0,817.0,309.9,743.6,523.5,1,0.778,286.2,1,0.658,291.0,1,0.973,0.266,6,2,35,ROJO,-224.4,219.8,0.000,1,28.7,,72.2
4207.077919,AVOID_PASS,manteniendo rumbo mientras pasa el pilar 35,24,5.00,191.25,PISTA,OK,3,812.0,812.0,661.9,754.7,521.4,1,0.778,286.5,1,0.685,299.5,1,0.959,0.200,5,2,35,ROJO,-211.7,218.7,0.000,1,38.3,,41.2
4207.177434,AVOID_PASS,manteniendo rumbo mientras pasa el pilar 35,24,1.00,193.23,PISTA,OK,3,806.5,806.5,325.0,766.5,604.7,1,0.778,282.5,1,0.740,309.5,1,0.973,0.196,6,2,35,ROJO,-200.9,215.0,0.000,1,47.9,,73.9
4207.277983,AVOID_PASS,manteniendo rumbo mientras pasa el pilar 35,24,-3.00,194.87,PISTA,OK,3,801.5,801.5,338.8,779.6,578.7,1,0.778,282.0,1,0.767,317.5,1,0.986,0.196,6,2,35,ROJO,-193.0,211.4,0.000,1,57.5,,40.7
4207.376365,AVOID_PASS,manteniendo rumbo mientras pasa el pilar 35,24,-7.00,196.10,PISTA,OK,3,794.0,794.0,371.5,790.1,286.7,1,0.778,285.5,1,0.712,328.0,1,0.973,0.195,6,2,35,ROJO,-183.6,207.3,0.000,1,67.0,,70.1
4207.478593,AVOID_PASS,manteniendo rumbo mientras pasa el pilar 35,24,-11.00,196.45,AZUL,OK,3,788.0,788.0,380.4,798.4,287.3,1,0.806,290.5,1,0.740,333.5,1,0.986,0.192,6,2,35,ROJO,-181.6,196.8,0.000,1,76.8,,39.9
4207.576958,AVOID_PASS,manteniendo rumbo mientras pasa el pilar 35,24,-12.08,196.43,PISTA,OK,3,779.5,779.5,499.2,802.1,287.1,1,0.806,292.0,1,0.740,343.0,1,0.986,0.195,6,2,35,ROJO,-179.6,192.1,0.000,1,86.2,,73.8
4207.677229,AVOID_PASS,manteniendo rumbo mientras pasa el pilar 35,24,-11.80,195.78,PISTA,OK,3,770.0,770.0,560.4,804.9,291.6,1,0.722,293.0,1,0.726,349.0,1,0.973,0.197,6,2,35,ROJO,-182.9,179.7,0.000,1,95.8,,38.1
4207.776078,AVOID_PASS,manteniendo rumbo mientras pasa el pilar 35,24,-11.02,195.37,PISTA,OK,3,761.5,761.5,650.1,802.8,297.4,1,0.750,303.0,1,0.781,355.5,1,0.986,0.201,5,1,35,ROJO,-184.0,173.8,0.000,1,105.3,,69.6
4207.875892,AVOID_PASS,manteniendo rumbo mientras pasa el pilar 35,24,-10.19,194.54,PISTA,OK,3,749.5,749.5,868.1,800.8,301.0,1,0.722,310.5,1,0.671,362.0,1,0.973,0.213,5,1,35,ROJO,-186.7,161.4,0.000,1,114.9,,106.7
4207.975414,AVOID_PASS,manteniendo rumbo mientras pasa el pilar 35,24,-9.24,193.59,PISTA,OK,3,741.0,741.0,897.2,798.7,304.3,1,0.778,326.5,1,0.712,367.5,1,0.973,0.212,5,1,35,ROJO,-188.9,152.1,0.000,1,124.5,,72.4
4208.074880,AVOID_PASS,manteniendo rumbo mientras pasa el pilar 35,24,-8.74,193.09,PISTA,OK,3,731.0,731.0,237.7,793.7,312.5,1,0.639,333.2,1,0.630,375.0,1,0.959,0.799,5,1,35,ROJO,-190.2,140.9,0.099,1,134.0,,37.6
4208.174387,AVOID_PASS,manteniendo rumbo mientras pasa el pilar 35,23,-7.81,192.16,PISTA,OK,3,723.0,723.0,624.0,791.7,318.2,1,0.694,332.5,1,0.726,380.5,1,0.973,0.195,5,1,35,ROJO,-194.1,127.4,0.000,1,143.6,,71.1
4208.275759,AVOID_PASS,manteniendo rumbo mientras pasa el pilar 35,23,-6.93,191.28,PISTA,OK,3,712.0,712.0,1281.0,789.8,322.3,1,0.639,348.2,1,0.685,387.5,1,0.973,0.200,6,1,35,ROJO,-196.4,119.6,0.000,1,152.9,,38.2
4208.373983,AVOID_PASS,manteniendo rumbo mientras pasa el pilar 35,23,-6.06,190.41,PISTA,OK,3,702.5,702.5,541.0,786.9,324.8,1,0.611,344.0,1,0.699,394.0,1,0.986,0.204,4,1,35,ROJO,-199.4,107.9,0.000,1,161.9,,70.9
4208.475331,AVOID_PASS,manteniendo rumbo mientras pasa el pilar 35,23,-5.66,190.01,PISTA,OK,3,695.0,695.0,559.6,783.9,332.6,1,0.722,353.0,1,0.685,398.5,1,0.973,0.205,3,1,35,ROJO,-201.0,103.5,0.000,1,171.3,,37.9
4208.575150,AVOID_PASS,manteniendo rumbo mientras pasa el pilar 35,23,-4.86,189.21,PISTA,OK,3,686.5,686.5,578.9,782.5,336.1,1,0.639,354.0,1,0.658,402.8,1,0.959,0.206,3,1,35,ROJO,-203.5,92.6,0.000,1,180.4,,71.8
4208.675331,AVOID_PASS,manteniendo rumbo mientras pasa el pilar 35,23,-4.07,188.42,PISTA,OK,3,679.5,679.5,578.7,779.3,338.7,1,0.667,362.0,1,0.740,410.5,1,0.959,0.204,3,1,35,ROJO,-206.2,82.6,0.000,1,189.7,,105.4
4208.775249,AVOID_PASS,manteniendo rumbo mientras pasa el pilar 35,23,-3.26,187.61,PISTA,OK,3,670.5,670.5,596.0,780.1,341.4,1,0.583,374.5,1,0.740,415.0,1,0.918,0.201,3,1,35,ROJO,-206.7,69.0,0.000,1,198.8,,67.9
4208.876700,AVOID_PASS,manteniendo rumbo mientras pasa el pilar 35,23,-2.89,187.24,PISTA,OK,3,661.0,661.0,525.6,781.1,353.1,1,0.611,380.5,1,0.712,421.0,1,0.932,0.211,4,1,35,ROJO,-207.9,58.4,0.000,1,208.2,,40.3
4208.976855,AVOID_PASS,manteniendo rumbo mientras pasa el pilar 35,23,-2.16,186.51,PISTA,OK,3,654.5,654.5,617.5,779.8,353.5,1,0.667,383.0,1,0.808,427.0,1,0.945,0.207,4,1,35,ROJO,-210.3,48.6,0.000,1,217.4,,68.9
4209.077105,AVOID_PASS,manteniendo rumbo mientras pasa el pilar 35,23,-1.39,185.74,PISTA,OK,3,643.0,643.0,563.8,777.8,356.3,1,0.611,391.0,1,0.767,433.5,1,0.932,0.209,4,1,35,ROJO,-210.5,38.2,0.000,1,226.6,,108.0
4209.176635,AVOID_PASS,manteniendo rumbo mientras pasa el pilar 35,23,-0.71,185.06,PISTA,OK,3,635.5,635.5,588.8,776.3,359.6,1,0.722,401.5,1,0.836,438.5,1,0.945,0.208,4,1,35,ROJO,-213.0,28.6,0.000,1,235.8,,70.4
4209.276386,AVOID_PASS,manteniendo rumbo mientras pasa el pilar 35,23,-0.08,184.43,PISTA,OK,3,625.5,625.5,619.7,775.5,349.0,1,0.667,211.0,1,0.740,445.2,1,0.959,0.209,4,1,35,ROJO,-214.2,20.1,0.000,1,245.0,,39.7
4209.375925,AVOID_PASS,manteniendo rumbo mientras pasa el pilar 35,23,0.65,183.70,PISTA,OK,3,617.0,617.0,604.7,774.4,337.5,1,0.667,211.5,1,0.849,452.0,1,0.890,0.206,4,1,35,ROJO,-214.7,9.8,0.000,1,254.1,,72.6
4209.475502,AVOID_PASS,manteniendo rumbo mientras pasa el pilar 35,22,1.02,183.33,PISTA,OK,3,609.5,609.5,606.8,773.6,347.8,1,0.778,211.2,1,0.822,458.0,1,0.959,0.211,4,1,35,ROJO,-215.6,-1.0,0.000,1,263.3,,39.0
4209.574872,AVOID_PASS,manteniendo rumbo mientras pasa el pilar 35,22,1.66,182.69,PISTA,OK,3,600.0,600.0,599.3,772.6,354.8,1,0.639,212.8,1,0.822,461.8,1,0.904,0.212,4,1,35,ROJO,-216.3,-8.9,0.000,1,272.0,,72.2
4209.675893,AVOID_PASS,manteniendo rumbo mientras pasa el pilar 35,22,2.16,182.19,PISTA,OK,3,593.0,593.0,643.4,771.7,362.3,1,0.639,212.0,1,0.822,469.5,1,0.904,0.210,4,1,35,ROJO,-215.6,-19.8,0.000,1,280.9,,40.0
4209.775192,AVOID_PASS,manteniendo rumbo mientras pasa el pilar 35,22,2.69,181.66,PISTA,OK,3,586.5,586.5,652.7,771.5,375.9,1,0.722,214.8,1,0.849,475.5,1,0.918,0.209,4,1,35,ROJO,-216.4,-29.4,0.000,1,289.6,,72.5
4209.875290,AVOID_PASS,manteniendo rumbo mientras pasa el pilar 35,22,2.90,181.45,PISTA,OK,3,577.5,577.5,644.7,771.1,381.4,1,0.639,216.0,1,0.767,479.5,1,0.918,0.209,4,1,35,ROJO,-217.5,-37.5,0.000,1,298.5,,38.3
4209.972890,AVOID_PASS,manteniendo rumbo mientras pasa el pilar 35,22,3.35,181.00,PISTA,OK,3,570.0,570.0,662.6,770.7,392.3,1,0.750,218.0,1,0.836,487.5,1,0.932,0.207,4,1,35,ROJO,-218.2,-46.1,0.000,1,307.0,,70.6
4210.072960,AVOID_PASS,manteniendo rumbo mientras pasa el pilar 35,22,3.63,180.72,PISTA,OK,3,562.5,562.5,659.0,770.2,400.1,1,0.694,219.2,1,0.849,494.0,1,0.904,0.209,4,1,35,ROJO,-219.4,-53.2,0.000,1,315.8,,103.5
4210.171951,RECENTER,reincorporacion tras 325 mm de sobrepaso estimado,22,7.63,180.39,PISTA,OK,3,555.0,555.0,693.1,770.0,407.0,1,0.750,221.5,1,0.877,497.5,1,0.932,0.206,4,1,35,ROJO,-218.7,-62.6,0.000,1,324.6,,68.7
4210.271806,TURN,giro de esquina por IMU y reapertura frontal,22,25.00,180.27,PISTA,OK,3,547.0,547.0,704.2,769.8,415.3,1,0.806,224.5,1,0.808,506.5,1,0.945,0.254,4,1,,,,,,0,324.6,,100.9
4210.371521,TURN,giro de esquina por IMU y reapertura frontal,22,25.00,179.91,PISTA,OK,3,538.5,538.5,721.2,768.7,419.4,1,0.778,227.5,1,0.836,512.0,1,0.918,0.202,4,1,,,,,,0,324.6,,69.7
4210.471182,TURN,giro de esquina por IMU y reapertura frontal,22,25.00,179.30,PISTA,OK,3,531.0,531.0,716.0,768.0,425.5,1,0.806,229.0,1,0.822,519.5,1,0.945,0.262,4,1,,,,,,0,324.6,,101.4
4210.570641,TURN,giro de esquina por IMU y reapertura frontal,22,25.00,181.17,PISTA,OK,3,525.5,525.5,680.9,768.2,436.9,1,0.778,228.0,1,0.795,527.0,1,0.918,0.209,4,1,,,,,,0,324.6,,66.9
4210.671875,TURN,giro de esquina por IMU y reapertura frontal,22,25.00,182.96,PISTA,OK,3,520.5,520.5,683.7,771.6,435.7,1,0.639,227.0,1,0.767,535.0,1,0.918,0.252,4,1,,,,,,0,324.6,,103.9
4210.771916,TURN,giro de esquina por IMU y reapertura frontal,22,25.00,183.70,PISTA,OK,3,513.5,513.5,666.0,768.6,437.3,1,0.750,226.0,1,0.781,542.5,1,0.945,0.205,4,1,,,,,,0,324.6,,64.4
4210.871801,TURN,giro de esquina por IMU y reapertura frontal,22,25.00,185.41,NARANJA,OK,3,510.0,510.0,663.4,776.1,437.3,1,0.583,224.5,1,0.712,547.0,1,0.918,0.202,4,1,,,,,,0,324.6,,101.8
4210.973826,TURN,giro de esquina por IMU y reapertura frontal,22,25.00,186.97,NARANJA,OK,3,505.5,505.5,672.5,785.8,437.3,1,0.694,222.0,1,0.795,556.5,1,0.932,0.209,4,1,,,,,,0,324.6,,70.4
4211.071702,TURN,giro de esquina por IMU y reapertura frontal,22,25.00,188.69,NARANJA,OK,3,499.5,499.5,657.7,790.6,439.5,1,0.722,219.2,1,0.740,561.0,1,0.959,0.209,4,1,,,,,,0,324.6,,35.5
4211.172838,TURN,giro de esquina por IMU y reapertura frontal,22,25.00,190.24,PISTA,OK,3,494.5,494.5,638.0,789.0,437.4,1,0.611,217.5,1,0.740,569.0,1,0.945,0.208,4,1,,,,,,0,324.6,,71.0
4211.272959,TURN,giro de esquina por IMU y reapertura frontal,21,25.00,191.06,PISTA,OK,3,490.0,490.0,558.9,791.6,436.3,1,0.750,215.5,1,0.753,576.0,1,0.986,0.205,3,1,,,,,,0,324.6,,36.0
4211.372764,TURN,giro de esquina por IMU y reapertura frontal,21,25.00,192.60,PISTA,OK,3,485.0,485.0,560.3,796.7,436.2,1,0.611,215.8,1,0.726,581.8,1,0.959,0.204,2,1,,,,,,0,324.6,,68.8
4211.474026,TURN,giro de esquina por IMU y reapertura frontal,21,25.00,194.26,PISTA,OK,3,480.0,480.0,624.6,804.7,436.5,1,0.778,211.0,1,0.767,588.0,1,1.000,0.205,2,1,,,,,,0,324.6,,38.5
4211.574137,TURN,giro de esquina por IMU y reapertura frontal,21,25.00,195.87,PISTA,OK,3,477.0,477.0,639.1,801.0,436.6,1,0.694,213.0,1,0.726,595.5,1,1.000,0.205,3,1,,,,,,0,324.6,,71.7
4211.674432,TURN,giro de esquina por IMU y reapertura frontal,21,25.00,196.61,PISTA,OK,3,474.0,474.0,623.6,797.5,434.6,1,0.639,209.5,1,0.753,599.5,1,0.986,0.202,3,1,,,,,,0,324.6,,36.2
4211.773616,TURN,giro de esquina por IMU y reapertura frontal,21,25.00,198.16,PISTA,OK,3,470.8,470.8,719.0,795.9,438.2,1,0.694,209.5,1,0.753,612.0,1,1.000,0.707,3,1,,,,,,0,324.6,,70.1
4211.874046,TURN,giro de esquina por IMU y reapertura frontal,21,25.00,199.68,PISTA,OK,3,466.0,466.0,728.0,793.9,512.3,1,0.778,208.5,1,0.753,627.0,1,1.000,0.697,3,1,,,,,,0,324.6,,37.9
4211.973786,TURN,giro de esquina por IMU y reapertura frontal,21,25.00,201.13,PISTA,OK,3,464.5,464.5,759.0,800.3,596.7,1,0.778,205.5,1,0.822,636.5,1,1.000,0.692,3,1,,,,,,0,324.6,,71.9
4212.072447,TURN,giro de esquina por IMU y reapertura frontal,21,25.00,201.90,PISTA,OK,3,463.5,463.5,135.4,765.2,579.1,1,0.778,203.5,1,0.795,823.8,1,1.000,0.187,4,1,,,,,,0,324.6,,36.8
4212.171544,TURN,giro de esquina por IMU y reapertura frontal,21,25.00,203.44,PISTA,OK,3,463.5,463.5,238.7,750.1,837.6,1,0.806,203.2,1,0.836,829.5,1,1.000,0.176,4,1,,,,,,0,324.6,,68.3
4212.271099,TURN,giro de esquina por IMU y reapertura frontal,21,25.00,204.99,PISTA,OK,3,462.5,462.5,215.9,729.6,829.8,1,0.806,201.8,1,0.836,835.2,1,1.000,0.341,4,1,,,,,,0,324.6,,102.1
4212.373260,TURN,giro de esquina por IMU y reapertura frontal,21,25.00,206.55,PISTA,OK,3,460.2,460.2,239.4,715.8,824.1,1,0.861,199.2,1,0.836,840.5,1,1.000,0.172,4,1,,,,,,0,324.6,,68.9
4212.469908,TURN,giro de esquina por IMU y reapertura frontal,21,25.00,208.08,PISTA,OK,3,462.8,462.8,138.5,689.4,816.3,1,0.917,200.0,1,0.863,847.0,1,1.000,0.180,4,1,,,,,,0,324.6,,100.9
4212.569879,TURN,giro de esquina por IMU y reapertura frontal,21,25.00,209.69,PISTA,OK,3,465.0,465.0,127.7,680.1,806.0,1,0.889,198.0,1,0.849,852.0,1,1.000,0.179,4,1,,,,,,0,324.6,,66.9
4212.669086,TURN,giro de esquina por IMU y reapertura frontal,21,25.00,210.54,PISTA,OK,3,463.5,463.5,1296.2,664.5,801.1,1,0.972,194.0,1,0.863,857.0,1,1.000,0.171,4,1,,,,,,0,324.6,,101.6
4212.768795,TURN,giro de esquina por IMU y reapertura frontal,21,25.00,212.10,PISTA,OK,3,466.5,466.5,1045.7,646.1,799.1,1,1.000,193.5,1,0.890,864.0,1,1.000,0.190,4,1,,,,,,0,324.6,,64.1
4212.868577,TURN,giro de esquina por IMU y reapertura frontal,21,25.00,213.63,PISTA,OK,3,470.5,470.5,1017.3,635.9,793.8,1,0.944,193.0,1,0.836,838.5,1,1.000,0.193,4,1,,,,,,0,324.6,,100.2
4212.967264,TURN,giro de esquina por IMU y reapertura frontal,21,25.00,214.42,PISTA,OK,3,476.0,476.0,982.5,622.0,791.3,1,1.000,192.0,1,0.904,809.2,1,1.000,0.193,3,0,,,,,,0,324.6,,66.3
4213.067577,TURN,giro de esquina por IMU y reapertura frontal,21,25.00,216.06,PISTA,OK,3,477.5,477.5,955.6,610.5,784.7,1,1.000,192.2,1,0.918,774.0,1,1.000,0.195,3,0,,,,,,0,324.6,,86.2
4213.167712,TURN,giro de esquina por IMU y reapertura frontal,21,25.00,217.69,PISTA,OK,3,477.8,477.8,926.1,596.7,783.1,1,1.000,190.2,1,0.890,750.0,1,1.000,0.204,3,0,,,,,,0,324.6,,63.4
4213.268839,TURN,giro de esquina por IMU y reapertura frontal,21,25.00,219.15,PISTA,OK,3,483.5,483.5,902.1,588.9,781.1,1,0.972,190.5,1,0.877,726.5,1,1.000,0.204,3,0,,,,,,0,324.6,,34.2
4213.368833,TURN,giro de esquina por IMU y reapertura frontal,21,25.00,219.87,PISTA,OK,3,486.5,486.5,879.1,585.7,779.6,1,0.944,189.0,1,0.890,688.5,1,0.959,0.204,3,0,,,,,,0,324.6,,68.0
4213.469224,TURN,giro de esquina por IMU y reapertura frontal,21,25.00,221.42,PISTA,OK,3,492.5,492.5,857.4,567.5,779.2,1,0.917,188.8,1,0.863,676.0,1,0.973,0.211,4,0,,,,,,0,324.6,,102.3
4213.568936,TURN,giro de esquina por IMU y reapertura frontal,22,25.00,223.03,PISTA,OK,3,500.0,500.0,835.7,535.7,774.1,1,0.861,186.5,1,0.822,652.5,1,0.973,0.210,5,0,,,,,,0,324.6,,68.0
4213.669303,TURN,giro de esquina por IMU y reapertura frontal,22,25.00,224.69,PISTA,OK,3,510.0,510.0,817.8,550.7,774.7,1,0.833,186.0,1,0.863,641.0,1,0.973,0.215,5,0,,,,,,0,324.6,,102.3
4213.770517,TURN,giro de esquina por IMU y reapertura frontal,22,25.00,225.58,PISTA,OK,3,518.5,518.5,798.2,544.7,776.6,1,0.889,184.5,1,0.849,616.0,1,0.986,0.335,4,0,,,,,,0,324.6,,69.5
4213.871061,TURN,giro de esquina por IMU y reapertura frontal,22,25.00,227.22,PISTA,OK,3,523.5,523.5,779.6,537.9,779.0,1,0.861,186.0,1,0.849,590.0,1,0.973,0.477,4,0,,,,,,0,324.6,,104.0
4213.971143,TURN,giro de esquina por IMU y reapertura frontal,22,25.00,228.78,PISTA,OK,3,530.5,530.5,764.5,534.5,778.6,1,0.806,183.5,1,0.849,574.5,1,0.986,0.590,4,0,,,,,,0,324.6,,67.6
4214.071738,TURN,giro de esquina por IMU y reapertura frontal,22,25.00,230.39,PISTA,OK,3,542.0,542.0,749.2,534.2,779.8,1,0.806,184.5,1,0.822,564.5,1,1.000,0.748,4,0,,,,,,0,324.6,,104.7
4214.170343,TURN,giro de esquina por IMU y reapertura frontal,22,25.00,232.19,PISTA,OK,3,551.0,551.0,733.4,525.5,782.1,1,0.889,181.5,1,0.877,554.0,1,0.945,0.798,5,0,,,,,,0,324.6,,68.6
4214.269445,TURN,giro de esquina por IMU y reapertura frontal,22,25.00,233.80,PISTA,OK,3,565.0,565.0,720.0,519.6,786.2,1,0.889,181.0,1,0.877,542.0,1,0.986,0.911,5,0,,,,,,0,324.6,,99.3
4214.370312,TURN,giro de esquina por IMU y reapertura frontal,22,25.00,234.63,PISTA,OK,3,571.2,571.2,706.6,511.3,790.9,1,0.833,181.0,1,0.890,529.0,1,1.000,0.948,5,0,,,,,,0,324.6,,69.3
4214.470940,TURN,giro de esquina por IMU y reapertura frontal,22,25.00,236.13,PISTA,OK,3,595.0,595.0,694.8,500.1,796.6,1,0.861,181.5,1,0.863,514.0,1,0.959,0.938,5,0,,,,,,0,324.6,,104.3
4214.568680,TURN,giro de esquina por IMU y reapertura frontal,22,25.00,237.92,PISTA,OK,3,605.0,605.0,683.8,493.2,801.5,1,0.917,179.5,1,0.918,503.5,1,0.986,0.840,5,0,,,,,,0,324.6,,65.9
4214.669129,TURN,giro de esquina por IMU y reapertura frontal,23,25.00,238.75,PISTA,OK,3,633.5,633.5,670.8,484.8,751.3,1,0.833,180.0,1,0.863,491.5,1,0.986,0.826,5,0,,,,,,0,324.6,,101.2
4214.769128,TURN,giro de esquina por IMU y reapertura frontal,23,25.00,240.50,PISTA,OK,3,640.0,640.0,662.2,477.4,738.0,1,0.861,178.8,1,0.918,482.5,1,0.973,0.811,3,0,,,,,,0,324.6,,69.1
4214.866765,TURN,giro de esquina por IMU y reapertura frontal,23,25.00,242.22,PISTA,OK,3,661.0,661.0,650.2,471.2,736.3,1,0.889,178.0,1,0.890,479.5,1,0.973,0.841,3,0,,,,,,0,324.6,,99.4
4214.967942,TURN,giro de esquina por IMU y reapertura frontal,23,25.00,243.99,PISTA,OK,3,685.5,685.5,638.5,465.1,735.3,1,0.917,177.0,1,0.918,469.0,1,0.986,0.827,3,0,,,,,,0,324.6,,64.9
4215.066555,TURN,giro de esquina por IMU y reapertura frontal,23,25.00,245.82,PISTA,OK,3,701.0,701.0,628.1,458.8,735.3,1,0.833,178.0,1,0.863,461.5,1,0.986,0.857,3,0,,,,,,0,324.6,,99.9
4215.166010,TURN,giro de esquina por IMU y reapertura frontal,24,25.00,246.62,PISTA,OK,3,746.0,746.0,616.3,453.7,733.4,1,0.917,178.5,1,0.932,458.0,1,1.000,0.859,3,0,,,,,,0,324.6,,65.8
4215.266552,TURN,giro de esquina por IMU y reapertura frontal,24,25.00,248.36,PISTA,OK,3,770.0,770.0,605.6,450.2,729.9,1,0.833,176.5,1,0.863,451.5,1,0.973,0.913,3,1,,,,,,0,324.6,,89.7
4215.365109,TURN,giro de esquina por IMU y reapertura frontal,24,25.00,250.45,PISTA,OK,3,813.5,813.5,595.9,446.0,725.5,1,0.944,175.2,1,0.932,446.5,1,0.986,0.910,3,1,,,,,,0,324.6,,65.0
4215.465175,CRUISE,esquina 4 verificada,25,21.00,252.23,PISTA,OK,4,851.0,851.0,587.1,443.0,724.0,1,0.917,174.0,1,0.932,438.5,1,0.945,0.906,3,1,,,,,,0,324.6,,85.3
4215.565843,AVOID_APPROACH,pure-pursuit al punto de paso del pilar 42,25,25.00,254.24,PISTA,OK,4,890.0,890.0,578.0,441.2,720.8,1,0.944,173.5,1,0.945,434.0,1,0.959,0.888,3,1,42,VERDE,-432.9,760.9,0.000,1,324.6,,65.2
4215.665336,AVOID_APPROACH,pure-pursuit al punto de paso del pilar 42,25,25.00,255.32,PISTA,OK,4,965.0,965.0,569.1,439.6,714.1,1,0.917,173.8,1,0.932,433.2,1,0.973,0.921,3,1,42,VERDE,-407.5,764.3,0.000,1,324.6,,84.5
4215.765077,AVOID_APPROACH,pure-pursuit al punto de paso del pilar 42,25,25.00,257.17,PISTA,OK,4,1032.0,1032.0,562.1,439.3,709.7,1,0.944,172.2,1,0.932,430.5,1,0.986,0.914,3,1,42,VERDE,-380.0,769.2,0.000,1,324.6,,64.9
4215.865776,AVOID_APPROACH,pure-pursuit al punto de paso del pilar 42,25,25.00,259.24,PISTA,OK,4,1126.5,1126.5,555.1,439.1,706.3,1,0.944,172.5,1,0.959,431.5,1,0.973,0.920,3,1,42,VERDE,-349.3,774.5,0.000,1,324.6,,85.3
4215.966278,AVOID_APPROACH,pure-pursuit al punto de paso del pilar 42,25,25.00,261.37,PISTA,OK,4,1213.0,1213.0,548.0,440.2,703.5,1,0.972,171.5,1,0.918,432.5,1,0.986,0.941,3,1,42,VERDE,-321.1,777.1,0.000,1,324.6,,65.2
4216.066564,AVOID_APPROACH,pure-pursuit al punto de paso del pilar 42,25,25.00,263.15,PISTA,OK,4,1341.5,1341.5,540.8,441.5,689.3,1,0.972,171.0,1,0.945,431.5,1,0.973,0.947,3,1,42,VERDE,-291.9,778.7,0.000,1,324.6,,100.5
4216.167945,AVOID_APPROACH,pure-pursuit al punto de paso del pilar 42,25,25.00,264.25,PISTA,OK,4,1580.5,1580.5,531.0,443.3,686.9,1,0.944,171.5,1,0.918,434.0,1,0.973,0.827,3,1,42,VERDE,-259.7,782.7,0.000,1,324.6,,67.8
4216.267676,AVOID_APPROACH,pure-pursuit al punto de paso del pilar 42,25,25.00,266.26,PISTA,OK,4,1829.0,1829.0,527.2,446.4,700.4,1,1.000,170.2,1,0.932,435.8,1,1.000,0.815,2,1,42,VERDE,-228.9,784.0,0.000,1,324.6,,101.2
4216.368094,AVOID_APPROACH,pure-pursuit al punto de paso del pilar 42,25,25.00,268.21,PISTA,OK,4,1821.5,1821.5,521.1,449.5,707.7,1,0.972,170.0,1,0.904,438.8,1,0.986,0.826,2,1,42,VERDE,-201.7,781.0,0.000,1,324.6,,66.3
4216.467247,AVOID_APPROACH,pure-pursuit al punto de paso del pilar 42,25,24.47,270.26,PISTA,OK,4,1813.0,1813.0,517.7,453.4,679.9,1,0.917,170.0,1,0.945,443.0,1,0.973,0.778,2,1,42,VERDE,-175.1,778.0,0.000,1,324.6,,99.6
4216.566955,AVOID_APPROACH,pure-pursuit al punto de paso del pilar 42,24,22.52,272.12,PISTA,OK,4,787.5,1809.5,513.1,457.8,663.5,1,0.972,169.5,1,0.973,446.8,1,0.986,0.815,2,1,42,VERDE,-143.4,777.6,0.000,1,324.6,,66.5
4216.666798,AVOID_APPROACH,pure-pursuit al punto de paso del pilar 42,24,20.75,273.04,PISTA,OK,4,780.0,1806.5,508.3,462.4,652.0,1,0.917,169.5,1,0.918,449.8,1,0.973,0.792,2,1,42,VERDE,-114.2,773.7,0.000,1,324.6,,100.7
4216.767152,AVOID_APPROACH,pure-pursuit al punto de paso del pilar 42,24,19.20,274.97,PISTA,OK,4,772.0,1797.5,504.5,468.5,621.3,1,0.972,170.8,1,0.945,457.0,1,0.973,0.774,2,1,42,VERDE,-88.9,769.2,0.000,1,324.6,,67.2
4216.865321,AVOID_APPROACH,pure-pursuit al punto de paso del pilar 42,24,17.01,276.86,PISTA,OK,4,765.5,1790.0,500.1,475.1,598.0,1,0.972,171.8,1,0.918,462.0,1,0.986,0.783,2,1,42,VERDE,-55.6,766.8,0.000,1,324.6,,99.3
4216.965321,AVOID_APPROACH,pure-pursuit al punto de paso del pilar 42,24,15.27,278.79,PISTA,OK,4,758.0,1783.0,496.6,482.1,592.2,1,0.944,170.5,1,0.904,468.5,1,0.973,0.779,2,1,42,VERDE,-28.3,759.5,0.000,1,324.6,,65.6
4217.065791,AVOID_APPROACH,pure-pursuit al punto de paso del pilar 42,24,13.35,280.99,PISTA,OK,4,751.0,751.0,485.4,491.2,569.7,1,1.000,173.2,1,0.904,473.5,1,1.000,0.788,2,1,42,VERDE,0.9,750.3,0.100,1,324.6,,86.4
4217.166727,AVOID_APPROACH,pure-pursuit al punto de paso del pilar 42,24,12.48,283.11,PISTA,OK,4,750.5,1388.0,482.6,500.2,566.4,1,1.000,172.0,1,0.890,480.5,1,1.000,0.800,2,1,42,VERDE,12.7,751.5,0.000,1,324.6,,66.7
4217.264758,AVOID_APPROACH,pure-pursuit al punto de paso del pilar 42,24,11.11,284.05,PISTA,OK,4,743.5,1380.0,480.6,511.0,550.1,1,1.000,173.0,1,0.890,487.5,1,1.000,0.824,2,1,42,VERDE,32.9,744.2,0.000,1,324.6,,83.5
4217.364572,AVOID_APPROACH,pure-pursuit al punto de paso del pilar 42,24,8.75,285.90,PISTA,OK,4,735.0,1374.5,478.4,522.6,543.9,1,1.000,175.0,1,0.904,495.0,1,1.000,0.827,2,1,42,VERDE,66.0,734.0,0.000,1,324.6,,62.7
4217.462662,AVOID_APPROACH,pure-pursuit al punto de paso del pilar 42,24,6.64,287.96,PISTA,OK,4,727.5,1365.0,476.4,534.7,536.5,1,1.000,176.0,1,0.918,501.0,1,1.000,0.848,2,1,42,VERDE,94.6,724.4,0.000,1,324.6,,83.4
4217.563369,AVOID_APPROACH,pure-pursuit al punto de paso del pilar 42,23,5.12,289.72,PISTA,OK,4,718.5,1357.0,483.5,547.2,533.9,1,1.000,177.5,1,0.918,508.8,1,1.000,0.762,2,1,42,VERDE,115.3,711.4,0.000,1,324.6,,63.5
4217.663083,AVOID_APPROACH,pure-pursuit al punto de paso del pilar 42,23,3.35,290.60,PISTA,OK,4,715.0,876.0,482.4,559.8,530.4,1,1.000,180.5,1,0.890,515.0,1,1.000,0.742,2,1,42,VERDE,137.9,701.0,0.000,1,324.6,,83.3
4217.762706,AVOID_APPROACH,pure-pursuit al punto de paso del pilar 42,25,1.42,291.97,PISTA,OK,4,855.0,855.0,551.8,572.7,529.6,1,1.000,184.5,1,0.918,522.5,1,1.000,0.219,2,1,42,VERDE,162.1,685.8,0.000,1,324.6,,63.3
4217.863899,AVOID_APPROACH,pure-pursuit al punto de paso del pilar 42,24,0.09,293.02,PISTA,OK,4,803.0,803.0,551.8,583.0,529.2,1,1.000,187.5,1,0.959,527.5,1,1.000,0.220,2,1,42,VERDE,177.9,674.3,0.000,1,324.6,,83.2
4217.962143,AVOID_APPROACH,pure-pursuit al punto de paso del pilar 42,24,-1.22,293.97,PISTA,OK,4,783.5,783.5,550.3,593.1,531.2,1,1.000,191.0,1,0.918,532.0,1,1.000,0.219,2,1,42,VERDE,193.1,662.0,0.000,1,324.6,,61.7
4218.064156,AVOID_APPROACH,pure-pursuit al punto de paso del pilar 42,24,-2.26,294.64,PISTA,OK,4,762.5,762.5,540.7,604.3,531.8,1,1.000,195.5,1,0.918,537.5,1,1.000,0.221,3,1,42,VERDE,204.6,649.9,0.000,1,324.6,,83.8
4218.164340,AVOID_APPROACH,pure-pursuit al punto de paso del pilar 42,24,-2.88,295.05,PISTA,OK,4,754.0,754.0,532.2,611.2,531.2,1,1.000,202.0,1,0.932,544.0,1,1.000,0.221,3,1,42,VERDE,211.1,638.3,0.000,1,324.6,,63.9
4218.265572,AVOID_APPROACH,pure-pursuit al punto de paso del pilar 42,24,-3.57,295.18,PISTA,OK,4,735.5,735.5,528.4,618.5,532.7,1,1.000,209.0,1,0.918,549.0,1,1.000,0.222,3,1,42,VERDE,218.2,628.3,0.000,1,324.6,,86.0
4218.365295,AVOID_APPROACH,pure-pursuit al punto de paso del pilar 42,23,-3.52,295.38,PISTA,OK,4,724.5,724.5,515.9,624.5,536.7,1,0.972,216.5,1,0.945,554.0,1,1.000,0.222,3,1,42,VERDE,217.1,618.1,0.000,1,324.6,,66.0
4218.465538,AVOID_APPROACH,pure-pursuit al punto de paso del pilar 42,23,-4.26,295.46,PISTA,OK,4,712.5,712.5,505.9,630.9,209.7,1,0.972,223.0,1,0.959,558.0,1,1.000,0.224,3,1,42,VERDE,224.3,608.8,0.000,1,324.6,,85.6
4218.567254,AVOID_APPROACH,pure-pursuit al punto de paso del pilar 42,23,-3.93,295.47,PISTA,OK,4,707.0,707.0,486.8,635.8,188.4,1,0.944,229.5,1,0.932,562.5,1,1.000,0.227,3,1,42,VERDE,220.1,598.9,0.000,1,324.6,,68.1
4218.666856,AVOID_APPROACH,pure-pursuit al punto de paso del pilar 42,23,-4.05,295.45,PISTA,OK,4,708.5,708.5,444.8,640.3,194.1,1,0.972,237.0,1,0.973,566.5,1,1.000,0.782,3,1,42,VERDE,220.8,590.6,0.000,1,324.6,,101.4
4218.764853,AVOID_APPROACH,pure-pursuit al punto de paso del pilar 42,23,-4.27,295.45,PISTA,OK,4,687.0,687.0,441.0,644.5,200.3,1,0.972,244.0,1,0.932,570.5,1,1.000,0.767,2,1,42,VERDE,222.5,582.8,0.000,1,324.6,,66.0
4218.864452,AVOID_APPROACH,pure-pursuit al punto de paso del pilar 42,23,-4.05,295.45,PISTA,OK,4,687.5,687.5,439.4,648.7,205.0,1,0.972,248.0,1,0.959,574.0,1,1.000,0.745,2,1,42,VERDE,219.7,575.1,0.000,1,324.6,,84.7
4218.966626,AVOID_APPROACH,pure-pursuit al punto de paso del pilar 42,23,-4.17,295.44,PISTA,OK,4,688.0,688.0,432.3,653.6,211.8,1,0.972,257.5,1,0.932,578.5,1,1.000,0.746,2,1,42,VERDE,220.3,566.0,0.000,1,324.6,,66.4
4219.063365,AVOID_APPROACH,pure-pursuit al punto de paso del pilar 42,23,-4.74,295.41,PISTA,OK,4,678.5,678.5,426.5,658.5,218.7,1,1.000,264.0,1,0.959,582.5,1,1.000,0.796,2,1,42,VERDE,225.2,557.0,0.000,1,324.6,,98.5
4219.163262,AVOID_APPROACH,pure-pursuit al punto de paso del pilar 42,23,-4.36,295.38,PISTA,OK,4,679.0,679.0,423.1,661.5,226.1,1,1.000,271.5,1,0.973,585.2,1,1.000,0.760,2,1,42,VERDE,220.9,550.3,0.000,1,324.6,,63.0
4219.263160,AVOID_APPROACH,pure-pursuit al punto de paso del pilar 42,23,-4.85,295.39,PISTA,OK,4,670.5,670.5,418.6,666.7,233.9,1,1.000,278.2,1,0.973,589.2,1,1.000,0.760,2,1,42,VERDE,224.8,540.5,0.000,1,324.6,,80.0
4219.362277,AVOID_APPROACH,pure-pursuit al punto de paso del pilar 42,23,-4.76,295.35,PISTA,OK,4,651.5,651.5,414.2,670.3,237.3,1,1.000,286.5,1,0.973,592.5,1,1.000,0.769,1,1,42,VERDE,223.3,533.0,0.000,1,324.6,,63.8
4219.462745,AVOID_APPROACH,pure-pursuit al punto de paso del pilar 42,23,-4.71,295.25,PISTA,OK,4,659.0,659.0,409.3,673.5,247.4,1,1.000,292.5,1,0.986,596.2,1,1.000,0.757,1,1,42,VERDE,222.2,524.3,0.000,1,324.6,,84.0
4219.560765,AVOID_APPROACH,pure-pursuit al punto de paso del pilar 42,23,-4.62,295.18,PISTA,OK,4,645.0,645.0,429.5,678.0,255.3,1,0.972,301.0,1,0.959,600.0,1,1.000,0.228,2,1,42,VERDE,220.9,517.5,0.000,1,324.6,,58.0
4219.660368,AVOID_APPROACH,pure-pursuit al punto de paso del pilar 42,23,-4.78,295.12,PISTA,OK,4,641.0,641.0,424.3,681.5,262.9,1,0.972,309.0,1,0.932,604.0,1,1.000,0.228,2,2,42,VERDE,221.4,507.8,0.000,1,324.6,,79.5
4219.761073,AVOID_APPROACH,pure-pursuit al punto de paso del pilar 42,23,-4.73,294.99,PISTA,OK,4,634.0,634.0,419.3,685.8,274.3,1,0.972,317.0,1,0.986,607.8,1,1.000,0.227,2,2,42,VERDE,220.4,500.5,0.000,1,324.6,,60.5
4219.859092,AVOID_APPROACH,pure-pursuit al punto de paso del pilar 42,23,-4.45,294.85,PISTA,OK,4,628.5,628.5,413.4,688.9,281.6,1,1.000,323.0,1,0.973,612.2,1,1.000,0.227,2,2,42,VERDE,217.4,493.5,0.000,1,324.6,,75.9
4219.959697,AVOID_APPROACH,pure-pursuit al punto de paso del pilar 42,23,-4.34,294.74,PISTA,OK,4,631.5,631.5,408.5,691.7,290.6,1,0.972,331.2,1,0.959,616.0,1,1.000,0.227,2,2,42,VERDE,215.8,485.4,0.000,1,324.6,,57.8
4220.059567,AVOID_APPROACH,pure-pursuit al punto de paso del pilar 42,23,-4.87,294.69,PISTA,OK,4,625.5,625.5,406.3,696.1,296.6,1,1.000,337.8,1,0.973,619.0,1,1.000,0.225,2,2,42,VERDE,219.5,476.1,0.000,1,324.6,,79.4
4220.157630,AVOID_APPROACH,pure-pursuit al punto de paso del pilar 42,23,-4.77,294.58,PISTA,OK,4,624.0,624.0,403.0,698.8,308.6,1,0.944,345.0,1,0.973,621.8,1,1.000,0.225,2,2,42,VERDE,218.1,468.6,0.000,1,324.6,,58.5
4220.258006,AVOID_APPROACH,pure-pursuit al punto de paso del pilar 42,23,-4.35,294.48,PISTA,OK,4,632.0,632.0,393.0,702.0,315.7,1,0.972,353.0,1,0.959,625.0,1,1.000,0.225,2,2,42,VERDE,214.1,461.3,0.000,1,324.6,,80.4
4220.358722,AVOID_APPROACH,pure-pursuit al punto de paso del pilar 42,23,-4.43,294.39,PISTA,OK,4,612.5,612.5,392.5,704.9,323.9,1,0.972,360.5,1,0.932,629.5,1,1.000,0.224,2,2,42,VERDE,214.1,452.2,0.000,1,324.6,,58.4
4220.459873,AVOID_APPROACH,pure-pursuit al punto de paso del pilar 42,22,-5.08,294.29,PISTA,OK,4,603.0,603.0,386.3,709.6,332.1,1,0.944,361.0,1,0.973,633.0,1,1.000,0.225,2,2,42,VERDE,218.6,445.6,0.000,1,324.6,,81.3
4220.558714,AVOID_APPROACH,pure-pursuit al punto de paso del pilar 42,22,-4.59,294.24,PISTA,OK,4,602.5,602.5,378.6,711.6,341.5,1,0.972,360.8,1,0.959,636.0,1,1.000,0.226,2,2,42,VERDE,214.0,436.0,0.000,1,324.6,,57.3
4220.661060,AVOID_APPROACH,pure-pursuit al punto de paso del pilar 42,22,-4.73,294.15,PISTA,OK,4,596.0,596.0,378.0,714.9,348.5,1,0.972,358.2,1,0.932,636.8,1,1.000,0.226,2,2,42,VERDE,214.6,430.3,0.000,1,324.6,,78.4
4220.760783,AVOID_APPROACH,pure-pursuit al punto de paso del pilar 42,22,-4.50,294.03,PISTA,OK,4,590.0,590.0,366.3,718.4,356.2,1,0.972,347.0,1,0.959,643.0,1,1.000,0.227,2,2,42,VERDE,212.1,421.3,0.000,1,324.6,,60.8
4220.862275,AVOID_APPROACH,pure-pursuit al punto de paso del pilar 42,22,-4.47,293.90,PISTA,OK,4,583.0,583.0,355.7,720.9,364.5,1,0.972,344.5,1,0.932,646.0,1,1.000,0.328,2,2,42,VERDE,211.4,414.3,0.000,1,324.6,,82.5
4220.960906,AVOID_APPROACH,pure-pursuit al punto de paso del pilar 42,22,-4.55,293.85,PISTA,OK,4,575.0,575.0,350.9,724.0,373.7,1,0.972,338.0,1,0.945,648.2,1,1.000,0.320,2,2,42,VERDE,211.4,406.8,0.000,1,324.6,,61.6
4221.060758,AVOID_APPROACH,pure-pursuit al punto de paso del pilar 42,22,-4.81,293.75,PISTA,OK,4,572.5,572.5,345.4,726.8,381.5,1,0.944,332.5,1,0.904,652.2,1,1.000,0.320,2,2,42,VERDE,212.7,400.6,0.000,1,324.6,,78.3
4221.161709,AVOID_APPROACH,pure-pursuit al punto de paso del pilar 42,22,-4.23,293.60,PISTA,OK,4,565.0,565.0,341.3,730.1,391.2,1,0.972,334.2,1,0.918,656.0,1,1.000,0.306,2,2,42,VERDE,207.9,391.7,0.000,1,324.6,,61.6
4221.261440,AVOID_APPROACH,pure-pursuit al punto de paso del pilar 42,22,-3.88,293.44,PISTA,OK,4,560.0,560.0,342.3,733.0,397.8,1,0.972,325.5,1,0.932,658.0,1,1.000,0.229,2,2,42,VERDE,205.1,385.1,0.000,1,324.6,,80.4
4221.361335,AVOID_APPROACH,pure-pursuit al punto de paso del pilar 42,22,-3.98,293.38,PISTA,OK,4,556.0,556.0,337.8,735.2,406.6,1,0.944,322.8,1,0.932,662.0,1,1.000,0.228,2,2,42,VERDE,205.3,378.6,0.000,1,324.6,,62.4
4221.460809,AVOID_APPROACH,pure-pursuit al punto de paso del pilar 42,22,-4.21,293.20,PISTA,OK,4,548.5,548.5,332.9,739.4,415.8,1,0.972,315.5,1,0.945,664.5,1,1.000,0.229,2,2,42,VERDE,206.3,370.6,0.000,1,324.6,,81.0
4221.560445,AVOID_APPROACH,pure-pursuit al punto de paso del pilar 42,22,-3.93,293.14,PISTA,OK,4,543.0,543.0,329.7,741.1,422.9,1,0.972,314.0,1,0.918,667.2,1,1.000,0.228,2,2,42,VERDE,203.9,362.8,0.000,1,324.6,,61.3
4221.660580,AVOID_APPROACH,pure-pursuit al punto de paso del pilar 42,22,-3.71,293.01,PISTA,OK,4,537.0,537.0,323.9,743.9,429.4,1,0.972,309.0,1,0.904,670.0,1,1.000,0.236,2,2,42,VERDE,202.1,356.6,0.000,1,324.6,,80.7
4221.759052,AVOID_APPROACH,pure-pursuit al punto de paso del pilar 42,22,-3.83,292.94,PISTA,OK,4,532.8,532.8,318.8,746.3,437.9,1,0.972,306.0,1,0.918,673.0,1,1.000,0.319,2,2,42,VERDE,202.3,347.9,0.000,1,324.6,,59.6
4221.858736,AVOID_APPROACH,pure-pursuit al punto de paso del pilar 42,22,-3.89,292.90,PISTA,OK,4,526.5,526.5,305.0,749.7,445.8,1,0.972,301.0,1,0.945,677.2,1,0.986,0.729,2,2,42,VERDE,202.3,343.1,0.000,1,324.6,,80.0
4221.958255,AVOID_APPROACH,pure-pursuit al punto de paso del pilar 42,22,-3.86,292.71,PISTA,OK,4,516.5,516.5,301.3,752.7,452.9,1,0.972,297.5,1,0.863,680.0,1,1.000,0.770,2,2,42,VERDE,201.6,335.0,0.000,1,324.6,,58.5
4222.058911,AVOID_APPROACH,pure-pursuit al punto de paso del pilar 42,25,-3.96,292.64,PISTA,OK,4,991.0,1459.0,297.6,754.5,462.2,1,0.944,294.5,1,0.918,682.5,1,1.000,0.754,2,2,42,VERDE,201.7,327.4,0.000,1,324.6,,78.1
4222.157191,AVOID_APPROACH,pure-pursuit al punto de paso del pilar 42,22,-3.72,292.54,PISTA,OK,4,532.0,532.0,293.3,757.9,468.9,1,0.972,293.0,1,0.904,685.5,1,1.000,0.777,2,2,42,VERDE,199.9,320.5,0.000,1,324.6,,57.5
4222.256991,AVOID_APPROACH,pure-pursuit al punto de paso del pilar 42,25,-3.62,292.40,PISTA,OK,4,974.0,1443.5,289.9,761.0,698.7,1,0.944,284.0,1,0.932,690.0,1,1.000,0.768,2,2,42,VERDE,198.8,313.2,0.000,1,324.6,,78.6
4222.355953,AVOID_APPROACH,pure-pursuit al punto de paso del pilar 42,25,-3.55,292.32,PISTA,OK,4,966.5,1433.5,285.7,763.3,492.2,1,1.000,282.0,1,0.863,693.0,1,1.000,0.771,2,2,42,VERDE,198.0,306.1,0.000,1,324.6,,55.3
4222.455916,AVOID_APPROACH,pure-pursuit al punto de paso del pilar 42,25,-3.31,292.19,PISTA,OK,4,956.5,1424.0,281.8,766.6,706.9,1,0.972,276.5,1,0.945,696.0,1,1.000,0.777,2,2,42,VERDE,196.3,298.3,0.000,1,324.6,,73.2
4222.555478,AVOID_APPROACH,pure-pursuit al punto de paso del pilar 42,25,-3.18,292.03,PISTA,OK,4,949.0,1415.0,276.5,769.2,709.8,1,1.000,275.0,1,0.945,699.5,1,1.000,0.770,2,2,42,VERDE,195.1,290.3,0.000,1,324.6,,50.9
4222.657075,AVOID_APPROACH,pure-pursuit al punto de paso del pilar 42,25,-3.25,291.83,PISTA,OK,4,940.0,1405.0,272.9,772.4,715.5,1,1.000,270.0,1,0.945,703.0,1,1.000,0.778,2,2,42,VERDE,195.0,281.4,0.000,1,324.6,,81.5
4222.754922,AVOID_PASS,manteniendo rumbo mientras pasa el pilar 42,25,0.00,291.79,PISTA,OK,4,928.0,1392.5,268.6,775.5,719.6,1,0.972,262.5,1,0.945,705.5,1,1.000,0.781,2,2,42,VERDE,194.3,271.5,0.000,1,0.0,,53.7
4222.855579,AVOID_PASS,manteniendo rumbo mientras pasa el pilar 42,25,0.14,291.65,PISTA,OK,4,921.5,1385.5,264.2,779.5,721.3,1,1.000,260.5,1,0.890,711.0,1,1.000,0.783,2,2,42,VERDE,193.4,263.5,0.000,1,10.1,,73.6
4222.956165,AVOID_PASS,manteniendo rumbo mientras pasa el pilar 42,25,0.32,291.47,PISTA,OK,4,911.0,1374.0,259.4,781.1,729.0,1,1.000,255.5,1,0.890,714.0,1,1.000,0.784,2,2,42,VERDE,192.9,255.0,0.000,1,20.1,,58.4
4223.058348,AVOID_PASS,manteniendo rumbo mientras pasa el pilar 42,25,0.38,291.41,PISTA,OK,4,902.0,1367.0,256.1,784.2,736.4,1,1.000,254.0,1,0.945,717.5,1,1.000,0.763,2,2,42,VERDE,191.6,247.9,0.000,1,30.3,,83.4
4223.158252,AVOID_PASS,manteniendo rumbo mientras pasa el pilar 42,25,0.47,291.32,PISTA,OK,4,894.0,1358.5,251.9,787.4,737.2,1,0.972,252.5,1,0.849,721.5,1,1.000,0.764,2,2,42,VERDE,194.9,238.6,0.000,1,40.3,,56.7
4223.259762,AVOID_PASS,manteniendo rumbo mientras pasa el pilar 42,25,0.53,291.26,PISTA,OK,4,886.0,1350.0,248.2,791.2,742.6,1,0.972,246.5,1,0.863,725.5,1,1.000,0.769,2,2,42,VERDE,191.6,230.4,0.000,1,50.5,,81.1
4223.357697,AVOID_PASS,manteniendo rumbo mientras pasa el pilar 42,25,0.63,291.16,PISTA,OK,4,876.0,1339.5,244.0,794.6,747.5,1,0.972,244.0,1,0.877,728.5,1,1.000,0.773,2,2,42,VERDE,195.3,221.0,0.000,1,60.3,,60.1
4223.457691,AVOID_PASS,manteniendo rumbo mientras pasa el pilar 42,25,0.69,291.10,PISTA,OK,4,867.5,1330.5,239.8,798.4,749.5,1,0.972,240.2,1,0.863,731.0,1,1.000,0.794,2,2,42,VERDE,191.0,212.9,0.000,1,70.3,,75.7
4223.557225,AVOID_PASS,manteniendo rumbo mientras pasa el pilar 42,25,0.81,290.98,PISTA,OK,4,860.0,1321.0,236.2,801.7,757.7,1,1.000,235.0,1,0.877,734.2,1,1.000,0.791,2,2,42,VERDE,193.3,205.3,0.000,1,80.2,,57.1
4223.658495,AVOID_PASS,manteniendo rumbo mientras pasa el pilar 42,25,0.85,290.94,PISTA,OK,4,849.5,1314.5,231.7,805.3,758.1,1,0.972,229.5,1,0.863,738.0,1,1.000,0.777,2,2,42,VERDE,194.0,195.4,0.000,1,90.4,,81.7
4223.756144,AVOID_PASS,manteniendo rumbo mientras pasa el pilar 42,24,0.61,290.87,PISTA,OK,4,839.5,1304.5,228.5,808.8,764.3,1,1.000,226.0,1,0.863,741.5,1,1.000,0.785,2,2,42,VERDE,189.3,189.4,0.000,1,100.1,,57.6
4223.856186,AVOID_PASS,manteniendo rumbo mientras pasa el pilar 42,24,-0.19,290.73,PISTA,OK,4,830.0,1295.5,223.8,812.2,767.1,1,0.972,224.5,1,0.849,745.0,1,1.000,0.801,2,2,42,VERDE,189.4,178.9,0.000,1,109.7,,78.6
4223.954990,AVOID_PASS,manteniendo rumbo mientras pasa el pilar 42,24,-0.68,290.62,PISTA,OK,4,822.0,1282.0,220.8,814.7,772.5,1,0.944,219.0,1,0.836,748.0,1,1.000,0.797,2,2,42,VERDE,192.1,172.5,0.000,1,119.2,,56.8
4224.054844,AVOID_PASS,manteniendo rumbo mientras pasa el pilar 42,24,-1.42,290.52,PISTA,OK,4,813.0,1279.5,216.7,818.6,777.8,1,0.917,214.0,1,0.781,751.2,1,0.986,0.802,2,2,42,VERDE,190.0,164.8,0.000,1,128.8,,80.5
4224.154242,AVOID_PASS,manteniendo rumbo mientras pasa el pilar 42,24,-1.93,290.41,PISTA,OK,4,804.0,1267.0,213.7,821.4,776.1,1,1.000,212.0,1,0.808,755.2,1,1.000,0.776,2,2,42,VERDE,188.3,155.7,0.000,1,138.3,,55.2
4224.253655,AVOID_PASS,manteniendo rumbo mientras pasa el pilar 42,24,-2.81,290.33,PISTA,OK,4,794.5,1258.5,209.2,823.6,782.7,1,0.972,203.8,1,0.822,757.8,1,1.000,0.775,2,2,42,VERDE,188.2,146.3,0.099,1,147.9,,80.2
4224.352934,AVOID_PASS,manteniendo rumbo mientras pasa el pilar 42,24,-3.40,290.31,PISTA,OK,4,786.5,1250.0,206.2,825.0,787.6,1,0.944,205.2,1,0.836,760.8,1,1.000,0.741,2,2,42,VERDE,188.1,137.0,0.199,1,157.4,,55.1
4224.453076,AVOID_PASS,manteniendo rumbo mientras pasa el pilar 42,24,-4.02,290.22,PISTA,OK,4,776.5,1243.0,202.8,828.1,792.3,1,0.944,202.5,1,0.753,764.5,1,1.000,0.734,2,2,42,VERDE,187.8,127.6,0.299,1,167.0,,81.2
4224.554105,AVOID_PASS,manteniendo rumbo mientras pasa el pilar 42,24,-4.47,290.13,PISTA,OK,4,766.0,1235.5,200.3,824.2,795.4,1,1.000,200.0,1,0.822,767.5,1,1.000,0.679,2,2,42,VERDE,187.6,118.2,0.400,1,176.7,,56.1
4224.654417,AVOID_PASS,manteniendo rumbo mientras pasa el pilar 42,24,-5.34,290.08,PISTA,OK,4,756.5,1227.0,195.9,805.1,638.5,1,0.972,194.0,1,0.781,770.2,1,1.000,0.480,2,2,42,VERDE,187.6,118.2,0.400,0,186.4,,79.7
4224.754099,AVOID_PASS,manteniendo rumbo mientras pasa el pilar 42,24,-6.01,290.00,PISTA,OK,4,748.5,1221.5,192.4,807.9,655.3,1,0.944,190.5,1,0.767,775.0,1,1.000,0.518,2,2,42,VERDE,187.6,118.2,0.400,0,195.9,,57.3
4224.855428,AVOID_PASS,manteniendo rumbo mientras pasa el pilar 42,24,-6.42,289.84,PISTA,OK,4,741.0,1210.5,189.9,830.7,813.8,1,0.972,188.5,1,0.836,777.8,1,1.000,0.679,2,2,42,VERDE,182.1,102.8,0.000,1,205.7,,77.2
4224.955255,AVOID_PASS,manteniendo rumbo mientras pasa el pilar 42,24,-7.13,289.69,PISTA,OK,4,732.5,1202.5,186.2,817.8,816.3,1,0.944,182.0,1,0.795,780.0,1,1.000,0.560,2,2,42,VERDE,181.8,93.7,0.100,1,215.2,,57.8
4225.055449,AVOID_PASS,manteniendo rumbo mientras pasa el pilar 42,23,-7.76,289.52,PISTA,OK,4,722.0,1191.5,182.7,820.9,656.2,1,0.944,180.5,1,0.685,782.8,1,1.000,0.585,2,2,42,VERDE,181.6,84.6,0.200,1,224.9,,81.8
4225.156643,AVOID_PASS,manteniendo rumbo mientras pasa el pilar 42,23,-8.48,289.24,PISTA,OK,4,714.0,1183.5,178.6,819.2,575.0,1,0.972,180.0,1,0.671,785.2,1,1.000,0.552,2,2,42,VERDE,181.1,76.2,0.301,1,234.2,,57.7
4225.257001,AVOID_PASS,manteniendo rumbo mientras pasa el pilar 42,23,-8.94,289.08,PISTA,OK,4,704.0,1171.5,176.1,822.5,825.3,1,0.889,172.0,1,0.699,790.0,1,1.000,0.556,2,2,42,VERDE,180.9,67.5,0.402,1,243.4,,81.5
4225.356622,AVOID_PASS,manteniendo rumbo mientras pasa el pilar 42,23,-9.21,288.71,PISTA,OK,4,696.5,1160.0,174.1,821.0,833.1,1,0.889,172.0,1,0.589,792.0,1,1.000,0.544,2,2,42,VERDE,180.9,67.5,0.402,0,252.6,,59.2
4225.456475,AVOID_PASS,manteniendo rumbo mientras pasa el pilar 42,23,-9.51,288.27,PISTA,OK,4,688.0,1151.0,171.8,820.0,838.0,1,0.861,169.5,1,0.658,793.2,1,1.000,0.524,2,2,42,VERDE,180.9,67.5,0.402,0,261.7,,81.8
4225.555730,AVOID_PASS,manteniendo rumbo mientras pasa el pilar 42,23,-9.98,287.75,PISTA,OK,4,679.5,1144.5,168.8,839.6,731.4,1,0.861,167.8,1,0.685,795.0,1,1.000,0.714,2,2,42,VERDE,180.9,67.5,0.402,0,270.9,,57.4
4225.656053,AVOID_PASS,manteniendo rumbo mientras pasa el pilar 42,23,-10.44,287.54,PISTA,OK,4,671.0,671.0,166.4,817.1,472.2,1,0.861,164.0,1,0.644,797.0,1,1.000,0.532,3,2,42,VERDE,180.9,67.5,0.402,0,280.1,,82.3
4225.753368,AVOID_PASS,manteniendo rumbo mientras pasa el pilar 42,23,-10.59,287.00,PISTA,OK,4,664.0,664.0,164.8,818.7,484.1,1,0.833,162.5,1,0.616,799.5,1,0.986,0.545,3,2,42,VERDE,180.9,67.5,0.402,0,289.1,,56.5
4225.854492,AVOID_PASS,manteniendo rumbo mientras pasa el pilar 42,23,-10.81,286.35,PISTA,OK,4,654.0,1115.0,162.9,816.2,553.4,1,0.833,162.5,1,0.671,801.0,1,1.000,0.566,4,2,42,VERDE,180.9,67.5,0.402,0,298.4,,82.9
4225.954051,AVOID_PASS,manteniendo rumbo mientras pasa el pilar 42,23,-11.31,285.69,PISTA,OK,4,644.5,1106.5,160.0,814.6,526.6,1,0.778,160.5,1,0.658,802.2,1,1.000,0.553,4,2,42,VERDE,180.9,67.5,0.402,0,307.5,,56.6
4226.053311,AVOID_PASS,manteniendo rumbo mientras pasa el pilar 42,23,-11.44,284.97,PISTA,OK,4,636.5,641.5,159.0,810.9,439.0,1,0.750,160.0,1,0.644,802.2,1,1.000,0.509,4,2,42,VERDE,180.9,67.5,0.402,0,316.7,,81.5
4226.152926,RECENTER,reincorporacion tras 326 mm de sobrepaso estimado,23,-15.44,284.66,PISTA,OK,4,625.5,634.0,156.7,817.2,402.6,1,0.722,159.0,1,0.562,190.5,1,1.000,0.593,3,1,42,VERDE,180.9,67.5,0.402,0,325.8,,56.5
4226.250837,RECENTER,reincorporando por posicion lateral,23,-19.44,283.92,PISTA,OK,4,617.5,1079.5,155.8,813.7,907.2,1,0.667,153.0,1,0.575,181.5,1,0.973,0.628,3,1,42,VERDE,180.9,67.5,0.402,0,325.8,,77.0
4226.351416,RECENTER,reincorporando por posicion lateral,22,-20.00,283.38,PISTA,OK,4,609.5,1068.5,154.4,820.5,388.0,1,0.778,151.0,1,0.630,164.0,1,0.973,0.636,3,1,42,VERDE,180.9,67.5,0.402,0,325.8,,54.0
4226.451269,RECENTER,reincorporando por posicion lateral,22,-20.00,281.94,PISTA,OK,4,601.5,1061.5,153.1,817.5,339.1,1,0.750,152.0,1,0.534,156.5,1,0.986,0.707,3,1,42,VERDE,180.9,67.5,0.402,0,325.8,,81.8
4226.550180,RECENTER,reincorporando por posicion lateral,22,-20.00,281.20,PISTA,OK,4,593.0,1052.0,152.7,839.3,323.6,1,0.694,150.5,1,0.589,153.5,1,0.959,0.797,4,1,42,VERDE,180.9,67.5,0.402,0,325.8,,51.0
4226.650516,RECENTER,reincorporando por posicion lateral,22,-20.00,279.77,PISTA,OK,4,588.0,1042.0,153.6,837.5,316.6,1,0.694,150.0,1,0.616,151.0,1,0.986,0.807,4,1,42,VERDE,180.9,67.5,0.402,0,325.8,,78.3
4226.749964,RECENTER,reincorporando por posicion lateral,22,-20.00,278.22,PISTA,OK,4,583.5,1034.0,153.9,831.6,308.4,1,0.639,150.5,1,0.616,146.5,1,0.945,0.847,4,1,42,VERDE,180.9,67.5,0.402,0,325.8,,53.5
4226.849954,RECENTER,reincorporando por posicion lateral,22,-20.00,276.78,PISTA,OK,4,573.5,1026.0,154.5,821.1,287.1,1,0.694,151.2,1,0.603,146.0,1,0.973,0.850,5,1,42,VERDE,180.9,67.5,0.402,0,325.8,,80.8
4226.951178,RECENTER,reincorporando por posicion lateral,25,-20.00,276.10,PISTA,OK,4,1019.0,1019.0,155.6,824.1,280.1,1,0.667,152.0,1,0.671,143.0,1,0.945,0.829,5,1,42,VERDE,180.9,67.5,0.402,0,325.8,,52.1
4227.051497,RECENTER,reincorporando por posicion lateral,25,-20.00,273.74,PISTA,OK,4,1009.5,1009.5,158.4,810.7,265.4,1,0.750,154.0,1,0.685,140.0,1,0.973,0.787,6,1,42,VERDE,180.9,67.5,0.402,0,325.8,,80.7
4227.151024,RECENTER,reincorporando por posicion lateral,25,-16.00,272.83,PISTA,OK,4,999.5,1002.5,188.8,810.8,288.9,1,0.639,157.0,1,0.699,138.0,1,0.959,0.216,7,1,42,VERDE,180.9,67.5,0.402,0,325.8,,53.7
4227.252703,RECENTER,reincorporando por posicion lateral,25,-12.00,270.98,PISTA,OK,4,988.5,995.0,190.1,817.8,283.9,1,0.639,161.2,1,0.616,136.0,1,0.973,0.222,6,0,42,VERDE,180.9,67.5,0.402,0,325.8,,83.1
4227.352497,RECENTER,reincorporando por posicion lateral,25,-8.00,269.35,PISTA,OK,4,978.5,978.5,214.9,812.8,247.0,1,0.694,164.0,1,0.685,132.0,1,0.959,0.218,6,0,42,VERDE,180.9,67.5,0.402,0,325.8,,56.4
4227.452760,RECENTER,reincorporando por posicion lateral,25,-4.00,267.46,PISTA,OK,4,971.5,971.5,215.5,809.6,237.9,1,0.694,165.8,1,0.699,129.0,1,0.945,0.220,6,0,42,VERDE,180.9,67.5,0.402,0,325.8,,82.2
4227.552482,RECENTER,reincorporando por posicion lateral,25,0.00,266.62,PISTA,OK,4,962.5,962.5,234.7,804.0,252.4,1,0.750,169.5,1,0.781,127.5,1,0.973,0.219,6,0,42,VERDE,180.9,67.5,0.402,0,325.8,,55.4
4227.653654,RECENTER,reincorporando por posicion lateral,25,4.00,264.61,PISTA,OK,4,953.5,953.5,248.1,799.4,219.5,1,0.806,174.2,1,0.740,127.0,1,0.945,0.219,5,0,42,VERDE,180.9,67.5,0.402,0,325.8,,77.3
4227.751221,RECENTER,reincorporando por posicion lateral,25,8.00,263.66,PISTA,OK,4,944.5,944.5,271.3,796.8,246.4,1,0.806,174.0,1,0.781,125.2,1,0.945,0.218,5,0,42,VERDE,180.9,67.5,0.402,0,325.8,,52.4
4227.852387,RECENTER,reincorporando por posicion lateral,25,12.00,263.08,PISTA,OK,4,936.5,936.5,273.2,795.3,228.1,1,0.750,176.5,1,0.740,124.8,1,0.904,0.218,5,0,42,VERDE,180.9,67.5,0.402,0,325.8,,82.9
4227.949864,RECENTER,reincorporando por posicion lateral,25,16.00,263.03,PISTA,OK,4,927.0,927.0,288.3,793.2,227.5,1,0.833,179.5,1,0.822,126.0,1,0.918,0.216,5,0,42,VERDE,180.9,67.5,0.402,0,325.8,,48.1
4228.049777,RECENTER,reincorporando por posicion lateral,25,20.00,263.20,PISTA,OK,4,917.5,917.5,306.5,791.8,224.4,1,0.778,177.8,1,0.726,129.0,1,0.945,0.218,6,0,42,VERDE,180.9,67.5,0.402,0,325.8,,80.2
4228.148512,RECENTER,reincorporando por posicion lateral,25,24.00,263.79,PISTA,OK,4,907.5,907.5,299.4,790.1,235.5,1,0.806,181.5,1,0.644,133.0,1,0.932,0.222,5,0,42,VERDE,180.9,67.5,0.402,0,325.8,,51.2
4228.248314,RECENTER,reincorporando por posicion lateral,25,25.00,264.81,PISTA,OK,4,900.5,900.5,307.2,781.5,235.1,1,0.833,179.8,1,0.658,138.8,1,0.918,0.215,5,0,42,VERDE,180.9,67.5,0.402,0,325.8,,81.8
4228.347096,RECENTER,reincorporando por posicion lateral,25,25.00,266.49,PISTA,OK,4,894.0,894.0,312.1,787.7,257.6,1,0.806,178.0,1,0.658,142.8,1,0.945,0.220,6,0,42,VERDE,180.9,67.5,0.402,0,325.8,,47.8
4228.446930,RECENTER,reincorporando por posicion lateral,25,25.00,267.35,PISTA,OK,4,886.5,886.5,306.0,786.7,246.6,1,0.778,183.8,1,0.644,150.5,1,0.904,0.220,5,0,42,VERDE,180.9,67.5,0.402,0,325.8,,80.4
4228.546508,RECENTER,reincorporando por posicion lateral,25,25.00,269.16,PISTA,OK,4,880.0,880.0,283.2,777.3,257.4,1,0.806,178.0,1,0.548,156.0,1,0.932,0.204,5,0,42,VERDE,180.9,67.5,0.402,0,325.8,,49.5
4228.647956,RECENTER,reincorporando por posicion lateral,25,25.00,271.03,PISTA,OK,4,872.0,872.0,287.2,786.8,251.1,1,0.806,186.8,1,0.521,162.5,1,0.904,0.218,5,1,42,VERDE,180.9,67.5,0.402,0,325.8,,79.5
4228.747518,RECENTER,reincorporando por posicion lateral,25,25.00,272.99,PISTA,OK,4,867.0,871.0,283.7,794.5,256.4,1,0.694,180.0,1,0.493,169.5,1,0.959,0.219,6,1,42,VERDE,180.9,67.5,0.402,0,325.8,,50.7
4228.847862,RECENTER,reincorporando por posicion lateral,25,21.00,274.87,PISTA,OK,4,862.5,864.5,1077.5,802.0,265.4,1,0.722,189.0,1,0.479,177.2,1,0.945,0.787,7,1,42,VERDE,180.9,67.5,0.402,0,325.8,,82.4
4228.947940,RECENTER,reincorporando por posicion lateral,25,17.00,276.87,PISTA,OK,4,856.5,856.5,1094.0,814.2,265.4,1,0.778,183.0,1,0.466,184.2,1,0.959,0.797,7,1,42,VERDE,180.9,67.5,0.402,0,325.8,,51.7
4229.048194,RECENTER,reincorporando por posicion lateral,25,13.00,277.92,PISTA,OK,4,849.5,849.5,146.3,822.6,199.9,1,0.611,189.2,1,0.521,193.0,1,0.932,0.635,7,1,42,VERDE,180.9,67.5,0.402,0,325.8,,82.6
4229.149171,RECENTER,reincorporando por posicion lateral,21,17.00,280.00,PISTA,OK,4,411.0,841.5,660.0,833.4,187.2,1,0.639,177.5,1,0.493,204.5,1,0.959,0.216,7,1,42,VERDE,180.9,67.5,0.402,0,325.8,,53.9
4229.249544,RECENTER,reincorporando por posicion lateral,21,21.00,282.36,AZUL,OK,4,385.0,836.0,575.9,846.3,189.2,1,0.583,178.8,1,0.575,214.5,1,0.918,0.217,7,1,42,VERDE,180.9,67.5,0.402,0,325.8,,81.9
4229.349544,RECENTER,reincorporando por posicion lateral,20,25.00,283.74,AZUL,OK,4,377.5,828.0,565.6,857.9,192.5,1,0.667,173.5,1,0.479,226.2,1,0.945,0.217,7,1,42,VERDE,180.9,67.5,0.402,0,325.8,,49.4
4229.451242,RECENTER,reincorporando por posicion lateral,20,25.00,284.89,PISTA,OK,4,372.0,824.0,580.9,864.3,195.4,1,0.583,191.0,1,0.521,234.0,1,0.959,0.216,7,1,42,VERDE,180.9,67.5,0.402,0,325.8,,83.8
4229.550917,RECENTER,reincorporando por posicion lateral,20,25.00,285.63,PISTA,OK,4,366.0,819.5,544.4,871.1,197.0,1,0.583,185.0,1,0.425,239.0,1,0.959,0.219,7,1,42,VERDE,180.9,67.5,0.402,0,325.8,,54.1
4229.651187,RECENTER,reincorporando por posicion lateral,20,25.00,287.13,PISTA,OK,4,359.5,817.5,528.2,880.8,201.9,1,0.694,179.5,1,0.507,246.5,1,0.945,0.218,6,1,42,VERDE,180.9,67.5,0.402,0,325.8,,82.0
4229.750639,RECENTER,reincorporando por posicion lateral,20,25.00,288.52,PISTA,OK,4,353.5,816.0,571.1,883.9,210.5,1,0.667,183.0,1,0.493,252.0,1,0.973,0.203,6,1,42,VERDE,180.9,67.5,0.402,0,325.8,,55.6
4229.851960,RECENTER,reincorporando por posicion lateral,20,25.00,289.90,PISTA,OK,4,353.0,368.5,482.5,890.1,218.4,1,0.722,186.5,1,0.534,257.5,1,0.973,0.220,6,1,42,VERDE,180.9,67.5,0.402,0,325.8,,84.0
4229.949533,RECENTER,reincorporando por posicion lateral,20,25.00,290.63,PISTA,OK,4,350.0,814.0,461.5,896.3,225.6,1,0.722,178.0,1,0.562,263.5,1,0.973,0.221,7,1,42,VERDE,180.9,67.5,0.402,0,325.8,,53.8
4230.050603,RECENTER,reincorporando por posicion lateral,20,25.00,291.97,PISTA,OK,4,345.0,815.2,447.8,903.7,233.4,1,0.750,186.2,1,0.575,268.5,1,0.973,0.221,7,1,42,VERDE,180.9,67.5,0.402,0,325.8,,82.5
4230.148429,RECENTER,reincorporando por posicion lateral,20,25.00,293.39,PISTA,OK,4,339.0,349.0,432.1,905.7,241.0,1,0.806,180.0,1,0.616,275.5,1,1.000,0.216,7,1,42,VERDE,180.9,67.5,0.402,0,325.8,,51.6
4230.248464,RECENTER,reincorporando por posicion lateral,20,25.00,294.77,PISTA,OK,4,336.0,819.0,419.5,904.9,251.3,1,0.778,195.0,1,0.630,282.0,1,0.973,0.214,7,2,42,VERDE,180.9,67.5,0.402,0,325.8,,81.9
4230.348378,RECENTER,reincorporando por posicion lateral,20,25.00,295.45,PISTA,OK,4,329.5,895.5,404.5,912.7,257.3,1,0.778,185.0,1,0.562,286.8,1,0.986,0.215,7,2,42,VERDE,180.9,67.5,0.402,0,325.8,,52.2
4230.446923,RECENTER,reincorporando por posicion lateral,20,25.00,296.90,PISTA,OK,4,324.0,886.0,395.1,897.4,265.1,1,0.833,189.2,1,0.616,293.0,1,0.986,0.213,7,2,42,VERDE,180.9,67.5,0.402,0,325.8,,78.8
4230.546234,RECENTER,reincorporando por posicion lateral,20,25.00,298.37,PISTA,OK,4,322.5,916.0,382.6,892.1,273.6,1,0.861,194.5,1,0.616,298.5,1,1.000,0.209,7,2,42,VERDE,180.9,67.5,0.402,0,325.8,,50.6
4230.645909,RECENTER,reincorporando por posicion lateral,20,25.00,299.82,PISTA,OK,4,320.8,922.5,373.4,888.4,281.7,1,0.917,193.0,1,0.575,306.0,1,1.000,0.209,7,2,42,VERDE,180.9,67.5,0.402,0,325.8,,82.1
4230.745249,RECENTER,reincorporando por posicion lateral,20,25.00,301.50,PISTA,OK,4,321.5,935.0,360.9,883.1,289.3,1,0.889,186.5,1,0.658,311.0,1,1.000,0.208,7,2,42,VERDE,180.9,67.5,0.402,0,325.8,,50.7
4230.845535,RECENTER,reincorporando por posicion lateral,20,25.00,302.15,PISTA,OK,4,320.8,950.0,355.5,885.5,297.1,1,0.944,192.5,1,0.658,317.0,1,1.000,0.208,7,2,42,VERDE,180.9,67.5,0.402,0,325.8,,82.6
4230.946180,RECENTER,reincorporando por posicion lateral,25,25.00,303.70,PISTA,OK,4,846.5,965.5,346.9,880.2,307.3,1,0.972,190.5,1,0.740,325.0,1,0.986,0.209,7,2,42,VERDE,180.9,67.5,0.402,0,325.8,,48.1
4231.046431,RECENTER,reincorporando por posicion lateral,25,25.00,305.21,PISTA,OK,4,857.0,975.0,336.6,866.4,314.8,1,0.944,191.8,1,0.685,331.0,1,1.000,0.209,5,2,42,VERDE,180.9,67.5,0.402,0,325.8,,81.3
4231.146393,RECENTER,reincorporando por posicion lateral,25,25.00,307.38,PISTA,OK,4,864.0,996.5,327.8,863.3,328.6,1,0.972,190.5,1,0.822,345.5,1,1.000,0.209,5,2,42,VERDE,180.9,67.5,0.402,0,325.8,,50.9
4231.246920,RECENTER,reincorporando por posicion lateral,25,25.00,309.42,NARANJA,OK,4,872.0,872.0,316.1,864.9,345.7,1,0.944,191.0,1,0.767,363.5,1,0.986,0.210,6,2,42,VERDE,180.9,67.5,0.402,0,325.8,,82.1
4231.345781,RECENTER,reincorporando por posicion lateral,25,24.76,310.41,NARANJA,OK,4,890.5,890.5,309.0,849.3,367.1,1,0.944,190.2,1,0.877,386.0,1,1.000,0.211,5,1,42,VERDE,180.9,67.5,0.402,0,325.8,,45.0
4231.445976,RECENTER,reincorporando por posicion lateral,25,23.71,312.51,NARANJA,OK,4,898.0,898.0,299.8,859.6,805.6,1,0.972,189.5,1,0.849,941.0,1,1.000,0.209,5,1,42,VERDE,180.9,67.5,0.402,0,325.8,,77.7
4231.545717,RECENTER,reincorporando por posicion lateral,25,22.72,314.50,PISTA,OK,4,919.5,919.5,293.9,855.0,804.8,1,1.000,193.5,1,0.918,948.5,1,1.000,0.210,5,1,42,VERDE,180.9,67.5,0.402,0,325.8,,47.3
4231.647380,RECENTER,reincorporando por posicion lateral,25,21.71,316.52,PISTA,OK,4,938.5,938.5,286.4,850.5,804.4,1,0.972,195.2,1,0.890,955.8,1,1.000,0.211,5,2,42,VERDE,180.9,67.5,0.402,0,325.8,,81.0
4231.747097,RECENTER,reincorporando por posicion lateral,25,21.26,318.44,PISTA,OK,4,958.0,958.0,280.5,856.1,805.0,1,0.972,195.8,1,0.904,965.0,1,1.000,0.211,6,2,42,VERDE,180.9,67.5,0.402,0,325.8,,45.7
4231.847759,RECENTER,reincorporando por posicion lateral,25,20.28,319.37,PISTA,OK,4,982.0,982.0,273.5,871.6,807.9,1,0.972,200.5,1,0.918,973.5,1,1.000,0.211,6,2,42,VERDE,180.9,67.5,0.402,0,325.8,,79.4
4231.947173,RECENTER,reincorporando por posicion lateral,25,19.33,321.28,PISTA,OK,4,1000.5,1000.5,265.7,877.8,810.6,1,0.972,199.5,1,0.932,980.5,1,1.000,0.212,6,2,42,VERDE,180.9,67.5,0.402,0,325.8,,52.9
4232.048390,RECENTER,reincorporando por posicion lateral,25,18.26,323.42,PISTA,OK,4,1025.0,1025.0,261.1,884.8,814.2,1,0.972,201.8,1,0.932,973.5,1,1.000,0.215,6,2,42,VERDE,180.9,67.5,0.402,0,325.8,,80.0
4232.147719,RECENTER,reincorporando por posicion lateral,25,17.15,325.63,PISTA,OK,4,1061.0,1061.0,254.0,881.3,819.6,1,1.000,201.0,1,0.932,946.5,1,1.000,0.223,6,2,42,VERDE,180.9,67.5,0.402,0,325.8,,50.8
4232.247273,RECENTER,reincorporando por posicion lateral,25,16.71,326.52,PISTA,OK,4,1124.5,1124.5,247.9,881.9,826.1,1,1.000,201.5,1,0.932,921.5,1,1.000,0.279,5,2,42,VERDE,180.9,67.5,0.402,0,325.8,,80.4
4232.346451,RECENTER,reincorporando por posicion lateral,25,15.68,328.57,PISTA,OK,4,1138.0,1138.0,242.4,874.0,834.3,1,0.972,201.5,1,0.959,901.5,1,1.000,0.279,5,2,42,VERDE,180.9,67.5,0.402,0,325.8,,50.6
4232.445813,RECENTER,reincorporando por posicion lateral,25,11.68,330.29,PISTA,OK,4,1182.5,1182.5,239.3,864.8,842.1,1,0.972,201.0,1,0.959,883.0,1,0.986,0.760,5,2,42,VERDE,180.9,67.5,0.402,0,325.8,,80.6
4232.545231,RECENTER,reincorporando por posicion lateral,25,7.68,332.46,PISTA,OK,4,1215.5,1215.5,233.4,854.6,854.4,1,0.944,199.5,1,0.918,871.5,1,1.000,0.848,4,2,42,VERDE,180.9,67.5,0.402,0,325.8,,51.1
4232.643453,FAILED,timeout de reincorporacion,0,0.00,333.55,PISTA,OK,4,1286.0,1286.0,227.8,843.4,867.5,1,0.889,200.0,1,0.904,855.5,1,1.000,0.903,4,2,42,VERDE,180.9,67.5,0.402,0,325.8,,76.4
