t,estado,razon,velocidad,angulo,heading,color_piso,watchdog_pico,esquinas,frontal,frontal_muro,izquierda,derecha,trasera,trasera_valida,cobertura_trasera,trasera_izquierda,trasera_izquierda_valida,cobertura_trasera_izquierda,trasera_derecha,trasera_derecha_valida,cobertura_trasera_derecha,calidad_pared,tracks,tracks_confirmados,track_activo_id,track_activo_color,track_activo_x,track_activo_y,track_activo_edad,track_activo_observado,distancia_sobrepaso,hueco_confianza,vision_edad_ms
2469.433623,CRUISE,crucero centrado por paredes,5,-4.00,-0.13,PISTA,OK,0,700.2,1740.8,421.2,541.7,160.9,1,0.917,418.8,1,0.808,176.5,1,0.959,0.837,1,0,,,,,,0,0.0,,55.7
2469.505344,AVOID_APPROACH,pure-pursuit al punto de paso del pilar 1,10,0.00,-0.10,PISTA,OK,0,703.5,1744.0,421.3,541.3,162.2,1,0.889,418.0,1,0.822,175.0,1,0.918,0.867,1,1,1,VERDE,-66.0,701.2,0.000,1,0.0,,49.3
2469.577404,AVOID_APPROACH,pure-pursuit al punto de paso del pilar 1,15,4.00,-0.07,PISTA,OK,0,701.0,1743.5,421.2,541.4,162.6,1,0.889,417.5,1,0.822,177.0,1,0.959,0.846,1,1,1,VERDE,-70.5,699.7,0.000,1,0.0,,55.8
2469.649367,AVOID_APPROACH,pure-pursuit al punto de paso del pilar 1,20,8.00,-0.10,PISTA,OK,0,698.2,1741.8,422.0,542.2,163.1,1,0.944,417.8,1,0.808,176.8,1,0.973,0.840,1,1,1,VERDE,-75.6,696.9,0.000,1,0.0,,60.6
2469.725205,AVOID_APPROACH,pure-pursuit al punto de paso del pilar 1,23,12.00,-0.64,PISTA,OK,0,697.0,1733.5,423.1,541.5,165.6,1,0.861,419.5,1,0.849,180.2,1,0.932,0.845,1,1,1,VERDE,-80.8,692.7,0.000,1,0.0,,80.3
2469.802676,AVOID_APPROACH,pure-pursuit al punto de paso del pilar 1,23,16.00,-0.90,PISTA,OK,0,691.5,1727.0,423.6,540.5,169.7,1,0.944,420.5,1,0.904,183.5,1,0.973,0.853,1,1,1,VERDE,-82.1,687.4,0.000,1,0.0,,91.1
2469.882509,AVOID_APPROACH,pure-pursuit al punto de paso del pilar 1,23,20.00,-0.94,PISTA,OK,0,685.5,1720.5,423.7,540.7,175.7,1,0.861,418.8,1,0.890,188.5,1,0.918,0.879,1,1,1,VERDE,-82.9,681.3,0.000,1,0.0,,103.3
2469.967564,AVOID_APPROACH,pure-pursuit al punto de paso del pilar 1,23,20.71,-0.77,PISTA,OK,0,677.0,1716.5,423.7,541.3,183.0,1,0.889,419.8,1,0.918,196.0,1,0.945,0.887,2,1,1,VERDE,-76.6,676.1,0.000,1,0.0,,54.7
2470.056320,AVOID_APPROACH,pure-pursuit al punto de paso del pilar 1,23,20.12,0.33,PISTA,OK,0,670.0,1710.5,420.7,542.5,189.5,1,0.944,415.5,1,0.877,203.0,1,0.973,0.913,2,1,1,VERDE,-65.4,667.4,0.000,1,0.0,,68.2
2470.146236,AVOID_APPROACH,pure-pursuit al punto de paso del pilar 1,23,18.91,1.08,PISTA,OK,0,663.0,1703.0,417.9,546.3,199.2,1,0.944,415.2,1,0.890,210.8,1,0.973,0.918,2,1,1,VERDE,-48.1,662.8,0.000,1,0.0,,33.7
2470.245415,AVOID_APPROACH,pure-pursuit al punto de paso del pilar 1,23,17.86,2.62,PISTA,OK,0,656.5,1704.0,414.5,550.4,208.3,1,0.944,410.5,1,0.904,219.0,1,0.959,0.926,2,1,1,VERDE,-32.6,656.7,0.000,1,0.0,,67.2
2470.345305,AVOID_APPROACH,pure-pursuit al punto de paso del pilar 1,23,16.90,4.14,PISTA,OK,0,651.5,1692.0,411.0,555.0,216.6,1,0.972,407.5,1,0.986,229.5,1,0.986,0.927,2,1,1,VERDE,-19.1,651.9,0.000,1,0.0,,33.9
2470.448481,AVOID_APPROACH,pure-pursuit al punto de paso del pilar 1,23,15.81,5.55,PISTA,OK,0,642.5,642.5,407.5,560.5,225.9,1,0.972,403.0,1,0.945,237.5,1,0.986,0.927,2,1,1,VERDE,-3.0,642.7,0.103,1,0.0,,70.9
2470.552933,AVOID_APPROACH,pure-pursuit al punto de paso del pilar 1,23,14.58,7.02,PISTA,OK,0,643.5,1680.5,399.9,566.9,235.9,1,1.000,399.5,1,0.973,248.0,1,1.000,0.793,2,1,1,VERDE,11.5,643.8,0.000,1,0.0,,39.0
2470.660986,AVOID_APPROACH,pure-pursuit al punto de paso del pilar 1,23,13.53,7.69,PISTA,OK,0,633.0,1262.0,396.0,573.9,247.7,1,1.000,394.0,1,0.973,261.0,1,1.000,0.825,2,1,1,VERDE,26.3,634.4,0.000,1,0.0,,83.5
2470.766639,AVOID_APPROACH,pure-pursuit al punto de paso del pilar 1,23,11.97,9.20,PISTA,OK,0,626.5,1250.5,430.1,581.1,259.6,1,0.972,389.5,1,0.973,273.0,1,0.986,0.215,2,1,1,VERDE,46.3,625.8,0.000,1,0.0,,54.5
2470.872932,AVOID_APPROACH,pure-pursuit al punto de paso del pilar 1,23,10.29,10.68,PISTA,OK,0,618.0,1247.0,429.2,589.9,269.1,1,0.972,386.5,1,0.973,283.0,1,0.986,0.215,2,1,1,VERDE,67.0,617.1,0.000,1,0.0,,83.5
2470.978280,AVOID_APPROACH,pure-pursuit al punto de paso del pilar 1,23,8.47,12.17,PISTA,OK,0,612.0,1242.0,423.0,599.5,282.5,1,1.000,383.5,1,0.973,297.0,1,1.000,0.216,2,1,1,VERDE,88.6,607.1,0.000,1,0.0,,66.9
2471.082469,AVOID_APPROACH,pure-pursuit al punto de paso del pilar 1,22,6.94,13.59,PISTA,OK,0,604.0,1230.0,412.2,608.4,651.6,1,0.972,380.0,1,0.959,576.5,1,0.986,0.218,2,1,1,VERDE,106.4,596.4,0.000,1,0.0,,37.9
2471.183882,AVOID_APPROACH,pure-pursuit al punto de paso del pilar 1,22,5.17,15.01,PISTA,OK,0,597.0,1224.5,412.2,618.9,638.9,1,0.972,378.5,1,0.973,582.0,1,0.986,0.219,2,1,1,VERDE,126.0,585.4,0.000,1,0.0,,73.4
2471.285528,AVOID_APPROACH,pure-pursuit al punto de paso del pilar 1,25,3.21,16.29,PISTA,OK,0,1215.5,1215.5,410.8,629.5,629.9,1,1.000,373.5,1,1.000,587.5,1,1.000,0.217,2,1,1,VERDE,146.7,574.6,0.000,1,0.0,,40.2
2471.387268,AVOID_APPROACH,pure-pursuit al punto de paso del pilar 1,25,1.99,16.83,PISTA,OK,0,1212.0,1212.0,406.5,639.6,634.8,1,1.000,369.5,1,0.973,591.5,1,1.000,0.218,2,1,1,VERDE,159.4,562.4,0.000,1,0.0,,76.7
2471.485514,AVOID_APPROACH,pure-pursuit al punto de paso del pilar 1,24,0.86,17.98,PISTA,OK,0,743.5,743.5,404.7,649.7,629.7,1,1.000,368.0,1,0.986,596.5,1,1.000,0.219,2,1,1,VERDE,170.7,551.5,0.000,1,0.0,,40.2
2471.586709,AVOID_APPROACH,pure-pursuit al punto de paso del pilar 1,23,-0.29,18.83,PISTA,OK,0,722.0,722.0,401.9,658.8,629.9,1,1.000,365.5,1,0.973,603.0,1,1.000,0.219,3,1,1,VERDE,181.7,539.2,0.000,1,0.0,,72.9
2471.684338,AVOID_APPROACH,pure-pursuit al punto de paso del pilar 1,23,-1.10,19.48,PISTA,OK,0,696.0,696.0,392.4,667.3,622.6,1,1.000,362.0,1,1.000,608.0,1,1.000,0.219,3,2,1,VERDE,189.2,527.7,0.000,1,0.0,,38.6
2471.785707,AVOID_APPROACH,pure-pursuit al punto de paso del pilar 1,23,-1.93,19.91,PISTA,OK,0,679.5,679.5,391.1,675.3,629.1,1,1.000,358.0,1,0.973,612.0,1,1.000,0.221,3,2,1,VERDE,196.4,515.7,0.000,1,0.0,,75.0
2471.884717,AVOID_APPROACH,pure-pursuit al punto de paso del pilar 1,23,-2.72,20.30,PISTA,OK,0,652.5,652.5,386.4,680.8,627.5,1,1.000,353.0,1,0.986,616.0,1,1.000,0.221,3,2,1,VERDE,203.1,506.6,0.000,1,0.0,,40.6
2471.983886,AVOID_APPROACH,pure-pursuit al punto de paso del pilar 1,23,-2.81,20.42,PISTA,OK,0,658.5,658.5,378.5,686.9,628.3,1,1.000,350.0,1,0.959,619.5,1,1.000,0.221,3,2,1,VERDE,203.5,498.2,0.000,1,0.0,,72.7
2472.082061,AVOID_APPROACH,pure-pursuit al punto de paso del pilar 1,23,-3.63,20.67,PISTA,OK,0,661.0,661.0,378.8,692.6,632.8,1,1.000,351.5,1,0.973,623.5,1,1.000,0.221,3,2,1,VERDE,210.1,489.3,0.000,1,0.0,,36.9
2472.183693,AVOID_APPROACH,pure-pursuit al punto de paso del pilar 1,23,-4.00,20.82,PISTA,OK,0,635.5,635.5,373.0,698.5,637.3,1,1.000,344.5,1,0.945,628.0,1,1.000,0.222,3,2,1,VERDE,212.5,479.4,0.000,1,0.0,,73.5
2472.279903,AVOID_APPROACH,pure-pursuit al punto de paso del pilar 1,23,-3.96,20.87,PISTA,OK,0,621.5,621.5,344.2,702.6,640.6,1,1.000,338.5,1,0.959,631.0,1,1.000,0.865,3,2,1,VERDE,211.6,470.5,0.000,1,0.0,,32.3
2472.379344,AVOID_APPROACH,pure-pursuit al punto de paso del pilar 1,23,-4.26,20.85,PISTA,OK,0,616.0,616.0,362.9,706.6,643.9,1,1.000,336.5,1,0.973,635.5,1,1.000,0.225,3,2,1,VERDE,213.3,461.3,0.000,1,0.0,,68.0
2472.477525,AVOID_APPROACH,pure-pursuit al punto de paso del pilar 1,22,-4.27,20.84,PISTA,OK,0,602.0,602.0,346.3,710.2,645.9,1,1.000,332.0,1,0.945,638.0,1,1.000,0.419,2,2,1,VERDE,212.8,452.8,0.000,1,0.0,,34.4
2472.578218,AVOID_APPROACH,pure-pursuit al punto de paso del pilar 1,23,-4.13,20.83,PISTA,OK,0,631.0,631.0,342.3,714.7,650.0,1,1.000,328.0,1,0.959,642.5,1,1.000,0.430,2,2,1,VERDE,211.1,445.1,0.000,1,0.0,,68.6
2472.677563,AVOID_APPROACH,pure-pursuit al punto de paso del pilar 1,22,-4.16,20.78,PISTA,OK,0,594.0,594.0,339.6,718.3,655.7,1,0.972,327.5,1,0.973,646.0,1,0.986,0.451,2,2,1,VERDE,210.8,436.3,0.000,1,0.0,,32.3
2472.778102,AVOID_APPROACH,pure-pursuit al punto de paso del pilar 1,22,-4.92,20.75,PISTA,OK,0,600.5,600.5,337.2,721.3,663.5,1,1.000,318.5,1,0.945,649.5,1,1.000,0.312,2,2,1,VERDE,216.1,431.0,0.000,1,0.0,,67.9
2472.877125,AVOID_APPROACH,pure-pursuit al punto de paso del pilar 1,22,-4.57,20.75,PISTA,OK,0,590.0,590.0,332.6,724.4,663.1,1,1.000,320.0,1,0.945,652.5,1,1.000,0.326,2,2,1,VERDE,212.6,421.2,0.000,1,0.0,,101.2
2472.977211,AVOID_APPROACH,pure-pursuit al punto de paso del pilar 1,22,-4.70,20.71,PISTA,OK,0,574.8,574.8,324.4,728.8,667.6,1,1.000,315.5,1,1.000,656.5,1,1.000,0.488,2,2,1,VERDE,213.0,413.4,0.000,1,0.0,,65.9
2473.077696,AVOID_APPROACH,pure-pursuit al punto de paso del pilar 1,22,-4.73,20.65,PISTA,OK,0,573.0,573.0,319.5,731.6,674.6,1,0.972,310.8,1,0.986,658.5,1,0.986,0.510,2,2,1,VERDE,212.7,407.1,0.000,1,0.0,,31.1
2473.176140,AVOID_APPROACH,pure-pursuit al punto de paso del pilar 1,22,-4.82,20.60,PISTA,OK,0,572.0,572.0,316.2,735.0,672.3,1,1.000,306.0,1,0.918,661.5,1,1.000,0.514,2,2,1,VERDE,212.6,398.3,0.000,1,0.0,,66.9
2473.275694,AVOID_APPROACH,pure-pursuit al punto de paso del pilar 1,22,-4.96,20.53,PISTA,OK,0,573.2,573.2,311.1,738.5,676.6,1,1.000,301.5,1,0.945,665.0,1,1.000,0.530,2,2,1,VERDE,213.0,391.6,0.000,1,0.0,,84.7
2473.376427,AVOID_APPROACH,pure-pursuit al punto de paso del pilar 1,22,-5.08,20.46,PISTA,OK,0,580.2,580.2,308.3,740.2,672.9,1,1.000,298.5,1,0.945,668.5,1,1.000,0.493,2,2,1,VERDE,213.1,383.5,0.000,1,0.0,,66.6
2473.475010,AVOID_APPROACH,pure-pursuit al punto de paso del pilar 1,22,-4.87,20.37,PISTA,OK,0,549.5,549.5,299.4,743.3,686.4,1,1.000,295.8,1,0.973,670.5,1,1.000,0.837,2,2,1,VERDE,211.1,376.6,0.000,1,0.0,,99.1
2473.574641,AVOID_APPROACH,pure-pursuit al punto de paso del pilar 1,22,-4.78,20.29,PISTA,OK,0,547.0,547.0,295.1,746.3,686.9,1,1.000,292.5,1,0.932,674.8,1,1.000,0.820,2,2,1,VERDE,209.7,367.9,0.000,1,0.0,,64.7
2473.674903,AVOID_APPROACH,pure-pursuit al punto de paso del pilar 1,22,-4.80,20.17,PISTA,OK,0,548.5,548.5,292.7,748.9,690.1,1,1.000,287.5,1,0.945,678.0,1,1.000,0.845,2,2,1,VERDE,209.3,361.1,0.000,1,0.0,,85.4
2473.774847,AVOID_APPROACH,pure-pursuit al punto de paso del pilar 1,22,-4.87,19.99,PISTA,OK,0,561.0,561.0,288.6,752.5,692.2,1,1.000,287.0,1,0.918,682.0,1,1.000,0.852,2,2,1,VERDE,209.1,352.9,0.000,1,0.0,,63.4
2473.874655,AVOID_APPROACH,pure-pursuit al punto de paso del pilar 1,22,-4.86,19.93,PISTA,OK,0,540.0,540.0,284.9,755.5,700.0,1,1.000,279.0,1,0.918,684.5,1,1.000,0.850,2,2,1,VERDE,208.3,345.0,0.000,1,0.0,,84.9
2473.974549,AVOID_APPROACH,pure-pursuit al punto de paso del pilar 1,22,-4.51,19.80,PISTA,OK,0,525.5,525.5,280.8,757.7,708.6,1,1.000,275.5,1,0.932,688.5,1,1.000,0.849,2,2,1,VERDE,205.7,338.7,0.000,1,0.0,,61.0
2474.073630,AVOID_APPROACH,pure-pursuit al punto de paso del pilar 1,25,-5.03,19.66,PISTA,OK,0,989.0,1453.5,278.2,760.0,703.2,1,1.000,277.2,1,0.877,691.0,1,1.000,0.863,2,2,1,VERDE,208.1,330.7,0.000,1,0.0,,83.8
2474.173741,AVOID_APPROACH,pure-pursuit al punto de paso del pilar 1,22,-4.19,19.50,PISTA,OK,0,515.0,515.0,274.8,762.6,712.3,1,1.000,276.5,1,0.904,694.5,1,1.000,0.863,2,2,1,VERDE,202.8,324.7,0.000,1,0.0,,63.6
2474.273256,AVOID_APPROACH,pure-pursuit al punto de paso del pilar 1,25,-4.38,19.45,PISTA,OK,0,975.0,1436.0,271.1,764.8,713.9,1,1.000,268.5,1,0.918,697.0,1,1.000,0.855,2,2,1,VERDE,203.2,316.1,0.000,1,0.0,,83.2
2474.372708,AVOID_APPROACH,pure-pursuit al punto de paso del pilar 1,25,-4.51,19.31,PISTA,OK,0,965.5,1425.5,267.7,767.7,722.1,1,1.000,262.5,1,0.890,700.0,1,1.000,0.839,2,2,1,VERDE,203.3,307.7,0.000,1,0.0,,63.4
2474.472778,AVOID_APPROACH,pure-pursuit al punto de paso del pilar 1,25,-4.30,19.12,PISTA,OK,0,956.0,1418.5,263.5,770.9,721.3,1,1.000,259.0,1,0.932,702.5,1,1.000,0.856,2,2,1,VERDE,201.5,299.6,0.000,1,0.0,,81.5
2474.574598,AVOID_APPROACH,pure-pursuit al punto de paso del pilar 1,25,-4.22,19.00,PISTA,OK,0,946.5,1412.0,260.0,773.8,725.8,1,1.000,257.0,1,0.836,705.8,1,1.000,0.853,2,2,1,VERDE,200.6,293.2,0.000,1,0.0,,63.0
2474.674121,AVOID_APPROACH,pure-pursuit al punto de paso del pilar 1,25,-4.19,18.85,PISTA,OK,0,937.0,1401.0,256.5,777.0,737.2,1,1.000,254.5,1,0.836,711.0,1,1.000,0.846,2,2,1,VERDE,199.7,282.2,0.000,1,0.0,,84.6
2474.774992,AVOID_PASS,manteniendo rumbo mientras pasa el pilar 1,25,-0.19,18.76,PISTA,OK,0,929.5,1391.0,252.3,779.8,736.8,1,1.000,251.0,1,0.849,714.2,1,1.000,0.851,2,2,1,VERDE,199.0,273.5,0.000,1,0.0,,63.4
2474.876866,AVOID_PASS,manteniendo rumbo mientras pasa el pilar 1,25,0.13,18.63,PISTA,OK,0,918.5,1380.0,248.5,782.9,741.7,1,0.972,246.5,1,0.877,716.8,1,1.000,0.855,2,2,1,VERDE,199.1,264.2,0.000,1,10.2,,33.9
2474.975914,AVOID_PASS,manteniendo rumbo mientras pasa el pilar 1,25,0.29,18.47,PISTA,OK,0,909.5,1368.5,244.4,784.3,744.2,1,0.972,244.5,1,0.877,720.5,1,1.000,0.836,2,2,1,VERDE,197.2,258.6,0.000,1,20.1,,66.4
2475.075191,AVOID_PASS,manteniendo rumbo mientras pasa el pilar 1,25,0.47,18.29,PISTA,OK,0,901.0,1361.5,240.3,786.7,755.3,1,0.889,235.5,1,0.904,724.5,1,0.973,0.829,2,2,1,VERDE,197.6,251.8,0.000,1,30.0,,99.5
2475.177100,AVOID_PASS,manteniendo rumbo mientras pasa el pilar 1,25,0.53,18.23,PISTA,OK,0,890.5,1353.0,236.8,790.2,756.5,1,0.972,232.0,1,0.877,728.0,1,1.000,0.831,2,2,1,VERDE,194.7,238.2,0.000,1,40.2,,67.9
2475.275731,AVOID_PASS,manteniendo rumbo mientras pasa el pilar 1,25,0.62,18.14,PISTA,OK,0,882.0,1343.5,233.3,793.7,760.6,1,0.972,227.5,1,0.836,732.5,1,1.000,0.842,2,2,1,VERDE,197.9,231.0,0.000,1,50.1,,32.9
2475.374492,AVOID_PASS,manteniendo rumbo mientras pasa el pilar 1,25,0.69,18.00,PISTA,OK,0,872.5,1334.0,229.6,796.5,763.9,1,1.000,227.0,1,0.904,734.0,1,1.000,0.836,2,2,1,VERDE,195.5,221.7,0.000,1,59.9,,65.4
2475.474746,AVOID_PASS,manteniendo rumbo mientras pasa el pilar 1,25,0.15,17.90,PISTA,OK,0,863.5,1323.5,226.4,801.1,774.5,1,0.944,223.5,1,0.808,737.5,1,0.986,0.851,2,2,1,VERDE,197.2,212.5,0.000,1,70.0,,85.4
2475.575460,AVOID_PASS,manteniendo rumbo mientras pasa el pilar 1,25,-0.70,17.80,PISTA,OK,0,854.5,1315.0,221.9,804.7,772.9,1,1.000,220.0,1,0.740,741.5,1,1.000,0.856,2,2,1,VERDE,192.2,204.9,0.000,1,80.0,,66.1
2475.672299,AVOID_PASS,manteniendo rumbo mientras pasa el pilar 1,25,-1.28,17.73,PISTA,OK,0,846.5,1308.0,218.5,807.5,777.0,1,0.972,216.5,1,0.849,744.0,1,1.000,0.857,2,2,1,VERDE,195.0,195.7,0.000,1,89.7,,82.4
2475.773638,AVOID_PASS,manteniendo rumbo mientras pasa el pilar 1,24,-1.81,17.65,PISTA,OK,0,835.5,1295.5,215.5,811.0,777.0,1,0.944,214.0,1,0.849,747.2,1,1.000,0.865,2,2,1,VERDE,191.2,189.2,0.000,1,99.9,,64.4
2475.872784,AVOID_PASS,manteniendo rumbo mientras pasa el pilar 1,24,-2.41,17.55,PISTA,OK,0,825.5,1288.0,212.1,814.6,786.4,1,0.972,210.0,1,0.904,750.5,1,1.000,0.844,2,2,1,VERDE,191.1,178.7,0.000,1,109.4,,84.4
2475.971681,AVOID_PASS,manteniendo rumbo mientras pasa el pilar 1,24,-2.89,17.43,PISTA,OK,0,817.5,1277.0,209.2,817.3,795.4,1,0.972,210.0,1,0.808,753.0,1,1.000,0.847,2,2,1,VERDE,191.7,173.7,0.000,1,118.9,,60.8
2476.072087,AVOID_PASS,manteniendo rumbo mientras pasa el pilar 1,24,-3.61,17.40,PISTA,OK,0,807.5,1269.5,205.6,820.9,607.0,1,0.917,206.5,1,0.808,758.0,1,0.973,0.886,2,2,1,VERDE,190.3,164.6,0.000,1,128.5,,82.3
2476.169119,AVOID_PASS,manteniendo rumbo mientras pasa el pilar 1,24,-4.14,17.34,PISTA,OK,0,796.0,1261.5,202.7,824.1,797.0,1,0.944,199.0,1,0.685,761.0,1,1.000,0.835,2,2,1,VERDE,192.1,153.3,0.000,1,137.8,,59.7
2476.270881,AVOID_PASS,manteniendo rumbo mientras pasa el pilar 1,24,-4.66,17.15,PISTA,OK,0,790.0,1254.0,199.6,826.4,802.4,1,0.944,198.5,1,0.726,764.0,1,1.000,0.841,2,2,1,VERDE,191.6,144.2,0.102,1,147.6,,80.6
2476.370490,AVOID_PASS,manteniendo rumbo mientras pasa el pilar 1,24,-5.37,17.01,PISTA,OK,0,778.5,1243.0,195.6,827.5,801.7,1,0.944,192.0,1,0.767,766.0,1,1.000,0.830,2,2,1,VERDE,191.2,135.1,0.201,1,157.2,,60.5
2476.470415,AVOID_PASS,manteniendo rumbo mientras pasa el pilar 1,24,-5.79,16.89,PISTA,OK,0,770.0,1233.5,193.2,830.5,575.0,1,0.944,190.0,1,0.849,770.5,1,1.000,0.818,2,2,1,VERDE,190.9,125.9,0.301,1,166.8,,81.9
2476.571907,AVOID_PASS,manteniendo rumbo mientras pasa el pilar 1,24,-6.39,16.83,PISTA,OK,0,760.5,1227.0,190.2,820.8,556.6,1,0.944,185.5,1,0.753,774.0,1,1.000,0.705,2,2,1,VERDE,190.8,116.3,0.403,1,176.5,,62.4
2476.671396,AVOID_PASS,manteniendo rumbo mientras pasa el pilar 1,24,-7.09,16.67,PISTA,OK,0,750.5,1218.0,186.4,831.1,596.9,1,0.917,183.0,1,0.767,777.0,1,0.986,0.782,2,2,1,VERDE,184.1,117.3,0.000,1,186.0,,79.3
2476.771148,AVOID_PASS,manteniendo rumbo mientras pasa el pilar 1,24,-7.51,16.53,PISTA,OK,0,743.0,1208.0,184.0,814.7,521.4,1,0.944,184.5,1,0.644,778.8,1,1.000,0.672,2,2,1,VERDE,183.8,108.1,0.100,1,195.6,,61.4
2476.872501,AVOID_PASS,manteniendo rumbo mientras pasa el pilar 1,24,-8.09,16.25,PISTA,OK,0,733.5,1195.5,180.6,814.2,516.9,1,0.889,178.0,1,0.767,782.0,1,0.986,0.643,2,2,1,VERDE,183.3,99.3,0.201,1,205.4,,83.4
2476.972400,AVOID_PASS,manteniendo rumbo mientras pasa el pilar 1,23,-8.40,15.92,PISTA,OK,0,724.0,1190.0,178.3,823.0,489.9,1,0.833,175.5,1,0.671,784.2,1,0.986,0.680,2,2,1,VERDE,182.7,90.8,0.301,1,214.9,,59.1
2477.072534,AVOID_PASS,manteniendo rumbo mientras pasa el pilar 1,23,-8.91,15.73,PISTA,OK,0,713.5,713.5,175.6,827.8,495.6,1,0.861,174.5,1,0.712,788.5,1,1.000,0.704,2,2,1,VERDE,182.4,82.2,0.401,1,224.2,,85.1
2477.173505,AVOID_PASS,manteniendo rumbo mientras pasa el pilar 1,23,-9.17,15.32,PISTA,OK,0,703.5,703.5,173.5,839.0,473.5,1,0.861,169.8,1,0.699,789.5,1,0.986,0.784,2,2,1,VERDE,182.4,82.2,0.401,0,233.4,,64.5
2477.274046,AVOID_PASS,manteniendo rumbo mientras pasa el pilar 1,23,-9.58,14.82,PISTA,OK,0,696.0,696.0,170.7,838.7,473.1,1,0.861,167.0,1,0.712,791.5,1,1.000,0.811,2,2,1,VERDE,182.4,82.2,0.401,0,242.7,,31.4
2477.373511,AVOID_PASS,manteniendo rumbo mientras pasa el pilar 1,23,-9.72,14.38,PISTA,OK,0,686.0,1151.5,169.3,837.3,494.0,1,0.806,168.5,1,0.575,793.5,1,1.000,0.803,3,2,1,VERDE,182.4,82.2,0.401,0,251.8,,65.5
2477.473876,AVOID_PASS,manteniendo rumbo mientras pasa el pilar 1,23,-10.14,13.81,PISTA,OK,0,675.0,1144.0,166.5,835.1,419.4,1,0.806,164.5,1,0.658,795.5,1,1.000,0.773,3,2,1,VERDE,182.4,82.2,0.401,0,261.1,,32.1
2477.573401,AVOID_PASS,manteniendo rumbo mientras pasa el pilar 1,23,-10.46,13.47,PISTA,OK,0,664.5,672.0,164.6,837.7,441.3,1,0.889,162.5,1,0.726,797.8,1,1.000,0.805,3,2,1,VERDE,182.4,82.2,0.401,0,270.2,,65.1
2477.672660,AVOID_PASS,manteniendo rumbo mientras pasa el pilar 1,23,-10.60,12.85,PISTA,OK,0,654.5,665.5,163.1,834.4,393.2,1,0.806,162.5,1,0.699,798.8,1,0.986,0.765,4,2,1,VERDE,182.4,82.2,0.401,0,279.4,,85.2
2477.773417,AVOID_PASS,manteniendo rumbo mientras pasa el pilar 1,23,-10.85,12.17,PISTA,OK,0,648.0,1113.0,161.1,819.8,378.0,1,0.778,159.0,1,0.630,800.0,1,0.973,0.699,4,2,1,VERDE,182.4,82.2,0.401,0,288.6,,65.7
2477.871520,AVOID_PASS,manteniendo rumbo mientras pasa el pilar 1,23,-10.92,11.48,PISTA,OK,0,641.0,1103.5,160.0,820.1,367.0,1,0.722,157.0,1,0.630,802.0,1,0.973,0.690,3,1,1,VERDE,182.4,82.2,0.401,0,297.7,,84.9
2477.970485,AVOID_PASS,manteniendo rumbo mientras pasa el pilar 1,23,-11.28,10.75,PISTA,OK,0,632.0,1096.0,157.7,818.4,355.1,1,0.722,152.5,1,0.575,801.5,1,0.986,0.740,3,1,1,VERDE,182.4,82.2,0.401,0,306.8,,60.2
2478.069883,AVOID_PASS,manteniendo rumbo mientras pasa el pilar 1,23,-11.13,10.41,PISTA,OK,0,624.0,1085.5,157.8,817.0,363.5,1,0.722,154.0,1,0.521,801.8,1,0.973,0.721,3,1,1,VERDE,182.4,82.2,0.401,0,315.9,,82.4
2478.169253,RECENTER,reincorporacion tras 325 mm de sobrepaso estimado,23,-15.13,9.62,PISTA,OK,0,616.5,1078.5,156.2,831.6,341.1,1,0.806,152.5,1,0.658,802.2,1,0.986,0.834,3,1,1,VERDE,182.4,82.2,0.401,0,325.1,,60.6
2478.268930,RECENTER,reincorporando por posicion lateral,22,-19.13,8.95,PISTA,OK,0,608.0,1068.5,155.5,828.6,339.5,1,0.667,148.0,1,0.534,169.0,1,0.959,0.790,4,1,1,VERDE,182.4,82.2,0.401,0,325.1,,81.3
2478.368042,RECENTER,reincorporando por posicion lateral,22,-20.00,8.39,PISTA,OK,0,600.0,1059.5,153.2,830.8,306.8,1,0.611,151.0,1,0.548,157.5,1,0.945,0.820,4,1,1,VERDE,182.4,82.2,0.401,0,325.1,,59.8
2478.468354,RECENTER,reincorporando por posicion lateral,22,-16.00,7.77,PISTA,OK,0,592.5,1052.0,129.7,836.2,315.9,1,0.722,150.5,1,0.534,152.0,1,0.959,0.219,4,1,1,VERDE,182.4,82.2,0.401,0,325.1,,81.9
2478.569023,RECENTER,reincorporando por posicion lateral,22,-12.00,6.30,PISTA,OK,0,587.5,1043.5,154.4,832.4,310.9,1,0.639,149.0,1,0.658,147.5,1,0.932,0.219,4,1,1,VERDE,182.4,82.2,0.401,0,325.1,,59.1
2478.667524,RECENTER,reincorporando por posicion lateral,25,-8.00,4.80,PISTA,OK,0,1033.5,1035.0,156.0,828.4,282.2,1,0.639,151.0,1,0.603,144.0,1,0.932,0.221,4,1,1,VERDE,182.4,82.2,0.401,0,325.1,,75.4
2478.766913,RECENTER,reincorporando por posicion lateral,25,-4.00,2.86,PISTA,OK,0,1022.5,1027.0,161.0,824.7,290.2,1,0.667,153.2,1,0.699,139.5,1,0.918,0.220,3,0,1,VERDE,182.4,82.2,0.401,0,325.1,,57.5
2478.868514,RECENTER,reincorporando por posicion lateral,25,-1.03,1.94,PISTA,OK,0,1013.0,1018.5,175.1,820.7,258.4,1,0.694,157.2,1,0.616,134.0,1,0.932,0.222,3,0,1,VERDE,182.4,82.2,0.401,0,325.1,,83.2
2478.967850,RECENTER,reincorporando por posicion lateral,25,-0.17,0.22,PISTA,OK,0,1003.5,1012.0,184.3,817.2,258.9,1,0.667,161.8,1,0.699,131.5,1,0.890,0.222,3,0,1,VERDE,182.4,82.2,0.401,0,325.1,,59.9
2479.068231,RECENTER,reincorporando por posicion lateral,25,0.39,-0.91,PISTA,OK,0,992.5,992.5,207.0,816.0,270.1,1,0.639,161.5,1,0.740,133.2,1,0.945,0.219,4,0,1,VERDE,182.4,82.2,0.401,0,325.1,,77.8
2479.167555,RECENTER,reincorporando por posicion lateral,25,0.78,-1.68,PISTA,OK,0,984.5,984.5,208.0,813.4,254.1,1,0.694,161.8,1,0.740,134.0,1,0.904,0.220,4,0,1,VERDE,182.4,82.2,0.401,0,325.1,,60.1
2479.268884,RECENTER,reincorporando por posicion lateral,25,1.12,-2.37,PISTA,OK,0,974.5,974.5,226.2,812.2,251.8,1,0.750,162.2,1,0.808,133.2,1,0.932,0.219,4,0,1,VERDE,182.4,82.2,0.401,0,325.1,,83.5
2479.366653,RECENTER,reincorporando por posicion lateral,25,1.29,-2.71,PISTA,OK,0,965.0,965.0,232.8,808.0,242.1,1,0.778,163.8,1,0.808,134.0,1,0.918,0.219,4,0,1,VERDE,182.4,82.2,0.401,0,325.1,,56.6
2479.466742,RECENTER,reincorporando por posicion lateral,25,1.61,-3.35,PISTA,OK,0,956.5,956.5,242.9,806.1,244.1,1,0.722,165.2,1,0.753,134.5,1,0.932,0.219,4,0,1,VERDE,182.4,82.2,0.401,0,325.1,,80.6
2479.567595,RECENTER,reincorporando por posicion lateral,25,1.89,-3.91,PISTA,OK,0,947.0,947.0,244.9,805.0,250.6,1,0.778,166.0,1,0.726,135.0,1,0.890,0.220,3,0,1,VERDE,182.4,82.2,0.401,0,325.1,,60.0
2479.668113,RECENTER,reincorporando por posicion lateral,25,2.02,-4.17,PISTA,OK,0,937.0,937.0,266.1,802.0,236.5,1,0.667,169.8,1,0.630,136.8,1,0.849,0.216,3,0,1,VERDE,182.4,82.2,0.401,0,325.1,,82.8
2479.767482,RECENTER,reincorporando por posicion lateral,25,2.31,-4.75,PISTA,OK,0,926.5,926.5,266.1,801.6,227.7,1,0.778,172.8,1,0.685,140.0,1,0.918,0.218,3,0,1,VERDE,182.4,82.2,0.401,0,325.1,,60.5
2479.869094,RECENTER,reincorporando por posicion lateral,25,2.55,-5.23,PISTA,OK,0,918.0,918.0,271.6,799.3,237.1,1,0.778,175.0,1,0.630,140.5,1,0.890,0.218,3,0,1,VERDE,182.4,82.2,0.401,0,325.1,,81.7
2479.968587,RECENTER,reincorporando por posicion lateral,25,2.79,-5.70,PISTA,OK,0,908.5,908.5,282.4,789.4,235.0,1,0.722,184.8,1,0.589,143.5,1,0.890,0.220,3,0,1,VERDE,182.4,82.2,0.401,0,325.1,,60.2
2480.068943,RECENTER,reincorporando por posicion lateral,25,3.06,-6.24,PISTA,OK,0,900.0,900.0,294.2,790.7,244.6,1,0.806,186.5,1,0.616,146.8,1,0.932,0.217,2,0,1,VERDE,182.4,82.2,0.401,0,325.1,,83.3
2480.167831,RECENTER,reincorporando por posicion lateral,25,3.15,-6.42,PISTA,OK,0,890.5,890.5,293.1,790.6,237.5,1,0.806,188.8,1,0.699,150.0,1,0.932,0.223,2,0,1,VERDE,182.4,82.2,0.401,0,325.1,,60.6
2480.270812,RECENTER,reincorporando por posicion lateral,25,3.31,-6.75,PISTA,OK,0,881.0,881.0,303.3,781.5,227.9,1,0.722,197.2,1,0.630,154.0,1,0.863,0.211,4,0,1,VERDE,182.4,82.2,0.401,0,325.1,,84.3
2480.367586,RECENTER,reincorporando por posicion lateral,25,3.50,-7.12,PISTA,OK,0,872.5,872.5,320.9,781.5,225.3,1,0.722,203.0,1,0.603,160.2,1,0.877,0.207,4,0,1,VERDE,182.4,82.2,0.401,0,325.1,,60.5
2480.470839,RECENTER,reincorporando por posicion lateral,25,3.62,-7.37,PISTA,OK,0,863.0,863.0,326.2,783.4,256.2,1,0.778,209.5,1,0.616,163.8,1,0.890,0.217,5,0,1,VERDE,182.4,82.2,0.401,0,325.1,,86.1
2480.569232,RECENTER,reincorporando por posicion lateral,25,3.75,-7.63,PISTA,OK,0,854.0,854.0,320.7,784.1,225.5,1,0.861,217.5,1,0.740,170.2,1,0.945,0.223,5,0,1,VERDE,182.4,82.2,0.401,0,325.1,,61.0
2480.668731,RECENTER,reincorporando por posicion lateral,25,3.84,-7.80,PISTA,OK,0,844.5,844.5,339.1,786.5,245.2,1,0.917,217.8,1,0.671,173.8,1,0.932,0.216,4,0,1,VERDE,182.4,82.2,0.401,0,325.1,,82.6
2480.768582,RECENTER,reincorporando por posicion lateral,24,-0.16,-8.04,PISTA,OK,0,835.0,835.0,405.5,786.4,231.4,1,0.778,227.0,1,0.603,178.2,1,0.945,0.787,4,0,1,VERDE,182.4,82.2,0.401,0,325.1,,61.7
2480.868766,RECENTER,reincorporando por posicion lateral,24,3.84,-8.21,PISTA,OK,0,825.5,825.5,4892.7,787.8,232.2,1,0.861,236.5,1,0.685,185.0,1,0.918,0.181,4,0,1,VERDE,182.4,82.2,0.401,0,325.1,,83.3
2480.967418,RECENTER,reincorporando por posicion lateral,24,-0.16,-8.34,PISTA,OK,0,817.0,817.0,392.5,790.6,235.0,1,0.833,247.5,1,0.726,191.2,1,0.890,0.794,4,0,1,VERDE,182.4,82.2,0.401,0,325.1,,59.3
2481.068531,RECENTER,reincorporando por posicion lateral,24,-4.16,-8.60,AZUL,OK,0,806.0,806.0,386.5,791.5,257.6,1,0.722,246.5,1,0.644,198.5,1,0.890,0.806,4,0,1,VERDE,182.4,82.2,0.401,0,325.1,,79.6
2481.165961,RECENTER,reincorporando por posicion lateral,24,-8.16,-8.75,PISTA,OK,0,796.5,796.5,661.5,791.1,228.5,1,0.611,251.5,1,0.630,205.5,1,0.890,0.333,4,0,1,VERDE,182.4,82.2,0.401,0,325.1,,58.9
2481.265980,RECENTER,reincorporando por posicion lateral,24,-4.16,-9.00,PISTA,OK,0,788.0,788.0,489.5,789.5,235.0,1,0.778,253.2,1,0.781,210.2,1,0.904,0.199,4,0,1,VERDE,182.4,82.2,0.401,0,325.1,,82.5
2481.363418,RECENTER,reincorporando por posicion lateral,24,-8.16,-9.15,PISTA,OK,0,779.0,779.0,364.0,789.4,204.4,1,0.750,261.5,1,0.699,219.0,1,0.918,0.811,4,0,1,VERDE,182.4,82.2,0.401,0,325.1,,56.2
2481.464474,RECENTER,reincorporando por posicion lateral,24,-12.16,-9.53,PISTA,OK,0,772.0,772.0,770.2,789.0,208.1,1,0.750,265.5,1,0.699,226.0,1,0.932,0.420,4,0,1,VERDE,182.4,82.2,0.401,0,325.1,,82.0
2481.563239,RECENTER,reincorporando por posicion lateral,24,-8.16,-9.88,PISTA,OK,0,761.5,761.5,4634.7,787.9,210.5,1,0.833,275.0,1,0.767,233.0,1,0.945,0.186,4,1,1,VERDE,182.4,82.2,0.401,0,325.1,,56.6
2481.663360,RECENTER,reincorporando por posicion lateral,24,-12.16,-10.40,PISTA,OK,0,752.0,752.0,347.0,786.8,208.9,1,0.722,277.8,1,0.685,239.2,1,0.918,0.817,4,1,1,VERDE,182.4,82.2,0.401,0,325.1,,81.9
2481.763100,RECENTER,reincorporando por posicion lateral,24,-16.16,-11.17,PISTA,OK,0,745.0,745.0,342.5,786.0,217.0,1,0.750,280.0,1,0.822,244.2,1,0.918,0.818,4,1,1,VERDE,182.4,82.2,0.401,0,325.1,,53.9
2481.862742,RECENTER,reincorporando por posicion lateral,24,-20.00,-11.49,PISTA,OK,0,736.5,736.5,336.0,784.8,208.9,1,0.889,290.5,1,0.849,252.5,1,0.945,0.820,3,1,1,VERDE,182.4,82.2,0.401,0,325.1,,81.2
2481.962132,RECENTER,reincorporando por posicion lateral,24,-20.00,-12.28,PISTA,OK,0,730.5,730.5,333.5,784.0,212.0,1,0.861,313.5,1,0.740,257.5,1,0.973,0.818,3,1,1,VERDE,182.4,82.2,0.401,0,325.1,,54.3
2482.062435,RECENTER,reincorporando por posicion lateral,23,-20.00,-13.45,PISTA,OK,0,724.0,724.0,330.5,783.2,215.8,1,0.889,310.5,1,0.808,263.5,1,0.973,0.819,3,1,1,VERDE,182.4,82.2,0.401,0,325.1,,82.5
2482.161972,RECENTER,reincorporando por posicion lateral,23,-20.00,-15.10,PISTA,OK,0,717.0,717.0,328.5,781.8,219.1,1,0.944,313.5,1,0.822,267.5,1,0.959,0.822,3,1,1,VERDE,182.4,82.2,0.401,0,325.1,,55.7
2482.263949,RECENTER,reincorporando por posicion lateral,23,-20.00,-16.59,PISTA,OK,0,714.0,714.0,324.0,781.2,222.0,1,0.778,338.5,1,0.822,271.0,1,0.945,0.822,3,1,1,VERDE,182.4,82.2,0.401,0,325.1,,84.4
2482.362929,RECENTER,reincorporando por posicion lateral,23,-16.00,-17.30,PISTA,OK,0,711.0,711.0,816.0,781.3,228.5,1,0.833,333.0,1,0.808,278.5,1,0.945,0.208,3,1,1,VERDE,182.4,82.2,0.401,0,325.1,,56.7
2482.463214,RECENTER,reincorporando por posicion lateral,23,-20.00,-18.82,PISTA,OK,0,707.5,707.5,322.0,781.4,232.2,1,0.833,342.0,1,0.753,283.0,1,0.932,0.825,3,1,1,VERDE,182.4,82.2,0.401,0,325.1,,80.9
2482.563944,RECENTER,reincorporando por posicion lateral,23,-16.00,-20.63,PISTA,OK,0,704.5,704.5,2478.6,782.6,323.1,1,0.750,348.5,1,0.767,284.0,1,0.932,0.204,3,1,1,VERDE,182.4,82.2,0.401,0,325.1,,56.5
2482.664690,RECENTER,reincorporando por posicion lateral,23,-12.00,-22.28,PISTA,OK,0,706.0,706.0,708.1,782.9,255.8,1,0.917,361.0,1,0.849,287.5,1,0.918,0.208,3,1,1,VERDE,182.4,82.2,0.401,0,325.1,,82.5
2482.762023,CRUISE,reincorporacion verificada,23,-8.00,-23.86,PISTA,OK,0,704.0,704.0,736.0,785.2,270.3,1,0.917,369.5,1,0.836,294.0,1,0.945,0.203,3,1,,,,,,0,325.1,,54.5
2482.863402,AVOID_PASS,manteniendo rumbo mientras pasa el pilar 4,23,-4.00,-24.73,PISTA,OK,0,705.8,705.8,769.8,788.9,360.5,1,0.917,379.0,1,0.795,297.5,1,0.904,0.207,3,1,4,ROJO,-324.5,91.2,0.000,1,0.0,,83.4
2482.963066,AVOID_PASS,manteniendo rumbo mientras pasa el pilar 4,23,0.00,-26.26,PISTA,OK,0,707.8,707.8,804.6,793.3,278.9,1,0.889,405.0,1,0.781,301.5,1,0.945,0.210,3,1,4,ROJO,-330.4,73.7,0.000,1,9.2,,56.8
2483.063297,AVOID_PASS,manteniendo rumbo mientras pasa el pilar 4,23,3.29,-28.02,PISTA,OK,0,707.5,707.5,1543.3,797.0,407.5,1,0.917,431.0,1,0.836,308.0,1,0.890,0.199,3,1,4,ROJO,-333.6,60.5,0.000,1,18.4,,80.5
2483.164052,AVOID_PASS,manteniendo rumbo mientras pasa el pilar 4,23,4.36,-29.09,PISTA,OK,0,706.0,706.0,808.7,798.7,426.1,1,0.889,448.0,1,0.849,310.8,1,0.904,0.209,2,1,4,ROJO,-336.9,48.8,0.000,1,27.7,,58.1
2483.264871,AVOID_PASS,manteniendo rumbo mientras pasa el pilar 4,23,4.81,-29.54,PISTA,OK,0,698.0,698.0,1456.3,797.7,438.4,1,0.917,367.0,1,0.836,316.0,1,0.877,0.201,2,1,4,ROJO,-343.4,40.2,0.000,1,36.9,,83.1
2483.363728,AVOID_PASS,manteniendo rumbo mientras pasa el pilar 4,23,4.91,-29.64,PISTA,OK,0,694.5,694.5,1415.7,795.1,452.7,1,0.889,358.0,1,0.822,324.0,1,0.877,0.202,2,1,4,ROJO,-343.2,34.4,0.000,1,46.0,,57.8
2483.463469,AVOID_PASS,manteniendo rumbo mientras pasa el pilar 4,23,5.06,-29.79,PISTA,OK,0,685.5,685.5,766.1,792.1,301.6,1,0.861,339.0,1,0.849,331.0,1,0.890,0.211,2,1,4,ROJO,-341.9,26.3,0.000,1,55.2,,78.3
2483.562883,AVOID_PASS,manteniendo rumbo mientras pasa el pilar 4,23,5.24,-29.97,PISTA,OK,0,677.0,677.0,824.3,788.2,277.7,1,0.917,328.0,1,0.932,339.0,1,0.890,0.214,2,1,4,ROJO,-344.0,17.0,0.000,1,64.4,,55.4
2483.664813,AVOID_PASS,manteniendo rumbo mientras pasa el pilar 4,23,5.30,-30.03,PISTA,OK,0,670.5,670.5,815.3,784.5,281.4,1,0.917,326.5,1,0.836,343.5,1,0.904,0.213,1,1,4,ROJO,-342.6,9.2,0.000,1,73.7,,83.9
2483.763833,AVOID_PASS,manteniendo rumbo mientras pasa el pilar 4,23,5.37,-30.10,PISTA,OK,0,663.0,663.0,819.3,780.9,289.6,1,0.917,326.5,1,0.877,352.5,1,0.877,0.213,1,1,4,ROJO,-341.9,1.3,0.000,1,82.8,,57.0
2483.863969,AVOID_PASS,manteniendo rumbo mientras pasa el pilar 4,23,5.48,-30.21,PISTA,OK,0,654.5,654.5,819.8,776.6,296.5,1,0.944,327.0,1,0.849,358.8,1,0.877,0.213,1,1,4,ROJO,-341.7,-8.7,0.000,1,92.1,,78.7
2483.963629,AVOID_PASS,manteniendo rumbo mientras pasa el pilar 4,23,5.61,-30.34,PISTA,OK,0,647.5,647.5,884.9,773.7,301.2,1,0.889,326.5,1,0.822,366.5,1,0.877,0.217,1,1,4,ROJO,-338.4,-17.3,0.000,1,101.2,,57.5
2484.064674,AVOID_PASS,manteniendo rumbo mientras pasa el pilar 4,23,5.67,-30.40,PISTA,OK,0,640.0,640.0,885.0,769.8,308.0,1,0.917,326.5,1,0.849,373.0,1,0.890,0.214,1,1,4,ROJO,-335.2,-28.4,0.000,1,110.5,,82.7
2484.162883,AVOID_PASS,manteniendo rumbo mientras pasa el pilar 4,23,5.68,-30.41,PISTA,OK,0,632.5,632.5,861.5,765.3,314.1,1,0.944,325.5,1,0.945,379.0,1,0.863,0.217,1,1,4,ROJO,-340.6,-30.0,0.000,1,119.6,,52.3
2484.263209,AVOID_PASS,manteniendo rumbo mientras pasa el pilar 4,23,5.75,-30.48,PISTA,OK,0,626.5,626.5,864.2,761.2,320.3,1,0.917,328.0,1,0.836,387.5,1,0.904,0.215,1,1,4,ROJO,-340.6,-37.3,0.000,1,128.8,,77.6
2484.362763,AVOID_PASS,manteniendo rumbo mientras pasa el pilar 4,23,5.73,-30.46,PISTA,OK,0,614.0,614.0,852.6,756.5,324.8,1,0.944,328.0,1,0.877,394.0,1,0.918,0.216,1,1,4,ROJO,-336.7,-43.4,0.000,1,137.9,,56.8
2484.464295,AVOID_PASS,manteniendo rumbo mientras pasa el pilar 4,22,5.75,-30.48,PISTA,OK,0,607.5,607.5,845.8,753.0,331.3,1,0.917,329.0,1,0.836,402.0,1,0.863,0.216,1,1,4,ROJO,-333.4,-54.3,0.000,1,147.3,,82.6
2484.563767,AVOID_PASS,manteniendo rumbo mientras pasa el pilar 4,22,5.77,-30.50,PISTA,OK,0,598.0,598.0,841.1,748.5,340.8,1,0.972,330.5,1,0.877,410.0,1,0.863,0.215,1,1,4,ROJO,-338.5,-58.6,0.000,1,156.0,,49.7
2484.664334,AVOID_PASS,manteniendo rumbo mientras pasa el pilar 4,22,5.77,-30.50,PISTA,OK,0,589.0,589.0,833.8,744.1,344.5,1,0.889,332.0,1,0.877,417.0,1,0.863,0.215,1,1,4,ROJO,-335.6,-67.6,0.000,1,164.9,,80.1
2484.765052,AVOID_PASS,manteniendo rumbo mientras pasa el pilar 4,22,5.73,-30.46,PISTA,OK,0,581.0,581.0,1185.9,739.8,354.0,1,0.889,333.0,1,0.904,423.0,1,0.822,0.212,1,1,4,ROJO,-334.3,-75.8,0.000,1,173.7,,59.2
2484.863698,AVOID_PASS,manteniendo rumbo mientras pasa el pilar 4,22,5.73,-30.46,PISTA,OK,0,574.0,574.0,1160.7,735.7,361.0,1,0.944,336.5,1,0.904,429.0,1,0.863,0.214,1,1,4,ROJO,-336.5,-81.7,0.000,1,182.4,,80.7
2484.963241,AVOID_PASS,manteniendo rumbo mientras pasa el pilar 4,22,5.75,-30.48,PISTA,OK,0,565.0,565.0,1143.8,731.8,370.3,1,0.833,338.5,1,0.849,437.0,1,0.863,0.214,1,1,4,ROJO,-327.9,-95.4,0.000,1,191.2,,57.3
2485.065822,AVOID_PASS,manteniendo rumbo mientras pasa el pilar 4,22,5.73,-30.46,PISTA,OK,0,559.5,559.5,1126.5,727.0,379.9,1,0.806,340.0,1,0.836,443.5,1,0.822,0.213,1,1,4,ROJO,-327.3,-102.3,0.000,1,200.2,,80.0
2485.164224,AVOID_PASS,manteniendo rumbo mientras pasa el pilar 4,22,5.67,-30.40,PISTA,OK,0,550.0,550.0,1118.8,723.9,385.4,1,0.944,341.5,1,0.877,452.0,1,0.890,0.214,1,1,4,ROJO,-326.0,-109.9,0.000,1,208.9,,58.9
2485.264182,AVOID_PASS,manteniendo rumbo mientras pasa el pilar 4,22,5.69,-30.42,PISTA,OK,0,541.5,541.5,1102.9,719.4,391.4,1,0.917,343.8,1,0.808,458.5,1,0.890,0.216,2,1,4,ROJO,-326.4,-115.0,0.000,1,217.7,,81.5
2485.363741,AVOID_PASS,manteniendo rumbo mientras pasa el pilar 4,22,5.69,-30.42,PISTA,OK,0,534.0,534.0,1073.5,715.2,402.4,1,0.833,346.0,1,0.836,467.0,1,0.890,0.215,2,1,4,ROJO,-326.4,-122.4,0.000,1,226.4,,57.7
2485.465160,AVOID_PASS,manteniendo rumbo mientras pasa el pilar 4,22,5.66,-30.39,PISTA,OK,0,526.5,526.5,1051.7,711.6,406.7,1,0.917,347.5,1,0.863,474.5,1,0.849,0.235,2,1,4,ROJO,-324.2,-133.1,0.000,1,235.4,,78.9
2485.562396,AVOID_PASS,manteniendo rumbo mientras pasa el pilar 4,22,5.65,-30.38,PISTA,OK,0,517.0,517.0,1033.8,707.1,417.9,1,0.917,352.0,1,0.877,482.5,1,0.863,0.237,2,1,4,ROJO,-324.2,-140.2,0.000,1,243.9,,55.8
2485.661806,AVOID_PASS,manteniendo rumbo mientras pasa el pilar 4,22,5.64,-30.37,PISTA,OK,0,511.0,511.0,1019.7,703.0,429.9,1,0.833,354.5,1,0.849,491.0,1,0.849,0.235,2,1,4,ROJO,-325.6,-145.6,0.000,1,252.7,,80.9
2485.760971,AVOID_PASS,manteniendo rumbo mientras pasa el pilar 4,22,5.63,-30.36,PISTA,OK,0,497.5,497.5,1005.3,698.9,435.6,1,0.889,356.5,1,0.863,497.5,1,0.904,0.235,2,1,4,ROJO,-325.3,-153.7,0.000,1,261.4,,55.4
2485.860369,AVOID_PASS,manteniendo rumbo mientras pasa el pilar 4,21,5.55,-30.28,PISTA,OK,0,493.0,493.0,990.7,694.8,443.0,1,0.889,360.0,1,0.836,506.5,1,0.849,0.234,2,1,4,ROJO,-323.7,-161.8,0.000,1,270.1,,79.4
2485.959515,AVOID_PASS,manteniendo rumbo mientras pasa el pilar 4,21,5.50,-30.23,PISTA,OK,0,485.5,485.5,979.4,690.5,447.6,1,0.889,364.0,1,0.849,511.8,1,0.890,0.236,2,1,4,ROJO,-325.7,-164.5,0.000,1,278.5,,54.7
2486.059677,AVOID_PASS,manteniendo rumbo mientras pasa el pilar 4,21,5.45,-30.18,PISTA,OK,0,478.0,478.0,979.9,686.5,459.6,1,0.944,366.5,1,0.877,520.5,1,0.863,0.215,2,1,4,ROJO,-326.5,-169.0,0.000,1,286.9,,81.7
2486.158465,AVOID_PASS,manteniendo rumbo mientras pasa el pilar 4,21,5.42,-30.15,PISTA,OK,0,468.0,468.0,973.2,682.5,470.9,1,0.944,368.5,1,0.863,528.5,1,0.836,0.212,2,1,4,ROJO,-327.3,-173.4,0.000,1,295.2,,52.2
2486.258824,AVOID_PASS,manteniendo rumbo mientras pasa el pilar 4,21,5.33,-30.06,PISTA,OK,0,459.5,459.5,951.2,677.5,477.1,1,0.889,371.5,1,0.904,535.5,1,0.849,0.213,2,1,4,ROJO,-327.9,-178.0,0.000,1,303.6,,80.0
2486.358053,AVOID_PASS,manteniendo rumbo mientras pasa el pilar 4,21,5.30,-30.03,PISTA,OK,0,452.0,452.0,942.7,674.3,483.8,1,0.944,377.0,1,0.890,543.0,1,0.918,0.210,2,1,4,ROJO,-331.1,-181.3,0.000,1,311.9,,52.3
2486.457923,RECENTER,reincorporacion tras 320 mm de sobrepaso estimado,21,9.30,-29.97,PISTA,OK,0,444.5,444.5,945.7,669.8,489.2,1,0.917,379.5,1,0.863,549.0,1,0.822,0.212,2,1,4,ROJO,-331.3,-189.4,0.100,1,320.3,,81.6
2486.558989,TURN,giro de esquina por IMU y reapertura frontal,21,25.00,-29.94,PISTA,OK,0,436.5,436.5,928.2,666.0,499.7,1,0.889,382.8,1,0.877,556.0,1,0.863,0.215,2,1,,,,,,0,320.3,,51.8
2486.659250,TURN,giro de esquina por IMU y reapertura frontal,21,25.00,-30.40,PISTA,OK,0,432.0,432.0,889.2,662.6,506.9,1,0.917,389.0,1,0.877,564.0,1,0.890,0.208,2,1,,,,,,0,320.3,,74.4
2486.758227,TURN,giro de esquina por IMU y reapertura frontal,21,25.00,-29.91,PISTA,OK,0,422.0,422.0,895.4,662.2,512.3,1,0.917,394.0,1,0.863,570.5,1,0.849,0.213,2,1,,,,,,0,320.3,,50.4
2486.859058,TURN,giro de esquina por IMU y reapertura frontal,21,25.00,-28.23,PISTA,OK,0,406.0,406.0,939.6,652.0,528.9,1,0.889,393.5,1,0.836,579.0,1,0.822,0.209,2,1,,,,,,0,320.3,,82.2
2486.957771,TURN,giro de esquina por IMU y reapertura frontal,21,25.00,-27.34,PISTA,OK,0,398.0,398.0,974.2,643.7,537.2,1,0.917,393.5,1,0.836,584.5,1,0.877,0.208,2,1,,,,,,0,320.3,,52.5
2487.058978,TURN,giro de esquina por IMU y reapertura frontal,21,25.00,-25.69,PISTA,OK,0,383.5,383.5,971.5,636.8,548.4,1,0.972,393.0,1,0.836,591.5,1,0.836,0.208,2,1,,,,,,0,320.3,,77.1
2487.156880,TURN,giro de esquina por IMU y reapertura frontal,20,25.00,-24.06,PISTA,OK,0,375.0,375.0,1045.5,630.4,558.3,1,0.944,394.5,1,0.877,598.0,1,0.904,0.209,2,1,,,,,,0,320.3,,52.5
2487.256982,TURN,giro de esquina por IMU y reapertura frontal,20,25.00,-23.20,PISTA,OK,0,364.5,364.5,1080.0,625.3,571.6,1,0.944,392.5,1,0.863,604.5,1,0.904,0.208,2,1,,,,,,0,320.3,,78.3
2487.357961,TURN,giro de esquina por IMU y reapertura frontal,20,25.00,-21.60,PISTA,OK,0,357.5,357.5,1137.8,621.3,581.6,1,0.917,392.5,1,0.890,611.5,1,0.849,0.208,2,1,,,,,,0,320.3,,51.8
2487.458336,TURN,giro de esquina por IMU y reapertura frontal,20,25.00,-20.08,PISTA,OK,0,349.0,349.0,1213.9,616.6,744.2,1,0.944,392.5,1,0.849,619.2,1,0.918,0.209,2,1,,,,,,0,320.3,,75.0
2487.558107,TURN,giro de esquina por IMU y reapertura frontal,20,25.00,-18.50,PISTA,OK,0,340.0,340.0,1264.2,613.7,737.3,1,0.861,392.0,1,0.890,613.0,1,0.877,0.208,2,0,,,,,,0,320.3,,51.2
2487.660047,TURN,giro de esquina por IMU y reapertura frontal,20,25.00,-17.85,PISTA,OK,0,334.0,334.0,1359.2,611.8,727.6,1,0.944,392.0,1,0.945,610.5,1,0.918,0.206,2,0,,,,,,0,320.3,,79.0
2487.761480,TURN,giro de esquina por IMU y reapertura frontal,20,25.00,-16.30,PISTA,OK,0,327.0,327.0,1368.0,609.1,726.6,1,0.833,392.0,1,0.904,601.0,1,0.904,0.206,2,0,,,,,,0,320.3,,53.8
2487.861872,TURN,giro de esquina por IMU y reapertura frontal,20,25.00,-14.96,PISTA,OK,0,321.0,321.0,1511.5,606.7,727.1,1,0.750,390.5,1,0.918,596.5,1,0.849,0.207,2,0,,,,,,0,320.3,,80.7
2487.961553,TURN,giro de esquina por IMU y reapertura frontal,20,25.00,-13.43,PISTA,OK,0,313.5,313.5,1704.4,605.1,727.6,1,0.806,389.5,1,0.932,598.5,1,0.918,0.208,2,0,,,,,,0,320.3,,57.6
2488.063213,TURN,giro de esquina por IMU y reapertura frontal,20,25.00,-11.86,PISTA,OK,0,309.0,309.0,1887.7,603.7,728.7,1,0.861,390.2,1,0.932,596.0,1,0.932,0.207,2,0,,,,,,0,320.3,,82.2
2488.162561,TURN,giro de esquina por IMU y reapertura frontal,20,25.00,-11.16,PISTA,OK,0,304.0,304.0,2011.4,603.4,724.6,1,0.833,389.5,1,0.959,594.5,1,0.904,0.202,2,0,,,,,,0,320.3,,58.5
2488.261257,TURN,giro de esquina por IMU y reapertura frontal,20,25.00,-9.62,PISTA,OK,0,296.5,296.5,2586.8,603.0,723.0,1,0.806,389.0,1,0.932,593.0,1,0.890,0.197,2,0,,,,,,0,320.3,,77.6
2488.361761,TURN,giro de esquina por IMU y reapertura frontal,20,25.00,-8.17,PISTA,OK,0,289.5,289.5,532.3,603.1,720.0,1,0.833,388.8,1,0.973,594.5,1,0.918,0.214,2,0,,,,,,0,320.3,,57.3
2488.461970,TURN,giro de esquina por IMU y reapertura frontal,20,25.00,-6.57,PISTA,OK,0,283.5,283.5,568.7,603.6,719.8,1,0.833,388.0,1,0.890,594.2,1,0.932,0.210,2,0,,,,,,0,320.3,,82.8
2488.561446,TURN,giro de esquina por IMU y reapertura frontal,20,25.00,-5.09,PISTA,OK,0,279.0,279.0,560.5,604.8,715.5,1,0.750,385.5,1,0.863,597.2,1,0.918,0.210,2,0,,,,,,0,320.3,,55.6
2488.664466,TURN,giro de esquina por IMU y reapertura frontal,20,25.00,-3.67,PISTA,OK,0,273.5,273.5,554.5,605.5,715.5,1,0.806,385.0,1,0.918,598.5,1,0.904,0.210,2,0,,,,,,0,320.3,,85.6
2488.762389,TURN,giro de esquina por IMU y reapertura frontal,20,25.00,-3.01,PISTA,OK,0,268.0,268.0,541.4,606.6,710.2,1,0.806,383.5,1,0.932,600.8,1,0.918,0.211,2,0,,,,,,0,320.3,,57.7
2488.862500,TURN,giro de esquina por IMU y reapertura frontal,20,25.00,-1.58,NARANJA,OK,0,263.5,263.5,574.9,609.8,709.3,1,0.778,382.0,1,0.904,603.0,1,0.932,0.209,1,0,,,,,,0,320.3,,79.5
2488.961582,TURN,tramo 1 en reversa para cerrar la esquina,0,-20.00,-0.10,NARANJA,OK,0,259.5,259.5,599.5,609.7,703.6,1,0.722,381.0,1,0.863,605.5,1,0.932,0.205,1,0,,,,,,0,320.3,,57.4
2489.061689,TURN,tramo 1 en reversa para cerrar la esquina,-5,-20.00,1.16,NARANJA,OK,0,255.0,255.0,610.5,611.6,701.0,1,0.806,378.0,1,0.904,608.8,1,0.973,0.202,1,0,,,,,,0,320.3,,82.0
2489.162387,TURN,tramo 1 en reversa para cerrar la esquina,-10,-20.00,1.77,NARANJA,OK,0,256.5,256.5,577.4,616.6,683.1,1,0.639,375.0,1,0.836,612.5,1,0.932,0.202,1,0,,,,,,0,320.3,,57.8
2489.263543,TURN,tramo 1 en reversa para cerrar la esquina,-15,-20.00,4.25,NARANJA,OK,0,255.5,255.5,623.5,617.9,667.2,1,0.806,371.5,1,0.890,618.5,1,0.986,0.199,1,0,,,,,,0,320.3,,80.4
2489.362149,TURN,tramo 1 en reversa para cerrar la esquina,-20,-20.00,4.90,NARANJA,OK,0,256.5,256.5,577.0,622.0,667.4,1,0.722,370.0,1,0.849,618.8,1,0.986,0.351,3,0,,,,,,0,320.3,,57.5
2489.462151,TURN,tramo 1 en reversa para cerrar la esquina,-20,-20.00,5.87,NARANJA,OK,0,258.5,258.5,579.9,621.8,657.8,1,0.778,369.0,1,0.849,621.0,1,1.000,0.515,3,0,,,,,,0,320.3,,82.5
2489.561361,TURN,tramo 1 en reversa para cerrar la esquina,-20,-20.00,7.12,NARANJA,OK,0,263.0,263.0,621.2,625.5,710.4,1,0.722,364.5,1,0.836,621.8,1,1.000,0.740,3,0,,,,,,0,320.3,,55.3
2489.661582,TURN,tramo 1 en reversa para cerrar la esquina,-20,-20.00,8.40,NARANJA,OK,0,268.5,268.5,677.0,619.4,679.5,1,0.722,360.0,1,0.849,622.8,1,1.000,0.608,3,0,,,,,,0,320.3,,81.4
2489.762399,TURN,tramo 1 en reversa para cerrar la esquina,-20,-20.00,9.03,NARANJA,OK,0,274.0,274.0,686.1,621.7,703.7,1,0.778,358.0,1,0.822,625.0,1,1.000,0.422,3,0,,,,,,0,320.3,,56.7
2489.862634,TURN,tramo 1 en reversa para cerrar la esquina,-20,-20.00,10.31,NARANJA,OK,0,280.5,280.5,644.0,621.5,730.7,1,0.778,355.5,1,0.849,627.0,1,1.000,0.544,3,0,,,,,,0,320.3,,82.8
2489.962067,TURN,tramo 1 en reversa para cerrar la esquina,-20,-20.00,11.61,PISTA,OK,0,286.0,286.0,684.8,616.6,726.2,1,0.806,351.5,1,0.822,627.8,1,1.000,0.520,3,0,,,,,,0,320.3,,53.9
2490.062945,TURN,tramo 1 en reversa para cerrar la esquina,-20,-20.00,12.29,PISTA,OK,0,292.5,292.5,715.8,618.4,707.3,1,0.806,350.5,1,0.863,629.0,1,1.000,0.622,3,0,,,,,,0,320.3,,83.0
2490.161244,TURN,tramo 1 en reversa para cerrar la esquina,-20,-20.00,13.61,PISTA,OK,0,299.5,299.5,785.7,612.3,702.0,1,0.889,346.5,1,0.863,629.5,1,1.000,0.666,3,0,,,,,,0,320.3,,54.7
2490.261954,TURN,tramo 1 en reversa para cerrar la esquina,-20,-20.00,15.03,PISTA,OK,0,308.0,308.0,2281.5,620.0,684.8,1,0.833,343.0,1,0.795,631.0,1,1.000,0.166,3,0,,,,,,0,320.3,,83.0
2490.360987,TURN,tramo 1 en reversa para cerrar la esquina,-20,-20.00,16.37,PISTA,OK,0,314.0,314.0,799.4,606.6,612.7,1,0.917,344.0,1,0.877,631.8,1,1.000,0.649,3,0,,,,,,0,320.3,,54.8
2490.463665,TURN,tramo 1 en reversa para cerrar la esquina,-20,-20.00,17.00,PISTA,OK,0,321.5,321.5,772.3,603.6,602.8,1,0.917,347.5,1,0.932,632.0,1,0.973,0.622,3,0,,,,,,0,320.3,,85.1
2490.562087,TURN,tramo 1 en reversa para cerrar la esquina,-20,-20.00,18.25,PISTA,OK,0,327.5,327.5,853.4,592.1,595.2,1,0.972,350.0,1,0.904,632.0,1,1.000,0.399,3,0,,,,,,0,320.3,,58.4
2490.662908,TURN,tramo 1 en reversa para cerrar la esquina,-20,-20.00,19.56,PISTA,OK,0,335.5,335.5,1626.8,593.5,584.1,1,0.944,628.0,1,0.904,633.0,1,1.000,0.169,2,0,,,,,,0,320.3,,79.6
2490.763021,TURN,tramo 1 en reversa para cerrar la esquina,-20,-20.00,20.74,PISTA,OK,0,343.5,343.5,894.4,583.9,571.4,1,0.972,623.5,1,0.904,632.0,1,1.000,0.173,2,0,,,,,,0,320.3,,60.0
2490.862972,TURN,tramo 1 en reversa para cerrar la esquina,-20,-20.00,21.97,PISTA,OK,0,351.5,351.5,1455.0,576.3,561.0,1,0.944,617.0,1,0.877,632.5,1,1.000,0.166,2,0,,,,,,0,320.3,,82.1
2490.962015,TURN,tramo 1 en reversa para cerrar la esquina,-20,-20.00,23.21,PISTA,OK,0,359.5,359.5,941.0,565.0,552.3,1,0.944,610.0,1,0.932,633.2,1,1.000,0.165,2,0,,,,,,0,320.3,,56.7
2491.065068,TURN,tramo 1 en reversa para cerrar la esquina,-20,-20.00,23.79,PISTA,OK,0,366.5,366.5,923.0,564.4,541.3,1,0.972,604.5,1,0.945,632.0,1,1.000,0.166,2,0,,,,,,0,320.3,,84.9
2491.159392,TURN,tramo 1 en reversa para cerrar la esquina,-20,-20.00,25.13,PISTA,OK,0,376.5,376.5,905.5,558.7,528.9,1,0.972,598.5,1,0.904,631.5,1,1.000,0.164,2,0,,,,,,0,320.3,,55.6
2491.261542,TURN,tramo 1 en reversa para cerrar la esquina,-20,-20.00,26.54,PISTA,OK,0,385.5,385.5,905.8,562.8,519.5,1,0.944,590.5,1,0.822,631.0,1,1.000,0.179,2,0,,,,,,0,320.3,,84.2
2491.360044,TURN,tramo 1 en reversa para cerrar la esquina,-20,-20.00,27.98,PISTA,OK,0,398.0,398.0,973.7,543.6,506.2,1,0.917,584.5,1,0.904,630.8,1,1.000,0.165,2,0,,,,,,0,320.3,,54.9
2491.458244,TURN,tramo 1 en reversa para cerrar la esquina,-20,-20.00,28.66,PISTA,OK,0,407.5,407.5,956.7,536.8,494.0,1,0.972,578.5,1,0.890,630.0,1,1.000,0.164,2,0,,,,,,0,320.3,,80.5
2491.559138,TURN,tramo 1 en reversa para cerrar la esquina,-20,-20.00,29.94,PISTA,OK,0,417.0,417.0,924.7,545.4,483.1,1,0.944,572.5,1,0.904,627.5,1,1.000,0.166,2,0,,,,,,0,320.3,,56.5
2491.659926,TURN,tramo 1 en reversa para cerrar la esquina,-20,-20.00,31.31,PISTA,OK,0,428.0,428.0,920.4,543.2,471.8,1,0.917,567.5,1,0.863,628.0,1,1.000,0.163,2,0,,,,,,0,320.3,,82.9
2491.758860,TURN,giro de esquina por IMU y reapertura frontal,0,25.00,32.56,PISTA,OK,0,443.0,443.0,887.2,532.8,461.6,1,0.861,559.5,1,0.822,626.0,1,1.000,0.161,2,0,,,,,,0,320.3,,55.0
2491.859610,TURN,giro de esquina por IMU y reapertura frontal,5,25.00,33.18,PISTA,OK,0,456.0,456.0,918.7,536.9,454.6,1,0.889,555.0,1,0.877,624.0,1,1.000,0.165,2,0,,,,,,0,320.3,,83.1
2491.960213,TURN,giro de esquina por IMU y reapertura frontal,10,25.00,32.28,PISTA,OK,0,455.0,455.0,1001.5,530.7,460.0,1,0.972,557.5,1,0.904,623.8,1,1.000,0.178,2,0,,,,,,0,320.3,,56.3
2492.060487,TURN,giro de esquina por IMU y reapertura frontal,15,25.00,30.07,PISTA,OK,0,438.0,438.0,851.6,548.7,471.1,1,0.917,560.5,1,0.890,620.5,1,1.000,0.177,2,0,,,,,,0,320.3,,79.7
2492.159399,TURN,giro de esquina por IMU y reapertura frontal,20,25.00,30.64,PISTA,OK,0,434.0,434.0,858.6,551.5,471.7,1,0.917,562.8,1,0.918,620.8,1,1.000,0.179,2,0,,,,,,0,320.3,,56.7
2492.259850,TURN,giro de esquina por IMU y reapertura frontal,21,25.00,32.09,PISTA,OK,0,432.5,432.5,1044.6,548.6,471.3,1,0.944,565.5,1,0.904,624.0,1,1.000,0.171,2,0,,,,,,0,320.3,,83.2
2492.358949,TURN,giro de esquina por IMU y reapertura frontal,21,25.00,32.87,PISTA,OK,0,435.8,435.8,902.0,533.1,467.5,1,0.944,568.2,1,0.904,629.5,1,1.000,0.163,2,0,,,,,,0,320.3,,55.9
2492.459181,TURN,giro de esquina por IMU y reapertura frontal,21,25.00,34.38,PISTA,OK,0,437.5,437.5,894.5,534.5,469.0,1,0.944,570.0,1,0.945,635.0,1,1.000,0.161,2,0,,,,,,0,320.3,,80.8
2492.559808,TURN,giro de esquina por IMU y reapertura frontal,21,25.00,36.07,PISTA,OK,0,442.5,442.5,932.3,523.1,471.4,1,0.917,575.5,1,0.849,641.5,1,1.000,0.171,2,0,,,,,,0,320.3,,56.4
2492.658758,TURN,giro de esquina por IMU y reapertura frontal,21,25.00,37.78,PISTA,OK,0,445.5,445.5,885.4,520.7,473.7,1,0.917,577.8,1,0.863,649.0,1,1.000,0.331,3,0,,,,,,0,320.3,,81.2
2492.757707,TURN,giro de esquina por IMU y reapertura frontal,21,25.00,38.57,PISTA,OK,0,453.5,453.5,893.5,505.4,475.1,1,0.833,580.0,1,0.863,653.8,1,0.986,0.171,3,0,,,,,,0,320.3,,55.1
2492.859064,TURN,giro de esquina por IMU y reapertura frontal,21,25.00,40.16,PISTA,OK,0,454.0,454.0,884.3,507.0,478.4,1,0.889,582.8,1,0.863,641.5,1,0.986,0.168,3,0,,,,,,0,320.3,,81.9
2492.958670,TURN,giro de esquina por IMU y reapertura frontal,21,25.00,41.85,PISTA,OK,0,461.5,461.5,866.0,499.6,564.8,1,0.833,585.5,1,0.822,620.5,1,1.000,0.176,3,0,,,,,,0,320.3,,52.2
2493.058717,TURN,giro de esquina por IMU y reapertura frontal,21,25.00,42.67,PISTA,OK,0,464.0,464.0,857.7,493.7,564.8,1,0.833,587.5,1,0.822,593.0,1,0.986,0.591,3,0,,,,,,0,320.3,,82.0
2493.159591,TURN,giro de esquina por IMU y reapertura frontal,21,25.00,44.23,PISTA,OK,0,472.5,472.5,822.0,492.6,567.9,1,0.889,592.0,1,0.863,583.5,1,1.000,0.179,3,0,,,,,,0,320.3,,56.7
2493.260061,TURN,giro de esquina por IMU y reapertura frontal,21,25.00,45.67,PISTA,OK,0,483.5,483.5,808.6,486.1,571.2,1,0.889,593.5,1,0.795,566.0,1,0.986,0.199,3,0,,,,,,0,320.3,,79.7
2493.357791,TURN,giro de esquina por IMU y reapertura frontal,21,25.00,47.19,PISTA,OK,0,490.0,490.0,791.0,480.8,573.0,1,0.917,595.8,1,0.808,551.0,1,0.986,0.307,4,0,,,,,,0,320.3,,55.4
2493.459189,TURN,giro de esquina por IMU y reapertura frontal,22,25.00,48.85,PISTA,OK,0,503.0,503.0,776.5,481.1,577.5,1,0.861,598.0,1,0.808,536.5,1,1.000,0.495,4,0,,,,,,0,320.3,,83.4
2493.558838,TURN,giro de esquina por IMU y reapertura frontal,22,25.00,49.68,NARANJA,OK,0,507.5,507.5,761.2,476.4,579.6,1,0.917,601.0,1,0.822,523.0,1,1.000,0.613,5,0,,,,,,0,320.3,,56.4
2493.658835,TURN,giro de esquina por IMU y reapertura frontal,22,25.00,51.37,NARANJA,OK,0,522.0,522.0,745.3,476.9,585.7,1,0.889,602.0,1,0.822,514.5,1,0.986,0.757,5,0,,,,,,0,320.3,,79.2
2493.758616,TURN,giro de esquina por IMU y reapertura frontal,22,25.00,53.18,NARANJA,OK,0,535.0,535.0,731.8,473.3,591.0,1,0.861,602.5,1,0.753,495.0,1,0.986,0.890,5,0,,,,,,0,320.3,,53.6
2493.860098,TURN,giro de esquina por IMU y reapertura frontal,22,25.00,55.03,PISTA,OK,0,551.5,551.5,717.0,467.7,596.3,1,0.861,604.5,1,0.795,480.5,1,1.000,0.891,5,0,,,,,,0,320.3,,82.3
2493.957827,TURN,giro de esquina por IMU y reapertura frontal,22,25.00,56.74,PISTA,OK,0,558.0,558.0,703.5,459.1,603.3,1,0.861,607.0,1,0.808,475.0,1,0.986,0.862,4,0,,,,,,0,320.3,,55.1
2494.059258,TURN,giro de esquina por IMU y reapertura frontal,22,25.00,57.69,PISTA,OK,0,586.0,586.0,692.5,451.8,609.4,1,0.917,606.0,1,0.795,461.0,1,1.000,0.849,4,0,,,,,,0,320.3,,82.6
2494.158756,TURN,giro de esquina por IMU y reapertura frontal,22,25.00,59.50,PISTA,OK,0,590.0,590.0,680.6,445.3,616.4,1,0.944,608.0,1,0.781,450.5,1,0.986,0.831,4,0,,,,,,0,320.3,,54.3
2494.258868,TURN,giro de esquina por IMU y reapertura frontal,23,25.00,61.24,PISTA,OK,0,628.0,628.0,670.1,439.5,625.0,1,0.944,608.5,1,0.781,449.0,1,0.986,0.807,4,0,,,,,,0,320.3,,80.7
2494.359766,TURN,giro de esquina por IMU y reapertura frontal,23,25.00,62.93,PISTA,OK,0,645.0,645.0,660.3,434.3,634.4,1,0.972,610.0,1,0.781,438.5,1,1.000,0.794,4,0,,,,,,0,320.3,,57.2
2494.459842,TURN,giro de esquina por IMU y reapertura frontal,23,25.00,63.78,PISTA,OK,0,667.5,667.5,649.6,429.4,643.9,1,0.972,613.0,1,0.795,431.0,1,1.000,0.772,4,0,,,,,,0,320.3,,81.2
2494.559459,TURN,giro de esquina por IMU y reapertura frontal,23,25.00,65.71,PISTA,OK,0,697.0,697.0,639.1,424.9,653.3,1,0.972,611.5,1,0.753,425.5,1,1.000,0.763,4,0,,,,,,0,320.3,,56.4
2494.659538,TURN,giro de esquina por IMU y reapertura frontal,24,25.00,67.54,PISTA,OK,0,732.5,732.5,631.7,420.3,668.0,1,1.000,609.0,1,0.795,421.0,1,0.986,0.781,4,0,,,,,,0,320.3,,81.1
2494.758711,TURN,giro de esquina por IMU y reapertura frontal,24,25.00,69.48,PISTA,OK,0,770.0,770.0,621.9,417.3,679.9,1,0.972,600.5,1,0.767,416.0,1,1.000,0.725,4,0,,,,,,0,320.3,,55.2
2494.858740,TURN,giro de esquina por IMU y reapertura frontal,24,25.00,70.53,PISTA,OK,0,822.5,822.5,616.0,414.3,695.5,1,0.972,595.5,1,0.753,410.0,1,1.000,0.702,4,0,,,,,,0,320.3,,80.8
2494.959721,CRUISE,esquina 1 verificada,25,21.00,72.47,PISTA,OK,1,867.0,867.0,604.1,412.8,708.2,1,0.972,591.5,1,0.753,411.5,1,0.973,0.730,4,0,,,,,,0,320.3,,57.6
2495.062226,CRUISE,crucero centrado por paredes,25,17.00,74.57,PISTA,OK,1,978.0,1244.5,594.6,411.7,723.7,1,1.000,586.0,1,0.781,405.5,1,0.986,0.737,3,1,,,,,,0,320.3,,84.0
2495.159741,CRUISE,crucero centrado por paredes,25,15.41,76.73,PISTA,OK,1,1049.5,1049.5,587.3,410.3,743.4,1,1.000,611.0,1,0.781,402.0,1,1.000,0.726,3,1,,,,,,0,320.3,,55.6
2495.258756,CRUISE,crucero centrado por paredes,25,19.41,77.91,PISTA,OK,1,1056.0,1137.5,576.9,410.6,762.2,1,0.972,609.0,1,0.781,402.0,1,1.000,0.736,4,1,,,,,,0,320.3,,80.4
2495.358624,CRUISE,crucero centrado por paredes,25,22.33,79.90,PISTA,OK,1,1035.0,1296.5,571.3,412.1,767.5,1,0.972,607.0,1,0.849,403.0,1,0.986,0.744,4,1,,,,,,0,320.3,,55.2
2495.460238,RECOVERY,retroceso corto de emergencia,0,18.33,81.66,PISTA,OK,1,111.0,1023.0,558.8,413.9,762.2,1,1.000,607.5,1,0.836,405.0,1,0.986,0.824,4,1,,,,,,0,320.3,,75.1
2495.559425,RECOVERY,retroceso corto de emergencia,-5,14.33,83.48,PISTA,OK,1,99.0,2085.0,552.0,416.8,735.2,1,1.000,607.8,1,0.822,406.5,1,0.986,0.845,4,1,,,,,,0,320.3,,56.4
2495.664310,RECOVERY,retroceso corto de emergencia,-10,10.33,83.37,PISTA,OK,1,100.0,2089.5,549.5,418.6,715.9,1,1.000,607.5,1,0.890,407.5,1,1.000,0.801,3,1,,,,,,0,320.3,,86.1
2495.759460,RECOVERY,retroceso corto de emergencia,-15,6.33,83.33,PISTA,OK,1,100.2,2085.8,696.5,418.0,716.8,1,0.972,607.0,1,0.904,406.2,1,0.986,0.214,3,1,,,,,,0,320.3,,57.1
2495.861904,RECOVERY,retroceso corto de emergencia,-20,2.33,83.27,PISTA,OK,1,103.0,2093.5,729.5,418.1,713.7,1,1.000,605.5,1,0.877,406.8,1,1.000,0.213,3,1,,,,,,0,320.3,,79.8
2495.960499,RECOVERY,retroceso corto de emergencia,-20,-1.67,82.96,PISTA,OK,1,107.0,2093.0,719.1,418.4,724.1,1,1.000,604.8,1,0.822,407.5,1,0.986,0.212,3,1,,,,,,0,320.3,,58.4
2496.058917,RECOVERY,retroceso corto de emergencia,-20,-5.67,82.91,PISTA,OK,1,113.5,2087.5,736.4,418.3,722.3,1,1.000,603.0,1,0.849,408.0,1,1.000,0.211,3,1,,,,,,0,320.3,,79.7
2496.159626,RECOVERY,retroceso corto de emergencia,-20,-9.56,82.88,PISTA,OK,1,119.8,1813.5,551.0,418.2,746.5,1,0.972,599.5,1,0.863,408.2,1,0.959,0.824,3,1,,,,,,0,320.3,,56.7
2496.259838,RECOVERY,retroceso corto de emergencia,-20,-9.40,83.32,PISTA,OK,1,124.5,2111.5,730.8,419.3,711.0,1,1.000,596.0,1,0.822,408.0,1,1.000,0.213,3,1,,,,,,0,320.3,,79.7
2496.359374,RECOVERY,retroceso corto de emergencia,-20,-9.10,84.09,PISTA,OK,1,132.0,2122.0,731.2,420.3,703.2,1,1.000,591.5,1,0.863,409.5,1,1.000,0.213,3,1,,,,,,0,320.3,,57.9
2496.459398,RECOVERY,retroceso corto de emergencia,-20,-8.80,84.65,PISTA,OK,1,136.0,2125.0,746.3,421.9,702.0,1,1.000,586.5,1,0.863,410.5,1,0.986,0.212,3,1,,,,,,0,320.3,,80.8
2496.560399,RECOVERY,retroceso corto de emergencia,-20,-8.61,85.31,PISTA,OK,1,140.8,2133.5,725.5,422.9,696.7,1,1.000,584.0,1,0.849,411.8,1,0.973,0.213,2,0,,,,,,0,320.3,,58.9
2496.660801,RECOVERY,retroceso corto de emergencia,-20,-8.46,85.59,PISTA,OK,1,148.5,2140.0,737.9,424.2,679.9,1,1.000,580.5,1,0.918,411.2,1,0.986,0.212,2,0,,,,,,0,320.3,,81.8
2496.758715,RECOVERY,retroceso corto de emergencia,-20,-8.12,86.09,PISTA,OK,1,152.5,2146.0,732.2,425.4,661.1,1,1.000,577.0,1,0.863,414.5,1,0.986,0.214,2,0,,,,,,0,320.3,,55.1
2496.859077,RECOVERY,retroceso corto de emergencia,-20,-8.00,86.63,PISTA,OK,1,156.8,158.0,743.9,426.5,662.7,1,0.972,575.0,1,0.904,415.0,1,0.986,0.213,2,0,,,,,,0,320.3,,77.2
2496.959769,RECOVERY,retroceso corto de emergencia,-20,-7.78,87.20,PISTA,OK,1,162.5,2157.5,728.6,427.6,659.2,1,1.000,572.0,1,0.877,416.5,1,0.986,0.214,4,0,,,,,,0,320.3,,57.4
2497.059853,RECOVERY,retroceso corto de emergencia,-20,-7.58,87.49,PISTA,OK,1,167.0,2166.5,735.8,428.7,641.0,1,1.000,569.5,1,0.863,418.0,1,1.000,0.213,4,2,,,,,,0,320.3,,80.6
2497.159540,RECOVERY,retroceso corto de emergencia,-20,-7.38,88.06,PISTA,OK,1,172.0,2173.5,725.3,429.5,644.3,1,1.000,567.5,1,0.877,420.0,1,1.000,0.216,4,2,,,,,,0,320.3,,56.8
2497.259736,RECOVERY,retroceso corto de emergencia,-20,-7.25,88.63,PISTA,OK,1,176.0,2179.5,688.7,430.5,636.5,1,0.972,565.0,1,0.904,420.0,1,0.986,0.218,4,2,,,,,,0,320.3,,80.8
2497.360857,RECOVERY,retroceso corto de emergencia,-20,-7.19,89.20,PISTA,OK,1,181.0,2183.5,699.0,431.5,627.9,1,0.972,564.0,1,0.877,420.2,1,0.973,0.218,4,2,,,,,,0,320.3,,58.9
2497.459500,RECOVERY,retroceso corto de emergencia,-20,-7.05,89.85,PISTA,OK,1,185.5,2192.5,693.2,432.8,619.3,1,1.000,562.0,1,0.904,421.0,1,0.986,0.218,4,2,,,,,,0,320.3,,78.5
2497.558685,RECOVERY,retroceso corto de emergencia,-20,-6.96,90.38,PISTA,OK,1,192.2,2198.2,692.0,433.6,612.3,1,0.972,560.8,1,0.918,421.5,1,0.986,0.219,4,2,,,,,,0,320.3,,56.4
2497.658545,RECOVERY,retroceso corto de emergencia,-20,-6.84,90.62,PISTA,OK,1,199.0,2207.0,697.9,434.2,605.4,1,1.000,559.0,1,0.904,422.2,1,1.000,0.221,4,2,,,,,,0,320.3,,78.9
2497.757526,RECOVERY,retroceso corto de emergencia,-20,-6.65,91.16,PISTA,OK,1,205.5,2210.5,682.7,435.0,602.9,1,1.000,555.5,1,0.863,422.5,1,1.000,0.221,5,2,,,,,,0,320.3,,55.0
2497.857279,RECOVERY,retroceso corto de emergencia,-20,-6.49,91.77,NARANJA,OK,1,212.8,2217.0,699.3,435.8,597.6,1,1.000,553.0,1,0.890,423.2,1,0.986,0.219,5,2,,,,,,0,320.3,,80.3
2497.955896,RECOVERY,retroceso corto de emergencia,-20,-6.43,92.03,NARANJA,OK,1,218.5,2224.5,695.9,436.5,590.6,1,0.972,552.0,1,0.904,423.5,1,0.986,0.221,5,2,,,,,,0,320.3,,52.4
2498.056332,RECOVERY,retroceso corto de emergencia,-20,-6.33,92.63,NARANJA,OK,1,226.5,2230.5,705.7,437.0,580.4,1,1.000,551.0,1,0.904,424.5,1,1.000,0.221,5,2,,,,,,0,320.3,,78.2
2498.154292,RECOVERY,retroceso corto de emergencia,-20,-6.18,93.21,PISTA,OK,1,231.8,2238.5,697.9,437.9,578.3,1,0.944,549.0,1,0.904,425.5,1,0.973,0.221,5,2,,,,,,0,320.3,,51.8
2498.254128,RECOVERY,retroceso corto de emergencia,-20,-6.21,93.80,PISTA,OK,1,238.5,2244.0,684.3,438.7,570.1,1,1.000,549.0,1,0.877,424.8,1,1.000,0.220,5,2,,,,,,0,320.3,,80.4
2498.355258,RECOVERY,retroceso corto de emergencia,-20,-6.09,94.36,PISTA,OK,1,246.0,2250.0,704.3,439.9,566.0,1,1.000,547.5,1,0.932,425.8,1,1.000,0.220,5,2,,,,,,0,320.3,,53.9
2498.455593,RECOVERY,retroceso corto de emergencia,-20,-6.10,94.63,PISTA,OK,1,250.5,268.5,600.8,440.5,559.9,1,0.972,547.5,1,0.904,425.5,1,0.986,0.536,5,2,,,,,,0,320.3,,80.0
2498.555040,RECOVERY,retroceso corto de emergencia,-20,-6.15,95.05,PISTA,OK,1,258.5,275.5,605.9,441.0,566.4,1,1.000,548.5,1,0.918,425.5,1,1.000,0.526,5,2,,,,,,0,320.3,,53.4
2498.656383,RECOVERY,retroceso corto de emergencia,-20,-6.08,95.51,PISTA,OK,1,264.5,2304.5,601.4,441.5,557.0,1,1.000,547.8,1,0.918,426.2,1,1.000,0.576,5,2,,,,,,0,320.3,,82.3
2498.755968,RECOVERY,retroceso corto de emergencia,-20,-5.98,95.99,PISTA,OK,1,271.8,1698.5,739.8,441.5,549.7,1,1.000,546.5,1,0.918,427.0,1,1.000,0.223,5,2,,,,,,0,320.3,,53.5
2498.854705,RECOVERY,retroceso corto de emergencia,-20,-9.98,96.25,PISTA,OK,1,276.5,1706.0,753.8,442.1,545.1,1,1.000,682.0,1,0.904,427.0,1,1.000,0.219,5,2,,,,,,0,320.3,,80.2
2498.955424,RECOVERY,retroceso corto de emergencia,-20,-12.36,96.75,PISTA,OK,1,283.0,1699.0,690.3,442.7,535.7,1,1.000,674.5,1,0.890,427.2,1,1.000,0.218,5,2,,,,,,0,320.3,,54.6
2499.055578,RECOVERY,retroceso corto de emergencia,-20,-12.04,97.45,PISTA,OK,1,289.0,1708.5,649.1,443.6,530.4,1,1.000,668.5,1,0.918,427.8,1,1.000,0.314,5,2,,,,,,0,320.3,,79.6
2499.155429,RECOVERY,retroceso corto de emergencia,-20,-11.61,98.38,PISTA,OK,1,295.0,1712.0,698.5,445.0,530.4,1,1.000,659.5,1,0.904,427.2,1,0.986,0.213,5,2,,,,,,0,320.3,,52.7
2499.255851,RECOVERY,retroceso corto de emergencia,-20,-11.12,99.18,PISTA,OK,1,302.0,1720.5,761.4,446.1,532.0,1,1.000,651.0,1,0.877,428.5,1,1.000,0.651,5,2,,,,,,0,320.3,,82.0
2499.355405,RECOVERY,retroceso corto de emergencia,-20,-10.74,99.57,PISTA,OK,1,309.5,1398.5,728.2,447.9,517.1,1,1.000,643.5,1,0.932,428.8,1,1.000,0.486,5,2,,,,,,0,320.3,,51.5
2499.456867,RECOVERY,retroceso corto de emergencia,-20,-10.48,100.78,PISTA,OK,1,318.0,1401.0,767.1,448.6,508.3,1,1.000,638.0,1,0.904,428.5,1,1.000,0.692,5,2,,,,,,0,320.3,,79.5
2499.556594,RECOVERY,retroceso corto de emergencia,-20,-10.06,101.18,PISTA,OK,1,324.0,1336.5,737.2,450.2,509.9,1,1.000,630.5,1,0.904,429.2,1,1.000,0.743,4,1,,,,,,0,320.3,,55.8
2499.655181,CRUISE,recuperacion despejada,0,-6.06,102.01,PISTA,OK,1,332.0,1362.0,536.0,451.5,496.0,1,1.000,622.5,1,0.836,429.8,1,1.000,0.823,4,1,,,,,,0,320.3,,80.4
2499.756208,AVOID_APPROACH,pure-pursuit al punto de paso del pilar 20,5,-10.06,102.38,PISTA,OK,1,340.5,1355.0,807.9,452.5,493.9,1,1.000,616.5,1,0.877,430.5,1,1.000,0.440,4,1,20,ROJO,73.2,330.4,0.000,1,320.3,,52.8
2499.858172,AVOID_APPROACH,pure-pursuit al punto de paso del pilar 20,10,-14.06,102.28,PISTA,OK,1,343.0,1314.0,790.5,452.3,493.5,1,1.000,616.5,1,0.849,429.5,1,1.000,0.747,4,1,20,ROJO,72.6,333.2,0.000,1,320.3,,82.7
2499.956339,AVOID_APPROACH,pure-pursuit al punto de paso del pilar 20,15,-18.06,102.23,PISTA,OK,1,340.5,1327.5,773.8,452.0,491.3,1,1.000,617.2,1,0.918,429.5,1,1.000,0.720,4,1,20,ROJO,72.6,332.2,0.000,1,320.3,,56.3
2500.056794,AVOID_APPROACH,pure-pursuit al punto de paso del pilar 20,20,-20.00,102.08,PISTA,OK,1,341.5,1309.5,750.4,453.2,493.5,1,1.000,621.0,1,0.904,430.2,1,1.000,0.517,4,1,20,ROJO,74.5,330.6,0.000,1,320.3,,80.1
2500.156101,AVOID_APPROACH,pure-pursuit al punto de paso del pilar 20,20,-20.00,101.35,PISTA,OK,1,338.0,1331.0,708.4,453.6,498.5,1,1.000,624.5,1,0.904,430.2,1,1.000,0.781,4,1,20,ROJO,71.9,327.9,0.000,1,320.3,,55.6
2500.260074,AVOID_APPROACH,pure-pursuit al punto de paso del pilar 20,20,-20.00,100.67,PISTA,OK,1,330.0,1374.0,756.1,451.0,502.5,1,1.000,632.2,1,0.932,430.0,1,1.000,0.779,4,1,20,ROJO,66.8,321.7,0.000,1,320.3,,85.4
2500.357574,AVOID_APPROACH,pure-pursuit al punto de paso del pilar 20,20,-20.00,99.29,PISTA,OK,1,321.0,1722.5,2621.3,448.2,514.0,1,1.000,642.2,1,0.945,428.2,1,1.000,0.188,4,1,20,ROJO,56.0,316.2,0.000,1,320.3,,57.1
2500.457611,AVOID_APPROACH,pure-pursuit al punto de paso del pilar 20,20,-20.00,97.92,PISTA,OK,1,313.5,1715.0,735.6,445.1,525.1,1,1.000,650.0,1,0.890,428.0,1,1.000,0.682,4,1,20,ROJO,49.1,311.5,0.000,1,320.3,,81.5
2500.555688,AVOID_APPROACH,pure-pursuit al punto de paso del pilar 20,20,-20.00,96.53,PISTA,OK,1,307.0,1709.5,686.0,443.1,532.9,1,1.000,657.0,1,0.932,426.5,1,1.000,0.338,4,1,20,ROJO,42.4,308.2,0.000,1,320.3,,53.2
2500.657223,AVOID_APPROACH,pure-pursuit al punto de paso del pilar 20,20,-20.00,95.90,PISTA,OK,1,299.5,305.0,669.4,439.4,541.5,1,1.000,668.0,1,0.918,424.5,1,1.000,0.283,4,1,20,ROJO,30.7,301.3,0.000,1,320.3,,82.6
2500.756623,AVOID_APPROACH,pure-pursuit al punto de paso del pilar 20,20,-20.00,94.50,PISTA,OK,1,293.0,2297.0,586.7,437.1,554.2,1,1.000,550.0,1,0.918,423.0,1,1.000,0.737,5,1,20,ROJO,21.8,295.5,0.000,1,320.3,,51.3
2500.855387,AVOID_APPROACH,pure-pursuit al punto de paso del pilar 20,20,-20.00,93.25,PISTA,OK,1,286.5,2287.0,662.1,434.6,558.7,1,1.000,552.2,1,0.904,420.5,1,1.000,0.279,5,2,20,ROJO,21.7,292.1,0.000,1,320.3,,80.3
2500.954577,AVOID_APPROACH,pure-pursuit al punto de paso del pilar 20,20,-20.00,91.93,PISTA,OK,1,278.0,2281.5,755.0,432.0,573.4,1,1.000,552.5,1,0.918,419.0,1,1.000,0.218,5,2,20,ROJO,15.5,282.2,0.000,1,320.3,,54.4
2501.053262,AVOID_PASS,manteniendo rumbo mientras pasa el pilar 20,20,-16.00,91.34,PISTA,OK,1,273.0,2275.0,714.0,429.7,584.9,1,0.972,555.5,1,0.918,417.5,1,0.986,0.219,5,2,20,ROJO,12.9,279.2,0.000,1,0.0,,80.1
2501.151898,AVOID_PASS,manteniendo rumbo mientras pasa el pilar 20,20,-12.00,89.96,PISTA,OK,1,263.0,2267.5,705.8,426.4,599.2,1,0.972,557.5,1,0.890,413.0,1,0.973,0.220,5,2,20,ROJO,9.1,274.2,0.000,1,7.9,,52.1
2501.251211,AVOID_PASS,manteniendo rumbo mientras pasa el pilar 20,20,-8.00,88.56,PISTA,OK,1,257.0,263.0,714.9,423.4,620.9,1,1.000,562.0,1,0.890,411.8,1,1.000,0.221,5,2,20,ROJO,2.4,266.4,0.099,1,15.8,,78.5
2501.350831,AVOID_PASS,manteniendo rumbo mientras pasa el pilar 20,20,-4.00,87.07,PISTA,OK,1,252.0,278.0,709.4,420.9,636.9,1,1.000,567.5,1,0.877,409.2,1,1.000,0.220,5,2,20,ROJO,-4.5,258.4,0.199,1,23.8,,50.2
2501.451980,AVOID_PASS,manteniendo rumbo mientras pasa el pilar 20,20,0.00,85.58,PISTA,OK,1,247.0,1172.5,676.0,417.6,660.6,1,1.000,569.5,1,0.890,407.5,1,1.000,0.227,5,2,20,ROJO,-11.3,250.1,0.300,1,31.9,,82.7
2501.549811,AVOID_PASS,manteniendo rumbo mientras pasa el pilar 20,20,4.00,84.91,PISTA,OK,1,241.5,1172.0,643.4,414.6,671.7,1,1.000,573.2,1,0.836,404.0,1,0.986,0.373,5,2,20,ROJO,-14.2,242.1,0.398,1,39.7,,49.1
2501.649882,AVOID_PASS,manteniendo rumbo mientras pasa el pilar 23,20,7.40,83.94,NARANJA,OK,1,236.5,1160.0,567.7,412.1,678.7,1,1.000,576.8,1,0.863,400.8,1,1.000,0.906,5,2,23,ROJO,-57.3,233.6,0.000,1,47.7,,78.8
2501.750708,AVOID_PASS,manteniendo rumbo mientras pasa el pilar 23,25,8.05,83.29,NARANJA,OK,1,1160.0,1160.0,567.4,410.7,683.4,1,1.000,578.2,1,0.877,400.5,1,1.000,0.916,5,2,23,ROJO,-62.6,223.9,0.000,1,55.8,,50.5
2501.850720,AVOID_PASS,manteniendo rumbo mientras pasa el pilar 23,20,8.22,83.12,PISTA,OK,1,237.0,1153.0,583.3,409.6,688.5,1,1.000,580.8,1,0.863,399.8,1,0.986,0.777,5,2,23,ROJO,-58.3,217.9,0.000,1,65.8,,80.1
2501.949208,AVOID_PASS,manteniendo rumbo mientras pasa el pilar 23,20,8.05,83.29,PISTA,OK,1,226.0,1559.5,567.6,409.0,693.8,1,1.000,581.8,1,0.849,399.0,1,1.000,0.895,6,2,23,ROJO,-57.3,208.2,0.000,1,73.7,,49.3
2502.050066,AVOID_PASS,manteniendo rumbo mientras pasa el pilar 23,20,7.99,83.35,PISTA,OK,1,221.0,2193.5,567.8,409.0,695.5,1,1.000,583.0,1,0.863,399.0,1,1.000,0.894,6,3,23,ROJO,-56.8,200.2,0.000,1,81.7,,81.1
2502.149298,AVOID_PASS,manteniendo rumbo mientras pasa el pilar 23,20,7.79,83.55,PISTA,OK,1,210.0,2184.5,601.2,408.9,699.1,1,1.000,583.2,1,0.863,398.2,1,1.000,0.612,6,3,23,ROJO,-54.8,193.4,0.000,1,89.7,,48.3
2502.249153,AVOID_PASS,manteniendo rumbo mientras pasa el pilar 23,20,7.63,83.71,PISTA,OK,1,190.0,2180.0,593.6,408.9,697.1,1,0.972,585.5,1,0.849,398.5,1,0.986,0.667,6,3,23,ROJO,-54.3,185.6,0.100,1,97.7,,78.7
2502.350166,AVOID_PASS,manteniendo rumbo mientras pasa el pilar 23,20,7.42,83.92,PISTA,OK,1,182.5,2167.0,564.4,409.4,703.2,1,1.000,586.5,1,0.849,399.5,1,1.000,0.890,6,3,23,ROJO,-53.6,177.7,0.201,1,105.8,,50.5
2502.448467,AVOID_PASS,manteniendo rumbo mientras pasa el pilar 23,20,7.30,84.04,PISTA,OK,1,177.5,2162.0,565.5,409.1,697.9,1,1.000,587.2,1,0.836,398.5,1,1.000,0.895,5,2,23,ROJO,-53.3,169.9,0.299,1,113.6,,79.6
2502.549347,AVOID_PASS,manteniendo rumbo mientras pasa el pilar 23,20,7.10,84.24,PISTA,OK,1,172.5,2154.0,563.1,409.4,681.9,1,1.000,589.5,1,0.836,398.8,1,1.000,0.917,5,2,23,ROJO,-52.7,162.1,0.400,1,121.7,,48.8
2502.649545,AVOID_PASS,manteniendo rumbo mientras pasa el pilar 23,20,6.89,84.45,PISTA,OK,1,165.5,2151.0,555.5,409.4,696.3,1,1.000,591.2,1,0.863,399.5,1,1.000,0.778,5,2,23,ROJO,-52.7,162.1,0.400,0,129.7,,81.5
2502.749363,AVOID_PASS,manteniendo rumbo mientras pasa el pilar 23,20,6.68,84.66,PISTA,OK,1,159.0,2143.5,560.5,409.3,687.7,1,1.000,592.5,1,0.863,399.0,1,1.000,0.823,5,2,23,ROJO,-52.7,162.1,0.400,0,137.7,,50.3
2502.850866,AVOID_PASS,manteniendo rumbo mientras pasa el pilar 23,20,6.56,84.78,PISTA,OK,1,152.5,2138.5,560.3,409.8,689.1,1,1.000,593.8,1,0.849,398.8,1,0.986,0.917,6,2,23,ROJO,-52.7,162.1,0.400,0,145.8,,82.3
2502.950811,AVOID_PASS,manteniendo rumbo mientras pasa el pilar 23,20,6.33,85.01,PISTA,OK,1,144.5,2131.5,557.8,410.0,675.0,1,1.000,595.0,1,0.877,399.0,1,0.986,0.806,5,2,23,ROJO,-52.7,162.1,0.400,0,153.8,,49.0
2503.052981,RECOVERY,retroceso corto de emergencia,0,2.33,85.19,PISTA,OK,1,139.5,2123.5,561.2,410.1,692.2,1,1.000,596.2,1,0.890,399.8,1,0.973,0.845,5,2,,,,,,0,153.8,,78.3
2503.152859,RECOVERY,retroceso corto de emergencia,-5,-1.67,85.41,PISTA,OK,1,134.0,2118.0,558.7,410.5,677.8,1,1.000,598.2,1,0.836,400.2,1,1.000,0.844,5,2,,,,,,0,153.8,,53.8
2503.254272,RECOVERY,retroceso corto de emergencia,-10,-5.67,85.48,PISTA,OK,1,131.0,1055.0,554.3,410.7,670.5,1,1.000,598.5,1,0.877,399.8,1,1.000,0.822,5,2,,,,,,0,153.8,,82.4
2503.353936,RECOVERY,retroceso corto de emergencia,-15,-9.67,85.53,PISTA,OK,1,132.5,1058.0,711.1,411.4,653.7,1,1.000,597.8,1,0.877,400.0,1,0.986,0.213,4,1,,,,,,0,153.8,,55.2
2503.452861,RECOVERY,retroceso corto de emergencia,-20,-9.64,85.80,PISTA,OK,1,135.2,1063.0,728.3,411.8,654.5,1,0.972,594.8,1,0.918,402.0,1,0.986,0.212,4,1,,,,,,0,153.8,,76.9
2503.553240,RECOVERY,retroceso corto de emergencia,-20,-9.56,86.47,PISTA,OK,1,141.0,1071.5,755.0,412.6,647.9,1,1.000,592.5,1,0.863,401.2,1,0.986,0.211,4,1,,,,,,0,153.8,,54.0
2503.653812,RECOVERY,retroceso corto de emergencia,-20,-9.44,87.10,PISTA,OK,1,146.0,2131.2,753.4,413.9,632.4,1,1.000,591.5,1,0.904,402.8,1,1.000,0.212,4,1,,,,,,0,153.8,,82.1
2503.753076,RECOVERY,retroceso corto de emergencia,-20,-9.09,87.35,PISTA,OK,1,153.0,2133.5,735.6,414.8,627.5,1,1.000,586.0,1,0.904,404.2,1,1.000,0.213,4,1,,,,,,0,153.8,,52.3
2503.853152,RECOVERY,retroceso corto de emergencia,-20,-9.01,87.85,PISTA,OK,1,155.8,2138.5,741.0,415.7,619.7,1,0.972,584.8,1,0.945,404.5,1,0.986,0.213,4,1,,,,,,0,153.8,,77.2
2503.953718,RECOVERY,retroceso corto de emergencia,-20,-8.84,88.37,PISTA,OK,1,162.5,168.0,737.1,417.0,645.0,1,0.972,582.0,1,0.877,405.2,1,0.986,0.214,4,1,,,,,,0,153.8,,54.3
2504.051824,RECOVERY,retroceso corto de emergencia,-20,-8.74,88.90,PISTA,OK,1,168.2,171.0,740.8,418.0,615.2,1,1.000,581.0,1,0.904,406.2,1,0.986,0.213,4,1,,,,,,0,153.8,,79.4
2504.152425,RECOVERY,retroceso corto de emergencia,-20,-8.60,89.46,PISTA,OK,1,173.5,2162.8,717.9,419.2,600.0,1,0.972,579.0,1,0.918,407.0,1,0.986,0.217,5,2,,,,,,0,153.8,,52.3
2504.250552,RECOVERY,retroceso corto de emergencia,-20,-8.38,89.71,PISTA,OK,1,177.0,2170.5,715.6,419.8,604.5,1,0.972,576.5,1,0.877,409.0,1,0.986,0.216,5,3,,,,,,0,153.8,,78.0
2504.349861,RECOVERY,retroceso corto de emergencia,-20,-8.35,90.25,PISTA,OK,1,180.5,2175.2,699.6,420.7,600.4,1,1.000,576.0,1,0.890,409.0,1,1.000,0.219,5,3,,,,,,0,153.8,,48.7
2504.449314,RECOVERY,retroceso corto de emergencia,-20,-8.24,90.90,PISTA,OK,1,184.0,2183.5,704.2,421.6,596.5,1,0.972,574.5,1,0.904,409.8,1,0.986,0.220,4,2,,,,,,0,153.8,,74.6
2504.548600,RECOVERY,retroceso corto de emergencia,-20,-8.05,91.54,PISTA,OK,1,189.0,2189.5,695.8,422.4,578.7,1,1.000,571.5,1,0.863,410.5,1,1.000,0.220,4,2,,,,,,0,153.8,,49.3
2504.649441,RECOVERY,retroceso corto de emergencia,-20,-7.96,91.84,PISTA,OK,1,196.0,2195.5,719.3,423.0,573.8,1,1.000,569.5,1,0.918,410.2,1,1.000,0.218,4,2,,,,,,0,153.8,,80.8
2504.749298,RECOVERY,retroceso corto de emergencia,-20,-7.84,92.48,PISTA,OK,1,203.5,2200.5,698.8,424.1,591.9,1,0.944,567.5,1,0.890,410.8,1,0.959,0.220,4,2,,,,,,0,153.8,,50.4
2504.847645,RECOVERY,retroceso corto de emergencia,-20,-7.76,93.04,PISTA,OK,1,210.8,2207.5,700.8,424.7,582.6,1,0.972,566.5,1,0.863,411.2,1,0.986,0.221,4,2,,,,,,0,153.8,,77.0
2504.947432,RECOVERY,retroceso corto de emergencia,-20,-7.62,93.62,PISTA,OK,1,217.0,2213.5,711.4,425.4,554.2,1,1.000,564.0,1,0.932,411.5,1,1.000,0.220,4,2,,,,,,0,153.8,,47.5
2505.048794,RECOVERY,retroceso corto de emergencia,-20,-7.59,94.15,NARANJA,OK,1,221.8,2221.5,696.1,426.3,549.9,1,1.000,563.0,1,0.904,411.2,1,1.000,0.221,4,2,,,,,,0,153.8,,82.5
2505.148386,RECOVERY,retroceso corto de emergencia,-20,-7.55,94.78,NARANJA,OK,1,229.5,2228.5,794.5,427.0,545.4,1,1.000,562.5,1,0.932,411.5,1,1.000,0.218,4,2,,,,,,0,153.8,,48.2
2505.248464,RECOVERY,retroceso corto de emergencia,-20,-7.44,95.05,NARANJA,OK,1,237.0,2235.5,619.3,428.0,544.3,1,1.000,561.5,1,0.890,412.8,1,1.000,0.504,4,2,,,,,,0,153.8,,78.7
2505.349382,RECOVERY,retroceso corto de emergencia,-20,-7.43,95.65,PISTA,OK,1,244.8,2241.5,781.9,428.1,529.6,1,0.972,561.0,1,0.904,412.5,1,0.986,0.220,4,2,,,,,,0,153.8,,50.2
2505.449511,RECOVERY,retroceso corto de emergencia,-20,-7.43,96.26,PISTA,OK,1,248.5,2249.5,602.4,429.1,528.4,1,1.000,562.0,1,0.918,413.5,1,0.986,0.649,4,2,,,,,,0,153.8,,77.3
2505.547360,RECOVERY,retroceso corto de emergencia,-20,-7.28,96.81,PISTA,OK,1,256.5,272.0,770.7,429.8,523.0,1,1.000,559.5,1,0.918,414.0,1,1.000,0.218,4,2,,,,,,0,153.8,,48.6
2505.649036,RECOVERY,retroceso corto de emergencia,-20,-11.28,97.30,PISTA,OK,1,262.5,282.0,741.0,430.8,520.2,1,1.000,695.0,1,0.918,414.8,1,1.000,0.219,5,2,,,,,,0,153.8,,83.2
2505.748447,RECOVERY,retroceso corto de emergencia,-20,-13.69,97.51,PISTA,OK,1,271.0,1690.5,616.9,430.5,520.2,1,1.000,687.5,1,0.918,413.8,1,1.000,0.605,5,2,,,,,,0,153.8,,49.3
2505.848631,RECOVERY,retroceso corto de emergencia,-20,-13.34,98.12,PISTA,OK,1,274.0,1693.5,689.7,431.2,508.7,1,1.000,681.0,1,0.890,414.2,1,1.000,0.221,5,2,,,,,,0,153.8,,78.4
2505.949363,RECOVERY,retroceso corto de emergencia,-20,-12.94,99.02,PISTA,OK,1,280.5,1699.0,616.5,432.9,505.4,1,1.000,673.5,1,0.904,414.8,1,1.000,0.592,5,2,,,,,,0,153.8,,49.7
2506.049392,RECOVERY,retroceso corto de emergencia,-20,-12.55,99.90,PISTA,OK,1,285.5,1706.5,666.6,434.7,493.1,1,1.000,667.0,1,0.932,416.0,1,1.000,0.371,5,2,,,,,,0,153.8,,79.2
2506.147343,RECOVERY,retroceso corto de emergencia,-20,-12.11,100.79,PISTA,OK,1,293.0,1370.0,750.6,436.3,495.2,1,1.000,660.0,1,0.918,417.8,1,1.000,0.750,5,2,,,,,,0,153.8,,47.7
2506.248839,RECOVERY,retroceso corto de emergencia,-20,-11.84,101.26,PISTA,OK,1,299.5,1419.5,742.2,437.5,484.5,1,1.000,653.0,1,0.904,416.2,1,1.000,0.472,5,2,,,,,,0,153.8,,81.7
2506.348516,RECOVERY,retroceso corto de emergencia,-20,-11.41,102.15,PISTA,OK,1,306.0,1318.0,779.6,439.2,480.4,1,1.000,646.5,1,0.904,418.2,1,1.000,0.596,5,2,,,,,,0,153.8,,49.4
2506.448763,RECOVERY,retroceso corto de emergencia,-20,-11.09,103.03,PISTA,OK,1,314.5,1280.0,723.9,440.9,471.4,1,1.000,639.0,1,0.918,417.2,1,1.000,0.693,5,2,,,,,,0,153.8,,80.2
2506.548196,RECOVERY,retroceso corto de emergencia,-20,-10.83,103.97,PISTA,OK,1,319.8,1252.0,836.9,442.4,471.4,1,1.000,633.5,1,0.932,417.0,1,1.000,0.199,5,2,,,,,,0,153.8,,48.8
2506.649527,CRUISE,recuperacion despejada,0,-6.83,104.83,PISTA,OK,1,330.0,1217.5,804.9,444.1,463.6,1,1.000,625.5,1,0.945,418.0,1,1.000,0.466,4,1,,,,,,0,153.8,,82.9
2506.749287,AVOID_APPROACH,pure-pursuit al punto de paso del pilar 27,5,-10.83,105.29,PISTA,OK,1,336.8,1209.5,777.5,445.6,459.3,1,0.972,620.5,1,0.945,417.2,1,0.986,0.271,4,1,27,ROJO,77.5,325.1,0.000,1,153.8,,49.5
2506.849172,AVOID_APPROACH,pure-pursuit al punto de paso del pilar 27,10,-14.83,105.14,PISTA,OK,1,341.0,1207.5,829.9,445.5,462.0,1,1.000,619.5,1,0.918,415.8,1,1.000,0.199,4,1,27,ROJO,78.8,327.5,0.000,1,153.8,,77.6
2506.948474,AVOID_APPROACH,pure-pursuit al punto de paso del pilar 27,15,-18.83,105.13,PISTA,OK,1,339.0,1215.8,801.6,445.3,462.6,1,1.000,620.0,1,0.945,415.8,1,1.000,0.301,4,1,27,ROJO,77.7,327.8,0.000,1,153.8,,48.9
2507.048760,AVOID_APPROACH,pure-pursuit al punto de paso del pilar 27,20,-20.00,104.88,PISTA,OK,1,339.5,1271.5,875.4,446.3,458.9,1,0.972,622.5,1,0.918,416.2,1,0.986,0.201,4,1,27,ROJO,78.6,326.4,0.000,1,153.8,,81.0
2507.148160,AVOID_APPROACH,pure-pursuit al punto de paso del pilar 27,20,-20.00,104.01,PISTA,OK,1,335.5,1230.0,842.8,446.3,461.2,1,1.000,627.5,1,0.904,418.5,1,1.000,0.203,4,1,27,ROJO,76.0,322.7,0.000,1,153.8,,49.9
2507.249640,AVOID_APPROACH,pure-pursuit al punto de paso del pilar 27,20,-20.00,103.32,PISTA,OK,1,328.0,1321.5,764.4,444.2,466.5,1,1.000,635.0,1,0.904,417.8,1,1.000,0.661,3,1,27,ROJO,70.2,318.0,0.000,1,153.8,,82.6
2507.349262,AVOID_APPROACH,pure-pursuit al punto de paso del pilar 27,20,-20.00,101.92,PISTA,OK,1,320.5,1333.0,743.1,441.3,480.4,1,1.000,643.0,1,0.918,417.2,1,1.000,0.591,3,1,27,ROJO,64.1,314.3,0.000,1,153.8,,50.7
2507.449254,AVOID_APPROACH,pure-pursuit al punto de paso del pilar 27,20,-20.00,100.54,PISTA,OK,1,311.0,1420.5,708.7,437.7,495.2,1,1.000,649.0,1,0.890,416.2,1,1.000,0.324,3,1,27,ROJO,51.2,308.5,0.000,1,153.8,,81.6
2507.550317,AVOID_APPROACH,pure-pursuit al punto de paso del pilar 27,20,-20.00,99.83,PISTA,OK,1,303.2,1711.0,551.5,434.7,489.9,1,1.000,656.5,1,0.863,414.5,1,1.000,0.822,4,1,27,ROJO,43.4,302.8,0.000,1,153.8,,50.5
2507.650449,AVOID_APPROACH,pure-pursuit al punto de paso del pilar 27,20,-20.00,98.43,PISTA,OK,1,294.5,1703.5,717.0,431.9,506.2,1,1.000,665.5,1,0.918,413.0,1,1.000,0.215,4,1,27,ROJO,37.1,299.2,0.000,1,153.8,,80.6
2507.749584,AVOID_APPROACH,pure-pursuit al punto de paso del pilar 27,20,-20.00,97.06,PISTA,OK,1,289.5,292.5,732.2,428.7,507.9,1,1.000,674.5,1,0.918,412.0,1,1.000,0.222,4,1,27,ROJO,24.8,292.2,0.000,1,153.8,,51.2
2507.849908,AVOID_APPROACH,pure-pursuit al punto de paso del pilar 27,20,-20.00,95.81,PISTA,OK,1,283.5,2342.0,762.6,425.9,516.1,1,1.000,683.5,1,0.904,410.5,1,1.000,0.220,5,1,27,ROJO,21.3,286.1,0.000,1,153.8,,80.6
2507.949270,AVOID_APPROACH,pure-pursuit al punto de paso del pilar 27,20,-20.00,94.56,PISTA,OK,1,276.5,2270.5,647.4,423.3,528.8,1,1.000,566.2,1,0.877,409.2,1,1.000,0.468,5,2,27,ROJO,16.8,280.1,0.000,1,153.8,,51.4
2508.049306,AVOID_PASS,manteniendo rumbo mientras pasa el pilar 27,20,-16.00,93.87,PISTA,OK,1,268.5,1205.0,620.7,420.5,541.9,1,1.000,565.5,1,0.918,407.5,1,1.000,0.630,6,2,27,ROJO,13.0,273.5,0.000,1,0.0,,81.5
2508.150330,AVOID_PASS,manteniendo rumbo mientras pasa el pilar 27,20,-12.00,92.51,PISTA,OK,1,260.0,1195.0,721.8,417.9,549.2,1,0.972,568.0,1,0.904,406.2,1,0.986,0.221,6,2,27,ROJO,9.4,267.4,0.000,1,8.1,,51.2
2508.250731,AVOID_PASS,manteniendo rumbo mientras pasa el pilar 27,20,-8.00,91.07,PISTA,OK,1,254.0,1190.0,720.4,414.9,565.6,1,1.000,571.5,1,0.918,401.5,1,1.000,0.220,6,2,27,ROJO,3.6,260.8,0.000,1,16.1,,81.8
2508.349375,AVOID_PASS,manteniendo rumbo mientras pasa el pilar 27,20,-4.00,89.59,NARANJA,OK,1,248.0,274.0,718.7,412.7,585.7,1,1.000,575.5,1,0.904,399.5,1,1.000,0.219,6,2,27,ROJO,-3.2,252.9,0.099,1,24.0,,51.4
2508.449320,AVOID_PASS,manteniendo rumbo mientras pasa el pilar 27,20,0.00,88.99,NARANJA,OK,1,242.5,1179.5,669.1,408.1,598.8,1,1.000,579.5,1,0.836,396.5,1,1.000,0.267,7,2,27,ROJO,-5.8,244.9,0.199,1,32.0,,80.4
2508.546672,AVOID_PASS,manteniendo rumbo mientras pasa el pilar 27,20,4.00,87.52,NARANJA,OK,1,236.0,2226.0,662.5,405.3,616.8,1,0.972,582.5,1,0.877,395.5,1,0.986,0.310,7,3,27,ROJO,-12.1,236.8,0.296,1,39.8,,48.9
2508.647664,AVOID_PASS,manteniendo rumbo mientras pasa el pilar 27,20,7.32,86.55,NARANJA,OK,1,228.0,2219.0,671.4,402.7,624.2,1,1.000,584.2,1,0.863,392.5,1,0.986,0.229,7,3,27,ROJO,-16.1,228.5,0.397,1,47.9,,80.6
2508.745070,AVOID_PASS,manteniendo rumbo mientras pasa el pilar 30,20,8.06,85.81,PISTA,OK,1,224.5,2212.0,682.7,401.4,635.3,1,0.972,586.0,1,0.836,391.0,1,1.000,0.226,7,3,30,ROJO,-55.5,222.8,0.000,1,55.7,,47.2
2508.844833,AVOID_PASS,manteniendo rumbo mientras pasa el pilar 30,20,8.18,85.69,PISTA,OK,1,213.0,2197.0,684.3,400.6,666.0,1,1.000,588.8,1,0.836,391.0,1,1.000,0.227,7,3,30,ROJO,-53.7,213.6,0.000,1,63.6,,81.1
2508.943716,AVOID_PASS,manteniendo rumbo mientras pasa el pilar 30,20,8.07,85.80,PISTA,OK,1,207.8,2196.5,570.4,400.4,656.6,1,1.000,590.0,1,0.849,391.0,1,1.000,0.905,7,3,30,ROJO,-53.1,207.5,0.000,1,71.6,,45.2
2509.043750,AVOID_PASS,manteniendo rumbo mientras pasa el pilar 30,20,7.93,85.94,PISTA,OK,1,199.5,2189.0,680.8,401.0,643.4,1,1.000,589.5,1,0.877,391.8,1,1.000,0.225,7,3,30,ROJO,-51.7,199.0,0.000,1,79.6,,76.3
2509.143152,AVOID_PASS,manteniendo rumbo mientras pasa el pilar 30,20,7.76,86.11,PISTA,OK,1,191.0,2181.5,679.2,400.9,644.3,1,1.000,592.0,1,0.890,391.8,1,1.000,0.225,7,3,30,ROJO,-51.2,191.2,0.099,1,87.5,,45.5
2509.244295,AVOID_PASS,manteniendo rumbo mientras pasa el pilar 30,20,7.58,86.29,PISTA,OK,1,185.5,2174.5,654.2,401.7,636.9,1,0.972,592.5,1,0.890,392.5,1,0.986,0.275,7,3,30,ROJO,-50.6,183.3,0.201,1,95.6,,80.8
2509.342227,AVOID_PASS,manteniendo rumbo mientras pasa el pilar 30,20,7.49,86.38,PISTA,OK,1,178.0,2164.0,651.8,401.6,632.0,1,1.000,593.5,1,0.877,391.8,1,1.000,0.270,6,3,30,ROJO,-50.3,175.5,0.298,1,103.4,,43.4
2509.442148,AVOID_PASS,manteniendo rumbo mientras pasa el pilar 30,20,7.26,86.61,PISTA,OK,1,172.5,2161.0,655.5,402.5,632.8,1,1.000,593.5,1,0.849,391.8,1,0.959,0.243,6,3,30,ROJO,-49.6,167.7,0.398,1,111.4,,77.7
2509.543118,AVOID_PASS,manteniendo rumbo mientras pasa el pilar 30,20,7.10,86.77,PISTA,OK,1,165.0,2152.0,649.4,403.3,641.8,1,1.000,594.2,1,0.890,394.0,1,1.000,0.276,5,2,30,ROJO,-49.6,167.7,0.398,0,119.5,,46.1
2509.643157,AVOID_PASS,manteniendo rumbo mientras pasa el pilar 30,20,6.87,87.00,PISTA,OK,1,160.5,2156.5,559.5,403.4,627.1,1,1.000,595.5,1,0.849,394.5,1,1.000,0.828,5,2,30,ROJO,-49.6,167.7,0.398,0,127.5,,79.5
2509.744349,AVOID_PASS,manteniendo rumbo mientras pasa el pilar 30,20,6.74,87.13,PISTA,OK,1,153.5,2146.5,558.6,403.9,626.7,1,1.000,596.8,1,0.863,394.5,1,1.000,0.834,4,2,30,ROJO,-49.6,167.7,0.398,0,135.6,,46.7
2509.844945,AVOID_PASS,manteniendo rumbo mientras pasa el pilar 30,20,6.51,87.36,PISTA,OK,1,145.0,2141.0,560.7,404.8,625.0,1,1.000,597.5,1,0.808,394.5,1,0.986,0.802,3,2,30,ROJO,-49.6,167.7,0.398,0,143.7,,78.3
2509.944613,RECOVERY,retroceso corto de emergencia,0,2.51,87.55,PISTA,OK,1,139.5,2135.0,556.8,405.2,623.0,1,0.972,599.0,1,0.836,394.0,1,0.973,0.773,3,2,,,,,,0,143.7,,46.0
2510.045023,RECOVERY,retroceso corto de emergencia,-5,-1.49,87.74,PISTA,OK,1,135.0,2126.0,557.7,405.5,623.8,1,0.972,599.5,1,0.863,394.0,1,0.986,0.800,3,2,,,,,,0,143.7,,74.5
2510.146624,RECOVERY,retroceso corto de emergencia,-10,-5.49,87.76,PISTA,OK,1,134.5,2118.0,555.0,406.4,612.7,1,0.972,600.0,1,0.904,394.5,1,0.986,0.788,4,2,,,,,,0,143.7,,48.9
2510.248375,RECOVERY,retroceso corto de emergencia,-15,-9.49,87.91,PISTA,OK,1,137.5,1066.2,748.3,406.8,604.1,1,1.000,599.0,1,0.932,395.0,1,0.986,0.213,3,1,,,,,,0,143.7,,80.3
2510.348068,RECOVERY,retroceso corto de emergencia,-20,-10.05,87.98,PISTA,OK,1,139.5,1067.0,734.1,407.7,606.6,1,0.972,597.2,1,0.945,396.2,1,0.986,0.212,3,1,,,,,,0,143.7,,49.0
2510.448467,RECOVERY,retroceso corto de emergencia,-20,-9.93,88.56,PISTA,OK,1,143.8,1068.5,745.3,408.1,595.5,1,1.000,594.5,1,0.918,396.0,1,0.986,0.212,3,1,,,,,,0,143.7,,77.2
2510.549342,RECOVERY,retroceso corto de emergencia,-20,-9.83,89.14,PISTA,OK,1,149.5,1074.5,743.9,409.8,596.8,1,1.000,593.5,1,0.918,397.0,1,0.986,0.213,3,1,,,,,,0,143.7,,50.7
2510.649493,RECOVERY,retroceso corto de emergencia,-20,-9.65,89.68,PISTA,OK,1,154.5,2139.8,752.2,411.0,583.6,1,1.000,591.0,1,0.932,398.0,1,1.000,0.213,3,1,,,,,,0,143.7,,78.0
2510.747342,RECOVERY,retroceso corto de emergencia,-20,-9.55,90.23,PISTA,OK,1,160.8,1078.5,720.9,412.0,581.2,1,1.000,590.0,1,0.890,399.0,1,1.000,0.217,3,1,,,,,,0,143.7,,48.6
2510.848931,RECOVERY,retroceso corto de emergencia,-20,-9.46,90.76,PISTA,OK,1,166.0,172.0,752.7,412.5,575.5,1,1.000,587.5,1,0.918,398.2,1,1.000,0.215,3,1,,,,,,0,143.7,,82.4
2510.948373,RECOVERY,retroceso corto de emergencia,-20,-9.28,91.05,PISTA,OK,1,171.0,178.0,711.6,413.3,573.8,1,1.000,586.0,1,0.918,400.5,1,1.000,0.219,4,1,,,,,,0,143.7,,51.1
2511.048644,RECOVERY,retroceso corto de emergencia,-20,-9.11,91.62,PISTA,OK,1,173.5,1099.0,701.5,414.2,564.4,1,1.000,584.0,1,0.890,401.8,1,1.000,0.220,5,2,,,,,,0,143.7,,79.3
2511.148367,RECOVERY,retroceso corto de emergencia,-20,-9.01,92.23,PISTA,OK,1,177.8,1105.5,707.6,414.9,559.5,1,1.000,583.0,1,0.890,402.8,1,1.000,0.220,5,3,,,,,,0,143.7,,51.7
2511.249875,RECOVERY,retroceso corto de emergencia,-20,-8.95,92.85,PISTA,OK,1,182.5,1111.0,693.9,415.2,554.6,1,1.000,580.0,1,0.877,401.0,1,1.000,0.222,5,3,,,,,,0,143.7,,81.3
2511.349372,RECOVERY,retroceso corto de emergencia,-20,-8.72,93.20,PISTA,OK,1,188.0,1116.0,699.9,416.5,548.4,1,1.000,578.0,1,0.890,403.5,1,1.000,0.221,5,3,,,,,,0,143.7,,51.8
2511.449060,RECOVERY,retroceso corto de emergencia,-20,-8.68,93.81,PISTA,OK,1,194.0,1129.0,706.5,417.3,544.3,1,1.000,577.5,1,0.904,404.0,1,1.000,0.221,5,3,,,,,,0,143.7,,75.1
2511.548350,RECOVERY,retroceso corto de emergencia,-20,-8.54,94.42,PISTA,OK,1,201.5,1130.0,775.6,418.4,540.6,1,1.000,575.5,1,0.918,404.8,1,1.000,0.220,5,3,,,,,,0,143.7,,49.5
2511.648357,RECOVERY,retroceso corto de emergencia,-20,-8.40,95.10,PISTA,OK,1,207.5,1136.8,763.4,418.9,527.1,1,1.000,573.0,1,0.890,405.0,1,1.000,0.220,5,3,,,,,,0,143.7,,80.4
2511.747079,RECOVERY,retroceso corto de emergencia,-20,-8.35,95.75,PISTA,OK,1,215.5,1150.0,790.0,419.9,528.8,1,0.944,572.0,1,0.904,405.0,1,0.973,0.218,5,3,,,,,,0,143.7,,50.2
2511.846757,RECOVERY,retroceso corto de emergencia,-20,-8.22,96.02,PISTA,OK,1,222.0,2210.8,780.6,420.7,522.2,1,1.000,570.5,1,0.904,406.0,1,1.000,0.219,5,3,,,,,,0,143.7,,80.5
2511.944458,RECOVERY,retroceso corto de emergencia,-20,-8.25,96.65,NARANJA,OK,1,228.8,1669.0,769.0,421.0,530.2,1,0.972,571.0,1,0.918,406.0,1,0.986,0.219,4,2,,,,,,0,143.7,,48.0
2512.045347,RECOVERY,retroceso corto de emergencia,-20,-8.28,97.30,NARANJA,OK,1,234.5,1170.0,767.4,422.0,514.4,1,0.972,572.0,1,0.918,406.5,1,0.986,0.219,4,2,,,,,,0,143.7,,82.5
2512.143016,RECOVERY,retroceso corto de emergencia,-20,-8.15,97.93,NARANJA,OK,1,242.0,1174.5,738.6,422.3,508.3,1,0.972,569.8,1,0.932,406.8,1,0.986,0.224,4,2,,,,,,0,143.7,,46.0
2512.243005,RECOVERY,retroceso corto de emergencia,-20,-12.15,98.20,NARANJA,OK,1,247.5,263.0,739.2,423.1,500.5,1,1.000,709.0,1,0.890,407.0,1,1.000,0.219,4,2,,,,,,0,143.7,,80.3
2512.343831,RECOVERY,retroceso corto de emergencia,-20,-14.66,98.79,PISTA,OK,1,256.5,272.5,752.3,423.5,494.8,1,1.000,700.0,1,0.904,406.8,1,1.000,0.221,5,2,,,,,,0,143.7,,47.5
2512.442284,RECOVERY,retroceso corto de emergencia,-20,-14.38,99.68,PISTA,OK,1,260.8,1683.5,692.5,424.4,492.9,1,0.972,694.5,1,0.932,407.0,1,0.986,0.261,5,2,,,,,,0,143.7,,79.0
2512.541677,RECOVERY,retroceso corto de emergencia,-20,-13.86,100.20,PISTA,OK,1,267.5,1388.5,726.1,426.4,480.0,1,1.000,685.0,1,0.877,407.8,1,1.000,0.213,5,2,,,,,,0,143.7,,45.6
2512.642932,RECOVERY,retroceso corto de emergencia,-20,-13.55,101.10,PISTA,OK,1,272.0,1352.5,709.0,428.2,475.1,1,1.000,679.5,1,0.904,408.5,1,1.000,0.210,5,2,,,,,,0,143.7,,77.7
2512.742513,RECOVERY,retroceso corto de emergencia,-20,-13.20,101.92,PISTA,OK,1,278.0,1332.0,714.1,429.4,476.3,1,1.000,672.5,1,0.932,408.5,1,1.000,0.203,5,2,,,,,,0,143.7,,45.1
2512.842843,RECOVERY,retroceso corto de emergencia,-20,-12.88,102.83,PISTA,OK,1,284.0,1300.0,773.3,430.9,465.3,1,1.000,666.5,1,0.904,409.0,1,1.000,0.591,5,2,,,,,,0,143.7,,79.1
2512.943612,RECOVERY,retroceso corto de emergencia,-20,-12.65,103.27,PISTA,OK,1,291.0,1249.5,772.6,433.0,457.5,1,0.972,662.0,1,0.918,409.0,1,0.986,0.476,5,2,,,,,,0,143.7,,45.9
2513.042521,RECOVERY,retroceso corto de emergencia,-20,-12.24,104.21,PISTA,OK,1,299.5,1243.5,853.9,434.5,451.8,1,0.972,654.0,1,0.904,409.2,1,0.986,0.198,5,2,,,,,,0,143.7,,76.8
2513.141630,RECOVERY,retroceso corto de emergencia,-20,-12.03,105.27,PISTA,OK,1,305.5,1195.0,887.1,437.2,449.7,1,1.000,649.0,1,0.959,408.5,1,1.000,0.200,5,2,,,,,,0,143.7,,45.3
2513.243285,RECOVERY,retroceso corto de emergencia,-20,-11.70,106.22,PISTA,OK,1,312.0,1155.0,1854.4,438.3,447.7,1,1.000,642.5,1,0.945,408.5,1,1.000,0.194,5,2,,,,,,0,143.7,,80.9
2513.342633,RECOVERY,retroceso corto de emergencia,-20,-11.35,107.16,PISTA,OK,1,320.5,1173.5,889.7,440.7,436.6,1,1.000,635.5,1,0.973,408.5,1,1.000,0.204,5,2,,,,,,0,143.7,,44.9
2513.442725,CRUISE,recuperacion despejada,0,-8.89,107.65,PISTA,OK,1,329.0,1115.0,892.0,442.3,430.1,1,1.000,630.0,1,0.959,407.8,1,1.000,0.206,4,1,,,,,,0,143.7,,80.9
2513.542448,AVOID_APPROACH,pure-pursuit al punto de paso del pilar 35,5,-12.89,108.51,PISTA,OK,1,1091.5,1091.5,864.1,444.7,426.4,1,0.972,623.5,1,0.932,407.8,1,0.986,0.203,4,1,35,ROJO,85.6,318.9,0.000,1,143.7,,44.3
2513.643796,AVOID_APPROACH,pure-pursuit al punto de paso del pilar 35,10,-16.89,108.38,PISTA,OK,1,1104.0,1104.0,1662.1,444.5,425.1,1,1.000,624.0,1,0.945,407.0,1,1.000,0.199,4,1,35,ROJO,88.3,321.5,0.000,1,143.7,,80.3
2513.741702,AVOID_APPROACH,pure-pursuit al punto de paso del pilar 35,15,-20.00,108.25,PISTA,OK,1,1127.5,1127.5,1748.9,444.8,428.4,1,1.000,624.5,1,0.973,407.0,1,1.000,0.192,4,1,35,ROJO,88.5,321.2,0.000,1,143.7,,45.8
2513.843309,AVOID_APPROACH,pure-pursuit al punto de paso del pilar 35,20,-20.00,108.12,PISTA,OK,1,1112.0,1112.0,1690.5,445.3,428.8,1,1.000,626.5,1,0.959,407.5,1,1.000,0.199,5,1,35,ROJO,89.2,318.9,0.000,1,143.7,,81.5
2513.942703,AVOID_APPROACH,pure-pursuit al punto de paso del pilar 35,25,-20.00,107.35,PISTA,OK,1,1139.5,1139.5,840.8,445.1,433.7,1,1.000,632.0,1,0.932,408.0,1,1.000,0.206,5,1,35,ROJO,86.1,316.3,0.000,1,143.7,,45.4
2514.042976,AVOID_APPROACH,pure-pursuit al punto de paso del pilar 35,20,-20.00,105.78,PISTA,OK,1,326.0,1197.5,782.7,441.7,439.9,1,1.000,638.5,1,0.959,407.5,1,1.000,0.201,5,1,35,ROJO,79.3,311.1,0.000,1,143.7,,80.5
2514.143931,AVOID_APPROACH,pure-pursuit al punto de paso del pilar 35,20,-20.00,104.05,PISTA,OK,1,317.0,1716.5,2173.5,437.8,447.7,1,1.000,647.5,1,0.918,408.0,1,1.000,0.189,6,1,35,ROJO,67.6,306.4,0.000,1,143.7,,47.6
2514.244101,AVOID_APPROACH,pure-pursuit al punto de paso del pilar 35,20,-20.00,103.35,PISTA,OK,1,306.0,1277.5,782.6,433.6,452.2,1,1.000,653.5,1,0.945,407.2,1,1.000,0.631,6,1,35,ROJO,56.4,301.3,0.000,1,143.7,,80.9
2514.343514,AVOID_APPROACH,pure-pursuit al punto de paso del pilar 35,20,-20.00,101.91,PISTA,OK,1,297.5,1354.0,735.7,430.8,467.7,1,1.000,662.5,1,0.959,407.2,1,1.000,0.818,6,1,35,ROJO,47.1,296.3,0.000,1,143.7,,44.9
2514.441777,AVOID_APPROACH,pure-pursuit al punto de paso del pilar 35,20,-20.00,100.50,PISTA,OK,1,291.0,1402.5,715.1,427.2,471.8,1,1.000,670.0,1,0.904,405.0,1,1.000,0.262,6,1,35,ROJO,39.8,290.5,0.000,1,143.7,,77.2
2514.542711,AVOID_APPROACH,pure-pursuit al punto de paso del pilar 35,20,-20.00,99.78,PISTA,OK,1,283.5,1693.5,3207.8,424.1,483.7,1,0.972,675.8,1,0.932,405.5,1,0.986,0.185,7,1,35,ROJO,30.6,286.3,0.000,1,143.7,,45.7
2514.642908,AVOID_APPROACH,pure-pursuit al punto de paso del pilar 35,20,-20.00,98.46,PISTA,OK,1,277.0,280.5,739.0,421.3,482.5,1,1.000,684.0,1,0.904,403.5,1,1.000,0.221,7,1,35,ROJO,23.7,280.6,0.000,1,143.7,,77.5
2514.742506,AVOID_PASS,manteniendo rumbo mientras pasa el pilar 35,20,-16.00,97.07,PISTA,OK,1,271.0,1202.0,761.1,418.6,497.2,1,1.000,693.5,1,0.932,400.5,1,1.000,0.219,8,1,35,ROJO,19.3,274.1,0.000,1,0.0,,47.7
2514.843864,AVOID_PASS,manteniendo rumbo mientras pasa el pilar 35,20,-12.00,95.67,PISTA,OK,1,263.5,1197.0,612.9,415.4,507.5,1,1.000,577.0,1,0.904,398.5,1,1.000,0.757,8,2,35,ROJO,15.9,267.8,0.000,1,8.1,,81.0
2514.943434,AVOID_PASS,manteniendo rumbo mientras pasa el pilar 35,20,-8.00,94.92,PISTA,OK,1,256.0,1190.5,564.6,411.5,517.3,1,1.000,577.5,1,0.890,397.2,1,1.000,0.706,8,2,35,ROJO,12.1,262.8,0.000,1,16.1,,47.4
2515.043735,AVOID_PASS,manteniendo rumbo mientras pasa el pilar 35,20,-4.00,93.48,NARANJA,OK,1,246.5,2243.5,695.6,408.5,543.8,1,0.972,580.0,1,0.918,395.0,1,0.986,0.222,8,2,35,ROJO,5.4,253.8,0.000,1,24.1,,78.9
2515.142766,AVOID_PASS,manteniendo rumbo mientras pasa el pilar 35,20,0.00,92.16,NARANJA,OK,1,241.0,270.5,662.3,404.4,543.9,1,1.000,582.5,1,0.849,393.0,1,1.000,0.391,8,2,35,ROJO,-0.4,245.9,0.099,1,32.0,,47.2
2515.242719,AVOID_PASS,manteniendo rumbo mientras pasa el pilar 35,20,4.00,90.62,NARANJA,OK,1,234.0,263.2,667.9,401.1,555.4,1,0.972,585.8,1,0.863,388.0,1,0.986,0.345,8,3,35,ROJO,-7.0,237.8,0.199,1,40.0,,80.7
2515.342274,AVOID_PASS,manteniendo rumbo mientras pasa el pilar 35,20,7.46,89.61,PISTA,OK,1,227.5,1163.0,692.9,399.0,566.0,1,0.972,589.5,1,0.890,388.0,1,0.986,0.226,8,3,35,ROJO,-11.2,229.7,0.299,1,48.0,,45.8
2515.441965,AVOID_PASS,manteniendo rumbo mientras pasa el pilar 35,20,7.73,89.34,PISTA,OK,1,219.5,1158.0,679.0,397.4,599.4,1,0.972,591.5,1,0.849,386.8,1,0.986,0.227,8,3,35,ROJO,-12.3,221.7,0.398,1,56.0,,79.0
2515.540965,AVOID_PASS,manteniendo rumbo mientras pasa el pilar 40,20,8.01,89.06,PISTA,OK,1,210.5,1163.0,661.8,396.9,583.4,1,0.972,592.5,1,0.822,387.2,1,1.000,0.320,8,3,40,ROJO,-42.7,214.1,0.000,1,63.9,,46.4
2515.640050,AVOID_PASS,manteniendo rumbo mientras pasa el pilar 40,20,7.88,89.19,PISTA,OK,1,202.5,1140.0,669.4,397.3,580.0,1,0.972,592.8,1,0.808,387.5,1,0.986,0.254,8,3,40,ROJO,-39.6,206.2,0.000,1,71.8,,78.3
2515.739545,AVOID_PASS,manteniendo rumbo mientras pasa el pilar 40,20,7.81,89.26,PISTA,OK,1,195.5,1131.0,673.7,398.4,586.1,1,0.972,594.5,1,0.904,388.2,1,0.986,0.227,8,3,40,ROJO,-38.6,198.7,0.000,1,79.8,,44.5
2515.838327,AVOID_PASS,manteniendo rumbo mientras pasa el pilar 40,20,7.64,89.43,PISTA,OK,1,188.0,1126.0,657.2,399.1,576.7,1,0.972,593.0,1,0.877,389.5,1,0.986,0.289,7,3,40,ROJO,-38.0,190.9,0.099,1,87.7,,77.1
2515.937740,AVOID_PASS,manteniendo rumbo mientras pasa el pilar 40,20,7.44,89.63,PISTA,OK,1,182.5,1118.5,659.7,400.5,573.2,1,0.972,594.8,1,0.890,391.0,1,0.986,0.260,7,3,40,ROJO,-37.3,183.1,0.198,1,95.6,,41.3
2516.035899,AVOID_PASS,manteniendo rumbo mientras pasa el pilar 40,20,7.25,89.82,PISTA,OK,1,175.0,1113.0,672.2,401.1,583.2,1,0.917,594.5,1,0.877,390.2,1,0.959,0.226,7,3,40,ROJO,-36.7,175.4,0.296,1,103.5,,74.4
2516.135317,AVOID_PASS,manteniendo rumbo mientras pasa el pilar 40,20,7.06,90.01,PISTA,OK,1,167.0,1104.5,664.8,401.8,589.4,1,1.000,594.5,1,0.863,390.5,1,0.986,0.227,7,3,40,ROJO,-36.1,167.5,0.396,1,111.4,,40.3
2516.236854,AVOID_PASS,manteniendo rumbo mientras pasa el pilar 40,20,6.96,90.11,PISTA,OK,1,164.0,1108.0,557.5,403.4,574.2,1,1.000,594.0,1,0.836,392.8,1,1.000,0.792,6,3,40,ROJO,-36.1,167.5,0.396,0,119.5,,75.7
2516.336283,AVOID_PASS,manteniendo rumbo mientras pasa el pilar 40,20,6.69,90.38,PISTA,OK,1,156.5,2149.0,558.7,404.0,576.3,1,0.972,596.5,1,0.890,392.5,1,0.973,0.807,4,2,40,ROJO,-36.1,167.5,0.396,0,127.5,,41.8
2516.438719,AVOID_PASS,manteniendo rumbo mientras pasa el pilar 40,20,6.47,90.60,PISTA,OK,1,150.5,2142.5,551.7,405.3,580.0,1,1.000,597.0,1,0.849,393.8,1,1.000,0.756,4,2,40,ROJO,-36.1,167.5,0.396,0,135.7,,75.5
2516.535265,AVOID_PASS,manteniendo rumbo mientras pasa el pilar 40,20,6.28,90.79,PISTA,OK,1,143.5,2132.5,551.9,406.9,576.1,1,1.000,598.2,1,0.822,395.0,1,1.000,0.767,4,2,40,ROJO,-36.1,167.5,0.396,0,143.4,,40.8
2516.635506,RECOVERY,retroceso corto de emergencia,0,2.28,90.90,PISTA,OK,1,136.5,156.0,547.7,407.8,572.6,1,1.000,597.8,1,0.836,396.0,1,1.000,0.737,4,2,,,,,,0,143.4,,74.3
2516.736144,RECOVERY,retroceso corto de emergencia,-5,-1.72,91.11,PISTA,OK,1,132.0,2116.5,548.6,409.0,570.9,1,1.000,598.2,1,0.890,396.8,1,1.000,0.775,4,2,,,,,,0,143.4,,39.1
2516.834715,RECOVERY,retroceso corto de emergencia,-10,-5.72,91.13,PISTA,OK,1,132.0,144.5,548.5,410.0,566.4,1,0.972,598.2,1,0.863,397.5,1,0.986,0.756,4,2,,,,,,0,143.4,,73.1
2516.934030,RECOVERY,retroceso corto de emergencia,-15,-9.72,91.33,PISTA,OK,1,133.5,141.5,733.2,410.8,562.3,1,0.972,597.5,1,0.959,398.5,1,0.986,0.216,4,2,,,,,,0,143.4,,39.2
2517.035820,RECOVERY,retroceso corto de emergencia,-20,-9.90,91.80,PISTA,OK,1,136.0,140.5,741.4,411.7,562.8,1,1.000,596.0,1,0.973,398.0,1,1.000,0.216,3,1,,,,,,0,143.4,,75.0
2517.135387,RECOVERY,retroceso corto de emergencia,-20,-9.85,92.03,PISTA,OK,1,139.8,1056.5,765.4,412.4,549.2,1,1.000,595.0,1,0.918,398.0,1,1.000,0.214,4,1,,,,,,0,143.4,,40.7
2517.235681,RECOVERY,retroceso corto de emergencia,-20,-9.65,92.59,PISTA,OK,1,142.5,1065.5,759.9,413.2,550.5,1,0.972,593.0,1,0.904,400.0,1,0.973,0.215,4,2,,,,,,0,143.4,,74.9
2517.335526,RECOVERY,retroceso corto de emergencia,-20,-9.53,93.17,PISTA,OK,1,148.5,1075.5,756.1,414.3,547.2,1,0.944,591.8,1,0.945,401.2,1,0.973,0.216,5,2,,,,,,0,143.4,,39.4
2517.437360,RECOVERY,retroceso corto de emergencia,-20,-9.43,93.75,PISTA,OK,1,153.0,1082.5,725.6,415.0,536.5,1,0.972,591.0,1,0.932,402.5,1,0.986,0.218,5,3,,,,,,0,143.4,,74.1
2517.537570,RECOVERY,retroceso corto de emergencia,-20,-9.33,94.02,PISTA,OK,1,160.0,1082.5,725.4,415.5,531.2,1,1.000,588.0,1,0.918,401.5,1,1.000,0.218,5,3,,,,,,0,143.4,,41.9
2517.639515,RECOVERY,retroceso corto de emergencia,-20,-9.21,94.59,PISTA,OK,1,165.5,1096.5,759.3,416.2,530.0,1,0.972,586.5,1,0.932,402.2,1,0.986,0.218,5,3,,,,,,0,143.4,,77.8
2517.739257,RECOVERY,retroceso corto de emergencia,-20,-9.10,95.14,PISTA,OK,1,170.0,1096.5,768.7,416.6,524.7,1,1.000,585.0,1,0.890,403.0,1,1.000,0.219,5,3,,,,,,0,143.4,,45.0
2517.839299,RECOVERY,retroceso corto de emergencia,-20,-8.96,95.43,PISTA,OK,1,175.0,1108.5,763.4,417.3,521.8,1,0.972,583.0,1,0.932,403.8,1,0.986,0.219,5,3,,,,,,0,143.4,,77.6
2517.939955,RECOVERY,retroceso corto de emergencia,-20,-8.91,96.02,PISTA,OK,1,181.5,1108.5,768.9,418.0,511.2,1,1.000,582.0,1,0.904,403.8,1,1.000,0.219,5,3,,,,,,0,143.4,,41.3
2518.038703,RECOVERY,retroceso corto de emergencia,-20,-8.81,96.67,PISTA,OK,1,187.0,1122.0,760.9,418.6,509.1,1,1.000,580.0,1,0.904,403.8,1,1.000,0.220,5,3,,,,,,0,143.4,,75.1
2518.138351,RECOVERY,retroceso corto de emergencia,-20,-8.72,97.34,PISTA,OK,1,193.0,1125.0,751.8,419.3,501.3,1,1.000,578.5,1,0.918,404.0,1,1.000,0.221,5,3,,,,,,0,143.4,,44.3
2518.240219,RECOVERY,retroceso corto de emergencia,-20,-8.61,97.94,PISTA,OK,1,200.5,1131.2,617.5,420.1,503.2,1,1.000,577.0,1,0.877,404.8,1,1.000,0.645,4,2,,,,,,0,143.4,,80.0
2518.339530,RECOVERY,retroceso corto de emergencia,-20,-8.70,98.26,PISTA,OK,1,206.0,1138.0,744.9,420.2,492.3,1,1.000,577.5,1,0.932,403.5,1,1.000,0.223,4,2,,,,,,0,143.4,,43.0
2518.439277,RECOVERY,retroceso corto de emergencia,-20,-8.80,98.90,PISTA,OK,1,212.5,1640.5,738.7,421.2,490.7,1,1.000,580.0,1,0.890,404.0,1,1.000,0.221,4,2,,,,,,0,143.4,,75.6
2518.540252,RECOVERY,retroceso corto de emergencia,-20,-8.74,99.60,PISTA,OK,1,220.0,1648.0,723.5,421.6,499.5,1,0.972,578.5,1,0.904,403.8,1,0.986,0.222,4,2,,,,,,0,143.4,,46.0
2518.638352,RECOVERY,retroceso corto de emergencia,-20,-12.74,99.91,PISTA,OK,1,223.8,243.5,760.5,422.2,474.3,1,1.000,728.5,1,0.945,404.2,1,1.000,0.224,4,2,,,,,,0,143.4,,76.0
2518.738892,RECOVERY,retroceso corto de emergencia,-20,-15.80,100.51,PISTA,OK,1,231.8,1364.0,746.0,422.5,473.1,1,1.000,720.0,1,0.890,404.0,1,1.000,0.224,4,2,,,,,,0,143.4,,43.7
2518.836675,RECOVERY,retroceso corto de emergencia,-20,-15.39,101.62,NARANJA,OK,1,241.0,1306.5,722.3,424.4,468.6,1,1.000,712.5,1,0.877,404.8,1,1.000,0.204,5,2,,,,,,0,143.4,,73.3
2518.937103,RECOVERY,retroceso corto de emergencia,-20,-14.93,102.69,NARANJA,OK,1,246.5,1280.0,697.8,427.1,457.9,1,0.972,703.0,1,0.890,404.5,1,0.986,0.287,5,2,,,,,,0,143.4,,42.2
2519.035572,RECOVERY,retroceso corto de emergencia,-20,-14.73,103.18,NARANJA,OK,1,254.2,1248.5,713.5,428.7,455.0,1,1.000,698.5,1,0.890,404.0,1,1.000,0.279,5,2,,,,,,0,143.4,,75.3
2519.134471,RECOVERY,retroceso corto de emergencia,-20,-14.40,104.60,NARANJA,OK,1,259.0,1265.0,715.6,431.1,451.4,1,1.000,693.0,1,0.904,405.0,1,1.000,0.439,5,2,,,,,,0,143.4,,39.5
2519.233007,RECOVERY,retroceso corto de emergencia,-20,-14.09,105.13,PISTA,OK,1,265.5,1177.5,699.9,433.0,446.2,1,1.000,685.5,1,0.932,403.8,1,1.000,0.626,5,2,,,,,,0,143.4,,71.9
2519.333649,RECOVERY,retroceso corto de emergencia,-20,-13.83,106.20,PISTA,OK,1,274.5,1149.0,736.2,435.6,436.2,1,0.972,681.0,1,0.959,404.5,1,0.986,0.757,5,2,,,,,,0,143.4,,38.6
2519.433640,RECOVERY,retroceso corto de emergencia,-20,-13.53,107.16,PISTA,OK,1,281.0,1122.5,915.7,437.6,429.6,1,1.000,674.5,1,0.973,404.0,1,1.000,0.201,5,2,,,,,,0,143.4,,72.9
2519.534570,RECOVERY,retroceso corto de emergencia,-20,-13.29,107.61,PISTA,OK,1,288.0,1118.5,914.0,439.7,431.3,1,1.000,669.5,1,1.000,403.8,1,1.000,0.203,5,2,,,,,,0,143.4,,41.0
2519.634716,RECOVERY,retroceso corto de emergencia,-20,-13.08,108.50,PISTA,OK,1,294.0,1069.0,1814.1,441.9,421.0,1,1.000,663.5,1,0.973,402.0,1,1.000,0.197,5,3,,,,,,0,143.4,,74.9
2519.734177,RECOVERY,retroceso corto de emergencia,-20,-12.66,109.45,PISTA,OK,1,301.0,1088.5,967.3,443.8,415.3,1,1.000,656.5,1,0.986,403.2,1,1.000,0.205,5,3,,,,,,0,143.4,,38.6
2519.832586,RECOVERY,retroceso corto de emergencia,-20,-12.46,110.52,PISTA,OK,1,1041.5,1041.5,1628.4,447.0,407.5,1,1.000,651.5,1,0.973,402.2,1,1.000,0.202,5,2,,,,,,0,143.4,,71.5
2519.933430,RECOVERY,retroceso corto de emergencia,-20,-12.18,111.07,PISTA,OK,1,1033.5,1033.5,1520.2,449.7,403.0,1,1.000,645.5,1,0.973,402.0,1,1.000,0.197,5,2,,,,,,0,143.4,,38.8
2520.033463,CRUISE,recuperacion despejada,0,-11.16,112.19,PISTA,OK,1,990.5,990.5,1498.4,451.9,397.7,1,1.000,640.5,1,0.986,400.5,1,1.000,0.201,5,2,,,,,,0,143.4,,74.0
2520.133316,AVOID_APPROACH,pure-pursuit al punto de paso del pilar 43,5,-15.16,113.07,PISTA,OK,1,979.0,979.0,1417.4,454.6,395.0,1,1.000,634.0,1,1.000,400.0,1,1.000,0.199,5,2,43,ROJO,104.3,302.1,0.000,1,143.4,,39.7
2520.234670,AVOID_APPROACH,pure-pursuit al punto de paso del pilar 43,10,-19.16,112.94,PISTA,OK,1,999.2,999.2,855.9,454.9,392.0,1,1.000,634.0,1,0.986,400.0,1,1.000,0.210,6,2,43,ROJO,105.0,303.9,0.000,1,143.4,,74.5
2520.334341,AVOID_APPROACH,pure-pursuit al punto de paso del pilar 43,15,-20.00,112.87,PISTA,OK,1,977.0,977.0,1425.8,455.6,395.7,1,1.000,635.2,1,0.986,400.5,1,1.000,0.197,6,2,43,ROJO,106.2,304.2,0.000,1,143.4,,39.6
2520.436216,AVOID_APPROACH,pure-pursuit al punto de paso del pilar 43,20,-20.00,112.50,PISTA,OK,1,978.8,978.8,1455.1,455.8,395.9,1,1.000,637.0,1,0.986,400.2,1,1.000,0.202,6,2,43,ROJO,106.4,301.9,0.000,1,143.4,,76.5
2520.534537,AVOID_APPROACH,pure-pursuit al punto de paso del pilar 43,25,-20.00,111.57,PISTA,OK,1,1048.5,1048.5,816.4,454.0,399.7,1,1.000,642.8,1,0.986,401.0,1,1.000,0.204,6,2,43,ROJO,100.9,299.7,0.000,1,143.4,,41.2
2520.636309,AVOID_APPROACH,pure-pursuit al punto de paso del pilar 43,25,-20.00,110.02,PISTA,OK,1,1042.0,1042.0,1648.9,450.2,406.3,1,0.972,649.2,1,1.000,402.0,1,0.986,0.199,6,2,43,ROJO,93.2,296.2,0.000,1,143.4,,74.9
2520.736336,AVOID_APPROACH,pure-pursuit al punto de paso del pilar 43,25,-20.00,108.18,PISTA,OK,1,1103.0,1103.0,869.0,445.3,412.0,1,1.000,657.8,1,0.945,401.8,1,1.000,0.206,6,2,43,ROJO,84.0,290.7,0.000,1,143.4,,42.4
2520.836399,AVOID_APPROACH,pure-pursuit al punto de paso del pilar 43,20,-20.00,107.26,PISTA,OK,1,299.2,1176.0,774.4,439.7,424.3,1,1.000,667.0,1,0.959,400.8,1,1.000,0.470,6,2,43,ROJO,71.6,284.9,0.000,1,143.4,,76.9
2520.937541,AVOID_PASS,manteniendo rumbo mientras pasa el pilar 43,20,-16.00,105.65,PISTA,OK,1,287.5,1236.5,730.1,435.0,433.7,1,1.000,675.5,1,0.932,401.2,1,1.000,0.596,6,2,43,ROJO,60.4,279.7,0.000,1,0.0,,44.1
2521.037559,AVOID_PASS,manteniendo rumbo mientras pasa el pilar 43,20,-12.00,104.31,PISTA,OK,1,277.0,1258.5,704.3,431.7,438.7,1,1.000,682.0,1,0.918,401.5,1,1.000,0.459,6,2,43,ROJO,51.4,273.5,0.000,1,8.0,,75.8
2521.137239,AVOID_PASS,manteniendo rumbo mientras pasa el pilar 43,20,-8.00,102.86,PISTA,OK,1,269.5,1358.0,716.1,427.2,448.9,1,1.000,688.5,1,0.904,401.5,1,1.000,0.343,6,2,43,ROJO,42.8,269.1,0.000,1,16.0,,42.4
2521.238954,AVOID_PASS,manteniendo rumbo mientras pasa el pilar 43,20,-4.00,102.05,NARANJA,OK,1,261.5,267.0,574.9,422.5,456.7,1,0.972,698.0,1,0.932,399.5,1,0.986,0.728,6,2,43,ROJO,32.3,264.0,0.000,1,24.1,,77.1
2521.338278,AVOID_PASS,manteniendo rumbo mientras pasa el pilar 43,20,0.00,100.69,NARANJA,OK,1,255.0,1669.0,637.6,418.1,471.0,1,1.000,704.5,1,0.918,398.0,1,1.000,0.612,8,2,43,ROJO,23.0,258.1,0.000,1,32.1,,43.7
2521.437849,AVOID_PASS,manteniendo rumbo mientras pasa el pilar 43,20,4.00,99.05,NARANJA,OK,1,246.5,1663.5,604.5,414.1,480.8,1,1.000,585.0,1,0.932,397.0,1,1.000,0.877,7,3,43,ROJO,17.3,250.1,0.000,1,40.0,,75.5
2521.537194,AVOID_PASS,manteniendo rumbo mientras pasa el pilar 43,20,7.46,98.19,PISTA,OK,1,239.0,1653.5,613.7,411.9,489.4,1,1.000,584.5,1,0.890,396.0,1,1.000,0.765,7,3,43,ROJO,13.8,243.1,0.000,1,48.0,,43.1
2521.638913,AVOID_PASS,manteniendo rumbo mientras pasa el pilar 43,20,8.13,97.52,PISTA,OK,1,229.5,1654.5,622.4,411.0,495.8,1,1.000,583.5,1,0.904,395.0,1,1.000,0.697,7,3,43,ROJO,14.0,238.3,0.000,1,56.1,,79.3
2521.736704,AVOID_PASS,manteniendo rumbo mientras pasa el pilar 43,20,8.21,97.44,PISTA,OK,1,223.5,1650.5,632.2,410.7,498.0,1,1.000,582.5,1,0.918,396.2,1,1.000,0.584,7,3,43,ROJO,12.6,230.0,0.000,1,63.9,,40.9
2521.836151,AVOID_PASS,manteniendo rumbo mientras pasa el pilar 43,20,8.06,97.59,PISTA,OK,1,214.0,1647.2,625.5,412.5,497.6,1,1.000,580.5,1,0.904,396.5,1,1.000,0.619,7,3,43,ROJO,12.0,221.8,0.000,1,71.9,,75.2
2521.935611,AVOID_PASS,manteniendo rumbo mientras pasa el pilar 43,20,7.90,97.75,PISTA,OK,1,208.0,1145.5,641.2,415.0,505.8,1,0.972,579.0,1,0.904,398.8,1,0.986,0.482,7,3,43,ROJO,12.2,212.6,0.000,1,79.8,,42.5
2522.036729,AVOID_PASS,manteniendo rumbo mientras pasa el pilar 43,20,7.74,97.91,PISTA,OK,1,200.0,1134.0,626.6,417.0,501.7,1,1.000,579.0,1,0.890,401.0,1,0.986,0.571,7,3,43,ROJO,13.6,205.6,0.000,1,87.9,,76.9
2522.136430,AVOID_PASS,manteniendo rumbo mientras pasa el pilar 43,20,7.63,98.02,PISTA,OK,1,191.5,1126.0,620.8,419.6,505.4,1,1.000,579.5,1,0.877,403.5,1,0.986,0.591,7,3,43,ROJO,12.3,195.8,0.000,1,95.9,,43.4
2522.234741,AVOID_PASS,manteniendo rumbo mientras pasa el pilar 43,20,7.41,98.24,PISTA,OK,1,186.0,1118.5,617.1,422.2,509.9,1,1.000,579.0,1,0.890,405.8,1,1.000,0.596,7,3,43,ROJO,14.7,189.9,0.000,1,103.8,,73.0
2522.335338,AVOID_PASS,manteniendo rumbo mientras pasa el pilar 43,20,7.21,98.44,PISTA,OK,1,180.5,1598.0,615.2,424.6,501.7,1,0.972,577.0,1,0.849,407.5,1,0.986,0.607,7,3,43,ROJO,14.1,183.7,0.000,1,111.8,,41.7
2522.435713,AVOID_PASS,manteniendo rumbo mientras pasa el pilar 43,20,7.04,98.61,PISTA,OK,1,173.0,1591.0,696.6,426.9,501.7,1,1.000,577.5,1,0.877,409.5,1,1.000,0.224,7,3,43,ROJO,15.8,177.8,0.000,1,119.9,,76.3
2522.535099,AVOID_PASS,manteniendo rumbo mientras pasa el pilar 43,20,6.93,98.72,PISTA,OK,1,166.0,1583.0,667.3,429.0,508.7,1,1.000,578.5,1,0.877,410.8,1,1.000,0.226,7,3,43,ROJO,17.8,170.5,0.000,1,127.8,,41.3
2522.634556,AVOID_PASS,manteniendo rumbo mientras pasa el pilar 43,20,6.70,99.06,PISTA,OK,1,160.5,1574.0,660.5,431.7,507.1,1,1.000,577.5,1,0.877,414.2,1,1.000,0.237,7,3,43,ROJO,17.7,164.4,0.000,1,135.8,,75.3
2522.734074,AVOID_PASS,manteniendo rumbo mientras pasa el pilar 43,20,6.50,99.15,PISTA,OK,1,154.0,1568.0,653.5,434.0,513.0,1,1.000,577.8,1,0.877,415.8,1,1.000,0.250,7,3,43,ROJO,17.8,157.9,0.000,1,143.7,,39.3
2522.834093,AVOID_PASS,manteniendo rumbo mientras pasa el pilar 43,20,6.27,99.38,PISTA,OK,1,148.5,1563.0,658.5,436.8,508.9,1,1.000,577.0,1,0.904,419.0,1,1.000,0.225,7,3,43,ROJO,20.0,151.3,0.000,1,151.7,,72.5
2522.934930,AVOID_PASS,manteniendo rumbo mientras pasa el pilar 43,20,6.05,99.60,PISTA,OK,1,142.0,1552.5,660.5,439.9,503.8,1,1.000,576.5,1,0.863,422.0,1,1.000,0.226,6,3,43,ROJO,20.6,143.1,0.101,1,159.8,,41.5
2523.035049,RECOVERY,retroceso corto de emergencia,0,2.05,99.79,PISTA,OK,1,134.0,1547.0,655.1,442.4,507.3,1,0.972,577.5,1,0.849,423.5,1,0.986,0.226,6,3,,,,,,0,159.8,,76.0
2523.132655,RECOVERY,retroceso corto de emergencia,-5,-1.95,99.90,PISTA,OK,1,130.0,1544.0,666.3,444.9,510.3,1,1.000,576.0,1,0.877,424.8,1,1.000,0.223,4,2,,,,,,0,159.8,,38.2
2523.234064,RECOVERY,retroceso corto de emergencia,-10,-5.95,99.95,PISTA,OK,1,127.0,1542.0,669.1,446.2,505.0,1,1.000,576.5,1,0.890,426.2,1,1.000,0.223,4,2,,,,,,0,159.8,,75.5
2523.333545,RECOVERY,retroceso corto de emergencia,-15,-7.48,100.15,PISTA,OK,1,129.0,135.0,675.8,447.9,504.6,1,0.972,575.8,1,0.918,426.2,1,0.986,0.222,4,2,,,,,,0,159.8,,41.1
2523.434078,RECOVERY,retroceso corto de emergencia,-20,-7.44,100.43,PISTA,OK,1,128.2,142.8,683.3,448.6,500.9,1,1.000,575.0,1,0.932,426.2,1,1.000,0.221,4,2,,,,,,0,159.8,,75.2
2523.534406,RECOVERY,retroceso corto de emergencia,-20,-7.26,100.55,PISTA,OK,1,132.0,146.5,672.4,449.3,496.2,1,1.000,572.0,1,0.945,426.8,1,1.000,0.222,4,2,,,,,,0,159.8,,42.5
2523.632515,RECOVERY,retroceso corto de emergencia,-20,-7.39,100.83,PISTA,OK,1,136.0,152.0,661.3,448.6,501.9,1,1.000,574.0,1,0.959,426.2,1,1.000,0.223,4,2,,,,,,0,159.8,,72.4
2523.733525,RECOVERY,retroceso corto de emergencia,-20,-7.35,101.15,PISTA,OK,1,142.5,160.0,703.0,447.8,486.6,1,1.000,572.0,1,0.973,425.0,1,1.000,0.222,4,2,,,,,,0,159.8,,41.2
2523.833545,RECOVERY,retroceso corto de emergencia,-20,-7.30,101.42,PISTA,OK,1,148.0,1289.5,706.0,447.1,487.0,1,1.000,570.0,1,0.959,424.0,1,1.000,0.222,4,2,,,,,,0,159.8,,73.8
2523.933537,RECOVERY,retroceso corto de emergencia,-20,-7.36,101.73,PISTA,OK,1,156.0,1280.5,658.0,446.2,482.5,1,1.000,571.5,1,0.945,424.2,1,1.000,0.304,4,2,,,,,,0,159.8,,41.1
2524.034490,RECOVERY,retroceso corto de emergencia,-20,-7.23,101.90,PISTA,OK,1,162.0,1276.8,678.4,445.6,479.2,1,0.972,567.5,1,0.932,423.0,1,0.973,0.223,3,1,,,,,,0,159.8,,73.6
2524.132277,RECOVERY,retroceso corto de emergencia,-20,-7.55,102.20,PISTA,OK,1,166.8,1253.0,676.1,445.0,475.5,1,1.000,571.5,1,0.932,420.5,1,1.000,0.239,3,1,,,,,,0,159.8,,39.9
2524.232268,RECOVERY,retroceso corto de emergencia,-20,-7.60,102.52,PISTA,OK,1,174.5,1271.5,711.1,444.1,476.7,1,1.000,572.0,1,0.890,420.0,1,1.000,0.224,3,1,,,,,,0,159.8,,72.9
2524.332933,RECOVERY,retroceso corto de emergencia,-20,-7.80,102.86,PISTA,OK,1,179.0,1295.0,703.5,443.5,473.3,1,1.000,575.0,1,0.918,419.0,1,1.000,0.223,3,1,,,,,,0,159.8,,41.2
2524.432920,RECOVERY,retroceso corto de emergencia,-20,-7.85,103.05,PISTA,OK,1,186.0,1239.0,700.3,442.9,470.4,1,1.000,572.2,1,0.890,415.2,1,1.000,0.222,3,1,,,,,,0,159.8,,74.7
2524.531737,RECOVERY,retroceso corto de emergencia,-20,-11.85,103.43,PISTA,OK,1,190.5,1234.5,705.6,442.5,465.3,1,1.000,759.0,1,0.932,415.0,1,1.000,0.222,3,1,,,,,,0,159.8,,106.8
2524.632047,RECOVERY,retroceso corto de emergencia,-20,-15.85,103.95,PISTA,OK,1,200.0,1200.0,692.0,441.6,460.4,1,1.000,751.5,1,0.904,413.5,1,1.000,0.267,2,1,,,,,,0,159.8,,72.9
2524.731457,RECOVERY,retroceso corto de emergencia,-20,-16.62,105.15,PISTA,OK,1,208.5,1165.5,680.1,442.3,453.8,1,1.000,745.5,1,0.904,413.0,1,1.000,0.329,3,1,,,,,,0,159.8,,39.3
2524.831361,RECOVERY,retroceso corto de emergencia,-20,-16.25,105.77,PISTA,OK,1,214.5,1128.5,678.8,445.9,445.2,1,1.000,738.5,1,0.959,413.5,1,1.000,0.427,3,1,,,,,,0,159.8,,73.0
2524.930450,RECOVERY,retroceso corto de emergencia,-20,-15.93,106.99,PISTA,OK,1,223.0,1091.5,2019.3,449.1,441.1,1,1.000,732.5,1,0.959,414.0,1,1.000,0.189,3,1,,,,,,0,159.8,,38.7
2525.030482,RECOVERY,retroceso corto de emergencia,-20,-15.66,108.21,PISTA,OK,1,230.5,1052.5,765.7,452.1,435.8,1,1.000,726.5,1,0.959,413.2,1,1.000,0.670,4,1,,,,,,0,159.8,,68.6
2525.130050,RECOVERY,retroceso corto de emergencia,-20,-15.34,109.30,PISTA,OK,1,237.5,1040.0,1917.1,455.0,428.0,1,1.000,719.5,1,0.986,412.8,1,1.000,0.194,4,1,,,,,,0,159.8,,38.4
2525.231585,RECOVERY,retroceso corto de emergencia,-20,-14.99,110.39,NARANJA,OK,1,251.0,1022.5,1789.6,458.1,421.0,1,1.000,712.5,1,0.973,412.8,1,1.000,0.197,4,1,,,,,,0,159.8,,73.2
2525.331113,RECOVERY,retroceso corto de emergencia,-20,-14.70,111.44,NARANJA,OK,1,986.5,986.5,1729.4,460.7,415.3,1,0.972,706.0,1,1.000,412.0,1,0.986,0.197,4,1,,,,,,0,159.8,,37.7
2525.429341,RECOVERY,retroceso corto de emergencia,-20,-14.44,111.94,NARANJA,OK,1,972.0,972.0,1600.3,463.8,407.5,1,1.000,700.0,1,1.000,411.2,1,1.000,0.202,4,1,,,,,,0,159.8,,70.4
2525.530287,CRUISE,recuperacion despejada,0,-11.50,112.86,NARANJA,OK,1,946.5,946.5,1588.0,466.7,402.2,1,1.000,695.5,1,1.000,412.2,1,1.000,0.195,4,1,,,,,,0,159.8,,38.7
2525.631013,AVOID_PASS,manteniendo rumbo mientras pasa el pilar 48,5,-7.50,113.41,NARANJA,OK,1,945.0,945.0,807.9,469.1,401.4,1,1.000,689.5,1,0.986,410.5,1,1.000,0.204,4,1,48,ROJO,95.4,246.0,0.000,1,0.0,,73.7
2525.732264,AVOID_PASS,manteniendo rumbo mientras pasa el pilar 48,10,-3.50,113.41,NARANJA,OK,1,958.0,958.0,1599.8,468.9,401.4,1,1.000,689.5,1,1.000,410.5,1,1.000,0.202,4,1,48,ROJO,95.1,248.2,0.000,1,2.0,,37.4
2525.832834,AVOID_PASS,manteniendo rumbo mientras pasa el pilar 48,15,0.23,113.13,NARANJA,OK,1,967.0,967.0,1600.5,465.2,401.8,1,1.000,691.0,1,0.986,410.0,1,1.000,0.200,4,2,48,ROJO,92.2,249.5,0.000,1,6.0,,74.8
2525.932828,AVOID_PASS,manteniendo rumbo mientras pasa el pilar 48,20,1.15,112.21,NARANJA,OK,1,1008.0,1008.0,1671.3,462.0,405.1,1,1.000,693.0,1,0.973,409.8,1,1.000,0.202,4,2,48,ROJO,88.0,249.4,0.000,1,12.0,,41.3
2526.034127,AVOID_PASS,manteniendo rumbo mientras pasa el pilar 48,25,1.77,111.59,NARANJA,OK,1,1001.0,1001.0,1754.7,458.9,411.2,1,1.000,696.8,1,0.986,409.0,1,1.000,0.197,4,2,48,ROJO,82.2,247.5,0.000,1,20.2,,73.5
2526.134161,AVOID_PASS,manteniendo rumbo mientras pasa el pilar 48,25,2.31,111.05,NARANJA,OK,1,1008.5,1008.5,1791.8,459.0,412.9,1,1.000,703.5,1,0.973,410.5,1,1.000,0.199,4,2,48,ROJO,80.3,242.5,0.000,1,30.2,,42.9
2526.235395,AVOID_PASS,manteniendo rumbo mientras pasa el pilar 48,25,2.55,110.81,NARANJA,OK,1,1017.5,1017.5,1937.7,461.0,419.0,1,1.000,714.0,1,0.959,413.8,1,1.000,0.197,4,2,48,ROJO,75.6,236.1,0.000,1,40.3,,76.9
2526.335145,AVOID_PASS,manteniendo rumbo mientras pasa el pilar 48,25,3.07,110.29,PISTA,OK,1,1021.5,1021.5,1836.8,463.1,429.6,1,1.000,722.0,1,0.945,414.8,1,1.000,0.201,4,2,48,ROJO,73.3,227.0,0.000,1,50.3,,44.0
2526.433234,AVOID_PASS,manteniendo rumbo mientras pasa el pilar 48,25,3.53,109.83,PISTA,OK,1,1025.5,1025.5,744.9,465.1,428.4,1,1.000,731.2,1,0.932,420.0,1,1.000,0.288,4,2,48,ROJO,71.2,218.0,0.000,1,60.1,,75.6
2526.534198,AVOID_PASS,manteniendo rumbo mientras pasa el pilar 48,25,3.91,109.45,PISTA,OK,1,1057.5,1057.5,2123.8,466.4,435.4,1,1.000,740.5,1,0.918,422.5,1,1.000,0.199,4,2,48,ROJO,69.0,207.4,0.000,1,70.2,,43.7
2526.634504,AVOID_PASS,manteniendo rumbo mientras pasa el pilar 48,25,4.24,109.12,PISTA,OK,1,1025.0,1025.0,2033.6,470.0,442.3,1,1.000,748.5,1,0.932,426.0,1,1.000,0.199,5,2,48,ROJO,68.6,197.9,0.000,1,80.2,,75.7
2526.735145,AVOID_PASS,manteniendo rumbo mientras pasa el pilar 48,25,4.56,108.80,PISTA,OK,1,1028.0,1028.0,638.9,472.6,450.1,1,1.000,758.5,1,0.932,430.0,1,1.000,0.545,5,2,48,ROJO,66.0,187.0,0.000,1,90.3,,44.1
2526.835041,AVOID_PASS,manteniendo rumbo mientras pasa el pilar 48,25,4.67,108.69,PISTA,OK,1,1039.0,1039.0,2308.2,475.2,455.4,1,1.000,767.0,1,0.918,433.0,1,1.000,0.196,5,2,48,ROJO,65.6,177.1,0.100,1,100.2,,76.8
2526.932933,AVOID_PASS,manteniendo rumbo mientras pasa el pilar 48,25,4.84,108.52,PISTA,OK,1,1030.5,1030.5,691.9,478.7,459.1,1,0.972,775.0,1,0.932,438.0,1,0.973,0.767,5,2,48,ROJO,65.1,167.6,0.198,1,110.0,,40.6
2527.034200,AVOID_PASS,manteniendo rumbo mientras pasa el pilar 48,25,5.07,108.29,PISTA,OK,1,1071.5,1071.5,2232.7,481.6,462.8,1,1.000,784.0,1,0.932,441.0,1,1.000,0.192,5,2,48,ROJO,64.4,157.7,0.299,1,120.2,,77.0
2527.133800,AVOID_PASS,manteniendo rumbo mientras pasa el pilar 48,25,5.19,108.17,PISTA,OK,1,1057.5,1057.5,619.3,484.6,466.1,1,1.000,794.0,1,0.918,443.5,1,1.000,0.207,5,2,48,ROJO,64.1,147.9,0.399,1,130.1,,41.0
2527.233817,AVOID_PASS,manteniendo rumbo mientras pasa el pilar 48,25,5.23,108.13,PISTA,OK,1,1048.0,1048.0,2302.9,488.7,472.2,1,1.000,554.5,1,0.918,448.0,1,1.000,0.197,5,2,48,ROJO,64.1,147.9,0.399,0,140.1,,74.9
2527.333397,AVOID_PASS,manteniendo rumbo mientras pasa el pilar 48,25,5.34,108.02,PISTA,OK,1,1025.0,1025.0,2202.3,492.5,474.3,1,1.000,549.5,1,0.932,450.5,1,1.000,0.192,5,2,48,ROJO,64.1,147.9,0.399,0,150.1,,42.3
2527.433200,AVOID_PASS,manteniendo rumbo mientras pasa el pilar 48,25,5.43,107.93,PISTA,OK,1,1013.0,1013.0,2913.0,496.2,483.7,1,1.000,548.0,1,0.932,455.0,1,1.000,0.196,5,2,48,ROJO,64.1,147.9,0.399,0,160.1,,74.2
2527.532446,AVOID_PASS,manteniendo rumbo mientras pasa el pilar 48,25,5.50,107.86,PISTA,OK,1,1005.5,1005.5,2537.8,499.3,484.5,1,0.972,543.8,1,0.904,457.5,1,0.986,0.196,5,2,48,ROJO,64.1,147.9,0.399,0,170.0,,41.8
2527.633658,AVOID_PASS,manteniendo rumbo mientras pasa el pilar 48,25,5.55,107.81,PISTA,OK,1,1008.0,1008.0,2551.7,503.4,487.0,1,1.000,545.0,1,0.945,462.0,1,1.000,0.191,3,1,48,ROJO,64.1,147.9,0.399,0,180.1,,75.8
2527.733276,AVOID_PASS,manteniendo rumbo mientras pasa el pilar 48,25,5.60,107.76,PISTA,OK,1,984.0,984.0,2682.4,507.7,485.8,1,1.000,543.5,1,0.932,465.5,1,1.000,0.191,3,1,48,ROJO,64.1,147.9,0.399,0,190.1,,42.4
2527.831671,AVOID_PASS,manteniendo rumbo mientras pasa el pilar 48,25,5.66,107.70,PISTA,OK,1,984.0,984.0,2558.2,511.4,497.2,1,1.000,544.8,1,0.945,468.8,1,1.000,0.187,3,1,48,ROJO,64.1,147.9,0.399,0,199.9,,74.1
2527.932246,AVOID_PASS,manteniendo rumbo mientras pasa el pilar 48,25,5.73,107.63,PISTA,OK,1,970.0,970.0,503.9,515.2,499.3,1,1.000,545.5,1,0.945,472.2,1,1.000,0.797,3,1,48,ROJO,64.1,147.9,0.399,0,210.0,,41.4
2528.033943,AVOID_PASS,manteniendo rumbo mientras pasa el pilar 48,25,5.74,107.62,PISTA,OK,1,964.0,964.0,500.7,519.0,497.4,1,1.000,545.5,1,0.918,475.2,1,1.000,0.803,3,0,48,ROJO,64.1,147.9,0.399,0,220.1,,77.1
2528.131811,AVOID_PASS,manteniendo rumbo mientras pasa el pilar 48,25,5.71,107.65,PISTA,OK,1,953.8,953.8,493.9,523.7,505.4,1,1.000,544.5,1,0.945,479.5,1,1.000,0.774,3,0,48,ROJO,64.1,147.9,0.399,0,229.9,,41.1
2528.231873,AVOID_PASS,manteniendo rumbo mientras pasa el pilar 48,25,5.74,107.62,PISTA,OK,1,952.8,952.8,488.2,522.7,510.9,1,1.000,545.0,1,0.973,483.5,1,1.000,0.792,3,0,48,ROJO,64.1,147.9,0.399,0,239.9,,73.8
2528.330771,AVOID_PASS,manteniendo rumbo mientras pasa el pilar 48,25,5.74,107.62,PISTA,OK,1,946.0,946.0,488.0,524.9,510.3,1,1.000,547.0,1,0.973,487.0,1,1.000,0.856,3,0,48,ROJO,64.1,147.9,0.399,0,249.8,,39.9
2528.430686,AVOID_PASS,manteniendo rumbo mientras pasa el pilar 48,25,5.68,107.68,PISTA,OK,1,930.5,930.5,544.7,523.6,515.9,1,1.000,546.8,1,0.959,493.0,1,1.000,0.344,3,0,48,ROJO,64.1,147.9,0.399,0,259.8,,73.5
2528.531546,AVOID_PASS,manteniendo rumbo mientras pasa el pilar 48,25,5.66,107.70,PISTA,OK,1,950.0,950.0,548.6,531.4,517.7,1,1.000,547.0,1,0.973,496.0,1,1.000,0.309,3,0,48,ROJO,64.1,147.9,0.399,0,269.9,,41.4
2528.631439,AVOID_PASS,manteniendo rumbo mientras pasa el pilar 48,25,5.56,107.80,PISTA,OK,1,930.5,930.5,549.1,524.0,524.7,1,1.000,547.0,1,0.945,498.0,1,1.000,0.200,4,0,48,ROJO,64.1,147.9,0.399,0,279.9,,74.6
2528.730584,AVOID_PASS,manteniendo rumbo mientras pasa el pilar 48,25,5.47,107.89,PISTA,OK,1,921.8,921.8,548.7,530.4,530.0,1,1.000,547.2,1,0.932,86.0,1,1.000,0.202,4,0,48,ROJO,64.1,147.9,0.399,0,289.8,,40.0
2528.830774,AVOID_PASS,manteniendo rumbo mientras pasa el pilar 48,25,5.47,107.89,PISTA,OK,1,911.5,911.5,545.6,532.0,533.1,1,1.000,550.0,1,0.904,70.5,1,0.986,0.213,5,0,48,ROJO,64.1,147.9,0.399,0,299.8,,73.9
2528.930147,AVOID_PASS,manteniendo rumbo mientras pasa el pilar 48,25,5.49,107.87,PISTA,OK,1,901.5,901.5,535.3,533.1,535.3,1,1.000,550.5,1,0.904,64.5,1,0.973,0.212,5,0,48,ROJO,64.1,147.9,0.399,0,309.8,,39.1
2529.030286,AVOID_PASS,manteniendo rumbo mientras pasa el pilar 48,25,5.43,107.93,PISTA,OK,1,894.5,894.5,534.8,8000.0,537.2,1,1.000,549.8,1,0.973,61.0,1,0.918,0.728,6,0,48,ROJO,64.1,147.9,0.399,0,319.8,,72.9
2529.130994,RECENTER,reincorporacion tras 330 mm de sobrepaso estimado,25,4.12,107.96,PISTA,OK,1,883.5,883.5,533.7,570.6,539.4,1,1.000,554.0,1,0.945,58.5,1,0.918,0.303,6,0,48,ROJO,64.1,147.9,0.399,0,329.8,,40.3
2529.231876,CRUISE,reincorporacion verificada,25,0.12,107.94,PISTA,OK,1,880.0,880.0,519.3,575.0,543.1,1,0.972,553.5,1,0.904,54.5,1,0.836,0.358,6,0,,,,,,0,329.8,,74.2
2529.329955,CRUISE,crucero centrado por paredes,25,-3.88,108.03,PISTA,OK,1,861.0,861.0,518.3,579.0,549.7,1,1.000,555.0,1,0.945,49.5,1,0.877,0.327,5,0,,,,,,0,329.8,,40.3
2529.429902,CRUISE,crucero centrado por paredes,25,-7.88,107.98,PISTA,OK,1,857.0,857.0,489.5,588.9,548.8,1,1.000,557.2,1,0.863,49.0,1,0.918,0.516,5,0,,,,,,0,329.8,,70.1
2529.527728,CRUISE,crucero centrado por paredes,24,-11.88,107.98,PISTA,OK,1,821.5,821.5,482.0,592.1,552.1,1,1.000,559.8,1,0.904,54.5,1,0.808,0.583,5,0,,,,,,0,329.8,,37.7
2529.629318,CRUISE,crucero centrado por paredes,24,-15.88,108.11,PISTA,OK,1,824.0,824.0,472.2,596.1,556.6,1,1.000,560.0,1,0.918,58.5,1,0.808,0.638,5,0,,,,,,0,329.8,,72.9
2529.728741,CRUISE,crucero centrado por paredes,24,-19.88,107.98,PISTA,OK,1,833.5,833.5,474.7,592.5,557.8,1,0.972,564.0,1,0.932,61.8,1,0.795,0.626,5,0,,,,,,0,329.8,,36.4
2529.829031,CRUISE,crucero centrado por paredes,24,-20.00,107.19,PISTA,OK,1,837.0,837.0,477.2,591.9,563.6,1,1.000,568.0,1,0.945,65.8,1,0.849,0.571,5,0,,,,,,0,329.8,,72.4
2529.929704,CRUISE,crucero centrado por paredes,25,-20.00,105.76,PISTA,OK,1,885.0,885.0,486.1,591.0,573.0,1,0.972,574.0,1,0.932,67.8,1,0.849,0.398,4,0,,,,,,0,329.8,,39.2
2530.030963,CRUISE,crucero centrado por paredes,25,-16.00,105.07,PISTA,OK,1,902.0,902.0,504.7,584.0,601.5,1,0.972,580.5,1,0.945,71.5,1,0.877,0.227,5,0,,,,,,0,329.8,,72.6
2530.127533,CRUISE,crucero centrado por paredes,25,-12.00,103.36,PISTA,OK,1,963.5,963.5,505.3,577.7,97.1,1,0.972,587.5,1,0.918,75.0,1,0.877,0.225,5,0,,,,,,0,329.8,,37.5
2530.228990,CRUISE,crucero centrado por paredes,25,-8.00,101.46,PISTA,OK,1,1296.0,1296.0,494.7,570.4,99.1,1,0.972,594.5,1,0.918,77.2,1,0.932,0.225,5,0,,,,,,0,329.8,,72.8
2530.328699,CRUISE,crucero centrado por paredes,25,-4.78,99.43,PISTA,OK,1,1288.0,1288.0,488.1,564.1,96.7,1,0.917,424.0,1,0.877,82.2,1,0.877,0.222,5,0,,,,,,0,329.8,,38.5
2530.428606,CRUISE,crucero centrado por paredes,25,-8.78,98.54,PISTA,OK,1,1279.5,1279.5,461.9,557.1,100.1,1,0.917,417.5,1,0.863,83.0,1,0.877,0.390,5,0,,,,,,0,329.8,,71.5
2530.528845,CRUISE,crucero centrado por paredes,25,-12.78,96.72,PISTA,OK,1,1283.0,1283.0,427.9,552.5,97.7,1,0.972,416.0,1,0.877,88.2,1,0.918,0.909,4,0,,,,,,0,329.8,,103.7
2530.627870,AVOID_APPROACH,pure-pursuit al punto de paso del pilar 54,25,-16.78,95.55,PISTA,OK,1,1864.0,1864.0,448.1,551.2,96.9,1,0.972,415.0,1,0.918,92.8,1,0.945,0.459,4,1,54,ROJO,243.3,782.7,0.000,1,329.8,,70.0
2530.727356,AVOID_APPROACH,pure-pursuit al punto de paso del pilar 54,25,-20.00,94.99,PISTA,OK,1,1855.5,1855.5,453.7,551.2,94.6,1,0.917,416.0,1,0.918,98.5,1,0.932,0.220,4,1,54,ROJO,227.7,778.0,0.000,1,329.8,,34.9
2530.830881,AVOID_APPROACH,pure-pursuit al punto de paso del pilar 54,25,-20.00,93.78,PISTA,OK,1,1846.0,1846.0,416.2,551.4,96.0,1,0.944,416.0,1,0.904,102.8,1,0.945,0.754,4,1,54,ROJO,222.6,769.5,0.000,1,329.8,,73.6
2530.926223,AVOID_APPROACH,pure-pursuit al punto de paso del pilar 54,25,-20.00,92.54,PISTA,OK,1,1839.0,1839.0,416.6,550.5,96.5,1,0.972,416.8,1,0.863,108.8,1,0.959,0.758,4,1,54,ROJO,203.3,766.6,0.000,1,329.8,,34.6
2531.026093,AVOID_APPROACH,pure-pursuit al punto de paso del pilar 54,25,-20.00,90.90,PISTA,OK,1,1829.5,1829.5,485.0,546.9,95.4,1,0.917,417.5,1,0.877,111.5,1,0.945,0.211,4,1,54,ROJO,189.9,762.6,0.000,1,329.8,,68.6
2531.127788,AVOID_APPROACH,pure-pursuit al punto de paso del pilar 54,24,-20.00,89.13,PISTA,OK,1,772.0,1817.0,480.8,544.3,96.3,1,0.972,421.8,1,0.836,117.5,1,0.973,0.212,4,1,54,ROJO,155.6,758.6,0.000,1,329.8,,36.3
2531.227215,AVOID_APPROACH,pure-pursuit al punto de paso del pilar 54,24,-20.00,88.26,PISTA,OK,1,762.5,1808.5,477.3,541.4,100.8,1,0.917,423.5,1,0.877,122.0,1,0.959,0.212,4,1,54,ROJO,131.2,753.9,0.000,1,329.8,,71.1
2531.326598,AVOID_APPROACH,pure-pursuit al punto de paso del pilar 54,24,-20.00,86.52,PISTA,OK,1,756.5,1798.0,425.4,538.5,105.5,1,0.944,426.0,1,0.836,127.0,1,0.959,0.752,4,1,54,ROJO,110.9,748.8,0.000,1,329.8,,36.8
2531.426094,AVOID_APPROACH,pure-pursuit al punto de paso del pilar 54,24,-20.00,84.73,PISTA,OK,1,746.5,1788.5,427.5,535.8,110.5,1,0.944,429.5,1,0.877,131.8,1,0.973,0.759,4,1,54,ROJO,92.9,744.2,0.000,1,329.8,,66.2
2531.525864,AVOID_APPROACH,pure-pursuit al punto de paso del pilar 54,24,-18.47,83.02,PISTA,OK,1,739.5,1782.5,432.0,533.3,117.1,1,0.944,432.5,1,0.863,138.2,1,0.973,0.760,4,1,54,ROJO,67.8,739.1,0.000,1,329.8,,36.0
2531.625833,AVOID_APPROACH,pure-pursuit al punto de paso del pilar 54,24,-17.16,82.21,PISTA,OK,1,731.0,1772.0,437.6,530.7,122.1,1,0.944,437.0,1,0.877,143.5,1,0.959,0.774,4,1,54,ROJO,47.5,733.5,0.000,1,329.8,,69.7
2531.725455,AVOID_APPROACH,pure-pursuit al punto de paso del pilar 54,23,-15.58,80.30,PISTA,OK,1,714.5,1764.5,443.2,527.9,124.9,1,0.944,441.0,1,0.918,147.0,1,0.973,0.776,5,2,54,ROJO,23.5,726.1,0.000,1,329.8,,36.2
2531.826716,AVOID_APPROACH,pure-pursuit al punto de paso del pilar 54,23,-14.09,78.53,PISTA,OK,1,704.5,719.0,449.6,524.8,130.4,1,1.000,445.5,1,0.945,153.5,1,1.000,0.789,4,3,54,ROJO,1.0,717.2,0.101,1,329.8,,69.1
2531.924658,AVOID_APPROACH,pure-pursuit al punto de paso del pilar 54,23,-12.76,76.96,PISTA,OK,1,698.5,1750.0,455.3,522.6,133.3,1,0.972,447.8,1,0.918,158.2,1,0.986,0.781,4,3,54,ROJO,-18.6,707.9,0.199,1,329.8,,34.1
2532.026684,AVOID_APPROACH,pure-pursuit al punto de paso del pilar 54,23,-12.19,76.19,PISTA,OK,1,692.5,1535.5,462.2,520.3,137.6,1,0.944,451.8,1,0.904,162.5,1,0.959,0.794,4,3,54,ROJO,-28.1,698.2,0.301,1,329.8,,70.6
2532.125280,AVOID_APPROACH,pure-pursuit al punto de paso del pilar 54,23,-10.75,74.53,PISTA,OK,1,683.5,1377.5,470.5,518.4,142.1,1,0.917,457.0,1,0.904,167.5,1,0.986,0.792,4,3,54,ROJO,-48.4,688.1,0.400,1,329.8,,35.7
2532.225275,AVOID_APPROACH,pure-pursuit al punto de paso del pilar 60,23,-6.75,72.87,PISTA,OK,1,679.5,1347.5,478.2,516.0,145.5,1,0.861,460.8,1,0.890,172.5,1,0.959,0.785,4,3,60,ROJO,-108.3,671.2,0.000,1,329.8,,68.6
2532.324781,AVOID_APPROACH,pure-pursuit al punto de paso del pilar 60,23,-4.34,71.19,PISTA,OK,1,673.0,1253.0,494.0,514.3,148.7,1,0.944,465.2,1,0.918,177.0,1,0.973,0.958,4,3,60,ROJO,-128.9,660.6,0.000,1,329.8,,35.0
2532.426626,AVOID_APPROACH,pure-pursuit al punto de paso del pilar 60,25,-2.36,69.58,PISTA,OK,1,1188.5,1188.5,503.5,512.9,153.1,1,0.861,469.0,1,0.890,181.0,1,0.973,0.933,4,3,60,ROJO,-152.3,647.5,0.000,1,329.8,,70.7
2532.526585,AVOID_APPROACH,pure-pursuit al punto de paso del pilar 60,25,-1.29,69.02,PISTA,OK,1,1065.5,1065.5,511.7,511.2,157.3,1,0.917,475.0,1,0.918,185.5,1,0.973,0.922,4,3,60,ROJO,-164.6,638.5,0.000,1,329.8,,36.0
2532.624828,AVOID_APPROACH,pure-pursuit al punto de paso del pilar 60,25,-0.03,67.80,PISTA,OK,1,1025.5,1025.5,519.9,509.0,162.1,1,0.889,480.0,1,0.918,191.5,1,0.986,0.923,4,3,60,ROJO,-178.7,626.0,0.000,1,329.8,,68.3
2532.725647,AVOID_APPROACH,pure-pursuit al punto de paso del pilar 60,25,0.61,66.85,PISTA,OK,1,990.0,990.0,527.5,506.4,168.7,1,0.861,483.5,1,0.918,200.5,1,0.959,0.919,4,3,60,ROJO,-185.6,616.6,0.000,1,329.8,,34.8
2532.825746,AVOID_APPROACH,pure-pursuit al punto de paso del pilar 60,25,1.41,66.06,PISTA,OK,1,961.5,961.5,534.7,504.7,177.8,1,0.861,489.5,1,0.918,210.5,1,0.945,0.917,3,3,60,ROJO,-193.8,604.9,0.000,1,329.8,,70.6
2532.925237,AVOID_APPROACH,pure-pursuit al punto de paso del pilar 60,25,2.42,65.73,PISTA,OK,1,913.5,913.5,542.2,501.6,183.9,1,0.889,494.5,1,0.932,218.5,1,0.973,0.924,3,3,60,ROJO,-204.0,591.8,0.000,1,329.8,,35.8
2533.026572,AVOID_APPROACH,pure-pursuit al punto de paso del pilar 60,25,3.17,65.04,PISTA,OK,1,884.0,884.0,548.9,499.3,194.4,1,0.806,497.5,1,0.918,227.0,1,0.932,0.912,2,2,60,ROJO,-211.1,580.0,0.000,1,329.8,,70.0
2533.124398,AVOID_APPROACH,pure-pursuit al punto de paso del pilar 60,25,3.88,64.44,PISTA,OK,1,873.0,873.0,555.6,496.8,202.5,1,0.778,503.0,1,0.904,235.0,1,0.973,0.912,2,2,60,ROJO,-217.6,568.4,0.000,1,329.8,,33.6
2533.224852,AVOID_APPROACH,pure-pursuit al punto de paso del pilar 60,25,4.14,63.97,PISTA,OK,1,860.5,860.5,561.5,494.0,210.3,1,0.750,507.5,1,0.904,242.0,1,0.932,0.906,2,2,60,ROJO,-219.5,558.6,0.000,1,329.8,,68.5
2533.325246,AVOID_APPROACH,pure-pursuit al punto de paso del pilar 60,25,4.64,63.68,PISTA,OK,1,848.0,848.0,566.7,490.8,217.7,1,0.778,511.0,1,0.904,250.0,1,0.973,0.909,2,2,60,ROJO,-223.5,548.5,0.000,1,329.8,,36.1
2533.425404,AVOID_APPROACH,pure-pursuit al punto de paso del pilar 60,24,4.83,63.54,PISTA,OK,1,822.5,822.5,571.8,487.5,226.0,1,0.861,515.0,1,0.959,259.5,1,0.959,0.903,2,2,60,ROJO,-224.5,539.2,0.000,1,329.8,,70.1
2533.525092,AVOID_APPROACH,pure-pursuit al punto de paso del pilar 60,24,5.28,63.33,PISTA,OK,1,819.5,819.5,576.8,483.8,234.3,1,0.917,518.5,1,0.973,266.5,1,0.945,0.906,3,2,60,ROJO,-227.7,527.6,0.000,1,329.8,,33.3
2533.624452,AVOID_APPROACH,pure-pursuit al punto de paso del pilar 60,24,5.15,63.19,PISTA,OK,1,809.0,809.0,580.2,480.5,243.7,1,0.778,521.8,1,0.932,274.5,1,0.932,0.899,3,2,60,ROJO,-225.9,520.4,0.000,1,329.8,,69.0
2533.724662,AVOID_APPROACH,pure-pursuit al punto de paso del pilar 60,24,5.47,63.05,PISTA,OK,1,805.0,805.0,584.8,476.9,250.3,1,0.917,526.2,1,0.986,283.0,1,0.945,0.897,3,2,60,ROJO,-227.7,508.8,0.000,1,329.8,,36.2
2533.823829,AVOID_APPROACH,pure-pursuit al punto de paso del pilar 60,24,5.66,63.02,PISTA,OK,1,792.5,792.5,588.7,473.4,260.6,1,0.778,528.5,1,0.904,290.2,1,0.973,0.898,3,2,60,ROJO,-228.7,500.9,0.000,1,329.8,,68.4
2533.924757,AVOID_APPROACH,pure-pursuit al punto de paso del pilar 60,24,5.78,63.00,PISTA,OK,1,787.0,787.0,592.4,469.4,266.4,1,0.778,532.2,1,0.918,299.0,1,0.959,0.895,3,2,60,ROJO,-228.8,491.4,0.000,1,329.8,,32.8
2534.023179,AVOID_APPROACH,pure-pursuit al punto de paso del pilar 60,24,5.80,62.93,PISTA,OK,1,777.0,777.0,596.7,465.7,276.4,1,0.806,535.5,1,0.918,306.5,1,0.959,0.893,3,2,60,ROJO,-228.1,482.8,0.000,1,329.8,,68.2
2534.124562,AVOID_APPROACH,pure-pursuit al punto de paso del pilar 60,24,6.17,62.88,PISTA,OK,1,771.0,771.0,600.3,462.3,288.2,1,0.833,539.5,1,0.918,316.0,1,0.945,0.886,3,2,60,ROJO,-230.1,472.3,0.000,1,329.8,,34.1
2534.224643,AVOID_APPROACH,pure-pursuit al punto de paso del pilar 60,24,6.19,62.88,PISTA,OK,1,762.5,762.5,604.4,458.4,295.9,1,0.778,543.5,1,0.904,325.0,1,0.945,0.885,3,2,60,ROJO,-229.3,463.7,0.000,1,329.8,,69.5
2534.326113,AVOID_APPROACH,pure-pursuit al punto de paso del pilar 60,24,5.92,62.89,PISTA,OK,1,757.0,757.0,607.6,454.7,304.7,1,0.861,545.8,1,0.945,333.5,1,0.945,0.886,3,2,60,ROJO,-226.2,454.9,0.000,1,329.8,,36.2
2534.426312,AVOID_APPROACH,pure-pursuit al punto de paso del pilar 60,24,6.18,62.87,PISTA,OK,1,750.8,750.8,611.4,452.0,312.9,1,0.917,549.0,1,0.973,341.0,1,0.932,0.883,3,2,60,ROJO,-227.2,445.2,0.000,1,329.8,,70.9
2534.526174,AVOID_APPROACH,pure-pursuit al punto de paso del pilar 60,24,6.26,62.88,PISTA,OK,1,766.5,766.5,614.7,447.5,320.7,1,0.917,552.5,1,0.973,350.5,1,0.945,0.876,3,2,60,ROJO,-226.9,436.3,0.000,1,329.8,,36.8
2534.627971,AVOID_APPROACH,pure-pursuit al punto de paso del pilar 60,24,6.17,62.90,PISTA,OK,1,740.8,740.8,617.2,444.3,328.6,1,0.917,554.2,1,0.973,357.0,1,0.945,0.876,3,2,60,ROJO,-225.1,427.1,0.000,1,329.8,,72.4
2534.727718,AVOID_APPROACH,pure-pursuit al punto de paso del pilar 60,24,6.48,62.95,PISTA,OK,1,734.5,734.5,620.6,440.8,339.3,1,0.972,559.0,1,1.000,366.0,1,0.932,0.875,3,2,60,ROJO,-226.4,417.2,0.000,1,329.8,,38.9
2534.828267,AVOID_APPROACH,pure-pursuit al punto de paso del pilar 60,24,5.95,63.02,PISTA,OK,1,734.2,734.2,623.5,436.9,347.2,1,0.944,561.0,1,1.000,374.5,1,0.890,0.869,3,2,60,ROJO,-221.9,411.3,0.000,1,329.8,,73.2
2534.928839,AVOID_APPROACH,pure-pursuit al punto de paso del pilar 60,23,5.98,63.07,PISTA,OK,1,725.0,725.0,627.1,432.6,357.1,1,0.972,564.2,1,1.000,382.5,1,0.918,0.873,3,2,60,ROJO,-221.2,402.6,0.000,1,329.8,,39.4
2535.029306,AVOID_APPROACH,pure-pursuit al punto de paso del pilar 60,24,6.00,63.16,PISTA,OK,1,728.0,728.0,629.8,428.9,366.9,1,0.944,565.8,1,0.986,393.0,1,0.918,0.873,3,2,60,ROJO,-220.5,394.4,0.000,1,329.8,,74.0
2535.128746,AVOID_APPROACH,pure-pursuit al punto de paso del pilar 60,23,6.11,63.18,PISTA,OK,1,712.0,712.0,632.1,425.8,376.3,1,0.889,570.0,1,0.973,400.5,1,0.904,0.859,3,2,60,ROJO,-220.3,385.3,0.000,1,329.8,,38.6
2535.228549,AVOID_APPROACH,pure-pursuit al punto de paso del pilar 60,23,5.95,63.29,PISTA,OK,1,721.0,721.0,634.8,421.6,384.3,1,0.833,573.5,1,0.932,409.0,1,0.932,0.862,3,2,60,ROJO,-218.3,377.3,0.000,1,329.8,,74.3
2535.327750,AVOID_APPROACH,pure-pursuit al punto de paso del pilar 60,23,6.06,63.37,PISTA,OK,1,704.0,704.0,637.2,418.4,392.8,1,0.889,576.2,1,0.959,418.0,1,0.932,0.869,3,2,60,ROJO,-218.1,368.2,0.000,1,329.8,,40.2
2535.428271,AVOID_APPROACH,pure-pursuit al punto de paso del pilar 60,24,6.27,63.41,PISTA,OK,1,731.5,731.5,640.2,414.8,401.8,1,0.833,578.2,1,0.945,413.0,1,0.890,0.861,3,2,60,ROJO,-218.5,359.3,0.000,1,329.8,,72.9
2535.528545,AVOID_APPROACH,pure-pursuit al punto de paso del pilar 60,23,5.60,63.47,PISTA,OK,1,707.0,707.0,642.4,410.8,409.9,1,0.833,580.5,1,0.945,408.5,1,0.849,0.847,3,2,60,ROJO,-213.5,351.9,0.000,1,329.8,,39.1
2535.628553,AVOID_APPROACH,pure-pursuit al punto de paso del pilar 60,23,5.78,63.53,PISTA,OK,1,702.0,702.0,655.7,408.3,419.8,1,0.861,585.0,1,0.945,404.8,1,0.904,0.905,3,2,60,ROJO,-213.8,343.6,0.000,1,329.8,,73.1
2535.726288,AVOID_APPROACH,pure-pursuit al punto de paso del pilar 60,23,5.80,63.57,PISTA,OK,1,709.0,709.0,655.7,404.6,429.4,1,0.861,587.0,1,0.959,408.0,1,0.890,0.938,3,2,60,ROJO,-213.1,335.1,0.000,1,329.8,,37.1
2535.827835,AVOID_APPROACH,pure-pursuit al punto de paso del pilar 60,23,5.82,63.60,PISTA,OK,1,692.5,692.5,659.8,401.6,436.1,1,0.806,589.0,1,0.932,401.0,1,0.890,0.929,3,2,60,ROJO,-212.3,327.4,0.000,1,329.8,,72.9
2535.927154,AVOID_APPROACH,pure-pursuit al punto de paso del pilar 60,23,5.91,63.66,PISTA,OK,1,686.5,686.5,665.9,398.4,443.7,1,0.861,591.8,1,0.945,400.2,1,0.863,0.869,3,2,60,ROJO,-212.0,319.0,0.000,1,329.8,,38.3
2536.028512,AVOID_APPROACH,pure-pursuit al punto de paso del pilar 60,23,5.37,63.74,PISTA,OK,1,684.8,684.8,679.4,395.6,454.6,1,0.833,593.8,1,0.932,392.5,1,0.877,0.658,3,2,60,ROJO,-208.4,313.0,0.000,1,329.8,,73.7
2536.126137,AVOID_APPROACH,pure-pursuit al punto de paso del pilar 60,23,5.30,63.83,PISTA,OK,1,693.5,693.5,669.7,392.2,594.3,1,0.861,596.2,1,0.959,389.5,1,0.849,0.888,3,2,60,ROJO,-207.3,304.7,0.000,1,329.8,,38.0
2536.226103,AVOID_APPROACH,pure-pursuit al punto de paso del pilar 60,23,5.34,63.93,PISTA,OK,1,679.2,679.2,670.7,389.2,601.7,1,0.889,599.5,1,0.959,389.5,1,0.863,0.915,3,2,60,ROJO,-206.8,296.7,0.000,1,329.8,,70.5
2536.325799,AVOID_APPROACH,pure-pursuit al punto de paso del pilar 60,23,5.16,63.95,PISTA,OK,1,676.0,676.0,674.9,385.7,503.6,1,1.000,601.8,1,1.000,383.0,1,0.918,0.896,3,2,60,ROJO,-205.1,289.0,0.000,1,329.8,,38.2
2536.425285,AVOID_APPROACH,pure-pursuit al punto de paso del pilar 60,23,4.97,64.05,PISTA,OK,1,676.5,676.5,681.8,382.4,603.7,1,0.972,604.5,1,0.986,382.5,1,0.918,0.832,3,2,60,ROJO,-203.5,281.5,0.000,1,329.8,,71.1
2536.524683,AVOID_PASS,manteniendo rumbo mientras pasa el pilar 60,23,0.97,64.12,PISTA,OK,1,682.5,682.5,681.0,378.7,613.1,1,0.972,608.0,1,0.986,371.5,1,0.904,0.883,3,2,60,ROJO,-204.1,272.9,0.000,1,0.0,,36.2
2536.625077,AVOID_PASS,manteniendo rumbo mientras pasa el pilar 60,23,-0.14,64.26,PISTA,OK,1,663.0,663.0,698.1,375.6,616.0,1,0.972,610.2,1,0.986,370.8,1,0.877,0.636,3,2,60,ROJO,-202.5,265.9,0.000,1,9.2,,69.7
2536.725341,AVOID_PASS,manteniendo rumbo mientras pasa el pilar 60,23,-0.18,64.30,PISTA,OK,1,669.8,669.8,703.1,372.0,613.5,1,0.944,612.5,1,0.973,366.5,1,0.890,0.580,3,2,60,ROJO,-200.7,257.9,0.000,1,18.5,,37.7
2536.825596,AVOID_PASS,manteniendo rumbo mientras pasa el pilar 60,23,-0.22,64.34,PISTA,OK,1,663.0,663.0,704.1,368.7,615.8,1,0.917,615.2,1,0.959,368.0,1,0.904,0.579,3,2,60,ROJO,-197.4,250.7,0.000,1,27.7,,71.4
2536.924550,AVOID_PASS,manteniendo rumbo mientras pasa el pilar 60,23,-0.25,64.37,PISTA,OK,1,658.5,658.5,708.0,365.0,627.5,1,0.944,617.2,1,0.973,361.5,1,0.877,0.585,3,2,60,ROJO,-197.6,240.7,0.000,1,36.8,,36.4
2537.024786,AVOID_PASS,manteniendo rumbo mientras pasa el pilar 60,23,-0.26,64.38,PISTA,OK,1,659.0,659.0,713.0,362.2,630.3,1,0.944,619.8,1,0.973,358.5,1,0.918,0.556,3,2,60,ROJO,-194.5,236.3,0.000,1,46.0,,65.8
2537.124073,AVOID_PASS,manteniendo rumbo mientras pasa el pilar 60,23,-0.24,64.36,PISTA,OK,1,664.8,664.8,719.3,359.0,635.3,1,0.972,623.0,1,0.986,357.0,1,0.890,0.479,3,2,60,ROJO,-194.7,224.5,0.000,1,55.1,,36.1
2537.225336,AVOID_PASS,manteniendo rumbo mientras pasa el pilar 60,23,-0.26,64.38,PISTA,OK,1,652.0,652.0,728.4,356.2,635.7,1,0.944,627.0,1,0.973,354.8,1,0.863,0.418,3,2,60,ROJO,-195.5,218.5,0.000,1,64.5,,71.3
2537.322933,AVOID_PASS,manteniendo rumbo mientras pasa el pilar 60,23,-0.29,64.41,PISTA,OK,1,641.5,641.5,721.6,352.7,634.4,1,0.944,629.5,1,0.986,348.0,1,0.863,0.666,3,2,60,ROJO,-192.5,210.4,0.000,1,73.4,,33.9
2537.423049,AVOID_PASS,manteniendo rumbo mientras pasa el pilar 60,23,-0.27,64.39,PISTA,OK,1,631.5,631.5,724.6,349.9,638.9,1,0.972,632.0,1,1.000,348.0,1,0.877,0.664,3,2,60,ROJO,-193.0,203.1,0.000,1,82.6,,67.9
2537.523506,AVOID_PASS,manteniendo rumbo mientras pasa el pilar 60,23,-0.29,64.41,PISTA,OK,1,643.0,643.0,733.0,347.1,635.9,1,0.917,634.5,1,0.986,342.5,1,0.863,0.595,3,2,60,ROJO,-189.5,197.9,0.000,1,91.9,,35.6
2537.622863,AVOID_PASS,manteniendo rumbo mientras pasa el pilar 60,23,-0.29,64.41,PISTA,OK,1,627.0,627.0,733.8,343.8,650.0,1,0.944,637.0,1,1.000,338.0,1,0.836,0.613,3,2,60,ROJO,-189.1,189.1,0.000,1,101.0,,69.3
2537.722782,AVOID_PASS,manteniendo rumbo mientras pasa el pilar 60,23,-0.31,64.44,PISTA,OK,1,625.0,625.0,745.1,340.1,647.9,1,0.944,640.5,1,1.000,334.5,1,0.863,0.541,3,2,60,ROJO,-188.5,182.8,0.000,1,110.2,,35.7
2537.822498,AVOID_PASS,manteniendo rumbo mientras pasa el pilar 60,23,-0.30,64.42,PISTA,OK,1,623.0,623.0,756.8,337.1,654.9,1,0.889,642.5,1,0.973,333.5,1,0.836,0.459,3,2,60,ROJO,-187.1,174.3,0.000,1,119.4,,67.8
2537.922552,AVOID_PASS,manteniendo rumbo mientras pasa el pilar 60,23,-0.34,64.46,PISTA,OK,1,613.0,613.0,763.8,334.3,659.0,1,0.917,645.0,1,0.986,333.0,1,0.836,0.444,3,2,60,ROJO,-187.3,167.0,0.000,1,128.6,,102.8
2538.025435,AVOID_PASS,manteniendo rumbo mientras pasa el pilar 60,23,-0.36,64.48,PISTA,OK,1,610.5,610.5,772.1,331.1,661.1,1,0.944,646.8,1,0.986,329.5,1,0.836,0.388,3,2,60,ROJO,-185.4,159.0,0.000,1,138.1,,70.7
2538.123476,AVOID_PASS,manteniendo rumbo mientras pasa el pilar 60,22,-0.37,64.49,PISTA,OK,1,599.5,599.5,782.5,328.1,669.7,1,0.889,650.2,1,0.986,325.5,1,0.822,0.342,3,2,60,ROJO,-185.9,148.5,0.000,1,147.1,,35.2
2538.224162,AVOID_PASS,manteniendo rumbo mientras pasa el pilar 60,22,-0.36,64.48,PISTA,OK,1,606.0,606.0,705.0,324.4,666.4,1,0.917,652.8,1,0.986,321.0,1,0.836,0.738,3,2,60,ROJO,-185.9,139.6,0.101,1,155.9,,71.0
2538.324825,AVOID_PASS,manteniendo rumbo mientras pasa el pilar 60,22,-0.36,64.48,PISTA,OK,1,583.5,583.5,822.4,321.6,669.7,1,0.917,655.5,1,0.986,318.0,1,0.849,0.220,3,2,60,ROJO,-184.2,133.3,0.000,1,164.8,,34.4
2538.425112,AVOID_PASS,manteniendo rumbo mientras pasa el pilar 60,22,-0.35,64.47,PISTA,OK,1,600.5,600.5,710.6,318.0,668.0,1,0.861,658.0,1,1.000,318.2,1,0.822,0.745,3,2,60,ROJO,-184.2,124.5,0.100,1,173.6,,68.6
2538.525095,AVOID_PASS,manteniendo rumbo mientras pasa el pilar 60,22,-0.33,64.45,PISTA,OK,1,579.5,579.5,708.5,315.3,670.5,1,0.833,661.0,1,0.986,313.5,1,0.808,0.701,3,2,60,ROJO,-184.3,115.6,0.200,1,182.4,,36.8
2538.625171,AVOID_PASS,manteniendo rumbo mientras pasa el pilar 60,22,-0.35,64.47,PISTA,OK,1,568.0,568.0,710.4,312.4,672.9,1,0.889,662.5,1,0.986,306.5,1,0.836,0.689,3,2,60,ROJO,-184.2,106.9,0.300,1,191.2,,71.5
2538.726422,AVOID_PASS,manteniendo rumbo mientras pasa el pilar 60,22,-0.35,64.47,PISTA,OK,1,571.5,571.5,699.7,309.7,672.5,1,0.861,666.0,1,0.986,305.5,1,0.836,0.593,3,2,60,ROJO,-184.2,98.0,0.402,1,200.1,,39.1
2538.826358,AVOID_PASS,manteniendo rumbo mientras pasa el pilar 60,22,-0.37,64.49,PISTA,OK,1,576.8,576.8,701.6,307.1,679.1,1,0.861,669.0,1,0.986,305.8,1,0.836,0.593,3,2,60,ROJO,-184.2,98.0,0.402,0,208.9,,70.9
2538.925799,AVOID_PASS,manteniendo rumbo mientras pasa el pilar 60,22,-0.38,64.50,PISTA,OK,1,566.5,566.5,702.3,303.9,685.6,1,0.889,671.0,1,0.986,299.5,1,0.822,0.582,3,2,60,ROJO,-184.2,98.0,0.402,0,217.7,,39.0
2539.027110,AVOID_PASS,manteniendo rumbo mientras pasa el pilar 60,22,-0.42,64.54,PISTA,OK,1,560.5,560.5,704.1,300.7,686.4,1,0.917,674.0,1,1.000,295.0,1,0.836,0.561,3,2,60,ROJO,-184.2,98.0,0.402,0,226.6,,68.9
2539.124935,AVOID_PASS,manteniendo rumbo mientras pasa el pilar 60,22,-0.41,64.53,PISTA,OK,1,553.5,553.5,710.4,298.3,681.9,1,0.889,676.5,1,0.986,296.5,1,0.849,0.595,3,2,60,ROJO,-184.2,98.0,0.402,0,235.2,,38.4
2539.225119,AVOID_PASS,manteniendo rumbo mientras pasa el pilar 60,22,-0.41,64.53,PISTA,OK,1,551.5,551.5,710.4,295.2,693.8,1,0.861,679.0,1,0.973,293.5,1,0.822,0.578,3,2,60,ROJO,-184.2,98.0,0.402,0,244.0,,71.8
2539.324624,AVOID_PASS,manteniendo rumbo mientras pasa el pilar 60,22,-0.45,64.57,PISTA,OK,1,536.5,536.5,716.2,292.9,693.8,1,0.889,681.2,1,0.986,291.8,1,0.849,0.610,3,2,60,ROJO,-184.2,98.0,0.402,0,252.8,,36.5
2539.425982,AVOID_PASS,manteniendo rumbo mientras pasa el pilar 60,22,-0.47,64.59,PISTA,OK,1,529.0,529.0,723.6,290.3,698.7,1,0.889,684.5,1,0.973,286.5,1,0.822,0.650,3,2,60,ROJO,-184.2,98.0,0.402,0,261.7,,69.8
2539.523566,AVOID_PASS,manteniendo rumbo mientras pasa el pilar 60,22,-0.46,64.58,PISTA,OK,1,527.5,527.5,738.4,287.1,700.8,1,0.889,687.5,1,0.973,282.0,1,0.836,0.745,3,2,60,ROJO,-184.2,98.0,0.402,0,270.3,,37.6
2539.625044,AVOID_PASS,manteniendo rumbo mientras pasa el pilar 60,22,-0.44,64.56,PISTA,OK,1,519.5,519.5,788.0,284.1,700.4,1,0.861,689.2,1,0.973,281.5,1,0.808,0.726,2,1,60,ROJO,-184.2,98.0,0.402,0,279.2,,71.4
2539.724530,AVOID_PASS,manteniendo rumbo mientras pasa el pilar 60,22,-0.47,64.59,PISTA,OK,1,512.5,512.5,794.7,281.3,702.8,1,0.861,692.0,1,0.973,276.5,1,0.822,0.693,2,1,60,ROJO,-184.2,98.0,0.402,0,288.0,,37.6
2539.824687,AVOID_PASS,manteniendo rumbo mientras pasa el pilar 60,22,-0.46,64.58,PISTA,OK,1,508.0,508.0,794.4,278.5,709.0,1,0.889,694.0,1,0.973,274.0,1,0.808,0.722,2,1,60,ROJO,-184.2,98.0,0.402,0,296.8,,72.3
2539.925293,AVOID_PASS,manteniendo rumbo mientras pasa el pilar 60,22,-0.44,64.56,PISTA,OK,1,510.0,510.0,804.7,276.0,709.2,1,0.861,176.5,1,0.959,272.5,1,0.836,0.679,2,1,60,ROJO,-184.2,98.0,0.402,0,305.6,,39.0
2540.024038,AVOID_PASS,manteniendo rumbo mientras pasa el pilar 60,22,-0.46,64.58,PISTA,OK,1,508.5,508.5,807.1,273.7,710.2,1,0.861,162.5,1,0.945,269.5,1,0.781,0.675,2,1,60,ROJO,-184.2,98.0,0.402,0,314.3,,71.2
2540.124417,RECENTER,reincorporacion tras 323 mm de sobrepaso estimado,21,3.54,64.60,PISTA,OK,1,492.5,492.5,810.1,270.7,716.3,1,0.861,156.5,1,0.945,268.0,1,0.753,0.689,2,1,60,ROJO,-184.2,98.0,0.402,0,323.2,,37.8
2540.224704,TURN,giro de esquina por IMU y reapertura frontal,21,25.00,64.60,PISTA,OK,1,484.5,484.5,804.7,268.3,718.0,1,0.861,156.0,1,0.945,265.0,1,0.808,0.751,2,1,,,,,,0,323.2,,71.2
2540.324423,TURN,giro de esquina por IMU y reapertura frontal,22,25.00,64.45,PISTA,OK,1,495.5,495.5,809.5,265.7,718.8,1,0.861,155.5,1,0.973,262.0,1,0.795,0.742,1,0,,,,,,0,323.2,,38.1
2540.424360,TURN,giro de esquina por IMU y reapertura frontal,21,25.00,63.95,PISTA,OK,1,478.5,478.5,167.0,263.5,708.6,1,0.889,158.0,1,0.945,261.0,1,0.795,0.802,3,0,,,,,,0,323.2,,71.1
2540.523513,TURN,giro de esquina por IMU y reapertura frontal,21,25.00,65.06,PISTA,OK,1,463.5,463.5,165.0,259.4,725.8,1,0.861,155.5,1,0.986,255.0,1,0.753,0.793,3,0,,,,,,0,323.2,,36.2
2540.623066,TURN,giro de esquina por IMU y reapertura frontal,21,25.00,66.73,PISTA,OK,1,483.8,483.8,3135.9,258.3,733.6,1,0.833,152.5,1,0.973,255.0,1,0.781,0.180,3,0,,,,,,0,323.2,,68.6
2540.723105,TURN,giro de esquina por IMU y reapertura frontal,22,25.00,68.45,PISTA,OK,1,515.0,515.0,159.8,257.6,743.4,1,0.750,149.0,1,0.986,254.8,1,0.808,0.784,3,0,,,,,,0,323.2,,35.8
2540.825691,TURN,giro de esquina por IMU y reapertura frontal,22,25.00,70.03,PISTA,OK,1,536.0,536.0,3444.2,256.6,757.7,1,0.722,147.5,1,0.973,253.2,1,0.822,0.180,3,0,,,,,,0,323.2,,73.1
2540.921593,TURN,giro de esquina por IMU y reapertura frontal,22,25.00,70.94,PISTA,OK,1,574.0,574.0,3320.8,256.7,679.5,1,0.667,144.0,1,0.973,251.8,1,0.753,0.177,3,0,,,,,,0,323.2,,35.9
2541.023105,TURN,giro de esquina por IMU y reapertura frontal,23,25.00,72.83,PISTA,OK,1,612.0,612.0,789.9,257.1,634.0,1,0.611,140.5,1,0.945,253.5,1,0.808,0.778,3,0,,,,,,0,323.2,,71.4
2541.122442,TURN,giro de esquina por IMU y reapertura frontal,23,25.00,74.68,PISTA,OK,1,684.0,684.0,803.5,257.8,652.9,1,0.583,136.5,1,0.959,253.8,1,0.767,0.657,4,0,,,,,,0,323.2,,35.3
2541.220801,TURN,giro de esquina por IMU y reapertura frontal,23,25.00,75.58,PISTA,OK,1,721.0,721.0,794.8,258.7,545.1,1,0.583,133.5,1,0.973,252.5,1,0.781,0.573,4,0,,,,,,0,323.2,,68.2
2541.321272,TURN,giro de esquina por IMU y reapertura frontal,24,25.00,77.42,PISTA,OK,1,839.0,839.0,146.0,259.9,532.4,1,0.556,130.5,1,0.918,253.5,1,0.795,0.771,4,0,,,,,,0,323.2,,31.1
2541.422248,TURN,giro de esquina por IMU y reapertura frontal,25,25.00,79.22,PISTA,OK,1,1002.5,1002.5,779.5,262.6,519.0,1,0.611,127.0,1,0.890,255.8,1,0.836,0.767,4,0,,,,,,0,323.2,,70.0
2541.523678,TURN,giro de esquina por IMU y reapertura frontal,25,25.00,81.27,PISTA,OK,1,995.0,995.0,771.5,264.6,475.1,1,0.639,124.0,1,0.904,258.0,1,0.863,0.769,4,0,,,,,,0,323.2,,37.9
2541.623862,TURN,giro de esquina por IMU y reapertura frontal,25,25.00,83.17,PISTA,OK,1,988.5,988.5,762.0,267.4,465.3,1,0.639,122.0,1,0.822,259.8,1,0.877,0.765,3,0,,,,,,0,323.2,,72.0
2541.725229,TURN,giro de esquina por IMU y reapertura frontal,25,25.00,85.16,PISTA,OK,1,980.5,980.5,756.5,271.3,444.4,1,0.639,120.5,1,0.863,264.2,1,0.904,0.766,4,0,,,,,,0,323.2,,38.7
2541.825529,TURN,giro de esquina por IMU y reapertura frontal,25,25.00,86.08,PISTA,OK,1,974.0,974.0,681.5,275.2,425.5,1,0.611,118.5,1,0.795,268.5,1,0.890,0.766,5,0,,,,,,0,323.2,,71.5
2541.925636,TURN,giro de esquina por IMU y reapertura frontal,25,25.00,88.04,PISTA,OK,1,967.5,967.5,125.1,279.6,421.5,1,0.583,116.0,1,0.740,273.8,1,0.918,0.294,5,0,,,,,,0,323.2,,107.4
2542.023561,TURN,giro de esquina por IMU y reapertura frontal,25,25.00,90.11,PISTA,OK,1,964.5,964.5,113.4,284.4,419.5,1,0.556,115.2,1,0.753,278.5,1,0.945,0.682,5,0,,,,,,0,323.2,,68.4
2542.125948,TURN,giro de esquina por IMU y reapertura frontal,25,25.00,92.13,PISTA,OK,1,959.0,959.0,110.4,289.8,391.1,1,0.583,111.0,1,0.685,283.5,1,0.945,0.638,5,0,,,,,,0,323.2,,40.1
2542.225202,TURN,giro de esquina por IMU y reapertura frontal,25,25.00,93.25,PISTA,OK,1,950.5,950.5,8000.0,296.7,384.2,1,0.583,108.5,1,0.671,287.5,1,0.986,0.224,5,0,,,,,,0,323.2,,72.2
2542.324145,TURN,giro de esquina por IMU y reapertura frontal,25,25.00,95.31,PISTA,OK,1,943.5,943.5,8000.0,303.4,379.9,1,0.667,106.5,1,0.753,292.5,1,0.986,0.227,5,0,,,,,,0,323.2,,35.9
2542.423494,TURN,giro de esquina por IMU y reapertura frontal,25,25.00,97.51,PISTA,OK,1,938.0,938.0,126.0,311.9,376.0,1,0.667,104.0,1,0.726,300.5,1,1.000,0.206,5,0,,,,,,0,323.2,,70.8
2542.523401,TURN,giro de esquina por IMU y reapertura frontal,25,25.00,99.58,PISTA,OK,1,933.5,933.5,125.8,320.7,370.3,1,0.639,102.5,1,0.699,307.5,1,1.000,0.202,5,0,,,,,,0,323.2,,105.2
2542.623997,TURN,giro de esquina por IMU y reapertura frontal,25,25.00,101.60,PISTA,OK,1,929.0,929.0,127.5,328.8,362.5,1,0.722,102.5,1,0.726,312.5,1,1.000,0.202,5,0,,,,,,0,323.2,,70.6
2542.724171,TURN,giro de esquina por IMU y reapertura frontal,25,25.00,102.62,PISTA,OK,1,926.0,926.0,130.0,338.5,360.0,1,0.722,102.5,1,0.740,320.0,1,1.000,0.203,5,0,,,,,,0,323.2,,38.8
2542.823667,TURN,giro de esquina por IMU y reapertura frontal,25,25.00,104.72,PISTA,OK,1,925.0,925.0,620.0,349.5,368.1,1,0.639,102.0,1,0.685,326.0,1,0.973,0.820,5,0,,,,,,0,323.2,,71.9
2542.923444,TURN,giro de esquina por IMU y reapertura frontal,25,25.00,106.85,PISTA,OK,1,923.5,923.5,522.8,359.9,353.9,1,0.694,101.0,1,0.685,332.5,1,1.000,0.216,4,0,,,,,,0,323.2,,105.1
2543.022649,TURN,giro de esquina por IMU y reapertura frontal,25,25.00,108.99,PISTA,OK,1,923.5,923.5,661.7,371.8,356.1,1,0.667,101.8,1,0.630,338.8,1,0.986,0.745,3,0,,,,,,0,323.2,,70.9
2543.122655,TURN,giro de esquina por IMU y reapertura frontal,25,25.00,110.04,PISTA,OK,1,926.2,926.2,665.0,385.0,349.0,1,0.667,102.0,1,0.671,347.5,1,1.000,0.747,3,0,,,,,,0,323.2,,36.9
2543.223575,TURN,giro de esquina por IMU y reapertura frontal,25,25.00,111.94,PISTA,OK,1,930.8,930.8,669.5,398.7,349.4,1,0.639,104.2,1,0.726,354.0,1,1.000,0.699,3,0,,,,,,0,323.2,,70.8
2543.322029,TURN,giro de esquina por IMU y reapertura frontal,25,25.00,114.02,PISTA,OK,1,936.5,936.5,674.8,412.9,349.2,1,0.639,104.0,1,0.712,360.8,1,1.000,0.693,3,0,,,,,,0,323.2,,104.6
2543.421681,TURN,giro de esquina por IMU y reapertura frontal,25,25.00,116.06,PISTA,OK,1,944.0,944.0,675.7,429.2,351.0,1,0.694,105.5,1,0.795,368.5,1,1.000,0.847,3,0,,,,,,0,323.2,,68.8
2543.523986,TURN,giro de esquina por IMU y reapertura frontal,25,25.00,118.04,PISTA,OK,1,950.5,950.5,680.7,446.6,351.4,1,0.694,107.0,1,0.795,376.0,1,1.000,0.856,3,1,,,,,,0,323.2,,38.7
2543.622108,TURN,giro de esquina por IMU y reapertura frontal,25,25.00,118.92,PISTA,OK,1,960.5,960.5,685.2,464.5,350.2,1,0.639,107.0,1,0.767,383.0,1,1.000,0.851,3,1,,,,,,0,323.2,,70.6
2543.722201,TURN,giro de esquina por IMU y reapertura frontal,25,25.00,121.12,PISTA,OK,1,968.5,968.5,692.0,483.3,97.8,1,0.611,109.0,1,0.781,392.5,1,1.000,0.815,2,1,,,,,,0,323.2,,104.5
2543.821369,CRUISE,esquina 2 verificada,25,21.00,123.30,PISTA,OK,2,982.0,982.0,698.6,501.8,97.1,1,0.694,111.0,1,0.767,401.0,1,1.000,0.728,2,1,,,,,,0,323.2,,69.1
2543.921982,AVOID_APPROACH,pure-pursuit al punto de paso del pilar 63,25,25.00,125.50,PISTA,OK,2,999.0,999.0,706.4,517.7,98.3,1,0.778,111.0,1,0.795,409.0,1,1.000,0.622,3,1,63,VERDE,-283.7,511.4,0.000,1,323.2,,104.6
2544.022521,AVOID_APPROACH,pure-pursuit al punto de paso del pilar 63,25,25.00,126.61,PISTA,OK,2,1012.5,1012.5,716.0,525.2,97.1,1,0.806,112.8,1,0.808,417.0,1,1.000,0.443,3,1,63,VERDE,-260.9,520.2,0.000,1,323.2,,70.8
2544.122155,AVOID_APPROACH,pure-pursuit al punto de paso del pilar 63,25,25.00,128.65,PISTA,OK,2,1033.0,1033.0,724.7,542.8,98.3,1,0.833,116.5,1,0.767,425.5,1,1.000,0.370,3,1,63,VERDE,-248.7,512.2,0.000,1,323.2,,104.4
2544.220222,AVOID_APPROACH,pure-pursuit al punto de paso del pilar 63,25,25.00,130.73,PISTA,OK,2,1051.5,1051.5,734.4,551.7,101.2,1,0.833,118.8,1,0.740,434.0,1,1.000,0.217,3,1,63,VERDE,-222.1,511.6,0.000,1,323.2,,62.9
2544.323588,AVOID_APPROACH,pure-pursuit al punto de paso del pilar 63,25,25.00,132.69,PISTA,OK,2,1073.5,1073.5,748.4,562.2,102.6,1,0.861,121.8,1,0.712,442.2,1,1.000,0.213,3,1,63,VERDE,-205.7,513.9,0.000,1,323.2,,106.0
2544.420698,AVOID_APPROACH,pure-pursuit al punto de paso del pilar 63,25,25.00,133.78,PISTA,OK,2,1089.5,1089.5,761.4,580.1,104.9,1,0.944,124.5,1,0.726,452.0,1,1.000,0.210,3,1,63,VERDE,-180.2,518.3,0.000,1,323.2,,66.9
2544.521045,AVOID_APPROACH,pure-pursuit al punto de paso del pilar 63,25,25.00,135.72,PISTA,OK,2,1122.5,1122.5,776.0,604.2,107.3,1,0.972,125.2,1,0.671,459.5,1,1.000,0.201,3,1,63,VERDE,-162.3,515.7,0.000,1,323.2,,103.9
2544.620538,AVOID_APPROACH,pure-pursuit al punto de paso del pilar 63,25,25.00,137.83,PISTA,OK,2,1138.0,1138.0,805.7,612.2,109.8,1,0.972,128.0,1,0.685,467.5,1,0.986,0.176,3,1,63,VERDE,-143.2,508.2,0.000,1,323.2,,69.1
2544.718758,AVOID_APPROACH,pure-pursuit al punto de paso del pilar 63,22,25.00,139.79,PISTA,OK,2,553.5,1173.0,821.2,638.0,111.4,1,1.000,131.2,1,0.658,476.5,1,0.986,0.184,3,1,63,VERDE,-119.5,509.1,0.000,1,323.2,,101.0
2544.820976,AVOID_APPROACH,pure-pursuit al punto de paso del pilar 63,22,25.00,140.74,PISTA,OK,2,514.5,1206.0,845.7,650.9,112.6,1,1.000,134.0,1,0.644,484.5,1,0.986,0.179,3,1,63,VERDE,-101.0,501.8,0.000,1,323.2,,68.2
2544.919761,AVOID_APPROACH,pure-pursuit al punto de paso del pilar 63,22,25.00,142.60,PISTA,OK,2,500.5,1235.5,620.1,665.3,113.9,1,1.000,137.0,1,0.575,491.5,1,0.986,0.263,3,1,63,VERDE,-77.3,504.9,0.000,1,323.2,,101.2
2545.019395,AVOID_APPROACH,pure-pursuit al punto de paso del pilar 63,21,25.00,144.44,PISTA,OK,2,485.5,1275.0,905.3,694.6,115.3,1,1.000,140.8,1,0.658,499.0,1,0.973,0.176,2,1,63,VERDE,-65.5,496.1,0.000,1,323.2,,68.0
2545.118996,AVOID_APPROACH,pure-pursuit al punto de paso del pilar 63,21,24.81,146.09,PISTA,OK,2,479.5,1315.5,622.2,702.5,116.5,1,0.972,142.2,1,0.616,509.0,1,1.000,0.181,2,1,63,VERDE,-48.4,492.0,0.000,1,323.2,,101.8
2545.218579,AVOID_APPROACH,pure-pursuit al punto de paso del pilar 63,21,24.08,146.91,PISTA,OK,2,475.0,1350.5,632.6,712.9,120.8,1,1.000,146.5,1,0.575,515.5,1,0.986,0.181,2,1,63,VERDE,-36.8,482.9,0.000,1,323.2,,67.2
2545.321238,AVOID_APPROACH,pure-pursuit al punto de paso del pilar 63,21,23.41,148.46,PISTA,OK,2,467.5,523.5,625.2,745.8,123.5,1,0.972,149.0,1,0.534,523.0,1,1.000,0.183,2,1,63,VERDE,-27.5,477.0,0.000,1,323.2,,103.7
2545.422027,AVOID_APPROACH,pure-pursuit al punto de paso del pilar 63,21,22.74,150.16,PISTA,OK,2,462.5,1410.5,1023.4,761.7,125.5,1,1.000,152.0,1,0.589,529.0,1,1.000,0.180,3,1,63,VERDE,-19.2,473.0,0.000,1,323.2,,68.1
2545.520229,AVOID_APPROACH,pure-pursuit al punto de paso del pilar 63,21,21.91,151.82,PISTA,OK,2,460.0,1406.5,1059.1,769.4,129.0,1,0.972,154.5,1,0.562,534.2,1,0.986,0.181,3,1,63,VERDE,-10.9,472.2,0.000,1,323.2,,101.8
2545.621000,AVOID_APPROACH,pure-pursuit al punto de paso del pilar 63,21,19.13,153.43,PISTA,OK,2,456.5,480.5,1103.6,807.7,132.2,1,0.972,157.8,1,0.603,543.0,1,0.973,0.204,4,1,63,VERDE,17.8,464.7,0.000,1,323.2,,70.4
2545.722399,AVOID_APPROACH,pure-pursuit al punto de paso del pilar 63,21,18.72,154.26,PISTA,OK,2,451.0,1391.0,1161.6,832.0,135.4,1,1.000,158.5,1,0.603,548.5,1,0.986,0.204,4,1,63,VERDE,24.5,455.9,0.101,1,323.2,,103.8
2545.821867,AVOID_APPROACH,pure-pursuit al punto de paso del pilar 63,21,17.52,155.96,PISTA,OK,2,445.5,1388.0,1219.9,849.6,138.4,1,1.000,163.5,1,0.658,556.5,1,1.000,0.206,4,2,63,VERDE,38.0,446.6,0.201,1,323.2,,70.6
2545.922043,AVOID_APPROACH,pure-pursuit al punto de paso del pilar 63,21,16.29,157.67,PISTA,OK,2,440.5,1381.5,1316.2,859.0,141.7,1,0.972,164.5,1,0.603,563.5,1,1.000,0.209,4,2,63,VERDE,51.3,436.9,0.301,1,323.2,,105.2
2546.021902,AVOID_APPROACH,pure-pursuit al punto de paso del pilar 63,21,15.79,158.55,PISTA,OK,2,435.0,2375.5,1404.7,876.7,143.4,1,0.917,167.5,1,0.603,571.0,1,1.000,0.213,4,2,63,VERDE,58.1,427.7,0.401,1,323.2,,70.2
2546.123922,AVOID_APPROACH,pure-pursuit al punto de paso del pilar 69,21,11.79,160.12,PISTA,OK,2,431.5,1376.5,1536.8,881.4,147.6,1,0.972,172.5,1,0.685,577.5,1,0.986,0.214,4,2,69,VERDE,89.6,432.4,0.000,1,323.2,,38.6
2546.222598,AVOID_APPROACH,pure-pursuit al punto de paso del pilar 69,21,10.02,161.61,PISTA,OK,2,446.0,1368.0,1667.1,886.9,150.6,1,0.972,175.0,1,0.685,584.5,1,1.000,0.216,3,2,69,VERDE,104.1,424.0,0.000,1,323.2,,72.3
2546.323279,AVOID_APPROACH,pure-pursuit al punto de paso del pilar 69,25,7.93,163.47,PISTA,OK,2,1363.0,1363.0,1917.9,891.2,153.2,1,0.972,177.0,1,0.781,592.5,1,1.000,0.217,4,2,69,VERDE,121.2,414.8,0.000,1,323.2,,39.0
2546.421864,AVOID_APPROACH,pure-pursuit al punto de paso del pilar 69,25,5.97,164.98,PISTA,OK,2,1358.5,1358.5,2142.3,889.5,156.5,1,0.972,179.5,1,0.740,601.5,1,1.000,0.217,4,2,69,VERDE,136.9,402.4,0.000,1,323.2,,69.2
2546.521699,AVOID_APPROACH,pure-pursuit al punto de paso del pilar 69,25,4.11,165.98,PISTA,OK,2,1353.0,1353.0,2085.7,891.1,161.6,1,0.917,185.0,1,0.753,614.0,1,0.986,0.184,4,2,69,VERDE,150.5,397.3,0.000,1,323.2,,104.8
2546.621379,AVOID_APPROACH,pure-pursuit al punto de paso del pilar 69,25,1.29,167.82,PISTA,OK,2,1343.0,1343.0,2762.5,893.1,168.6,1,0.972,191.0,1,0.740,627.5,1,1.000,0.194,4,2,69,VERDE,170.4,381.5,0.000,1,323.2,,71.2
2546.722399,AVOID_APPROACH,pure-pursuit al punto de paso del pilar 69,25,-0.25,169.12,PISTA,OK,2,1335.0,1335.0,583.4,893.8,176.2,1,0.972,198.5,1,0.753,643.0,1,1.000,0.207,4,2,69,VERDE,180.6,367.4,0.000,1,323.2,,105.6
2546.822232,AVOID_APPROACH,pure-pursuit al punto de paso del pilar 69,25,-1.89,170.15,PISTA,OK,2,2289.5,2289.5,611.1,894.2,185.9,1,0.944,208.5,1,0.808,655.0,1,1.000,0.206,3,1,69,VERDE,190.6,352.3,0.000,1,323.2,,65.8
2546.922557,AVOID_APPROACH,pure-pursuit al punto de paso del pilar 69,25,-1.98,170.47,PISTA,OK,2,2278.5,2278.5,604.2,891.1,195.6,1,0.944,216.5,1,0.781,669.0,1,1.000,0.204,3,1,69,VERDE,190.8,340.2,0.000,1,323.2,,38.7
2547.021908,AVOID_APPROACH,pure-pursuit al punto de paso del pilar 69,25,-3.04,170.98,PISTA,OK,2,2271.5,2271.5,619.6,889.1,204.6,1,0.889,224.0,1,0.767,680.0,1,1.000,0.201,3,1,69,VERDE,196.5,329.2,0.000,1,323.2,,71.6
2547.123010,AVOID_APPROACH,pure-pursuit al punto de paso del pilar 69,25,-3.56,171.23,PISTA,OK,2,1588.0,1588.0,580.7,895.4,213.9,1,0.917,234.5,1,0.808,689.5,1,1.000,0.208,3,1,69,VERDE,198.8,318.3,0.000,1,323.2,,38.3
2547.221794,AVOID_APPROACH,pure-pursuit al punto de paso del pilar 69,25,-4.17,171.44,PISTA,OK,2,1585.0,1585.0,579.9,895.5,222.9,1,0.917,242.5,1,0.795,701.0,1,0.986,0.208,3,1,69,VERDE,201.6,310.0,0.000,1,323.2,,70.8
2547.323780,AVOID_APPROACH,pure-pursuit al punto de paso del pilar 69,25,-4.39,171.52,PISTA,OK,2,2239.0,2239.0,285.5,896.0,232.0,1,1.000,252.0,1,0.890,712.0,1,1.000,0.800,3,1,69,VERDE,202.2,301.4,0.000,1,323.2,,39.9
2547.422237,AVOID_APPROACH,pure-pursuit al punto de paso del pilar 69,25,-4.19,171.53,PISTA,OK,2,1563.5,1563.5,579.9,896.3,242.9,1,1.000,261.0,1,0.877,723.5,1,1.000,0.200,3,1,69,VERDE,200.3,290.2,0.000,1,323.2,,71.6
2547.523202,AVOID_APPROACH,pure-pursuit al punto de paso del pilar 69,25,-4.11,171.52,PISTA,OK,2,1551.5,1551.5,253.0,895.9,251.2,1,1.000,270.0,1,0.890,733.0,1,1.000,0.803,3,1,69,VERDE,199.2,282.0,0.000,1,323.2,,39.4
2547.620590,AVOID_PASS,manteniendo rumbo mientras pasa el pilar 69,25,-0.11,171.49,PISTA,OK,2,2213.0,2213.0,242.0,895.9,261.1,1,0.972,277.5,1,0.877,740.5,1,1.000,0.801,3,1,69,VERDE,203.1,272.0,0.000,1,0.0,,69.4
2547.721477,AVOID_PASS,manteniendo rumbo mientras pasa el pilar 69,25,0.03,171.46,PISTA,OK,2,1537.5,1537.5,231.0,895.7,270.1,1,1.000,288.0,1,0.849,751.0,1,1.000,0.800,3,1,69,VERDE,202.6,263.9,0.000,1,10.1,,103.4
2547.821175,AVOID_PASS,manteniendo rumbo mientras pasa el pilar 69,25,-2.34,171.33,PISTA,OK,2,1527.0,1527.0,217.0,895.5,281.4,1,1.000,297.0,1,0.849,761.5,1,1.000,0.800,4,1,69,VERDE,199.4,252.8,0.000,1,20.1,,68.3
2547.920843,AVOID_PASS,manteniendo rumbo mientras pasa el pilar 69,25,-3.66,171.31,PISTA,OK,2,1516.0,1516.0,210.0,895.1,292.2,1,0.972,309.0,1,0.822,773.0,1,1.000,0.803,4,1,69,VERDE,199.5,244.8,0.000,1,30.0,,105.0
2548.021836,AVOID_PASS,manteniendo rumbo mientras pasa el pilar 69,25,-4.49,171.26,PISTA,OK,2,1506.0,1506.0,205.5,895.0,301.1,1,0.972,318.0,1,0.890,781.5,1,1.000,0.801,3,1,69,VERDE,200.6,236.0,0.000,1,40.1,,69.5
2548.120773,AVOID_PASS,manteniendo rumbo mientras pasa el pilar 69,25,-6.10,171.21,PISTA,OK,2,1490.5,1490.5,197.0,894.5,311.3,1,0.944,327.5,1,0.918,792.5,1,1.000,0.801,3,1,69,VERDE,200.1,226.2,0.000,1,50.0,,104.0
2548.220993,AVOID_PASS,manteniendo rumbo mientras pasa el pilar 69,25,-6.67,171.20,PISTA,OK,2,1483.5,1483.5,194.0,894.1,321.0,1,0.944,338.0,1,0.932,801.5,1,1.000,0.804,4,1,69,VERDE,198.4,217.5,0.000,1,60.0,,69.3
2548.321395,AVOID_PASS,manteniendo rumbo mientras pasa el pilar 69,25,-2.67,171.20,PISTA,OK,2,1476.5,1476.5,421.9,894.3,331.4,1,0.917,349.0,1,0.890,812.5,1,1.000,0.218,4,2,69,VERDE,198.9,206.8,0.000,1,70.1,,105.1
2548.420597,AVOID_PASS,manteniendo rumbo mientras pasa el pilar 69,25,-6.67,170.99,PISTA,OK,2,1467.0,1467.0,173.0,893.3,341.3,1,0.944,359.0,1,0.890,825.0,1,1.000,0.805,4,2,69,VERDE,197.1,199.4,0.000,1,80.0,,69.1
2548.522203,AVOID_PASS,manteniendo rumbo mientras pasa el pilar 69,25,-10.67,170.75,AZUL,OK,2,1456.5,1456.5,171.0,892.7,351.9,1,0.944,370.0,1,0.959,833.5,1,1.000,0.805,4,2,69,VERDE,196.5,190.5,0.000,1,90.2,,38.2
2548.619495,AVOID_PASS,manteniendo rumbo mientras pasa el pilar 69,25,-6.67,170.65,AZUL,OK,2,1450.8,1450.8,329.9,891.7,361.4,1,0.972,380.0,1,0.904,843.5,1,1.000,0.224,4,2,69,VERDE,196.0,181.0,0.000,1,99.9,,69.0
2548.719709,AVOID_PASS,manteniendo rumbo mientras pasa el pilar 69,25,-10.67,170.52,AZUL,OK,2,1442.5,1442.5,163.5,891.2,370.9,1,0.972,390.0,1,0.932,852.0,1,1.000,0.805,5,2,69,VERDE,195.4,173.2,0.000,1,109.9,,103.2
2548.820630,AVOID_PASS,manteniendo rumbo mientras pasa el pilar 69,25,-12.44,169.74,PISTA,OK,2,2099.0,2099.0,161.5,890.0,385.2,1,0.972,405.0,1,0.959,858.0,1,1.000,0.807,5,2,69,VERDE,191.2,166.0,0.000,1,120.0,,70.0
2548.920540,AVOID_PASS,manteniendo rumbo mientras pasa el pilar 69,25,-8.44,169.06,PISTA,OK,2,2091.0,2091.0,272.5,885.0,802.5,1,0.972,960.5,1,0.918,864.0,1,1.000,0.227,5,2,69,VERDE,189.2,158.2,0.100,1,130.0,,104.6
2549.019924,AVOID_PASS,manteniendo rumbo mientras pasa el pilar 69,25,-4.44,168.11,PISTA,OK,2,2080.0,2080.0,434.3,887.4,804.0,1,1.000,964.5,1,0.945,870.5,1,1.000,0.206,5,2,69,VERDE,184.9,152.6,0.000,1,139.9,,70.6
2549.122447,AVOID_PASS,manteniendo rumbo mientras pasa el pilar 69,25,-8.44,167.56,PISTA,OK,2,2072.0,2072.0,145.0,886.4,804.8,1,1.000,986.0,1,0.918,875.0,1,1.000,0.810,6,2,69,VERDE,177.9,147.8,0.000,1,150.2,,38.9
2549.218999,AVOID_PASS,manteniendo rumbo mientras pasa el pilar 69,25,-7.03,166.59,PISTA,OK,2,2064.0,2064.0,179.7,884.0,805.4,1,1.000,1001.0,1,0.890,877.2,1,1.000,0.205,6,2,69,VERDE,175.3,141.1,0.097,1,159.8,,68.4
2549.318946,AVOID_PASS,manteniendo rumbo mientras pasa el pilar 69,25,-11.03,165.63,PISTA,OK,2,1118.0,2054.0,142.5,883.2,807.3,1,0.972,1021.0,1,0.863,877.5,1,1.000,0.199,6,2,69,VERDE,172.9,134.1,0.196,1,169.8,,103.5
2549.419733,AVOID_PASS,manteniendo rumbo mientras pasa el pilar 69,25,-7.03,164.83,PISTA,OK,2,1084.5,2045.0,204.9,882.2,811.4,1,0.972,1034.5,1,0.863,875.8,1,1.000,0.217,6,2,69,VERDE,171.9,125.3,0.297,1,179.9,,70.4
2549.519711,AVOID_PASS,manteniendo rumbo mientras pasa el pilar 69,25,-3.03,164.36,PISTA,OK,2,1075.5,2037.0,220.0,881.5,815.9,1,0.972,279.0,1,0.822,879.8,1,1.000,0.223,6,2,69,VERDE,170.1,117.8,0.397,1,189.9,,36.1
2549.619015,AVOID_PASS,manteniendo rumbo mientras pasa el pilar 69,25,0.97,163.35,PISTA,OK,2,1066.0,2030.0,210.4,880.5,814.2,1,0.972,239.0,1,0.822,875.8,1,1.000,0.224,6,2,69,VERDE,170.1,117.8,0.397,0,199.8,,69.4
2549.719184,AVOID_PASS,manteniendo rumbo mientras pasa el pilar 69,25,-1.60,162.43,PISTA,OK,2,1056.0,2021.0,191.5,882.2,818.3,1,1.000,155.5,1,0.726,877.8,1,1.000,0.227,6,2,69,VERDE,170.1,117.8,0.397,0,209.9,,103.7
2549.818470,AVOID_PASS,manteniendo rumbo mientras pasa el pilar 69,25,-4.24,161.80,PISTA,OK,2,1047.5,2014.0,180.7,881.7,818.9,1,1.000,135.5,1,0.753,879.8,1,1.000,0.224,6,2,69,VERDE,170.1,117.8,0.397,0,219.8,,69.4
2549.919351,AVOID_PASS,manteniendo rumbo mientras pasa el pilar 69,25,-4.17,161.56,PISTA,OK,2,1035.5,2008.0,180.5,880.9,825.3,1,0.972,134.0,1,0.753,877.0,1,1.000,0.220,6,2,69,VERDE,170.1,117.8,0.397,0,229.9,,103.5
2550.018033,AVOID_PASS,manteniendo rumbo mientras pasa el pilar 69,25,-8.17,160.96,PISTA,OK,2,1027.5,1985.0,160.8,881.0,830.6,1,1.000,129.0,1,0.877,877.2,1,1.000,0.223,6,2,69,VERDE,170.1,117.8,0.397,0,239.7,,66.9
2550.117513,AVOID_PASS,manteniendo rumbo mientras pasa el pilar 69,25,-10.94,160.32,PISTA,OK,2,1018.0,1979.0,155.5,879.8,831.0,1,0.944,133.5,1,0.808,877.8,1,1.000,0.225,6,2,69,VERDE,170.1,117.8,0.397,0,249.7,,102.2
2550.216855,AVOID_PASS,manteniendo rumbo mientras pasa el pilar 69,25,-12.25,159.68,PISTA,OK,2,1007.0,1961.5,150.6,879.6,839.2,1,1.000,133.8,1,0.959,877.0,1,1.000,0.223,5,2,69,VERDE,170.1,117.8,0.397,0,259.6,,63.8
2550.317017,AVOID_PASS,manteniendo rumbo mientras pasa el pilar 69,25,-13.78,159.26,NARANJA,OK,2,996.5,1977.5,145.3,879.1,843.3,1,0.972,140.5,1,0.959,874.8,1,1.000,0.219,5,2,69,VERDE,170.1,117.8,0.397,0,269.6,,101.5
2550.416674,AVOID_PASS,manteniendo rumbo mientras pasa el pilar 69,25,-16.37,158.50,NARANJA,OK,2,988.5,1815.0,136.6,875.9,848.8,1,1.000,144.0,1,0.959,875.5,1,1.000,0.221,4,1,69,VERDE,170.1,117.8,0.397,0,279.6,,67.6
2550.516153,AVOID_PASS,manteniendo rumbo mientras pasa el pilar 69,25,-13.04,157.67,PISTA,OK,2,978.0,1768.5,146.6,878.9,847.6,1,0.972,147.0,1,0.945,875.5,1,1.000,0.215,4,1,69,VERDE,170.1,117.8,0.397,0,289.6,,99.7
2550.620785,AVOID_PASS,manteniendo rumbo mientras pasa el pilar 69,25,-9.04,156.54,PISTA,OK,2,969.0,1734.5,165.1,880.6,854.4,1,1.000,150.5,1,0.986,877.8,1,1.000,0.768,2,1,69,VERDE,170.1,117.8,0.397,0,300.0,,71.6
2550.717048,AVOID_PASS,manteniendo rumbo mientras pasa el pilar 69,25,-5.04,155.07,PISTA,OK,2,955.5,955.5,172.7,882.4,851.5,1,1.000,157.0,1,0.932,883.2,1,1.000,0.741,2,1,69,VERDE,170.1,117.8,0.397,0,309.6,,101.5
2550.816987,AVOID_PASS,manteniendo rumbo mientras pasa el pilar 69,25,-1.04,154.36,PISTA,OK,2,945.5,1576.5,181.7,884.1,852.5,1,1.000,163.5,1,0.918,882.2,1,1.000,0.736,3,1,69,VERDE,170.1,117.8,0.397,0,319.6,,66.3
2550.916417,RECENTER,reincorporacion tras 330 mm de sobrepaso estimado,25,-5.04,152.82,PISTA,OK,2,935.5,1520.0,189.6,886.5,849.5,1,1.000,168.0,1,0.959,889.0,1,1.000,0.760,3,2,69,VERDE,170.1,117.8,0.397,0,329.6,,101.3
2551.015509,RECENTER,reincorporando por posicion lateral,25,-9.04,151.72,PISTA,OK,2,926.0,1448.0,196.5,885.4,850.7,1,0.972,173.2,1,0.932,901.0,1,0.986,0.765,3,2,69,VERDE,170.1,117.8,0.397,0,329.6,,66.5
2551.117512,RECENTER,reincorporando por posicion lateral,25,-13.04,150.97,PISTA,OK,2,919.0,1439.0,202.5,881.3,857.7,1,0.944,177.5,1,0.904,126.0,1,0.986,0.809,3,2,69,VERDE,170.1,117.8,0.397,0,329.6,,102.6
2551.214743,RECENTER,reincorporando por posicion lateral,25,-17.04,150.61,PISTA,OK,2,909.5,1392.5,207.8,876.4,863.4,1,1.000,182.0,1,0.973,121.5,1,0.959,0.797,3,2,69,VERDE,170.1,117.8,0.397,0,329.6,,65.7
2551.314252,RECENTER,reincorporando por posicion lateral,25,-20.00,149.96,PISTA,OK,2,899.5,1387.5,213.4,871.8,867.9,1,0.972,185.0,1,0.945,118.0,1,0.973,0.780,3,2,69,VERDE,170.1,117.8,0.397,0,329.6,,85.2
2551.414093,RECENTER,reincorporando por posicion lateral,25,-16.00,148.72,PISTA,OK,2,890.5,1368.0,221.7,731.9,872.4,1,0.889,189.5,1,0.890,114.0,1,0.986,0.213,3,2,69,VERDE,170.1,117.8,0.397,0,329.6,,62.9
2551.513345,RECENTER,reincorporando por posicion lateral,25,-12.00,147.05,PISTA,OK,2,881.5,1306.0,232.0,724.2,875.1,1,0.944,198.0,1,0.918,111.0,1,0.973,0.216,4,2,69,VERDE,170.1,117.8,0.397,0,329.6,,85.6
2551.613726,RECENTER,reincorporando por posicion lateral,25,-16.00,146.25,PISTA,OK,2,881.5,1254.5,244.5,828.9,186.4,1,0.917,204.5,1,0.932,104.0,1,0.959,0.489,4,2,69,VERDE,170.1,117.8,0.397,0,329.6,,64.6
2551.716449,RECENTER,reincorporando por posicion lateral,25,-12.00,144.43,PISTA,OK,2,1218.5,1218.5,257.0,798.0,192.9,1,1.000,212.5,1,0.986,98.0,1,0.986,0.245,4,2,69,VERDE,170.1,117.8,0.397,0,329.6,,88.1
2551.813787,RECENTER,reincorporando por posicion lateral,25,-8.00,142.88,PISTA,OK,2,1147.5,1147.5,269.6,772.6,191.3,1,0.944,220.5,1,0.945,94.0,1,0.959,0.221,4,2,69,VERDE,170.1,117.8,0.397,0,329.6,,64.4
2551.913730,RECENTER,reincorporando por posicion lateral,25,-4.00,142.01,PISTA,OK,2,1121.0,1121.0,285.2,752.4,200.3,1,0.944,226.5,1,0.945,90.5,1,0.986,0.220,4,2,69,VERDE,170.1,117.8,0.397,0,329.6,,88.9
2552.013616,RECENTER,reincorporando por posicion lateral,25,0.00,140.24,PISTA,OK,2,1056.5,1056.5,302.6,733.1,201.5,1,1.000,233.5,1,0.986,88.0,1,0.973,0.218,4,2,69,VERDE,170.1,117.8,0.397,0,329.6,,62.9
2552.113164,RECENTER,reincorporando por posicion lateral,25,4.00,138.47,PISTA,OK,2,1024.5,1024.5,320.3,717.0,204.0,1,1.000,244.0,1,0.986,89.0,1,0.973,0.217,3,1,69,VERDE,170.1,117.8,0.397,0,329.6,,85.1
2552.212647,RECENTER,reincorporando por posicion lateral,25,8.00,137.30,PISTA,OK,2,997.5,997.5,333.5,677.1,208.9,1,0.972,249.5,1,0.959,85.8,1,0.945,0.214,3,1,69,VERDE,170.1,117.8,0.397,0,329.6,,63.8
2552.312057,RECENTER,reincorporando por posicion lateral,25,12.00,136.68,PISTA,OK,2,967.5,967.5,346.6,675.2,215.8,1,0.944,257.0,1,0.973,89.5,1,0.932,0.199,3,1,69,VERDE,170.1,117.8,0.397,0,329.6,,83.8
2552.411313,RECENTER,reincorporando por posicion lateral,25,16.00,136.67,PISTA,OK,2,958.5,958.5,355.2,680.2,219.5,1,0.944,263.0,1,0.959,93.5,1,0.918,0.202,4,1,69,VERDE,170.1,117.8,0.397,0,329.6,,60.9
2552.511226,RECENTER,reincorporando por posicion lateral,25,20.00,136.85,PISTA,OK,2,944.5,944.5,361.8,667.1,224.0,1,0.944,268.0,1,0.945,97.5,1,0.932,0.199,4,1,69,VERDE,170.1,117.8,0.397,0,329.6,,78.7
2552.610275,RECENTER,reincorporando por posicion lateral,25,21.13,137.61,PISTA,OK,2,946.5,946.5,363.5,671.3,228.5,1,0.972,273.5,1,0.973,102.0,1,0.945,0.197,4,1,69,VERDE,170.1,117.8,0.397,0,329.6,,61.1
2552.709768,RECENTER,reincorporando por posicion lateral,25,17.13,138.97,PISTA,OK,2,957.0,957.0,362.6,916.9,232.2,1,0.944,276.0,1,0.973,109.5,1,0.945,0.780,5,1,69,VERDE,170.1,117.8,0.397,0,329.6,,81.4
2552.809485,RECENTER,reincorporando por posicion lateral,25,13.13,139.74,PISTA,OK,2,973.0,973.0,356.7,880.7,239.2,1,1.000,279.2,1,0.973,117.0,1,0.945,0.896,4,1,69,VERDE,170.1,117.8,0.397,0,329.6,,59.2
2552.912347,RECENTER,reincorporando por posicion lateral,25,9.13,141.42,PISTA,OK,2,990.5,990.5,348.7,858.7,242.9,1,0.972,281.5,1,0.959,125.5,1,0.973,0.921,4,1,69,VERDE,170.1,117.8,0.397,0,329.6,,79.3
2553.011121,RECENTER,reincorporando por posicion lateral,25,5.13,143.06,PISTA,OK,2,1022.0,1022.0,341.1,836.5,250.3,1,0.972,279.8,1,0.986,135.5,1,0.945,0.930,4,1,69,VERDE,170.1,117.8,0.397,0,329.6,,62.8
2553.111117,RECENTER,reincorporando por posicion lateral,25,1.13,145.03,PISTA,OK,2,1058.5,1058.5,335.1,817.3,254.3,1,1.000,280.2,1,1.000,142.5,1,0.945,0.929,4,1,69,VERDE,170.1,117.8,0.397,0,329.6,,80.2
2553.212876,RECENTER,reincorporando por posicion lateral,24,-2.87,145.93,PISTA,OK,2,741.5,1103.5,330.6,801.3,256.4,1,0.944,280.2,1,0.986,153.0,1,0.932,0.926,4,1,69,VERDE,170.1,117.8,0.397,0,329.6,,59.5
2553.312832,RECENTER,reincorporando por posicion lateral,24,-6.87,147.14,PISTA,OK,2,727.5,1120.0,330.1,790.3,135.6,1,0.944,282.5,1,0.986,162.8,1,0.986,0.914,4,1,69,VERDE,170.1,117.8,0.397,0,329.6,,79.5
2553.413689,RECENTER,reincorporando por posicion lateral,23,-10.87,147.69,PISTA,OK,2,718.5,1134.5,333.1,780.4,141.1,1,0.972,285.0,1,0.986,171.8,1,0.986,0.878,4,1,69,VERDE,170.1,117.8,0.397,0,329.6,,65.3
2553.515145,RECENTER,reincorporando por posicion lateral,23,-14.87,148.00,PISTA,OK,2,707.0,1144.5,335.6,773.7,148.7,1,0.917,288.8,1,0.986,178.5,1,0.973,0.865,4,1,69,VERDE,170.1,117.8,0.397,0,329.6,,86.0
2553.616190,RECENTER,reincorporando por posicion lateral,23,-18.87,147.75,PISTA,OK,2,701.5,1141.0,342.7,769.5,152.8,1,0.972,294.5,1,0.986,186.0,1,0.986,0.847,3,1,69,VERDE,170.1,117.8,0.397,0,329.6,,67.5
2553.716592,RECENTER,reincorporando por posicion lateral,23,-20.00,147.07,PISTA,OK,2,696.0,1125.5,351.4,768.3,159.2,1,0.972,301.5,1,0.973,191.8,1,0.973,0.851,3,1,69,VERDE,170.1,117.8,0.397,0,329.6,,101.7
2553.816363,RECENTER,reincorporando por posicion lateral,25,-20.00,145.96,PISTA,OK,2,1104.0,1104.0,361.4,767.0,165.9,1,0.944,307.0,1,0.986,199.2,1,0.986,0.823,3,1,69,VERDE,170.1,117.8,0.397,0,329.6,,67.3
2553.916312,RECENTER,reincorporando por posicion lateral,25,-20.00,144.27,PISTA,OK,2,1060.5,1060.5,375.8,769.3,170.8,1,0.944,313.5,1,0.986,204.5,1,0.973,0.748,3,1,69,VERDE,170.1,117.8,0.397,0,329.6,,102.2
2554.015770,RECENTER,reincorporando por posicion lateral,25,-20.00,143.50,PISTA,OK,2,1018.5,1018.5,403.0,773.1,174.9,1,0.917,322.2,1,0.986,212.0,1,0.959,0.383,3,1,69,VERDE,170.1,117.8,0.397,0,329.6,,66.0
2554.115094,RECENTER,reincorporando por posicion lateral,25,-20.00,141.70,PISTA,OK,2,979.5,979.5,418.5,775.4,179.0,1,0.972,330.5,1,1.000,217.5,1,0.973,0.450,2,1,69,VERDE,170.1,117.8,0.397,0,329.6,,100.4
2554.220689,RECENTER,reincorporando por posicion lateral,25,-20.00,139.92,PISTA,OK,2,940.2,940.2,426.5,779.2,183.1,1,0.972,337.2,1,0.973,222.0,1,1.000,0.658,3,1,69,VERDE,170.1,117.8,0.397,0,329.6,,70.1
2554.315193,RECENTER,reincorporando por posicion lateral,25,-19.13,138.04,PISTA,OK,2,902.0,902.0,445.4,779.5,187.2,1,0.972,347.0,1,1.000,228.0,1,0.973,0.634,3,1,69,VERDE,170.1,117.8,0.397,0,329.6,,100.3
2554.413402,RECENTER,reincorporando por posicion lateral,25,-16.63,137.27,PISTA,OK,2,878.5,878.5,464.2,775.1,192.5,1,0.972,354.5,1,1.000,235.0,1,0.959,0.546,3,1,69,VERDE,170.1,117.8,0.397,0,329.6,,65.2
2554.512593,RECENTER,reincorporando por posicion lateral,25,-13.82,135.58,PISTA,OK,2,857.5,857.5,486.2,775.4,195.6,1,0.972,361.5,1,1.000,238.0,1,0.973,0.467,3,1,69,VERDE,170.1,117.8,0.397,0,329.6,,84.3
2554.609522,RECENTER,reincorporando por posicion lateral,24,-10.88,133.79,PISTA,OK,2,815.5,815.5,510.3,773.3,200.3,1,0.972,369.0,1,1.000,244.5,1,0.986,0.337,3,1,69,VERDE,170.1,117.8,0.397,0,329.6,,62.0
2554.710728,RECENTER,reincorporando por posicion lateral,24,-8.62,132.08,PISTA,OK,2,783.5,783.5,528.7,778.4,204.0,1,0.944,377.0,1,1.000,248.0,1,0.959,0.308,3,1,69,VERDE,170.1,117.8,0.397,0,329.6,,81.5
2554.810005,CRUISE,reincorporacion verificada,24,-4.62,131.17,PISTA,OK,2,755.0,755.0,560.2,767.7,208.5,1,0.972,383.0,1,0.986,253.5,1,0.959,0.210,3,1,,,,,,0,329.6,,60.5
2554.909341,AVOID_APPROACH,pure-pursuit al punto de paso del pilar 77,24,-0.62,129.57,PISTA,OK,2,728.0,728.0,578.0,770.2,212.6,1,0.944,389.0,1,1.000,257.5,1,0.904,0.205,3,1,77,VERDE,-360.7,505.2,0.000,1,329.6,,75.5
2555.008809,AVOID_APPROACH,pure-pursuit al punto de paso del pilar 77,23,3.38,127.84,PISTA,OK,2,705.5,705.5,592.6,769.4,217.1,1,0.972,397.5,1,1.000,261.8,1,0.945,0.201,3,1,77,VERDE,-376.8,487.4,0.000,1,329.6,,59.0
2555.108799,AVOID_APPROACH,pure-pursuit al punto de paso del pilar 77,23,7.38,126.56,PISTA,OK,2,683.0,683.0,605.5,774.4,219.5,1,0.917,404.5,1,0.986,267.2,1,0.877,0.228,3,1,77,VERDE,-385.5,472.7,0.000,1,329.6,,75.5
2555.207658,AVOID_APPROACH,pure-pursuit al punto de paso del pilar 77,23,11.38,125.83,PISTA,OK,2,664.0,664.0,616.7,773.8,226.1,1,0.917,411.0,1,1.000,273.5,1,0.945,0.193,3,1,77,VERDE,-391.0,458.7,0.000,1,329.6,,58.8
2555.307676,AVOID_APPROACH,pure-pursuit al punto de paso del pilar 77,23,15.38,125.60,PISTA,OK,2,651.5,651.5,620.9,767.9,231.8,1,0.917,418.5,1,1.000,280.0,1,0.890,0.232,3,1,77,VERDE,-393.3,447.3,0.000,1,329.6,,81.0
2555.407112,AVOID_APPROACH,pure-pursuit al punto de paso del pilar 77,23,19.38,125.72,PISTA,OK,2,647.0,647.0,630.8,767.5,236.7,1,0.944,423.5,1,1.000,286.0,1,0.918,0.265,3,1,77,VERDE,-393.3,440.6,0.000,1,329.6,,58.3
2555.508603,AVOID_APPROACH,pure-pursuit al punto de paso del pilar 77,23,23.38,126.17,PISTA,OK,2,638.5,638.5,636.5,763.7,241.2,1,0.972,431.5,1,1.000,294.0,1,0.959,0.222,3,1,77,VERDE,-388.5,434.5,0.000,1,329.6,,80.5
2555.606155,AVOID_APPROACH,pure-pursuit al punto de paso del pilar 77,23,25.00,127.03,PISTA,OK,2,639.5,639.5,635.3,744.7,249.8,1,0.972,438.0,1,1.000,302.0,1,0.918,0.333,3,1,77,VERDE,-376.8,436.2,0.000,1,329.6,,57.4
2555.708391,AVOID_APPROACH,pure-pursuit al punto de paso del pilar 77,23,25.00,127.60,PISTA,OK,2,640.8,640.8,633.2,738.4,260.0,1,0.944,440.5,1,1.000,310.0,1,0.918,0.412,2,1,77,VERDE,-364.7,434.2,0.000,1,329.6,,83.9
2555.807239,AVOID_APPROACH,pure-pursuit al punto de paso del pilar 77,23,25.00,129.30,PISTA,OK,2,645.0,645.0,632.0,734.8,268.8,1,0.917,444.2,1,1.000,317.0,1,0.945,0.438,2,1,77,VERDE,-351.3,435.0,0.000,1,329.6,,57.7
2555.907404,AVOID_APPROACH,pure-pursuit al punto de paso del pilar 77,23,25.00,130.85,PISTA,OK,2,657.0,657.0,622.7,716.1,281.2,1,0.889,448.0,1,1.000,324.8,1,0.945,0.537,2,1,77,VERDE,-335.1,438.7,0.000,1,329.6,,78.1
2556.007320,AVOID_APPROACH,pure-pursuit al punto de paso del pilar 77,23,25.00,132.59,PISTA,OK,2,663.5,663.5,621.0,703.5,291.7,1,0.917,449.2,1,1.000,333.5,1,0.904,0.568,2,1,77,VERDE,-319.7,441.5,0.000,1,329.6,,57.9
2556.109361,AVOID_APPROACH,pure-pursuit al punto de paso del pilar 77,23,25.00,134.35,PISTA,OK,2,671.0,671.0,613.8,700.6,301.6,1,0.944,451.0,1,1.000,338.5,1,0.945,0.692,2,1,77,VERDE,-302.7,443.2,0.000,1,329.6,,83.1
2556.211174,AVOID_APPROACH,pure-pursuit al punto de paso del pilar 77,23,25.00,136.11,PISTA,OK,2,687.0,687.0,609.0,688.2,314.0,1,0.944,451.5,1,1.000,346.5,1,0.918,0.709,2,1,77,VERDE,-286.5,445.1,0.000,1,329.6,,61.7
2556.309878,AVOID_APPROACH,pure-pursuit al punto de paso del pilar 77,23,25.00,137.03,PISTA,OK,2,705.0,705.0,598.8,682.8,323.6,1,1.000,453.2,1,1.000,355.0,1,0.986,0.797,2,1,77,VERDE,-269.9,446.0,0.000,1,329.6,,81.8
2556.410629,AVOID_APPROACH,pure-pursuit al punto de paso del pilar 77,23,25.00,138.82,PISTA,OK,2,713.0,713.0,586.6,669.3,333.2,1,0.944,454.2,1,1.000,360.0,1,0.959,0.864,2,1,77,VERDE,-252.8,447.8,0.000,1,329.6,,63.1
2556.510693,AVOID_APPROACH,pure-pursuit al punto de paso del pilar 77,24,25.00,140.58,PISTA,OK,2,734.5,734.5,576.2,655.4,344.5,1,0.972,454.8,1,1.000,369.0,1,0.986,0.861,2,1,77,VERDE,-236.6,446.3,0.000,1,329.6,,81.0
2556.610503,AVOID_APPROACH,pure-pursuit al punto de paso del pilar 77,24,25.00,142.37,PISTA,OK,2,756.0,756.0,565.8,642.2,354.7,1,0.972,455.2,1,1.000,377.5,1,0.945,0.859,3,1,77,VERDE,-221.1,444.6,0.000,1,329.6,,60.1
2556.711077,AVOID_APPROACH,pure-pursuit al punto de paso del pilar 77,24,25.00,144.21,PISTA,OK,2,777.0,777.0,557.9,628.8,364.0,1,0.944,455.0,1,1.000,384.5,1,0.973,0.792,3,1,77,VERDE,-202.3,444.4,0.000,1,329.6,,83.1
2556.811470,AVOID_APPROACH,pure-pursuit al punto de paso del pilar 77,24,25.00,145.15,PISTA,OK,2,804.5,804.5,545.2,617.7,398.5,1,0.972,454.5,1,1.000,421.5,1,0.973,0.854,3,1,77,VERDE,-183.8,444.0,0.000,1,329.6,,63.8
2556.909533,AVOID_APPROACH,pure-pursuit al punto de paso del pilar 77,24,25.00,147.14,PISTA,OK,2,839.0,839.0,535.6,607.3,421.0,1,0.972,453.0,1,1.000,617.5,1,0.959,0.843,3,1,77,VERDE,-168.0,440.7,0.000,1,329.6,,83.0
2557.010666,AVOID_APPROACH,pure-pursuit al punto de paso del pilar 77,25,25.00,149.18,PISTA,OK,2,863.5,863.5,521.3,596.6,429.6,1,1.000,453.0,1,1.000,603.0,1,0.973,0.918,3,1,77,VERDE,-151.3,440.1,0.000,1,329.6,,60.2
2557.109743,AVOID_APPROACH,pure-pursuit al punto de paso del pilar 77,25,25.00,150.16,PISTA,OK,2,887.5,887.5,511.7,588.5,437.4,1,0.972,452.0,1,0.986,595.0,1,0.973,0.912,3,1,77,VERDE,-133.0,436.0,0.000,1,329.6,,82.2
2557.207218,AVOID_APPROACH,pure-pursuit al punto de paso del pilar 77,25,25.00,152.20,PISTA,OK,2,917.5,917.5,502.3,581.0,446.4,1,0.972,451.0,1,0.986,585.5,1,0.973,0.902,3,1,77,VERDE,-115.7,433.3,0.000,1,329.6,,59.5
2557.308681,AVOID_APPROACH,pure-pursuit al punto de paso del pilar 77,21,25.00,154.32,PISTA,OK,2,444.0,968.5,516.2,574.5,458.3,1,1.000,448.5,1,1.000,575.5,1,0.986,0.326,3,1,77,VERDE,-96.7,428.5,0.000,1,329.6,,80.9
2557.408569,AVOID_APPROACH,pure-pursuit al punto de paso del pilar 77,21,25.00,155.36,PISTA,OK,2,434.0,1029.0,513.7,569.2,462.8,1,1.000,448.0,1,1.000,571.0,1,0.973,0.221,3,1,77,VERDE,-80.9,425.7,0.000,1,329.6,,60.1
2557.507988,AVOID_APPROACH,pure-pursuit al punto de paso del pilar 77,21,25.00,156.94,PISTA,OK,2,424.0,1063.0,507.3,565.1,468.6,1,0.944,445.8,1,0.973,563.0,1,0.973,0.220,3,1,77,VERDE,-67.0,420.2,0.000,1,329.6,,78.9
2557.607722,AVOID_APPROACH,pure-pursuit al punto de paso del pilar 77,21,25.00,158.50,PISTA,OK,2,416.5,1118.5,498.1,561.8,475.9,1,1.000,444.2,1,1.000,557.0,1,0.959,0.221,3,1,77,VERDE,-51.6,416.6,0.000,1,329.6,,59.6
2557.708420,AVOID_APPROACH,pure-pursuit al punto de paso del pilar 77,21,25.00,160.27,PISTA,OK,2,410.5,1451.5,464.0,559.4,482.9,1,0.972,441.5,1,0.986,556.2,1,0.973,0.849,3,1,77,VERDE,-37.4,412.9,0.000,1,329.6,,81.0
2557.806916,AVOID_APPROACH,pure-pursuit al punto de paso del pilar 77,21,25.00,161.94,PISTA,OK,2,404.0,1236.0,464.0,558.0,498.5,1,0.972,440.2,1,0.986,551.0,1,0.959,0.905,3,1,77,VERDE,-23.9,406.5,0.000,1,329.6,,56.0
2557.906775,AVOID_APPROACH,pure-pursuit al punto de paso del pilar 77,21,25.00,162.67,PISTA,OK,2,398.5,1310.0,458.2,556.3,509.5,1,0.972,438.5,1,0.986,549.0,1,0.945,0.892,3,1,77,VERDE,-17.7,400.5,0.000,1,329.6,,79.0
2558.006401,AVOID_APPROACH,pure-pursuit al punto de paso del pilar 77,21,25.00,164.38,PISTA,OK,2,391.5,1423.0,453.5,555.6,513.2,1,0.944,435.5,1,0.973,544.5,1,0.959,0.897,4,1,77,VERDE,-10.1,394.1,0.000,1,329.6,,58.2
2558.106208,AVOID_APPROACH,pure-pursuit al punto de paso del pilar 77,21,24.69,166.08,PISTA,OK,2,387.5,387.5,448.4,555.7,534.7,1,0.972,434.5,1,0.986,543.5,1,0.986,0.897,4,1,77,VERDE,1.6,385.9,0.100,1,329.6,,79.6
2558.206029,AVOID_APPROACH,pure-pursuit al punto de paso del pilar 77,21,24.48,167.75,PISTA,OK,2,388.5,1409.5,444.0,556.3,531.2,1,0.972,431.5,1,1.000,545.0,1,0.986,0.888,4,2,77,VERDE,7.1,377.4,0.200,1,329.6,,58.3
2558.306355,AVOID_APPROACH,pure-pursuit al punto de paso del pilar 77,21,23.56,168.59,PISTA,OK,2,381.0,1405.0,439.3,556.7,539.8,1,0.917,429.0,1,0.932,544.5,1,0.986,0.891,4,2,77,VERDE,18.3,368.6,0.300,1,329.6,,78.2
2558.406972,AVOID_APPROACH,pure-pursuit al punto de paso del pilar 77,20,22.60,170.32,PISTA,OK,2,374.5,1399.0,434.7,558.1,555.8,1,0.917,426.0,1,0.959,546.2,1,0.959,0.879,4,2,77,VERDE,29.4,359.4,0.401,1,329.6,,58.4
2558.507515,AVOID_APPROACH,pure-pursuit al punto de paso del pilar 83,20,18.60,172.04,PISTA,OK,2,369.0,1394.5,430.6,560.2,567.7,1,0.861,422.5,1,0.986,548.2,1,0.945,0.876,4,2,83,VERDE,57.8,369.6,0.000,1,329.6,,80.1
2558.608817,AVOID_APPROACH,pure-pursuit al punto de paso del pilar 83,20,16.58,172.83,PISTA,OK,2,365.5,1389.0,426.3,562.4,587.3,1,0.889,417.5,1,0.973,550.0,1,0.932,0.890,4,2,83,VERDE,71.1,362.4,0.000,1,329.6,,61.1
2558.708975,AVOID_APPROACH,pure-pursuit al punto de paso del pilar 83,20,15.22,174.36,PISTA,OK,2,358.5,1385.0,421.8,565.0,881.4,1,0.861,415.0,1,0.932,552.0,1,0.973,0.889,4,2,83,VERDE,82.7,353.8,0.000,1,329.6,,76.3
2558.808942,AVOID_APPROACH,pure-pursuit al punto de paso del pilar 83,25,13.08,176.12,PISTA,OK,2,1380.5,1380.5,418.8,569.0,834.3,1,0.889,412.0,1,0.959,556.8,1,0.973,0.894,4,2,83,VERDE,98.8,345.2,0.000,1,329.6,,61.5
2558.909444,AVOID_APPROACH,pure-pursuit al punto de paso del pilar 83,25,11.50,177.76,PISTA,OK,2,1376.8,1376.8,414.5,573.2,798.7,1,0.944,409.5,1,0.973,561.0,1,0.986,0.890,3,2,83,VERDE,110.3,337.9,0.000,1,329.6,,80.5
2559.010172,AVOID_APPROACH,pure-pursuit al punto de paso del pilar 83,25,8.69,178.57,PISTA,OK,2,1370.5,1370.5,409.9,578.7,785.2,1,0.833,402.0,1,0.959,566.5,1,0.959,0.879,3,2,83,VERDE,128.6,329.4,0.000,1,329.6,,62.8
2559.110351,AVOID_APPROACH,pure-pursuit al punto de paso del pilar 83,25,5.85,180.65,PISTA,OK,2,1364.5,1364.5,405.2,584.4,747.1,1,0.917,398.5,1,0.945,570.5,1,0.973,0.874,3,2,83,VERDE,146.5,317.6,0.000,1,329.6,,79.1
2559.209723,AVOID_APPROACH,pure-pursuit al punto de paso del pilar 83,25,3.71,182.54,PISTA,OK,2,1354.5,1354.5,401.0,591.5,739.7,1,0.917,392.5,1,0.932,575.5,1,0.986,0.860,2,1,83,VERDE,159.2,305.5,0.000,1,329.6,,63.0
2559.310475,AVOID_APPROACH,pure-pursuit al punto de paso del pilar 83,25,1.74,184.27,PISTA,OK,2,1349.0,1349.0,397.1,599.6,723.3,1,0.917,388.0,1,0.918,581.5,1,0.986,0.869,2,1,83,VERDE,170.1,292.6,0.000,1,329.6,,81.3
2559.409170,AVOID_PASS,manteniendo rumbo mientras pasa el pilar 83,25,0.00,184.88,PISTA,OK,2,1340.0,1340.0,393.3,607.0,717.2,1,0.944,385.0,1,0.945,585.8,1,0.986,0.882,2,2,83,VERDE,173.3,279.8,0.000,1,0.0,,62.7
2559.509502,AVOID_PASS,manteniendo rumbo mientras pasa el pilar 83,25,-1.00,185.88,PISTA,OK,2,1331.0,1331.0,389.7,612.6,704.9,1,0.944,380.5,1,0.945,591.0,1,1.000,0.881,2,2,83,VERDE,183.1,269.1,0.000,1,10.0,,78.3
2559.609906,AVOID_PASS,manteniendo rumbo mientras pasa el pilar 83,25,-1.79,186.67,PISTA,OK,2,1322.5,1322.5,386.5,619.2,562.5,1,0.889,376.5,1,0.945,596.5,1,0.973,0.884,2,2,83,VERDE,187.1,255.7,0.000,1,20.1,,62.1
2559.711076,AVOID_PASS,manteniendo rumbo mientras pasa el pilar 83,25,-2.25,187.13,PISTA,OK,2,1314.0,1314.0,383.5,623.4,578.5,1,0.972,375.5,1,0.945,599.0,1,1.000,0.893,2,2,83,VERDE,191.4,244.6,0.000,1,30.2,,83.8
2559.807061,AVOID_PASS,manteniendo rumbo mientras pasa el pilar 83,25,-2.57,187.45,PISTA,OK,2,1305.0,1305.0,380.9,628.3,585.9,1,0.944,371.0,1,0.918,602.5,1,0.986,0.892,2,2,83,VERDE,192.4,234.7,0.000,1,39.8,,60.6
2559.909017,AVOID_PASS,manteniendo rumbo mientras pasa el pilar 83,25,-2.66,187.54,PISTA,OK,2,1295.0,1295.0,378.2,631.2,701.8,1,0.889,371.0,1,0.932,605.5,1,0.986,0.894,2,2,83,VERDE,193.9,224.8,0.000,1,50.0,,81.2
2560.007951,AVOID_PASS,manteniendo rumbo mientras pasa el pilar 83,25,-2.88,187.76,PISTA,OK,2,1288.5,1288.5,375.9,634.2,706.9,1,0.889,367.2,1,0.945,606.5,1,1.000,0.898,2,2,83,VERDE,195.0,217.6,0.000,1,59.9,,61.2
2560.107730,AVOID_PASS,manteniendo rumbo mientras pasa el pilar 83,25,-3.02,187.90,PISTA,OK,2,1278.0,1278.0,372.7,638.0,706.3,1,0.917,364.5,1,0.932,611.0,1,1.000,0.891,2,2,83,VERDE,196.9,205.4,0.000,1,69.9,,79.8
2560.208810,AVOID_PASS,manteniendo rumbo mientras pasa el pilar 83,25,-3.14,188.02,PISTA,OK,2,1270.0,1270.0,369.7,641.1,708.2,1,0.917,363.5,1,0.932,613.5,1,0.986,0.887,2,2,83,VERDE,196.0,197.7,0.000,1,80.0,,59.8
2560.307083,AVOID_PASS,manteniendo rumbo mientras pasa el pilar 83,25,-3.18,188.06,PISTA,OK,2,1260.0,1260.0,367.5,643.6,705.9,1,0.944,358.0,1,0.918,616.5,1,1.000,0.886,2,2,83,VERDE,198.0,187.6,0.000,1,89.8,,78.1
2560.406517,AVOID_PASS,manteniendo rumbo mientras pasa el pilar 83,25,-3.22,188.10,PISTA,OK,2,1251.0,1251.0,363.9,646.3,710.8,1,0.944,353.0,1,0.918,618.0,1,0.986,0.883,2,2,83,VERDE,197.1,178.0,0.000,1,99.7,,56.4
2560.507946,AVOID_PASS,manteniendo rumbo mientras pasa el pilar 83,25,-3.26,188.14,PISTA,OK,2,1242.5,1242.5,361.9,649.7,711.8,1,0.972,351.5,1,0.918,621.8,1,1.000,0.872,2,2,83,VERDE,196.7,169.0,0.000,1,109.9,,78.0
2560.607776,AVOID_PASS,manteniendo rumbo mientras pasa el pilar 83,25,-3.29,188.17,PISTA,OK,2,1233.0,1233.0,359.2,649.8,720.9,1,0.917,347.8,1,0.918,624.0,1,0.986,0.826,2,2,83,VERDE,196.8,158.9,0.100,1,119.9,,61.4
2560.707508,AVOID_PASS,manteniendo rumbo mientras pasa el pilar 83,25,-3.28,188.16,PISTA,OK,2,1225.0,1225.0,356.1,650.5,721.3,1,0.972,346.2,1,0.932,626.2,1,1.000,0.801,2,2,83,VERDE,196.8,149.0,0.200,1,129.8,,79.4
2560.808200,AVOID_PASS,manteniendo rumbo mientras pasa el pilar 83,25,-3.26,188.14,PISTA,OK,2,1214.5,1214.5,353.0,651.1,719.8,1,0.944,344.5,1,0.932,628.5,1,0.986,0.773,2,2,83,VERDE,196.7,139.0,0.300,1,139.9,,61.5
2560.908056,AVOID_PASS,manteniendo rumbo mientras pasa el pilar 83,25,-3.26,188.14,PISTA,OK,2,1205.0,1205.0,350.6,659.0,720.0,1,0.972,341.8,1,0.904,631.8,1,1.000,0.858,2,2,83,VERDE,196.7,129.0,0.400,1,149.9,,79.8
2561.006405,AVOID_PASS,manteniendo rumbo mientras pasa el pilar 83,25,-3.20,188.08,PISTA,OK,2,1196.0,1196.0,347.8,660.4,727.4,1,0.944,338.5,1,0.932,633.8,1,1.000,0.845,2,2,83,VERDE,193.3,123.5,0.000,1,159.7,,59.0
2561.107450,AVOID_PASS,manteniendo rumbo mientras pasa el pilar 83,25,-3.19,188.07,PISTA,OK,2,1187.5,1187.5,344.9,651.3,739.3,1,1.000,337.0,1,0.973,636.5,1,1.000,0.682,3,2,83,VERDE,193.3,113.5,0.101,1,169.8,,80.1
2561.205383,AVOID_PASS,manteniendo rumbo mientras pasa el pilar 83,25,-3.20,188.08,PISTA,OK,2,1178.0,1178.0,342.1,666.0,732.3,1,1.000,333.0,1,0.959,638.5,1,1.000,0.819,3,2,83,VERDE,193.3,103.6,0.199,1,179.6,,57.2
2561.305506,AVOID_PASS,manteniendo rumbo mientras pasa el pilar 83,25,-3.22,188.10,PISTA,OK,2,1169.0,1169.0,338.7,668.3,732.7,1,0.972,329.5,1,0.945,641.0,1,1.000,0.812,3,2,83,VERDE,193.3,93.5,0.299,1,189.6,,77.8
2561.406231,AVOID_PASS,manteniendo rumbo mientras pasa el pilar 83,25,-3.18,188.06,PISTA,OK,2,1159.5,1159.5,336.4,671.0,740.9,1,0.972,330.0,1,0.932,644.0,1,1.000,0.817,3,2,83,VERDE,193.3,83.6,0.400,1,199.7,,56.4
2561.506487,AVOID_PASS,manteniendo rumbo mientras pasa el pilar 83,25,-3.20,188.08,PISTA,OK,2,1151.0,1151.0,333.7,673.3,735.4,1,0.917,326.0,1,0.918,645.8,1,0.986,0.805,3,2,83,VERDE,193.3,83.6,0.400,0,209.7,,80.4
2561.606247,AVOID_PASS,manteniendo rumbo mientras pasa el pilar 83,25,-3.17,188.05,PISTA,OK,2,1140.5,1140.5,330.3,676.1,737.9,1,0.944,324.0,1,0.918,648.2,1,1.000,0.796,3,2,83,VERDE,193.3,83.6,0.400,0,219.7,,56.2
2561.705530,AVOID_PASS,manteniendo rumbo mientras pasa el pilar 83,25,-3.14,188.02,PISTA,OK,2,1132.5,1132.5,327.4,679.1,734.8,1,0.917,321.0,1,0.877,650.2,1,0.986,0.805,3,2,83,VERDE,193.3,83.6,0.400,0,229.6,,76.6
2561.805129,AVOID_PASS,manteniendo rumbo mientras pasa el pilar 83,25,-3.08,187.96,PISTA,OK,2,1122.0,1122.0,325.0,681.5,715.9,1,0.889,317.5,1,0.945,651.5,1,0.973,0.797,3,2,83,VERDE,193.3,83.6,0.400,0,239.6,,59.4
2561.905389,AVOID_PASS,manteniendo rumbo mientras pasa el pilar 83,25,-2.99,187.87,PISTA,OK,2,1113.0,1113.0,321.2,685.2,713.5,1,0.861,316.0,1,0.890,655.5,1,0.959,0.798,3,2,83,VERDE,193.3,83.6,0.400,0,249.6,,80.2
2562.005993,AVOID_PASS,manteniendo rumbo mientras pasa el pilar 83,25,-2.95,187.83,PISTA,OK,2,1105.0,1105.0,316.4,687.7,749.9,1,0.944,312.0,1,0.932,658.5,1,0.986,0.747,3,2,83,VERDE,193.3,83.6,0.400,0,259.7,,57.9
2562.106630,AVOID_PASS,manteniendo rumbo mientras pasa el pilar 83,25,-2.90,187.78,PISTA,OK,2,1093.5,1093.5,314.0,690.2,711.0,1,0.917,310.5,1,0.863,660.0,1,1.000,0.761,3,2,83,VERDE,193.3,83.6,0.400,0,269.7,,76.2
2562.205069,AVOID_PASS,manteniendo rumbo mientras pasa el pilar 83,25,-2.85,187.73,PISTA,OK,2,1085.5,1085.5,311.0,693.5,687.7,1,0.972,309.8,1,0.932,210.5,1,1.000,0.700,3,2,83,VERDE,193.3,83.6,0.400,0,279.6,,57.9
2562.306243,AVOID_PASS,manteniendo rumbo mientras pasa el pilar 83,25,-2.81,187.69,PISTA,OK,2,1077.5,1077.5,308.1,696.4,680.7,1,0.861,303.5,1,0.890,188.0,1,0.959,0.694,2,1,83,VERDE,193.3,83.6,0.400,0,289.7,,82.1
2562.405689,AVOID_PASS,manteniendo rumbo mientras pasa el pilar 83,25,-2.82,187.70,PISTA,OK,2,1068.5,1068.5,305.7,699.5,738.1,1,0.944,303.0,1,0.877,183.0,1,0.986,0.737,1,1,83,VERDE,193.3,83.6,0.400,0,299.7,,57.9
2562.505183,AVOID_PASS,manteniendo rumbo mientras pasa el pilar 83,25,-2.79,187.67,PISTA,OK,2,1057.0,1057.0,302.1,701.6,679.1,1,0.889,300.2,1,0.904,182.0,1,0.973,0.636,1,1,83,VERDE,193.3,83.6,0.400,0,309.6,,78.7
2562.603679,AVOID_PASS,manteniendo rumbo mientras pasa el pilar 83,25,-2.74,187.62,PISTA,OK,2,1046.5,1046.5,298.9,704.7,709.7,1,0.972,297.5,1,0.918,183.0,1,0.986,0.628,1,1,83,VERDE,193.3,83.6,0.400,0,319.5,,57.5
2562.703977,RECENTER,reincorporacion tras 329 mm de sobrepaso estimado,25,-6.74,187.62,PISTA,OK,2,1038.0,1038.0,297.1,707.3,662.3,1,0.889,297.5,1,0.904,185.2,1,0.959,0.639,1,1,83,VERDE,193.3,83.6,0.400,0,329.5,,82.4
2562.803136,RECENTER,reincorporando por posicion lateral,25,-10.74,187.66,PISTA,OK,2,1029.0,1029.0,293.4,712.3,671.7,1,0.917,291.5,1,0.863,185.5,1,1.000,0.620,2,1,83,VERDE,193.3,83.6,0.400,0,329.5,,56.8
2562.904441,RECENTER,reincorporando por posicion lateral,25,-14.74,187.73,PISTA,OK,2,1020.0,1020.0,290.1,715.3,671.3,1,0.944,289.0,1,0.932,187.5,1,0.986,0.569,2,1,83,VERDE,193.3,83.6,0.400,0,329.5,,81.9
2563.002308,RECENTER,reincorporando por posicion lateral,25,-18.74,187.52,PISTA,OK,2,1009.5,1009.5,288.3,716.8,685.8,1,0.944,286.8,1,0.904,188.0,1,0.973,0.613,3,1,83,VERDE,193.3,83.6,0.400,0,329.5,,56.2
2563.103640,RECENTER,reincorporando por posicion lateral,25,-20.00,186.67,PISTA,OK,2,999.5,999.5,285.5,714.4,625.8,1,0.889,286.0,1,0.877,190.8,1,1.000,0.615,3,1,83,VERDE,193.3,83.6,0.400,0,329.5,,80.9
2563.203145,RECENTER,reincorporando por posicion lateral,25,-20.00,185.34,PISTA,OK,2,990.0,990.0,284.0,709.7,611.9,1,0.833,286.0,1,0.890,190.5,1,0.973,0.627,3,1,83,VERDE,193.3,83.6,0.400,0,329.5,,54.5
2563.303220,RECENTER,reincorporando por posicion lateral,25,-20.00,183.60,PISTA,OK,2,979.5,979.5,282.5,709.7,589.0,1,0.861,286.0,1,0.904,193.0,1,0.986,0.561,3,1,83,VERDE,193.3,83.6,0.400,0,329.5,,80.8
2563.402653,RECENTER,reincorporando por posicion lateral,25,-20.00,182.76,PISTA,OK,2,970.0,970.0,283.0,705.7,541.5,1,0.778,288.0,1,0.877,192.0,1,0.959,0.585,3,1,83,VERDE,193.3,83.6,0.400,0,329.5,,55.8
2563.502312,RECENTER,reincorporando por posicion lateral,25,-20.00,180.94,PISTA,OK,2,961.5,961.5,282.3,700.7,532.0,1,0.778,291.0,1,0.877,192.0,1,0.932,0.559,3,1,83,VERDE,193.3,83.6,0.400,0,329.5,,80.4
2563.601833,RECENTER,reincorporando por posicion lateral,25,-16.00,179.33,PISTA,OK,2,952.0,952.0,393.3,696.0,509.1,1,0.833,296.2,1,0.877,191.2,1,0.945,0.215,3,1,83,VERDE,193.3,83.6,0.400,0,329.5,,53.4
2563.703383,RECENTER,reincorporando por posicion lateral,25,-12.00,178.43,PISTA,OK,2,941.5,941.5,424.4,692.0,490.7,1,0.861,297.2,1,0.877,190.8,1,0.959,0.213,3,1,83,VERDE,193.3,83.6,0.400,0,329.5,,83.3
2563.802618,RECENTER,reincorporando por posicion lateral,25,-8.00,176.74,PISTA,OK,2,931.0,931.0,442.9,687.6,485.8,1,0.806,301.0,1,0.808,190.2,1,0.890,0.215,3,1,83,VERDE,193.3,83.6,0.400,0,329.5,,56.7
2563.902569,CRUISE,reincorporacion verificada,25,-4.00,174.79,PISTA,OK,2,920.5,920.5,466.5,683.9,466.3,1,0.694,304.0,1,0.767,190.0,1,0.863,0.214,3,1,,,,,,0,329.5,,79.3
2564.001790,AVOID_PASS,manteniendo rumbo mientras pasa el pilar 79,25,0.00,173.07,PISTA,OK,2,911.0,911.0,288.1,678.8,437.0,1,0.806,307.0,1,0.795,187.2,1,0.877,0.449,3,1,79,ROJO,-343.1,257.4,0.000,1,0.0,,57.0
2564.102311,AVOID_PASS,manteniendo rumbo mientras pasa el pilar 79,25,1.61,171.46,PISTA,OK,2,904.0,904.0,447.0,675.7,440.6,1,0.861,313.8,1,0.808,186.5,1,0.918,0.231,4,1,79,ROJO,-350.5,237.6,0.000,1,10.1,,82.5
2564.201074,AVOID_PASS,manteniendo rumbo mientras pasa el pilar 79,25,2.06,171.01,PISTA,OK,2,895.5,895.5,437.6,672.7,421.5,1,0.944,319.5,1,0.863,187.0,1,0.904,0.232,4,1,79,ROJO,-355.8,224.0,0.000,1,19.9,,55.7
2564.300579,AVOID_PASS,manteniendo rumbo mientras pasa el pilar 79,25,2.82,170.25,PISTA,OK,2,884.5,884.5,427.7,671.4,419.0,1,0.861,324.0,1,0.849,190.0,1,0.877,0.230,4,1,79,ROJO,-358.1,210.6,0.000,1,29.9,,79.2
2564.399957,AVOID_PASS,manteniendo rumbo mientras pasa el pilar 79,25,3.42,169.65,PISTA,OK,2,876.5,876.5,438.5,669.8,412.9,1,0.917,329.2,1,0.808,191.2,1,0.932,0.230,4,1,79,ROJO,-362.6,201.2,0.000,1,39.8,,52.2
2564.500061,AVOID_PASS,manteniendo rumbo mientras pasa el pilar 79,25,3.87,169.20,PISTA,OK,2,867.0,867.0,451.5,668.1,414.1,1,0.833,336.2,1,0.795,194.8,1,0.904,0.226,4,1,79,ROJO,-363.2,190.4,0.000,1,49.8,,81.8
2564.598815,AVOID_PASS,manteniendo rumbo mientras pasa el pilar 79,25,4.07,169.00,PISTA,OK,2,859.0,859.0,456.8,667.5,413.5,1,0.861,337.2,1,0.808,198.5,1,0.904,0.224,4,1,79,ROJO,-364.3,179.0,0.000,1,59.7,,51.2
2564.698871,AVOID_PASS,manteniendo rumbo mientras pasa el pilar 79,25,4.39,168.68,PISTA,OK,2,849.5,849.5,446.1,666.5,414.3,1,0.833,341.8,1,0.740,203.0,1,0.932,0.225,4,1,79,ROJO,-363.6,166.1,0.000,1,69.7,,75.8
2564.798396,AVOID_PASS,manteniendo rumbo mientras pasa el pilar 79,24,4.62,168.45,PISTA,OK,2,840.0,840.0,535.1,665.4,414.5,1,0.833,348.8,1,0.781,208.2,1,0.959,0.194,3,1,79,ROJO,-364.2,160.5,0.000,1,79.7,,51.9
2564.898122,AVOID_PASS,manteniendo rumbo mientras pasa el pilar 79,24,4.81,168.26,PISTA,OK,2,830.0,830.0,459.3,664.0,428.2,1,0.806,357.8,1,0.726,214.0,1,0.932,0.224,3,1,79,ROJO,-363.8,146.9,0.000,1,89.2,,80.9
2564.997416,AVOID_PASS,manteniendo rumbo mientras pasa el pilar 79,24,4.90,168.17,PISTA,OK,2,822.0,822.0,431.6,663.1,411.4,1,0.861,364.5,1,0.781,218.0,1,0.973,0.227,3,1,79,ROJO,-363.4,141.6,0.000,1,98.8,,48.3
2565.097748,AVOID_PASS,manteniendo rumbo mientras pasa el pilar 79,24,5.08,167.99,PISTA,OK,2,810.5,810.5,451.3,662.6,411.6,1,0.833,376.2,1,0.795,223.2,1,0.918,0.222,3,1,79,ROJO,-363.4,127.2,0.000,1,108.4,,78.6
2565.196994,AVOID_PASS,manteniendo rumbo mientras pasa el pilar 79,24,5.21,167.86,PISTA,OK,2,802.5,802.5,451.5,658.5,423.1,1,0.889,382.2,1,0.836,228.2,1,0.904,0.222,4,1,79,ROJO,-364.3,121.6,0.000,1,117.9,,51.2
2565.297018,AVOID_PASS,manteniendo rumbo mientras pasa el pilar 79,24,5.35,167.72,PISTA,OK,2,792.0,792.0,493.7,658.7,411.0,1,0.833,387.2,1,0.767,235.2,1,0.932,0.202,4,1,79,ROJO,-363.4,112.8,0.000,1,127.5,,81.5
2565.396496,AVOID_PASS,manteniendo rumbo mientras pasa el pilar 79,24,5.38,167.69,PISTA,OK,2,782.5,782.5,489.2,658.2,410.6,1,0.861,385.5,1,0.795,240.8,1,0.904,0.207,4,1,79,ROJO,-361.4,105.7,0.000,1,137.1,,48.4
2565.496746,AVOID_PASS,manteniendo rumbo mientras pasa el pilar 79,24,5.46,167.61,PISTA,OK,2,774.5,774.5,623.6,658.9,413.1,1,0.778,392.5,1,0.699,248.5,1,0.890,0.193,4,1,79,ROJO,-363.9,100.4,0.000,1,146.7,,79.9
2565.597934,AVOID_PASS,manteniendo rumbo mientras pasa el pilar 79,24,5.57,167.50,PISTA,OK,2,764.0,764.0,512.0,658.4,414.9,1,0.750,395.2,1,0.740,255.2,1,0.890,0.215,4,1,79,ROJO,-362.3,91.4,0.000,1,156.4,,52.0
2565.699962,AVOID_PASS,manteniendo rumbo mientras pasa el pilar 79,24,5.64,167.43,PISTA,OK,2,756.5,756.5,523.0,654.5,413.9,1,0.778,402.2,1,0.726,261.5,1,0.877,0.215,4,1,79,ROJO,-363.3,82.5,0.000,1,166.2,,83.3
2565.799812,AVOID_PASS,manteniendo rumbo mientras pasa el pilar 79,24,5.71,167.36,PISTA,OK,2,747.5,747.5,620.9,658.9,417.6,1,0.806,406.8,1,0.781,267.0,1,0.918,0.204,4,1,79,ROJO,-361.2,70.1,0.000,1,175.8,,54.6
2565.899932,AVOID_PASS,manteniendo rumbo mientras pasa el pilar 79,24,5.73,167.34,PISTA,OK,2,737.0,737.0,614.5,658.2,415.1,1,0.861,409.5,1,0.808,275.5,1,0.890,0.209,4,1,79,ROJO,-359.9,62.0,0.000,1,185.4,,82.1
2566.000983,AVOID_PASS,manteniendo rumbo mientras pasa el pilar 79,24,5.74,167.33,PISTA,OK,2,729.5,729.5,616.5,657.3,417.8,1,0.806,419.5,1,0.808,283.0,1,0.890,0.200,4,1,79,ROJO,-362.8,59.1,0.000,1,195.1,,53.2
2566.099692,AVOID_PASS,manteniendo rumbo mientras pasa el pilar 79,23,5.77,167.30,AZUL,OK,2,721.0,721.0,593.3,656.7,420.8,1,0.889,424.0,1,0.836,288.5,1,0.918,0.205,4,1,79,ROJO,-358.8,53.6,0.000,1,204.6,,80.6
2566.200196,AVOID_PASS,manteniendo rumbo mientras pasa el pilar 79,23,5.76,167.31,PISTA,OK,2,711.0,711.0,642.4,655.3,413.3,1,0.833,434.0,1,0.822,294.8,1,0.904,0.209,4,1,79,ROJO,-358.7,42.4,0.000,1,213.8,,54.4
2566.300189,AVOID_PASS,manteniendo rumbo mientras pasa el pilar 79,23,5.75,167.32,PISTA,OK,2,701.5,701.5,626.5,655.1,300.6,1,0.778,439.5,1,0.753,303.8,1,0.904,0.206,3,1,79,ROJO,-358.7,34.2,0.000,1,223.0,,80.8
2566.399634,AVOID_PASS,manteniendo rumbo mientras pasa el pilar 79,23,5.74,167.33,PISTA,OK,2,694.0,694.0,642.5,654.1,281.4,1,0.833,351.5,1,0.808,309.5,1,0.918,0.208,3,1,79,ROJO,-358.0,25.7,0.000,1,232.2,,55.0
2566.499567,AVOID_PASS,manteniendo rumbo mientras pasa el pilar 79,23,5.73,167.34,PISTA,OK,2,686.0,686.0,688.6,653.2,283.0,1,0.750,349.0,1,0.781,317.5,1,0.877,0.210,3,1,79,ROJO,-357.2,19.7,0.000,1,241.4,,77.0
2566.598681,AVOID_PASS,manteniendo rumbo mientras pasa el pilar 79,23,5.71,167.36,PISTA,OK,2,677.5,677.5,704.1,652.3,283.4,1,0.778,351.0,1,0.753,324.0,1,0.932,0.196,2,1,79,ROJO,-358.1,9.5,0.000,1,250.5,,54.6
2566.698641,AVOID_PASS,manteniendo rumbo mientras pasa el pilar 79,23,5.67,167.40,PISTA,OK,2,668.5,668.5,680.7,651.5,285.9,1,0.861,349.5,1,0.822,331.8,1,0.945,0.226,2,1,79,ROJO,-354.9,0.9,0.000,1,259.7,,81.7
2566.799308,AVOID_PASS,manteniendo rumbo mientras pasa el pilar 79,23,5.64,167.43,PISTA,OK,2,659.5,659.5,702.0,650.6,281.4,1,0.750,347.5,1,0.890,338.5,1,0.890,0.212,2,1,79,ROJO,-353.9,-8.6,0.000,1,268.9,,53.1
2566.897865,AVOID_PASS,manteniendo rumbo mientras pasa el pilar 79,23,5.63,167.44,PISTA,OK,2,650.5,650.5,703.7,649.8,283.8,1,0.889,348.0,1,0.822,346.5,1,0.918,0.210,3,1,79,ROJO,-352.6,-16.8,0.000,1,278.0,,80.5
2566.997231,AVOID_PASS,manteniendo rumbo mientras pasa el pilar 79,23,5.63,167.44,PISTA,OK,2,642.5,642.5,718.6,649.3,290.4,1,0.833,347.5,1,0.822,353.2,1,0.945,0.208,3,1,79,ROJO,-350.0,-25.4,0.000,1,287.2,,53.4
2567.098446,AVOID_PASS,manteniendo rumbo mientras pasa el pilar 79,23,5.60,167.47,PISTA,OK,2,635.0,635.0,671.1,648.4,299.0,1,0.861,347.5,1,0.781,362.5,1,0.945,0.207,3,1,79,ROJO,-348.3,-35.0,0.000,1,296.5,,79.8
2567.196316,AVOID_PASS,manteniendo rumbo mientras pasa el pilar 79,23,5.58,167.49,PISTA,OK,2,626.5,626.5,711.8,647.9,303.9,1,0.917,348.5,1,0.836,368.0,1,0.945,0.205,3,1,79,ROJO,-347.6,-43.2,0.000,1,305.5,,49.4
2567.296431,AVOID_PASS,manteniendo rumbo mientras pasa el pilar 79,23,5.56,167.51,PISTA,OK,2,619.0,619.0,728.3,647.2,312.1,1,0.917,348.2,1,0.726,375.8,1,0.959,0.207,3,1,79,ROJO,-345.9,-50.4,0.000,1,314.7,,81.0
2567.395855,RECENTER,reincorporacion tras 324 mm de sobrepaso estimado,22,6.17,167.54,PISTA,OK,2,609.0,609.0,740.1,646.0,319.9,1,0.889,348.5,1,0.849,382.5,1,0.973,0.205,2,1,79,ROJO,-345.5,-58.2,0.000,1,323.8,,50.4
2567.497306,TURN,giro de esquina por IMU y reapertura frontal,22,25.00,167.59,PISTA,OK,2,601.0,601.0,736.0,645.2,327.3,1,0.861,350.0,1,0.740,390.0,1,0.945,0.210,2,1,,,,,,0,323.8,,82.6
2567.596976,TURN,giro de esquina por IMU y reapertura frontal,22,25.00,166.99,PISTA,OK,2,593.5,593.5,738.7,644.4,336.2,1,0.889,351.8,1,0.740,397.5,1,0.945,0.205,2,1,,,,,,0,323.8,,53.3
2567.695271,TURN,giro de esquina por IMU y reapertura frontal,22,25.00,166.81,PISTA,OK,2,585.5,585.5,741.4,642.7,340.4,1,0.917,352.0,1,0.795,402.0,1,0.973,0.208,2,1,,,,,,0,323.8,,77.7
2567.794627,TURN,giro de esquina por IMU y reapertura frontal,22,25.00,168.60,PISTA,OK,2,579.0,579.0,768.4,642.2,351.0,1,0.833,349.8,1,0.740,413.0,1,0.945,0.481,2,1,,,,,,0,323.8,,46.8
2567.894233,TURN,giro de esquina por IMU y reapertura frontal,22,25.00,170.48,PISTA,OK,2,572.5,572.5,708.9,643.6,365.2,1,0.778,348.5,1,0.795,419.0,1,0.918,0.607,2,1,,,,,,0,323.8,,75.4
2567.993589,TURN,giro de esquina por IMU y reapertura frontal,22,25.00,172.38,PISTA,OK,2,567.0,567.0,747.9,645.6,377.0,1,0.917,345.5,1,0.822,428.0,1,0.973,0.705,2,1,,,,,,0,323.8,,48.9
2568.095231,TURN,giro de esquina por IMU y reapertura frontal,22,25.00,173.16,PISTA,OK,2,560.5,560.5,695.9,647.5,388.8,1,0.778,342.5,1,0.822,434.0,1,0.932,0.531,3,1,,,,,,0,323.8,,79.9
2568.194850,TURN,giro de esquina por IMU y reapertura frontal,22,25.00,174.97,PISTA,OK,2,553.5,553.5,679.5,649.5,402.2,1,0.722,341.5,1,0.781,442.0,1,0.945,0.488,3,1,,,,,,0,323.8,,51.5
2568.295282,TURN,giro de esquina por IMU y reapertura frontal,22,25.00,176.72,PISTA,OK,2,547.0,547.0,673.9,652.4,413.3,1,0.750,338.0,1,0.726,449.0,1,0.973,0.321,3,1,,,,,,0,323.8,,80.7
2568.396273,TURN,giro de esquina por IMU y reapertura frontal,22,25.00,178.41,PISTA,OK,2,542.5,542.5,682.4,656.8,426.0,1,0.750,335.0,1,0.781,457.0,1,0.973,0.205,3,1,,,,,,0,323.8,,48.3
2568.496681,TURN,giro de esquina por IMU y reapertura frontal,22,25.00,180.19,PISTA,OK,2,539.0,539.0,738.3,661.3,435.8,1,0.778,332.5,1,0.740,465.0,1,0.986,0.203,3,1,,,,,,0,323.8,,81.2
2568.596410,TURN,giro de esquina por IMU y reapertura frontal,22,25.00,181.05,PISTA,OK,2,535.0,535.0,736.5,666.0,445.1,1,0.806,329.0,1,0.740,470.5,1,1.000,0.191,3,1,,,,,,0,323.8,,49.9
2568.696774,TURN,giro de esquina por IMU y reapertura frontal,22,25.00,182.70,PISTA,OK,2,529.5,529.5,733.4,667.6,457.6,1,0.833,325.0,1,0.808,482.5,1,0.986,0.204,3,1,,,,,,0,323.8,,78.6
2568.797492,TURN,giro de esquina por IMU y reapertura frontal,22,25.00,184.40,PISTA,OK,2,523.5,523.5,720.9,668.4,467.0,1,0.750,323.5,1,0.712,495.5,1,1.000,0.205,3,1,,,,,,0,323.8,,54.4
2568.897701,TURN,giro de esquina por IMU y reapertura frontal,22,25.00,186.23,PISTA,OK,2,518.5,518.5,738.1,683.5,482.2,1,0.722,319.5,1,0.795,507.0,1,0.973,0.277,3,1,,,,,,0,323.8,,82.7
2568.997314,TURN,giro de esquina por IMU y reapertura frontal,22,25.00,188.02,PISTA,OK,2,514.0,514.0,694.4,690.1,638.5,1,0.722,316.0,1,0.767,670.0,1,0.973,0.199,3,1,,,,,,0,323.8,,48.1
2569.098474,TURN,giro de esquina por IMU y reapertura frontal,22,25.00,189.67,PISTA,OK,2,508.5,508.5,716.0,693.6,677.8,1,0.722,314.0,1,0.753,674.5,1,1.000,0.204,3,1,,,,,,0,323.8,,84.0
2569.198493,TURN,giro de esquina por IMU y reapertura frontal,22,25.00,190.51,PISTA,OK,2,503.5,503.5,696.3,700.3,768.0,1,0.778,309.5,1,0.795,679.0,1,1.000,0.203,3,1,,,,,,0,323.8,,54.8
2569.297048,TURN,giro de esquina por IMU y reapertura frontal,22,25.00,192.31,PISTA,OK,2,499.5,499.5,712.9,700.4,761.0,1,0.833,305.5,1,0.822,685.0,1,1.000,0.206,3,1,,,,,,0,323.8,,81.2
2569.397681,TURN,giro de esquina por IMU y reapertura frontal,22,25.00,194.17,PISTA,OK,2,496.5,496.5,738.5,710.1,743.4,1,0.806,302.0,1,0.795,690.5,1,1.000,0.199,3,1,,,,,,0,323.8,,54.0
2569.497850,TURN,giro de esquina por IMU y reapertura frontal,22,25.00,195.05,PISTA,OK,2,494.0,494.0,723.0,706.6,739.3,1,0.833,297.5,1,0.808,696.0,1,1.000,0.198,2,1,,,,,,0,323.8,,83.1
2569.597194,TURN,giro de esquina por IMU y reapertura frontal,21,25.00,196.71,PISTA,OK,2,491.2,491.2,738.1,701.5,727.8,1,0.944,295.5,1,0.904,699.8,1,1.000,0.196,1,1,,,,,,0,323.8,,54.2
2569.698402,TURN,giro de esquina por IMU y reapertura frontal,21,25.00,198.43,PISTA,OK,2,490.0,490.0,699.0,696.6,721.3,1,0.944,291.5,1,0.904,707.8,1,1.000,0.199,1,1,,,,,,0,323.8,,82.8
2569.796137,TURN,giro de esquina por IMU y reapertura frontal,21,25.00,200.21,PISTA,OK,2,490.5,490.5,705.1,678.0,714.7,1,0.889,287.5,1,0.849,714.5,1,1.000,0.191,2,1,,,,,,0,323.8,,52.9
2569.896456,TURN,giro de esquina por IMU y reapertura frontal,21,25.00,201.05,PISTA,OK,2,488.5,488.5,684.1,677.3,708.6,1,0.889,283.5,1,0.849,720.0,1,1.000,0.192,2,1,,,,,,0,323.8,,82.5
2569.996832,TURN,giro de esquina por IMU y reapertura frontal,21,25.00,202.56,PISTA,OK,2,491.0,491.0,813.7,666.8,705.7,1,0.917,282.0,1,0.904,726.0,1,1.000,0.173,2,1,,,,,,0,323.8,,50.0
2570.095227,TURN,giro de esquina por IMU y reapertura frontal,21,25.00,204.24,PISTA,OK,2,491.0,491.0,859.3,653.8,696.3,1,0.917,275.0,1,0.863,731.5,1,1.000,0.173,2,1,,,,,,0,323.8,,75.5
2570.194498,TURN,giro de esquina por IMU y reapertura frontal,21,25.00,205.92,PISTA,OK,2,492.8,492.8,1034.3,637.5,696.3,1,0.944,273.5,1,0.863,737.0,1,1.000,0.187,2,1,,,,,,0,323.8,,50.4
2570.295853,TURN,giro de esquina por IMU y reapertura frontal,22,25.00,207.52,PISTA,OK,2,497.0,497.0,940.7,631.9,688.5,1,1.000,272.0,1,0.918,742.5,1,1.000,0.182,2,1,,,,,,0,323.8,,82.6
2570.393390,TURN,giro de esquina por IMU y reapertura frontal,22,25.00,208.24,PISTA,OK,2,498.8,498.8,932.2,619.9,687.5,1,0.972,265.5,1,0.890,749.0,1,1.000,0.184,2,1,,,,,,0,323.8,,50.2
2570.493452,TURN,giro de esquina por IMU y reapertura frontal,22,25.00,209.92,NARANJA,OK,2,505.0,505.0,916.1,614.6,682.4,1,0.972,263.0,1,0.863,754.5,1,1.000,0.183,2,1,,,,,,0,323.8,,79.3
2570.594342,TURN,giro de esquina por IMU y reapertura frontal,22,25.00,211.70,NARANJA,OK,2,510.0,510.0,909.6,596.0,683.2,1,1.000,262.5,1,0.877,761.5,1,1.000,0.184,2,1,,,,,,0,323.8,,50.8
2570.694255,TURN,giro de esquina por IMU y reapertura frontal,22,25.00,213.34,NARANJA,OK,2,515.5,515.5,717.3,593.6,679.7,1,0.917,258.0,1,0.836,768.5,1,1.000,0.169,3,1,,,,,,0,323.8,,79.1
2570.792196,TURN,giro de esquina por IMU y reapertura frontal,22,25.00,214.06,NARANJA,OK,2,522.0,522.0,847.4,586.1,676.2,1,0.861,254.5,1,0.795,772.0,1,0.986,0.184,3,1,,,,,,0,323.8,,46.4
2570.893378,TURN,giro de esquina por IMU y reapertura frontal,22,25.00,215.77,PISTA,OK,2,522.5,522.5,775.1,584.6,677.4,1,0.889,249.5,1,0.822,735.0,1,0.986,0.177,3,1,,,,,,0,323.8,,81.2
2570.992899,TURN,giro de esquina por IMU y reapertura frontal,22,25.00,217.39,PISTA,OK,2,530.0,530.0,281.6,575.5,677.4,1,0.889,245.0,1,0.836,704.0,1,1.000,0.188,3,1,,,,,,0,323.8,,50.8
2571.092873,TURN,giro de esquina por IMU y reapertura frontal,22,25.00,219.19,PISTA,OK,2,539.5,539.5,783.0,562.0,678.7,1,0.889,244.0,1,0.808,684.5,1,1.000,0.202,3,1,,,,,,0,323.8,,82.4
2571.192663,TURN,giro de esquina por IMU y reapertura frontal,22,25.00,220.15,PISTA,OK,2,542.5,542.5,774.4,564.0,677.4,1,0.833,240.5,1,0.767,665.5,1,1.000,0.181,3,1,,,,,,0,323.8,,47.4
2571.294123,TURN,giro de esquina por IMU y reapertura frontal,22,25.00,221.91,PISTA,OK,2,560.0,560.0,741.6,560.6,678.9,1,0.917,235.5,1,0.781,643.0,1,0.986,0.204,3,1,,,,,,0,323.8,,80.7
2571.394040,TURN,giro de esquina por IMU y reapertura frontal,22,25.00,223.70,PISTA,OK,2,567.5,567.5,739.2,552.0,679.5,1,0.833,232.5,1,0.795,620.5,1,1.000,0.185,4,1,,,,,,0,323.8,,50.9
2571.494148,TURN,giro de esquina por IMU y reapertura frontal,22,25.00,225.42,PISTA,OK,2,576.5,576.5,711.5,546.4,644.3,1,0.889,230.2,1,0.808,599.0,1,1.000,0.466,4,1,,,,,,0,323.8,,79.1
2571.595516,TURN,giro de esquina por IMU y reapertura frontal,22,25.00,227.11,PISTA,OK,2,586.0,586.0,697.9,544.1,627.7,1,0.917,225.0,1,0.795,590.0,1,0.986,0.547,5,1,,,,,,0,323.8,,50.7
2571.695852,TURN,giro de esquina por IMU y reapertura frontal,22,25.00,227.85,PISTA,OK,2,603.5,603.5,691.8,544.9,620.1,1,0.806,221.0,1,0.781,573.5,1,1.000,0.511,5,1,,,,,,0,323.8,,80.1
2571.795423,TURN,giro de esquina por IMU y reapertura frontal,23,25.00,229.51,PISTA,OK,2,618.0,618.0,677.7,536.2,621.7,1,0.861,217.5,1,0.795,567.0,1,0.959,0.548,5,1,,,,,,0,323.8,,52.4
2571.896956,TURN,giro de esquina por IMU y reapertura frontal,23,25.00,231.33,PISTA,OK,2,634.5,634.5,660.4,533.1,623.0,1,0.889,208.5,1,0.808,551.0,1,0.973,0.681,5,1,,,,,,0,323.8,,81.8
2571.994553,TURN,giro de esquina por IMU y reapertura frontal,23,25.00,233.20,PISTA,OK,2,651.5,651.5,671.4,524.2,623.6,1,0.861,205.5,1,0.808,540.0,1,0.973,0.651,6,1,,,,,,0,323.8,,51.7
2572.095825,TURN,giro de esquina por IMU y reapertura frontal,23,25.00,234.00,PISTA,OK,2,662.0,662.0,656.7,515.8,621.3,1,0.889,204.5,1,0.808,528.0,1,1.000,0.645,5,0,,,,,,0,323.8,,80.4
2572.194507,TURN,giro de esquina por IMU y reapertura frontal,23,25.00,235.93,PISTA,OK,2,689.0,689.0,637.2,507.8,620.3,1,0.861,197.5,1,0.808,513.5,1,1.000,0.653,5,0,,,,,,0,323.8,,51.7
2572.295621,TURN,giro de esquina por IMU y reapertura frontal,23,25.00,237.76,PISTA,OK,2,718.0,718.0,625.0,501.2,616.3,1,0.861,192.5,1,0.822,507.0,1,1.000,0.685,5,0,,,,,,0,323.8,,82.4
2572.393530,TURN,giro de esquina por IMU y reapertura frontal,24,25.00,239.53,PISTA,OK,2,742.0,742.0,604.7,495.6,614.8,1,0.861,188.0,1,0.795,501.0,1,1.000,0.732,5,0,,,,,,0,323.8,,47.6
2572.494759,TURN,giro de esquina por IMU y reapertura frontal,24,25.00,240.45,PISTA,OK,2,757.0,757.0,593.6,489.8,612.6,1,0.889,183.0,1,0.836,493.0,1,0.986,0.793,5,1,,,,,,0,323.8,,80.0
2572.594182,TURN,giro de esquina por IMU y reapertura frontal,24,25.00,242.54,PISTA,OK,2,803.0,803.0,586.1,484.2,610.6,1,0.889,175.0,1,0.877,486.0,1,0.986,0.754,5,1,,,,,,0,323.8,,51.0
2572.692499,CRUISE,esquina 3 verificada,25,21.00,244.53,PISTA,OK,3,849.5,849.5,580.5,479.7,609.6,1,0.917,168.0,1,0.877,482.0,1,0.973,0.716,5,1,,,,,,0,323.8,,79.5
2572.791963,CRUISE,crucero centrado por paredes,25,17.00,245.54,PISTA,OK,3,878.5,878.5,573.6,476.0,606.7,1,1.000,162.0,1,0.932,477.5,1,0.986,0.735,5,1,,,,,,0,323.8,,50.1
2572.893100,CRUISE,crucero centrado por paredes,25,13.00,247.83,PISTA,OK,3,967.5,967.5,565.6,472.5,598.3,1,0.972,157.5,1,0.890,467.5,1,0.959,0.712,5,1,,,,,,0,323.8,,79.7
2572.992777,CRUISE,crucero centrado por paredes,25,12.05,249.92,PISTA,OK,3,1009.5,1009.5,553.4,470.6,594.0,1,1.000,152.5,1,0.890,465.5,1,1.000,0.725,4,1,,,,,,0,323.8,,49.0
2573.090764,CRUISE,crucero centrado por paredes,25,14.63,252.04,PISTA,OK,3,1098.0,1098.0,549.2,469.4,587.3,1,0.972,146.5,1,0.767,462.5,1,0.986,0.718,4,1,,,,,,0,323.8,,77.2
2573.191594,CRUISE,crucero centrado por paredes,25,15.19,252.88,PISTA,OK,3,1218.5,1218.5,533.9,469.8,588.6,1,1.000,142.5,1,0.795,461.5,1,1.000,0.815,4,1,,,,,,0,323.8,,46.1
2573.291498,CRUISE,crucero centrado por paredes,25,15.01,254.43,PISTA,OK,3,1298.5,1298.5,533.6,470.5,599.2,1,0.972,139.0,1,0.808,460.5,1,1.000,0.768,4,1,,,,,,0,323.8,,77.4
2573.390470,AVOID_APPROACH,pure-pursuit al punto de paso del pilar 91,25,19.01,256.22,PISTA,OK,3,1347.5,1611.0,521.1,471.2,610.3,1,0.972,134.0,1,0.781,460.0,1,0.959,0.831,3,1,91,VERDE,-297.9,894.6,0.000,1,323.8,,48.4
2573.491195,AVOID_APPROACH,pure-pursuit al punto de paso del pilar 91,25,23.01,257.12,PISTA,OK,3,1664.5,1664.5,507.7,472.2,622.6,1,1.000,130.5,1,0.863,464.0,1,1.000,0.731,3,1,91,VERDE,-271.7,895.5,0.000,1,323.8,,81.9
2573.590099,AVOID_APPROACH,pure-pursuit al punto de paso del pilar 91,25,25.00,258.73,PISTA,OK,3,1945.5,1945.5,506.3,473.5,858.9,1,0.944,126.0,1,0.877,463.8,1,0.973,0.745,3,1,91,VERDE,-260.6,887.2,0.000,1,323.8,,45.1
2573.691389,AVOID_APPROACH,pure-pursuit al punto de paso del pilar 91,25,24.99,260.29,PISTA,OK,3,1629.5,1629.5,498.0,475.2,802.4,1,0.972,124.5,1,0.822,465.0,1,1.000,0.717,3,1,91,VERDE,-233.9,886.1,0.000,1,323.8,,78.3
2573.791166,AVOID_APPROACH,pure-pursuit al punto de paso del pilar 91,25,23.28,262.05,PISTA,OK,3,1931.0,1931.0,491.5,477.6,772.9,1,0.972,121.0,1,0.781,467.5,1,0.986,0.722,3,1,91,VERDE,-202.3,886.0,0.000,1,323.8,,49.8
2573.891218,AVOID_APPROACH,pure-pursuit al punto de paso del pilar 91,25,21.50,263.99,PISTA,OK,3,910.5,1922.5,597.5,480.9,735.2,1,1.000,117.5,1,0.808,470.5,1,1.000,0.216,3,1,91,VERDE,-170.3,886.7,0.000,1,323.8,,80.2
2573.992527,AVOID_APPROACH,pure-pursuit al punto de paso del pilar 91,25,19.78,264.92,PISTA,OK,3,893.0,1916.5,586.5,484.7,726.2,1,1.000,114.0,1,0.808,473.8,1,1.000,0.215,3,1,91,VERDE,-138.6,883.0,0.000,1,323.8,,48.8
2574.092718,AVOID_APPROACH,pure-pursuit al punto de paso del pilar 91,25,17.94,267.07,PISTA,OK,3,884.5,1910.0,573.1,489.0,700.4,1,1.000,112.0,1,0.849,476.8,1,1.000,0.215,3,1,91,VERDE,-105.5,878.7,0.000,1,323.8,,78.7
2574.192672,AVOID_APPROACH,pure-pursuit al punto de paso del pilar 91,25,15.83,269.03,PISTA,OK,3,878.0,1907.5,560.8,495.5,675.4,1,0.944,108.0,1,0.904,481.5,1,0.973,0.215,3,1,91,VERDE,-69.2,875.7,0.000,1,323.8,,51.1
2574.294410,AVOID_APPROACH,pure-pursuit al punto de paso del pilar 91,25,13.47,271.01,PISTA,OK,3,869.0,1899.0,544.8,501.3,647.1,1,0.972,104.0,1,0.904,488.5,1,0.986,0.217,3,1,91,VERDE,-29.6,870.7,0.000,1,323.8,,81.7
2574.394065,AVOID_APPROACH,pure-pursuit al punto de paso del pilar 91,25,11.61,273.09,PISTA,OK,3,863.0,863.0,533.4,509.4,626.7,1,1.000,99.5,1,0.890,494.0,1,1.000,0.218,3,1,91,VERDE,2.0,861.2,0.100,1,323.8,,51.0
2574.494548,AVOID_APPROACH,pure-pursuit al punto de paso del pilar 91,25,10.92,273.94,PISTA,OK,3,861.5,861.5,462.8,517.9,617.2,1,0.972,96.0,1,0.877,500.5,1,0.986,0.840,2,1,91,VERDE,14.8,851.0,0.200,1,323.8,,80.9
2574.593832,AVOID_APPROACH,pure-pursuit al punto de paso del pilar 91,25,9.39,275.83,PISTA,OK,3,852.5,1475.0,495.4,527.5,604.1,1,0.972,92.5,1,0.904,508.2,1,0.986,0.257,1,1,91,VERDE,37.6,854.9,0.000,1,323.8,,46.4
2574.695223,AVOID_APPROACH,pure-pursuit al punto de paso del pilar 91,25,7.87,277.73,PISTA,OK,3,843.5,1468.0,495.8,536.6,593.5,1,1.000,90.0,1,0.877,515.2,1,1.000,0.280,1,1,91,VERDE,62.4,842.7,0.000,1,323.8,,79.9
2574.794679,AVOID_APPROACH,pure-pursuit al punto de paso del pilar 91,24,6.02,279.57,PISTA,OK,3,834.0,1459.0,493.5,546.3,593.9,1,1.000,88.5,1,0.863,521.8,1,1.000,0.322,1,1,91,VERDE,91.2,831.7,0.000,1,323.8,,53.2
2574.893324,AVOID_APPROACH,pure-pursuit al punto de paso del pilar 91,24,4.33,280.38,PISTA,OK,3,825.0,1449.5,482.0,556.5,579.1,1,1.000,89.0,1,0.932,527.0,1,1.000,0.484,1,1,91,VERDE,116.9,819.5,0.000,1,323.8,,79.3
2574.993959,AVOID_APPROACH,pure-pursuit al punto de paso del pilar 91,24,0.33,282.10,PISTA,OK,3,818.0,941.0,154.2,567.5,577.9,1,1.000,86.5,1,0.877,532.5,1,1.000,0.206,1,1,91,VERDE,142.3,807.2,0.000,1,323.8,,51.3
2575.094043,AVOID_APPROACH,pure-pursuit al punto de paso del pilar 91,24,0.78,283.29,PISTA,OK,3,811.5,900.0,441.9,577.4,573.8,1,1.000,90.0,1,0.836,539.5,1,1.000,0.863,2,1,91,VERDE,168.2,795.3,0.000,1,323.8,,80.4
2575.193687,AVOID_APPROACH,pure-pursuit al punto de paso del pilar 91,25,-0.51,284.06,PISTA,OK,3,899.0,899.0,438.9,586.7,573.4,1,1.000,94.0,1,0.849,545.0,1,1.000,0.861,2,1,91,VERDE,186.0,780.1,0.000,1,323.8,,49.1
2575.295175,AVOID_APPROACH,pure-pursuit al punto de paso del pilar 91,25,-1.03,284.27,PISTA,OK,3,870.0,870.0,431.8,593.3,568.9,1,1.000,100.0,1,0.890,549.5,1,1.000,0.818,2,1,91,VERDE,192.8,769.0,0.000,1,323.8,,80.4
2575.392837,AVOID_APPROACH,pure-pursuit al punto de paso del pilar 91,25,-1.61,284.64,PISTA,OK,3,846.5,846.5,427.8,599.2,573.2,1,1.000,104.5,1,0.890,552.5,1,1.000,0.808,2,1,91,VERDE,200.2,758.1,0.000,1,323.8,,51.3
2575.494290,AVOID_APPROACH,pure-pursuit al punto de paso del pilar 91,24,-2.06,285.06,PISTA,OK,3,823.0,823.0,432.7,605.6,115.5,1,0.972,108.5,1,0.849,557.0,1,1.000,0.788,2,1,91,VERDE,205.8,746.6,0.000,1,323.8,,80.6
2575.593620,AVOID_APPROACH,pure-pursuit al punto de paso del pilar 91,24,-2.19,285.32,PISTA,OK,3,832.5,832.5,526.4,611.1,122.4,1,0.917,113.0,1,0.822,562.0,1,1.000,0.218,2,1,91,VERDE,207.2,736.5,0.000,1,323.8,,52.1
2575.693687,AVOID_APPROACH,pure-pursuit al punto de paso del pilar 91,24,-2.84,285.44,PISTA,OK,3,803.5,803.5,512.6,616.9,114.0,1,0.917,119.0,1,0.849,565.5,1,1.000,0.219,2,1,91,VERDE,215.0,725.8,0.000,1,323.8,,80.6
2575.791337,AVOID_APPROACH,pure-pursuit al punto de paso del pilar 91,24,-2.96,285.66,PISTA,OK,3,798.0,798.0,509.0,622.4,104.4,1,0.889,125.0,1,0.877,571.0,1,1.000,0.218,2,1,91,VERDE,216.1,717.5,0.000,1,323.8,,49.0
2575.892575,AVOID_APPROACH,pure-pursuit al punto de paso del pilar 91,24,-3.44,285.79,PISTA,OK,3,784.0,784.0,492.7,627.8,108.5,1,0.917,131.8,1,0.877,573.2,1,1.000,0.220,3,1,91,VERDE,221.5,706.5,0.000,1,323.8,,78.9
2575.992241,AVOID_APPROACH,pure-pursuit al punto de paso del pilar 91,24,-3.61,285.94,PISTA,OK,3,787.5,787.5,484.7,632.2,113.9,1,0.917,138.0,1,0.877,578.0,1,1.000,0.220,3,1,91,VERDE,223.0,697.1,0.000,1,323.8,,51.8
2576.092144,AVOID_APPROACH,pure-pursuit al punto de paso del pilar 91,24,-3.89,285.99,PISTA,OK,3,783.5,783.5,475.8,636.4,121.2,1,0.944,145.5,1,0.945,582.0,1,1.000,0.220,3,1,91,VERDE,225.7,687.5,0.000,1,323.8,,77.8
2576.193132,AVOID_APPROACH,pure-pursuit al punto de paso del pilar 91,24,-3.69,286.02,PISTA,OK,3,746.5,746.5,460.3,640.9,128.6,1,0.944,152.5,1,0.932,586.5,1,1.000,0.223,3,1,91,VERDE,222.7,677.7,0.000,1,323.8,,52.1
2576.291583,AVOID_APPROACH,pure-pursuit al punto de paso del pilar 91,24,-3.90,286.02,PISTA,OK,3,778.5,778.5,451.3,644.5,134.3,1,0.972,160.5,1,0.986,590.0,1,1.000,0.224,3,1,91,VERDE,224.5,667.9,0.000,1,323.8,,72.9
2576.390990,AVOID_APPROACH,pure-pursuit al punto de paso del pilar 91,24,-4.20,286.01,PISTA,OK,3,760.5,760.5,441.8,648.5,142.5,1,0.972,169.0,1,0.918,593.0,1,1.000,0.225,3,1,91,VERDE,227.4,658.5,0.000,1,323.8,,49.0
2576.492282,AVOID_APPROACH,pure-pursuit al punto de paso del pilar 91,24,-3.95,285.99,PISTA,OK,3,739.2,739.2,437.2,652.4,148.3,1,0.944,176.2,1,0.904,595.5,1,1.000,0.224,3,1,91,VERDE,223.9,651.1,0.000,1,323.8,,80.1
2576.591702,AVOID_APPROACH,pure-pursuit al punto de paso del pilar 91,23,-4.12,285.94,PISTA,OK,3,722.5,722.5,430.3,655.8,156.0,1,1.000,184.0,1,0.973,598.8,1,1.000,0.225,3,1,91,VERDE,225.2,640.9,0.000,1,323.8,,49.2
2576.690185,AVOID_APPROACH,pure-pursuit al punto de paso del pilar 91,24,-4.25,285.93,PISTA,OK,3,726.5,726.5,424.3,660.1,165.6,1,1.000,192.0,1,0.945,604.0,1,1.000,0.224,3,1,91,VERDE,225.9,631.7,0.000,1,323.8,,77.2
2576.789978,AVOID_APPROACH,pure-pursuit al punto de paso del pilar 91,23,-4.30,285.85,PISTA,OK,3,710.0,710.0,427.3,663.3,174.3,1,0.972,200.0,1,0.945,606.5,1,1.000,0.221,2,1,91,VERDE,225.8,623.0,0.000,1,323.8,,49.0
2576.891063,AVOID_APPROACH,pure-pursuit al punto de paso del pilar 91,23,-4.48,285.79,PISTA,OK,3,720.0,720.0,416.7,667.4,184.9,1,0.944,209.0,1,0.932,611.0,1,1.000,0.222,2,1,91,VERDE,227.1,614.7,0.000,1,323.8,,79.8
2576.990717,AVOID_APPROACH,pure-pursuit al punto de paso del pilar 91,23,-4.57,285.73,PISTA,OK,3,707.5,707.5,412.3,670.6,193.3,1,0.944,215.5,1,0.973,614.0,1,0.986,0.221,2,1,91,VERDE,227.4,605.4,0.000,1,323.8,,50.5
2577.090322,AVOID_APPROACH,pure-pursuit al punto de paso del pilar 91,23,-4.48,285.72,PISTA,OK,3,720.0,720.0,406.0,674.3,201.8,1,0.972,225.0,1,0.986,619.0,1,1.000,0.221,2,1,91,VERDE,225.8,597.3,0.000,1,323.8,,79.3
2577.189879,AVOID_APPROACH,pure-pursuit al punto de paso del pilar 91,23,-4.33,285.70,PISTA,OK,3,701.0,701.0,402.7,677.7,210.1,1,1.000,231.5,1,0.959,620.8,1,1.000,0.222,2,1,91,VERDE,223.6,589.1,0.000,1,323.8,,49.4
2577.289711,AVOID_APPROACH,pure-pursuit al punto de paso del pilar 91,23,-4.25,285.62,PISTA,OK,3,687.0,687.0,396.7,680.9,218.4,1,0.972,239.5,1,0.973,624.5,1,1.000,0.221,1,1,91,VERDE,222.2,581.0,0.000,1,323.8,,80.2
2577.389329,AVOID_APPROACH,pure-pursuit al punto de paso del pilar 91,23,-4.39,285.55,PISTA,OK,3,681.0,681.0,388.3,685.3,226.6,1,0.944,248.5,1,0.959,627.0,1,1.000,0.222,2,1,91,VERDE,223.0,572.9,0.000,1,323.8,,48.0
2577.489097,AVOID_APPROACH,pure-pursuit al punto de paso del pilar 91,23,-4.27,285.52,PISTA,OK,3,692.5,692.5,384.1,687.7,234.7,1,1.000,255.0,1,0.973,630.0,1,1.000,0.222,2,1,91,VERDE,221.1,564.0,0.000,1,323.8,,79.2
2577.588539,AVOID_APPROACH,pure-pursuit al punto de paso del pilar 91,23,-4.75,285.45,PISTA,OK,3,666.5,666.5,382.4,690.1,244.4,1,0.972,263.5,1,0.959,632.8,1,1.000,0.222,2,1,91,VERDE,225.1,554.8,0.000,1,323.8,,41.5
2577.689563,AVOID_APPROACH,pure-pursuit al punto de paso del pilar 91,23,-4.40,285.34,PISTA,OK,3,672.5,672.5,375.7,692.9,252.2,1,0.944,271.5,1,0.932,636.2,1,1.000,0.221,2,1,91,VERDE,221.1,547.5,0.000,1,323.8,,79.2
2577.789117,AVOID_APPROACH,pure-pursuit al punto de paso del pilar 91,23,-4.38,285.25,PISTA,OK,3,650.0,650.0,374.5,696.8,263.7,1,0.972,279.0,1,0.973,640.5,1,1.000,0.223,2,1,91,VERDE,220.3,539.1,0.000,1,323.8,,48.6
2577.887563,AVOID_APPROACH,pure-pursuit al punto de paso del pilar 91,23,-4.40,285.20,PISTA,OK,3,652.0,652.0,365.2,699.6,269.8,1,0.944,286.5,1,0.986,643.0,1,0.986,0.222,3,1,91,VERDE,219.9,531.8,0.000,1,323.8,,78.2
2577.989763,AVOID_APPROACH,pure-pursuit al punto de paso del pilar 91,23,-4.73,285.10,PISTA,OK,3,649.5,649.5,360.6,702.0,278.1,1,0.972,296.0,1,0.945,646.5,1,1.000,0.223,3,2,91,VERDE,222.2,522.2,0.000,1,323.8,,41.4
2578.087979,AVOID_APPROACH,pure-pursuit al punto de paso del pilar 91,23,-4.44,284.97,PISTA,OK,3,647.2,647.2,358.5,704.6,288.0,1,0.972,305.0,1,0.932,649.0,1,1.000,0.221,3,2,91,VERDE,218.9,514.1,0.000,1,323.8,,75.6
2578.187495,AVOID_APPROACH,pure-pursuit al punto de paso del pilar 91,23,-4.18,284.85,PISTA,OK,3,641.0,641.0,352.1,708.0,297.8,1,0.972,314.0,1,0.986,652.5,1,1.000,0.221,3,2,91,VERDE,216.0,506.7,0.000,1,323.8,,47.8
2578.287859,AVOID_APPROACH,pure-pursuit al punto de paso del pilar 91,23,-4.51,284.80,PISTA,OK,3,644.0,644.0,345.5,710.9,304.5,1,0.972,321.5,1,0.986,654.8,1,1.000,0.221,3,2,91,VERDE,218.3,497.6,0.000,1,323.8,,78.9
2578.386775,AVOID_APPROACH,pure-pursuit al punto de paso del pilar 91,23,-4.57,284.68,PISTA,OK,3,633.5,633.5,341.8,713.3,315.8,1,0.917,315.0,1,0.918,658.0,1,0.986,0.222,3,2,91,VERDE,218.2,490.1,0.000,1,323.8,,42.0
2578.486738,AVOID_APPROACH,pure-pursuit al punto de paso del pilar 91,23,-4.60,284.59,PISTA,OK,3,631.5,631.5,333.9,716.5,323.4,1,0.972,314.2,1,0.959,662.0,1,1.000,0.226,3,2,91,VERDE,217.8,481.7,0.000,1,323.8,,74.1
2578.587491,AVOID_APPROACH,pure-pursuit al punto de paso del pilar 91,23,-4.18,284.50,PISTA,OK,3,618.5,618.5,329.3,719.2,696.3,1,0.972,311.2,1,0.932,664.2,1,1.000,0.226,3,2,91,VERDE,213.7,474.1,0.000,1,323.8,,47.7
2578.685880,AVOID_APPROACH,pure-pursuit al punto de paso del pilar 91,23,-4.20,284.37,PISTA,OK,3,624.0,624.0,328.8,721.7,359.5,1,1.000,308.2,1,0.973,666.2,1,1.000,0.226,2,2,91,VERDE,213.2,465.4,0.000,1,323.8,,77.2
2578.785812,AVOID_APPROACH,pure-pursuit al punto de paso del pilar 91,23,-4.17,284.33,PISTA,OK,3,612.0,612.0,323.0,725.1,701.2,1,1.000,301.5,1,0.973,669.5,1,1.000,0.225,2,2,91,VERDE,212.4,457.5,0.000,1,323.8,,43.4
2578.885514,AVOID_APPROACH,pure-pursuit al punto de paso del pilar 91,22,-4.13,284.23,PISTA,OK,3,601.0,601.0,318.0,727.6,704.5,1,1.000,298.0,1,0.973,672.5,1,1.000,0.226,2,2,91,VERDE,211.4,449.3,0.000,1,323.8,,75.3
2578.986669,AVOID_APPROACH,pure-pursuit al punto de paso del pilar 91,22,-4.55,284.13,PISTA,OK,3,595.5,595.5,312.8,730.1,713.7,1,1.000,296.5,1,0.932,675.0,1,1.000,0.226,2,2,91,VERDE,214.1,440.6,0.000,1,323.8,,47.9
2579.086842,AVOID_APPROACH,pure-pursuit al punto de paso del pilar 91,22,-4.23,283.99,PISTA,OK,3,590.5,590.5,309.8,733.5,708.6,1,0.972,294.5,1,0.932,678.5,1,0.986,0.226,2,2,91,VERDE,211.0,432.9,0.000,1,323.8,,80.1
2579.185694,AVOID_APPROACH,pure-pursuit al punto de paso del pilar 91,22,-4.24,283.94,PISTA,OK,3,583.5,583.5,295.4,735.7,715.5,1,1.000,287.0,1,0.945,682.0,1,1.000,0.738,2,2,91,VERDE,210.5,425.5,0.000,1,323.8,,40.9
2579.285645,AVOID_APPROACH,pure-pursuit al punto de paso del pilar 91,22,-4.19,283.80,PISTA,OK,3,579.0,579.0,291.5,738.1,714.7,1,1.000,287.0,1,0.945,685.0,1,1.000,0.727,2,2,91,VERDE,209.6,417.4,0.000,1,323.8,,77.6
2579.385362,AVOID_APPROACH,pure-pursuit al punto de paso del pilar 91,22,-4.13,283.69,PISTA,OK,3,581.0,581.0,288.3,740.9,721.3,1,0.972,283.0,1,0.904,686.5,1,1.000,0.766,2,2,91,VERDE,208.6,410.0,0.000,1,323.8,,45.9
2579.486548,AVOID_APPROACH,pure-pursuit al punto de paso del pilar 91,22,-4.58,283.55,PISTA,OK,3,567.0,567.0,285.1,742.9,725.6,1,1.000,280.5,1,0.918,689.5,1,1.000,0.756,2,2,91,VERDE,211.4,404.4,0.000,1,323.8,,78.4
2579.584843,AVOID_APPROACH,pure-pursuit al punto de paso del pilar 91,25,-3.92,283.49,PISTA,OK,3,1049.0,1497.5,282.6,745.7,726.2,1,1.000,276.5,1,0.904,692.5,1,1.000,0.769,2,2,91,VERDE,206.2,396.7,0.000,1,323.8,,44.6
2579.685037,AVOID_APPROACH,pure-pursuit al punto de paso del pilar 91,25,-4.01,283.35,PISTA,OK,3,1040.0,1485.0,278.8,748.0,734.8,1,0.972,275.8,1,0.836,695.5,1,1.000,0.763,2,2,91,VERDE,206.2,388.2,0.000,1,323.8,,75.0
2579.786415,AVOID_APPROACH,pure-pursuit al punto de paso del pilar 91,22,-3.93,283.22,PISTA,OK,3,573.0,573.0,274.6,750.4,745.0,1,0.972,270.0,1,0.932,696.8,1,0.986,0.762,2,2,91,VERDE,205.1,379.9,0.000,1,323.8,,47.1
2579.886558,AVOID_APPROACH,pure-pursuit al punto de paso del pilar 91,25,-4.38,283.16,PISTA,OK,3,1021.5,1468.5,271.7,753.1,740.1,1,0.972,263.5,1,0.904,699.8,1,1.000,0.775,2,2,91,VERDE,207.5,371.7,0.000,1,323.8,,80.1
2579.987808,AVOID_APPROACH,pure-pursuit al punto de paso del pilar 91,25,-3.68,283.04,PISTA,OK,3,1012.0,1461.0,268.4,755.8,747.1,1,1.000,263.0,1,0.932,703.2,1,1.000,0.784,2,2,91,VERDE,202.3,363.1,0.000,1,323.8,,46.5
2580.088224,AVOID_APPROACH,pure-pursuit al punto de paso del pilar 91,25,-4.32,282.92,PISTA,OK,3,1003.5,1451.0,265.4,758.3,752.4,1,1.000,257.5,1,0.945,706.5,1,1.000,0.770,2,2,91,VERDE,205.8,355.0,0.000,1,323.8,,75.7
2580.187887,AVOID_APPROACH,pure-pursuit al punto de paso del pilar 91,25,-3.94,282.78,PISTA,OK,3,995.0,1440.0,261.2,761.3,757.7,1,0.972,256.5,1,0.932,709.2,1,1.000,0.772,2,2,91,VERDE,202.8,345.8,0.000,1,323.8,,45.0
2580.289108,AVOID_APPROACH,pure-pursuit al punto de paso del pilar 91,25,-3.51,282.71,PISTA,OK,3,985.5,1435.0,257.9,764.1,754.4,1,0.972,253.5,1,0.945,714.0,1,1.000,0.774,2,2,91,VERDE,199.7,337.7,0.000,1,323.8,,78.2
2580.387007,AVOID_APPROACH,pure-pursuit al punto de paso del pilar 91,25,-3.77,282.56,PISTA,OK,3,974.5,1423.5,254.5,766.5,765.1,1,0.972,252.5,1,0.932,715.8,1,1.000,0.765,2,2,91,VERDE,200.6,328.4,0.000,1,323.8,,46.1
2580.488343,AVOID_APPROACH,pure-pursuit al punto de paso del pilar 91,25,-3.42,282.42,PISTA,OK,3,967.0,1416.5,250.8,768.7,764.7,1,0.972,248.5,1,0.932,718.2,1,1.000,0.772,2,2,91,VERDE,198.1,319.2,0.000,1,323.8,,77.4
2580.587766,AVOID_APPROACH,pure-pursuit al punto de paso del pilar 91,25,-3.60,282.23,PISTA,OK,3,957.0,1405.0,247.5,772.3,768.4,1,0.972,244.0,1,0.863,722.5,1,1.000,0.769,2,2,91,VERDE,198.6,310.6,0.000,1,323.8,,43.9
2580.687762,AVOID_APPROACH,pure-pursuit al punto de paso del pilar 91,25,-3.37,282.17,PISTA,OK,3,948.0,1394.0,244.0,774.3,780.2,1,0.972,242.2,1,0.904,726.0,1,1.000,0.772,2,2,91,VERDE,196.8,301.6,0.000,1,323.8,,78.6
2580.786719,AVOID_APPROACH,pure-pursuit al punto de paso del pilar 91,25,-3.55,282.00,PISTA,OK,3,938.5,1385.5,240.4,776.6,778.6,1,0.972,236.5,1,0.877,729.0,1,1.000,0.754,2,2,91,VERDE,197.1,292.5,0.000,1,323.8,,47.7
2580.886646,AVOID_APPROACH,pure-pursuit al punto de paso del pilar 91,25,-2.95,281.88,PISTA,OK,3,928.5,1375.5,236.7,780.0,786.8,1,1.000,235.0,1,0.849,731.0,1,1.000,0.774,2,2,91,VERDE,193.6,284.4,0.000,1,323.8,,78.4
2580.986217,AVOID_PASS,manteniendo rumbo mientras pasa el pilar 91,25,0.00,281.74,PISTA,OK,3,911.5,911.5,234.1,782.7,795.0,1,0.972,232.8,1,0.836,734.5,1,1.000,0.780,2,2,91,VERDE,198.2,276.0,0.000,1,0.0,,47.9
2581.087630,AVOID_PASS,manteniendo rumbo mientras pasa el pilar 91,25,0.05,281.69,PISTA,OK,3,903.0,903.0,230.3,785.1,795.8,1,0.972,227.0,1,0.877,737.0,1,1.000,0.777,2,2,91,VERDE,195.3,266.3,0.000,1,10.1,,75.3
2581.185356,AVOID_PASS,manteniendo rumbo mientras pasa el pilar 91,25,-0.41,281.58,PISTA,OK,3,895.5,895.5,227.0,786.6,804.0,1,1.000,225.2,1,0.822,739.5,1,1.000,0.759,2,2,91,VERDE,193.5,257.8,0.000,1,19.9,,45.4
2581.285505,AVOID_PASS,manteniendo rumbo mientras pasa el pilar 91,25,-0.97,281.49,PISTA,OK,3,887.0,887.0,223.7,789.4,807.7,1,0.944,219.5,1,0.849,741.5,1,1.000,0.752,2,2,91,VERDE,195.1,250.7,0.000,1,29.9,,78.0
2581.384970,AVOID_PASS,manteniendo rumbo mientras pasa el pilar 91,25,-1.44,281.42,PISTA,OK,3,881.5,1330.5,220.9,792.2,800.5,1,0.972,218.8,1,0.795,744.5,1,1.000,0.768,2,2,91,VERDE,191.5,240.5,0.000,1,39.9,,46.1
2581.486288,AVOID_PASS,manteniendo rumbo mientras pasa el pilar 91,25,-1.96,281.41,PISTA,OK,3,873.0,1321.5,218.2,795.3,810.6,1,0.944,215.0,1,0.849,747.0,1,1.000,0.769,2,2,91,VERDE,193.4,233.3,0.000,1,50.0,,80.5
2581.584134,AVOID_PASS,manteniendo rumbo mientras pasa el pilar 91,25,-2.63,281.29,PISTA,OK,3,857.0,857.0,214.2,797.5,812.6,1,0.972,214.0,1,0.822,750.0,1,1.000,0.763,2,2,91,VERDE,190.4,225.1,0.000,1,59.8,,45.8
2581.685345,AVOID_PASS,manteniendo rumbo mientras pasa el pilar 91,25,-3.18,281.20,PISTA,OK,3,849.5,849.5,211.0,801.0,576.3,1,0.944,211.0,1,0.822,753.0,1,1.000,0.773,2,2,91,VERDE,196.3,214.2,0.000,1,69.9,,78.1
2581.784901,AVOID_PASS,manteniendo rumbo mientras pasa el pilar 91,24,-3.67,281.06,PISTA,OK,3,840.5,840.5,207.9,804.3,575.9,1,0.917,204.0,1,0.808,756.0,1,1.000,0.757,2,2,91,VERDE,194.5,207.5,0.000,1,79.9,,45.6
2581.885042,AVOID_PASS,manteniendo rumbo mientras pasa el pilar 91,24,-4.18,280.93,PISTA,OK,3,831.5,831.5,204.8,806.8,824.5,1,0.944,201.0,1,0.890,758.5,1,1.000,0.772,2,2,91,VERDE,187.9,199.4,0.000,1,89.5,,79.6
2581.984683,AVOID_PASS,manteniendo rumbo mientras pasa el pilar 91,24,-4.65,280.89,PISTA,OK,3,818.5,818.5,202.3,809.8,598.6,1,0.917,202.0,1,0.740,761.0,1,1.000,0.800,2,2,91,VERDE,193.0,190.8,0.000,1,99.0,,45.3
2582.084153,AVOID_PASS,manteniendo rumbo mientras pasa el pilar 91,24,-5.28,280.78,PISTA,OK,3,810.5,810.5,198.7,812.0,611.8,1,0.917,197.0,1,0.699,764.2,1,1.000,0.784,2,2,91,VERDE,190.5,183.2,0.000,1,108.6,,78.7
2582.183831,AVOID_PASS,manteniendo rumbo mientras pasa el pilar 91,24,-5.53,280.64,PISTA,OK,3,800.0,800.0,197.0,814.0,540.2,1,0.917,195.8,1,0.781,766.5,1,1.000,0.779,2,2,91,VERDE,189.7,174.8,0.000,1,118.2,,45.6
2582.283448,AVOID_PASS,manteniendo rumbo mientras pasa el pilar 91,24,-6.07,280.53,PISTA,OK,3,789.5,789.5,194.0,817.1,513.6,1,0.944,193.0,1,0.767,769.8,1,1.000,0.762,2,2,91,VERDE,191.9,162.9,0.000,1,127.7,,78.9
2582.382606,AVOID_PASS,manteniendo rumbo mientras pasa el pilar 91,24,-6.60,280.46,PISTA,OK,3,782.0,782.0,191.1,817.8,514.8,1,0.944,187.5,1,0.726,772.8,1,1.000,0.732,2,2,91,VERDE,191.7,153.6,0.099,1,137.2,,43.7
2582.483878,AVOID_PASS,manteniendo rumbo mientras pasa el pilar 91,24,-7.26,280.35,PISTA,OK,3,773.5,773.5,187.5,818.7,611.4,1,0.861,183.0,1,0.740,774.8,1,1.000,0.760,2,2,91,VERDE,191.4,144.3,0.200,1,147.0,,79.7
2582.583521,AVOID_PASS,manteniendo rumbo mientras pasa el pilar 91,24,-7.53,280.20,PISTA,OK,3,763.5,763.5,185.8,813.8,499.3,1,0.889,181.5,1,0.712,778.0,1,1.000,0.699,2,2,91,VERDE,191.0,135.2,0.300,1,156.5,,44.1
2582.683319,AVOID_PASS,manteniendo rumbo mientras pasa el pilar 91,24,-7.91,279.94,PISTA,OK,3,753.5,1212.0,183.2,815.1,480.0,1,0.889,181.8,1,0.808,779.0,1,1.000,0.699,3,2,91,VERDE,190.4,126.5,0.400,1,166.1,,77.2
2582.781212,AVOID_PASS,manteniendo rumbo mientras pasa el pilar 91,24,-8.25,279.58,PISTA,OK,3,745.0,751.5,180.7,823.2,469.8,1,0.889,177.5,1,0.699,781.5,1,0.986,0.744,3,2,91,VERDE,190.4,126.5,0.400,0,175.5,,42.6
2582.882735,AVOID_PASS,manteniendo rumbo mientras pasa el pilar 91,24,-8.57,279.38,PISTA,OK,3,736.0,743.0,178.7,822.6,465.9,1,0.833,175.5,1,0.671,783.2,1,1.000,0.736,3,3,91,VERDE,190.4,126.5,0.400,0,185.3,,74.6
2582.984338,AVOID_PASS,manteniendo rumbo mientras pasa el pilar 91,23,-9.02,278.98,PISTA,OK,3,723.0,734.0,175.7,820.9,459.7,1,0.750,171.0,1,0.712,784.8,1,0.973,0.739,3,3,91,VERDE,190.4,126.5,0.400,0,195.0,,46.7
2583.084921,AVOID_PASS,manteniendo rumbo mientras pasa el pilar 91,23,-8.90,278.49,PISTA,OK,3,714.0,732.0,175.1,821.1,408.8,1,0.778,172.0,1,0.671,786.5,1,1.000,0.725,3,3,91,VERDE,190.4,126.5,0.400,0,204.3,,74.7
2583.184710,AVOID_PASS,manteniendo rumbo mientras pasa el pilar 91,23,-9.14,277.97,PISTA,OK,3,706.0,1166.5,173.0,820.6,409.6,1,0.889,169.2,1,0.644,787.8,1,1.000,0.725,3,3,91,VERDE,190.4,126.5,0.400,0,213.4,,45.8
2583.286439,AVOID_PASS,manteniendo rumbo mientras pasa el pilar 91,23,-9.42,277.42,PISTA,OK,3,696.5,1156.5,170.7,816.2,424.5,1,0.806,168.0,1,0.685,789.5,1,1.000,0.709,3,3,91,VERDE,190.4,126.5,0.400,0,222.8,,81.7
2583.386095,AVOID_PASS,manteniendo rumbo mientras pasa el pilar 91,23,-9.49,277.16,PISTA,OK,3,688.5,1147.5,169.9,818.0,393.6,1,0.778,168.0,1,0.712,791.0,1,1.000,0.715,3,3,91,VERDE,190.4,126.5,0.400,0,232.0,,48.0
2583.486393,AVOID_PASS,manteniendo rumbo mientras pasa el pilar 91,23,-9.58,276.62,PISTA,OK,3,681.0,1139.5,168.6,823.0,423.1,1,0.778,166.0,1,0.671,790.5,1,1.000,0.769,2,2,91,VERDE,190.4,126.5,0.400,0,241.2,,79.0
2583.587181,AVOID_PASS,manteniendo rumbo mientras pasa el pilar 91,23,-9.75,276.04,PISTA,OK,3,671.0,1130.0,166.9,822.2,370.7,1,0.722,165.5,1,0.671,791.8,1,1.000,0.788,2,2,91,VERDE,190.4,126.5,0.400,0,250.5,,47.9
2583.687164,AVOID_PASS,manteniendo rumbo mientras pasa el pilar 91,23,-9.90,275.42,PISTA,OK,3,664.0,1121.5,165.3,822.3,371.4,1,0.750,162.0,1,0.685,792.5,1,0.986,0.806,2,2,91,VERDE,190.4,126.5,0.400,0,259.7,,77.8
2583.786912,AVOID_PASS,manteniendo rumbo mientras pasa el pilar 91,23,-9.99,274.76,PISTA,OK,3,656.5,1113.0,164.4,820.8,339.9,1,0.694,162.8,1,0.644,793.5,1,0.986,0.811,3,2,91,VERDE,190.4,126.5,0.400,0,268.9,,45.9
2583.886661,AVOID_PASS,manteniendo rumbo mientras pasa el pilar 91,23,-10.02,274.48,PISTA,OK,3,649.5,1104.5,163.5,821.3,335.0,1,0.750,160.5,1,0.658,794.2,1,0.973,0.852,2,1,91,VERDE,190.4,126.5,0.400,0,278.0,,79.3
2583.985966,AVOID_PASS,manteniendo rumbo mientras pasa el pilar 91,23,-10.02,273.88,PISTA,OK,3,639.0,1096.0,162.6,821.1,324.8,1,0.750,159.8,1,0.712,794.2,1,0.973,0.805,2,1,91,VERDE,190.4,126.5,0.400,0,287.2,,44.7
2584.086260,AVOID_PASS,manteniendo rumbo mientras pasa el pilar 91,23,-9.91,273.11,PISTA,OK,3,631.0,1087.0,162.0,821.2,321.1,1,0.667,157.0,1,0.699,795.2,1,0.986,0.832,2,1,91,VERDE,190.4,126.5,0.400,0,296.4,,79.9
2584.185593,AVOID_PASS,manteniendo rumbo mientras pasa el pilar 91,23,-9.62,272.36,PISTA,OK,3,623.5,1079.5,162.1,820.5,368.5,1,0.639,156.0,1,0.616,794.8,1,0.973,0.829,2,1,91,VERDE,190.4,126.5,0.400,0,305.5,,43.0
2584.285265,AVOID_PASS,manteniendo rumbo mientras pasa el pilar 91,23,-9.72,271.99,PISTA,OK,3,616.5,1070.5,161.3,819.4,317.5,1,0.694,156.8,1,0.658,794.5,1,0.986,0.833,2,1,91,VERDE,190.4,126.5,0.400,0,314.7,,77.9
2584.384611,RECENTER,reincorporacion tras 324 mm de sobrepaso estimado,22,-13.72,271.25,PISTA,OK,3,607.5,1061.0,161.3,819.6,324.1,1,0.667,157.0,1,0.699,794.8,1,0.986,0.843,2,1,91,VERDE,190.4,126.5,0.400,0,323.8,,46.3
2584.485867,RECENTER,reincorporando por posicion lateral,23,-17.72,270.47,PISTA,OK,3,634.0,1053.0,160.8,819.5,313.7,1,0.750,157.0,1,0.616,794.0,1,0.986,0.805,2,1,91,VERDE,190.4,126.5,0.400,0,323.8,,80.6
2584.585531,RECENTER,reincorporando por posicion lateral,25,-20.00,270.20,PISTA,OK,3,1044.0,1044.0,159.6,819.0,296.6,1,0.750,156.0,1,0.685,147.0,1,0.986,0.814,2,1,91,VERDE,190.4,126.5,0.400,0,323.8,,47.3
2584.683395,RECENTER,reincorporando por posicion lateral,25,-20.00,269.43,PISTA,OK,3,1033.5,1036.0,160.4,820.2,298.0,1,0.694,156.2,1,0.685,144.0,1,0.986,0.778,2,1,91,VERDE,190.4,126.5,0.400,0,323.8,,77.0
2584.784524,RECENTER,reincorporando por posicion lateral,25,-20.00,267.82,PISTA,OK,3,1022.0,1027.0,161.6,818.4,266.6,1,0.750,160.5,1,0.726,137.0,1,0.932,0.856,2,1,91,VERDE,190.4,126.5,0.400,0,323.8,,46.8
2584.884613,RECENTER,reincorporando por posicion lateral,25,-16.00,266.06,PISTA,OK,3,1009.0,1019.5,186.9,815.3,258.4,1,0.667,162.5,1,0.699,134.5,1,0.959,0.221,3,1,91,VERDE,190.4,126.5,0.400,0,323.8,,81.4
2584.983980,RECENTER,reincorporando por posicion lateral,25,-12.00,265.25,PISTA,OK,3,1001.0,1001.0,193.2,813.2,255.6,1,0.694,165.8,1,0.712,132.5,1,0.945,0.221,3,1,91,VERDE,190.4,126.5,0.400,0,323.8,,45.0
2585.085163,RECENTER,reincorporando por posicion lateral,25,-8.00,263.43,PISTA,OK,3,992.5,992.5,216.9,809.2,253.9,1,0.778,168.0,1,0.795,128.5,1,0.959,0.221,3,1,91,VERDE,190.4,126.5,0.400,0,323.8,,76.9
2585.183069,RECENTER,reincorporando por posicion lateral,25,-4.00,261.71,PISTA,OK,3,985.0,985.0,219.1,807.1,240.0,1,0.833,172.5,1,0.712,127.0,1,0.959,0.221,4,1,91,VERDE,190.4,126.5,0.400,0,323.8,,44.2
2585.282752,RECENTER,reincorporando por posicion lateral,25,0.00,259.92,PISTA,OK,3,976.0,976.0,236.7,803.2,235.1,1,0.861,172.2,1,0.918,125.0,1,0.959,0.218,4,1,91,VERDE,190.4,126.5,0.400,0,323.8,,76.0
2585.383843,RECENTER,reincorporando por posicion lateral,25,4.00,258.22,PISTA,OK,3,968.5,968.5,250.6,799.3,237.5,1,0.833,177.5,1,0.808,120.5,1,0.973,0.218,4,1,91,VERDE,190.4,126.5,0.400,0,323.8,,46.2
2585.481811,RECENTER,reincorporando por posicion lateral,25,6.03,257.82,PISTA,OK,3,959.0,959.0,252.4,796.2,227.7,1,0.806,181.8,1,0.740,119.5,1,0.945,0.221,4,1,91,VERDE,190.4,126.5,0.400,0,323.8,,75.8
2585.582817,RECENTER,reincorporando por posicion lateral,25,6.43,257.02,PISTA,OK,3,949.0,949.0,270.5,792.8,248.2,1,0.917,181.0,1,0.890,117.8,1,0.945,0.218,4,1,91,VERDE,190.4,126.5,0.400,0,323.8,,44.7
2585.682592,RECENTER,reincorporando por posicion lateral,25,6.55,256.78,PISTA,OK,3,941.0,941.0,282.3,790.5,236.5,1,0.861,182.0,1,0.822,118.0,1,0.918,0.217,4,1,91,VERDE,190.4,126.5,0.400,0,323.8,,78.8
2585.780938,RECENTER,reincorporando por posicion lateral,25,6.52,256.84,PISTA,OK,3,930.0,930.0,315.9,789.2,230.6,1,0.778,183.8,1,0.699,118.5,1,0.904,0.216,5,1,91,VERDE,190.4,126.5,0.400,0,323.8,,41.7
2585.881268,RECENTER,reincorporando por posicion lateral,25,6.52,256.83,PISTA,OK,3,920.5,920.5,320.1,787.6,235.5,1,0.694,187.0,1,0.726,122.5,1,0.863,0.221,5,1,91,VERDE,190.4,126.5,0.400,0,323.8,,78.0
2585.980859,RECENTER,reincorporando por posicion lateral,25,6.49,256.90,PISTA,OK,3,911.5,911.5,327.6,785.8,238.4,1,0.861,189.0,1,0.685,125.0,1,0.904,0.216,5,1,91,VERDE,190.4,126.5,0.400,0,323.8,,41.2
2586.080374,RECENTER,reincorporando por posicion lateral,25,6.43,257.02,PISTA,OK,3,903.0,903.0,328.3,784.3,231.0,1,0.722,194.5,1,0.644,130.2,1,0.904,0.216,4,1,91,VERDE,190.4,126.5,0.400,0,323.8,,74.0
2586.179667,RECENTER,reincorporando por posicion lateral,25,6.37,257.13,PISTA,OK,3,893.5,893.5,319.1,781.7,241.7,1,0.861,191.0,1,0.712,132.5,1,0.877,0.221,5,1,91,VERDE,190.4,126.5,0.400,0,323.8,,41.8
2586.281055,RECENTER,reincorporando por posicion lateral,25,6.35,257.18,PISTA,OK,3,884.0,884.0,313.4,780.5,250.2,1,0.861,195.0,1,0.658,138.0,1,0.973,0.224,5,1,91,VERDE,190.4,126.5,0.400,0,323.8,,78.2
2586.379321,RECENTER,reincorporando por posicion lateral,25,6.27,257.33,PISTA,OK,3,876.0,876.0,324.3,764.1,253.1,1,0.833,204.0,1,0.616,142.2,1,0.945,0.207,5,1,91,VERDE,190.4,126.5,0.400,0,323.8,,40.8
2586.480822,RECENTER,reincorporando por posicion lateral,25,6.21,257.45,PISTA,OK,3,865.5,865.5,334.1,767.9,242.9,1,0.806,212.8,1,0.658,148.0,1,0.918,0.210,5,1,91,VERDE,190.4,126.5,0.400,0,323.8,,76.8
2586.580649,RECENTER,reincorporando por posicion lateral,25,6.16,257.56,PISTA,OK,3,857.0,857.0,323.7,770.4,242.5,1,0.833,215.5,1,0.644,153.5,1,0.932,0.218,5,1,91,VERDE,190.4,126.5,0.400,0,323.8,,42.7
2586.680728,RECENTER,reincorporando por posicion lateral,25,6.10,257.68,PISTA,OK,3,847.0,847.0,366.7,770.8,247.4,1,0.889,220.2,1,0.671,157.5,1,0.973,0.218,5,1,91,VERDE,190.4,126.5,0.400,0,323.8,,77.4
2586.781878,RECENTER,reincorporando por posicion lateral,24,6.05,257.78,PISTA,OK,3,837.0,837.0,351.8,773.1,258.9,1,0.806,230.0,1,0.616,165.2,1,0.932,0.216,5,1,91,VERDE,190.4,126.5,0.400,0,323.8,,43.2
2586.882539,RECENTER,reincorporando por posicion lateral,24,6.02,257.83,PISTA,OK,3,826.5,826.5,349.8,779.7,242.9,1,0.833,229.5,1,0.699,172.0,1,0.945,0.217,5,1,91,VERDE,190.4,126.5,0.400,0,323.8,,79.8
2586.982615,RECENTER,reincorporando por posicion lateral,24,5.97,257.93,PISTA,OK,3,817.5,817.5,364.3,775.0,244.1,1,0.861,255.0,1,0.603,178.8,1,0.959,0.207,4,1,91,VERDE,190.4,126.5,0.400,0,323.8,,45.5
2587.082836,RECENTER,reincorporando por posicion lateral,24,5.93,258.02,PISTA,OK,3,808.0,808.0,364.7,778.9,196.6,1,0.889,263.5,1,0.589,185.8,1,0.986,0.206,4,1,91,VERDE,190.4,126.5,0.400,0,323.8,,79.9
2587.183771,RECENTER,reincorporando por posicion lateral,24,5.86,258.16,AZUL,OK,3,799.0,799.0,419.1,778.7,201.5,1,0.889,254.5,1,0.726,192.2,1,0.973,0.210,4,1,91,VERDE,190.4,126.5,0.400,0,323.8,,47.1
2587.283923,RECENTER,reincorporando por posicion lateral,24,5.82,258.23,AZUL,OK,3,790.0,790.0,400.6,778.6,188.8,1,0.833,257.5,1,0.699,199.5,1,0.959,0.210,4,1,91,VERDE,190.4,126.5,0.400,0,323.8,,79.5
2587.384605,RECENTER,reincorporando por posicion lateral,24,5.75,258.37,PISTA,OK,3,779.5,779.5,420.0,778.6,192.5,1,0.778,268.5,1,0.671,207.5,1,0.945,0.215,4,1,91,VERDE,190.4,126.5,0.400,0,323.8,,42.8
2587.481815,RECENTER,reincorporando por posicion lateral,24,5.69,258.50,PISTA,OK,3,771.0,771.0,484.8,777.9,188.6,1,0.861,284.5,1,0.685,215.0,1,0.973,0.211,4,1,91,VERDE,190.4,126.5,0.400,0,323.8,,73.3
2587.582802,RECENTER,reincorporando por posicion lateral,24,5.60,258.67,PISTA,OK,3,761.5,761.5,493.3,776.8,187.2,1,0.917,278.5,1,0.712,224.2,1,0.986,0.209,4,1,91,VERDE,190.4,126.5,0.400,0,323.8,,44.0
2587.682847,RECENTER,reincorporando por posicion lateral,24,5.53,258.82,PISTA,OK,3,752.5,752.5,484.7,776.1,190.2,1,0.917,284.2,1,0.767,231.8,1,0.986,0.216,4,1,91,VERDE,190.4,126.5,0.400,0,323.8,,78.4
2587.782203,RECENTER,reincorporando por posicion lateral,24,5.49,258.90,PISTA,OK,3,744.5,744.5,552.6,776.2,197.4,1,0.889,295.0,1,0.753,238.2,1,0.973,0.208,4,1,91,VERDE,190.4,126.5,0.400,0,323.8,,45.5
2587.881697,CRUISE,reincorporacion verificada,24,5.42,259.03,PISTA,OK,3,735.0,735.0,528.0,775.9,205.2,1,0.833,290.0,1,0.795,247.5,1,0.945,0.214,3,1,,,,,,0,323.8,,77.0
2587.981335,AVOID_PASS,manteniendo rumbo mientras pasa el pilar 100,24,1.42,259.11,PISTA,OK,3,727.0,727.0,588.7,775.2,214.2,1,0.944,304.0,1,0.808,256.0,1,0.973,0.206,3,1,100,ROJO,-243.2,248.2,0.000,1,0.0,,44.5
2588.082783,AVOID_PASS,manteniendo rumbo mientras pasa el pilar 100,23,-0.11,259.22,PISTA,OK,3,716.5,716.5,594.5,775.2,222.8,1,0.833,320.0,1,0.767,262.8,1,0.959,0.212,3,1,100,ROJO,-238.8,241.3,0.000,1,9.7,,79.9
2588.182046,AVOID_PASS,manteniendo rumbo mientras pasa el pilar 100,23,-0.23,259.34,PISTA,OK,3,707.5,707.5,597.3,774.6,232.1,1,0.861,326.5,1,0.781,271.5,1,0.959,0.211,3,1,100,ROJO,-238.4,233.7,0.000,1,18.9,,43.0
2588.280302,AVOID_PASS,manteniendo rumbo mientras pasa el pilar 100,23,-0.32,259.43,PISTA,OK,3,698.5,698.5,657.2,773.8,239.2,1,0.806,323.8,1,0.808,279.0,1,0.959,0.210,3,1,100,ROJO,-236.0,226.3,0.000,1,27.9,,74.7
2588.381460,AVOID_PASS,manteniendo rumbo mientras pasa el pilar 100,23,-0.32,259.43,PISTA,OK,3,691.5,691.5,625.2,773.5,248.2,1,0.889,334.5,1,0.795,287.0,1,0.945,0.210,4,1,100,ROJO,-234.2,218.8,0.000,1,37.2,,44.6
2588.481303,AVOID_PASS,manteniendo rumbo mientras pasa el pilar 100,23,-0.35,259.46,PISTA,OK,3,682.5,682.5,301.5,773.1,256.8,1,0.889,342.0,1,0.781,294.5,1,0.986,0.812,4,1,100,ROJO,-235.3,210.7,0.000,1,46.4,,76.7
2588.580921,AVOID_PASS,manteniendo rumbo mientras pasa el pilar 100,23,-0.38,259.49,PISTA,OK,3,674.0,674.0,658.6,773.3,264.8,1,0.917,348.5,1,0.767,301.8,1,0.959,0.213,4,1,100,ROJO,-234.8,201.7,0.000,1,55.6,,41.2
2588.678944,AVOID_PASS,manteniendo rumbo mientras pasa el pilar 100,23,-0.43,259.54,PISTA,OK,3,665.5,665.5,287.5,773.0,273.6,1,0.806,350.0,1,0.767,309.5,1,0.986,0.810,4,1,100,ROJO,-231.4,195.2,0.000,1,64.6,,74.7
2588.780767,AVOID_PASS,manteniendo rumbo mientras pasa el pilar 100,23,-0.49,259.60,PISTA,OK,3,657.5,657.5,282.5,772.1,281.8,1,0.889,357.2,1,0.808,318.0,1,0.973,0.810,4,1,100,ROJO,-230.0,190.0,0.000,1,74.0,,43.9
2588.879692,AVOID_PASS,manteniendo rumbo mientras pasa el pilar 100,23,-0.54,259.65,PISTA,OK,3,648.5,648.5,792.6,772.1,290.9,1,0.861,365.0,1,0.836,326.5,1,0.973,0.207,4,1,100,ROJO,-229.6,181.4,0.000,1,83.1,,74.6
2588.979768,AVOID_PASS,manteniendo rumbo mientras pasa el pilar 100,23,-0.57,259.68,PISTA,OK,3,640.0,640.0,752.2,771.7,298.1,1,0.833,381.0,1,0.808,334.5,1,0.973,0.208,4,1,100,ROJO,-228.9,174.4,0.000,1,92.3,,41.3
2589.079254,AVOID_PASS,manteniendo rumbo mientras pasa el pilar 100,23,-0.58,259.69,PISTA,OK,3,631.0,631.0,837.7,770.6,306.9,1,0.833,382.5,1,0.849,341.0,1,0.959,0.208,4,1,100,ROJO,-228.6,167.8,0.000,1,101.4,,77.0
2589.178528,AVOID_PASS,manteniendo rumbo mientras pasa el pilar 100,23,-0.62,259.73,PISTA,OK,3,623.5,623.5,826.8,770.6,316.5,1,0.833,385.8,1,0.836,350.8,1,0.932,0.207,4,1,100,ROJO,-227.1,160.1,0.000,1,110.5,,42.7
2589.278645,AVOID_PASS,manteniendo rumbo mientras pasa el pilar 100,23,-0.65,259.76,PISTA,OK,3,614.5,614.5,828.1,769.8,323.0,1,0.833,397.5,1,0.890,356.5,1,0.945,0.209,4,1,100,ROJO,-224.7,150.5,0.000,1,119.8,,73.5
2589.379490,AVOID_PASS,manteniendo rumbo mientras pasa el pilar 100,22,-0.64,259.75,PISTA,OK,3,605.5,605.5,250.0,768.9,331.0,1,0.833,400.5,1,0.877,366.0,1,0.945,0.812,4,1,100,ROJO,-223.8,138.6,0.000,1,129.0,,41.3
2589.479436,AVOID_PASS,manteniendo rumbo mientras pasa el pilar 100,22,-0.65,259.76,PISTA,OK,3,596.5,596.5,580.3,769.0,341.7,1,0.833,413.5,1,0.795,373.0,1,0.973,0.824,4,1,100,ROJO,-221.7,137.5,0.000,1,137.8,,76.1
2589.577858,AVOID_PASS,manteniendo rumbo mientras pasa el pilar 100,22,-0.67,259.78,PISTA,OK,3,589.0,589.0,617.7,768.4,349.2,1,0.861,420.5,1,0.795,382.0,1,0.959,0.682,4,1,100,ROJO,-222.6,125.7,0.000,1,146.5,,109.6
2589.678724,AVOID_PASS,manteniendo rumbo mientras pasa el pilar 100,22,-0.68,259.79,PISTA,OK,3,579.5,579.5,235.0,767.6,355.4,1,0.833,424.5,1,0.890,389.5,1,0.945,0.809,4,1,100,ROJO,-222.6,116.9,0.101,1,155.4,,75.4
2589.778524,AVOID_PASS,manteniendo rumbo mientras pasa el pilar 100,22,-0.67,259.78,PISTA,OK,3,572.5,572.5,580.8,767.6,364.4,1,0.750,433.0,1,0.904,397.8,1,0.890,0.840,4,1,100,ROJO,-217.4,111.9,0.000,1,164.2,,41.8
2589.878942,AVOID_PASS,manteniendo rumbo mientras pasa el pilar 100,22,-0.72,259.83,PISTA,OK,3,566.0,566.0,596.7,766.8,373.4,1,0.833,442.0,1,0.890,406.5,1,0.945,0.538,3,1,100,ROJO,-217.3,103.3,0.100,1,173.0,,76.4
2589.980494,AVOID_PASS,manteniendo rumbo mientras pasa el pilar 100,22,-0.75,259.86,PISTA,OK,3,557.0,557.0,571.8,766.8,381.6,1,0.861,446.5,1,0.877,412.0,1,0.932,0.607,3,1,100,ROJO,-217.3,94.5,0.202,1,181.9,,44.8
2590.082045,AVOID_PASS,manteniendo rumbo mientras pasa el pilar 100,22,-0.80,259.91,PISTA,OK,3,548.0,548.0,678.8,765.7,388.7,1,0.861,453.5,1,0.890,419.8,1,0.945,0.488,3,1,100,ROJO,-212.6,90.8,0.000,1,190.9,,77.9
2590.183083,AVOID_PASS,manteniendo rumbo mientras pasa el pilar 100,22,-0.81,259.92,PISTA,OK,3,540.5,540.5,625.8,765.6,397.0,1,0.778,462.5,1,0.863,429.5,1,0.932,0.780,3,1,100,ROJO,-212.2,86.6,0.000,1,199.8,,46.2
2590.282255,AVOID_PASS,manteniendo rumbo mientras pasa el pilar 100,22,-0.85,259.96,PISTA,OK,3,532.5,532.5,661.6,765.2,402.4,1,0.889,476.0,1,0.918,436.5,1,0.932,0.596,3,1,100,ROJO,-209.0,79.2,0.000,1,208.5,,79.8
2590.381347,AVOID_PASS,manteniendo rumbo mientras pasa el pilar 100,22,-0.90,260.01,PISTA,OK,3,525.0,525.0,639.4,764.3,414.7,1,0.833,478.5,1,0.890,444.0,1,0.918,0.659,3,1,100,ROJO,-208.4,73.0,0.000,1,217.2,,41.8
2590.481651,AVOID_PASS,manteniendo rumbo mientras pasa el pilar 100,22,-0.93,260.04,NARANJA,OK,3,516.5,516.5,661.9,764.7,422.1,1,0.861,484.5,1,0.877,452.8,1,0.959,0.741,3,1,100,ROJO,-207.9,64.9,0.000,1,226.0,,77.5
2590.581179,AVOID_PASS,manteniendo rumbo mientras pasa el pilar 100,22,-0.96,260.07,NARANJA,OK,3,508.0,508.0,642.2,764.0,430.8,1,0.889,491.5,1,0.877,460.0,1,0.945,0.767,3,1,100,ROJO,-206.9,60.0,0.000,1,234.8,,45.1
2590.681413,AVOID_PASS,manteniendo rumbo mientras pasa el pilar 100,22,-0.97,260.08,NARANJA,OK,3,498.0,498.0,636.3,763.2,438.6,1,0.889,500.5,1,0.877,466.5,1,0.973,0.815,3,1,100,ROJO,-206.9,50.0,0.000,1,243.6,,77.4
2590.780454,AVOID_PASS,manteniendo rumbo mientras pasa el pilar 100,21,-0.98,260.09,NARANJA,OK,3,491.0,491.0,563.1,762.9,445.1,1,0.861,507.5,1,0.904,475.0,1,0.945,0.601,3,1,100,ROJO,-206.9,41.3,0.099,1,252.3,,43.0
2590.880433,AVOID_PASS,manteniendo rumbo mientras pasa el pilar 100,21,-1.00,260.11,NARANJA,OK,3,482.5,482.5,704.8,762.7,455.7,1,0.917,514.5,1,0.904,483.0,1,0.973,0.745,3,1,100,ROJO,-206.1,34.9,0.000,1,260.7,,79.1
2590.980080,AVOID_PASS,manteniendo rumbo mientras pasa el pilar 100,21,-0.98,260.09,PISTA,OK,3,474.5,474.5,713.3,762.0,462.7,1,0.917,209.0,1,0.945,490.2,1,0.945,0.737,3,1,100,ROJO,-204.5,26.4,0.000,1,269.1,,45.1
2591.081091,AVOID_PASS,manteniendo rumbo mientras pasa el pilar 100,21,-1.00,260.11,PISTA,OK,3,467.5,467.5,584.0,761.4,469.6,1,0.944,202.0,1,0.932,498.0,1,0.973,0.458,3,1,100,ROJO,-204.5,18.0,0.101,1,277.6,,79.7
2591.180813,AVOID_PASS,manteniendo rumbo mientras pasa el pilar 100,21,-0.98,260.09,PISTA,OK,3,459.5,459.5,687.9,761.6,480.8,1,0.917,200.8,1,0.945,508.5,1,0.959,0.524,3,1,100,ROJO,-204.3,12.8,0.000,1,286.0,,44.7
2591.280245,AVOID_PASS,manteniendo rumbo mientras pasa el pilar 100,21,-1.02,260.13,PISTA,OK,3,452.5,452.5,586.0,761.0,486.4,1,0.889,200.5,1,0.945,516.0,1,0.945,0.374,3,1,100,ROJO,-204.3,4.6,0.099,1,294.3,,78.0
2591.380569,AVOID_PASS,manteniendo rumbo mientras pasa el pilar 100,21,-1.05,260.16,PISTA,OK,3,445.0,445.0,727.2,760.6,492.0,1,0.861,198.0,1,0.932,521.5,1,0.945,0.494,3,1,100,ROJO,-202.0,-1.2,0.000,1,302.7,,45.0
2591.479657,AVOID_PASS,manteniendo rumbo mientras pasa el pilar 100,21,-1.06,260.17,PISTA,OK,3,439.0,439.0,730.9,760.5,501.3,1,0.917,198.0,1,0.904,531.0,1,0.945,0.223,3,1,100,ROJO,-201.2,-5.6,0.000,1,311.1,,74.9
2591.578718,AVOID_PASS,manteniendo rumbo mientras pasa el pilar 100,21,-1.10,260.21,PISTA,OK,3,430.5,430.5,704.3,759.8,507.5,1,0.889,196.0,1,0.945,536.2,1,0.945,0.250,4,1,100,ROJO,-200.0,-13.1,0.000,1,319.4,,40.7
2591.678588,RECENTER,reincorporacion tras 328 mm de sobrepaso estimado,21,-5.10,260.25,PISTA,OK,3,425.0,425.0,716.3,759.6,516.4,1,0.917,194.5,1,0.918,544.5,1,0.959,0.511,4,1,100,ROJO,-199.8,-19.0,0.000,1,327.8,,77.5
2591.778018,TURN,giro de esquina por IMU y reapertura frontal,21,25.00,260.27,PISTA,OK,3,416.0,416.0,684.5,758.9,522.0,1,0.917,196.0,1,0.932,552.5,1,0.945,0.263,4,1,,,,,,0,327.8,,42.8
2591.877894,TURN,giro de esquina por IMU y reapertura frontal,21,25.00,260.32,PISTA,OK,3,409.0,409.0,704.4,758.4,532.3,1,0.944,195.5,1,0.918,561.5,1,0.973,0.206,4,1,,,,,,0,327.8,,75.3
2591.977188,TURN,giro de esquina por IMU y reapertura frontal,21,25.00,259.18,PISTA,OK,3,401.0,401.0,660.8,758.6,532.1,1,0.917,202.8,1,0.890,562.5,1,0.959,0.254,4,1,,,,,,0,327.8,,42.3
2592.076892,TURN,giro de esquina por IMU y reapertura frontal,21,25.00,261.01,PISTA,OK,3,393.5,393.5,677.9,756.7,543.1,1,0.944,200.2,1,0.945,574.0,1,0.959,0.248,4,1,,,,,,0,327.8,,74.9
2592.177458,TURN,giro de esquina por IMU y reapertura frontal,21,25.00,261.85,PISTA,OK,3,387.0,387.0,696.4,757.9,551.7,1,0.944,194.5,1,0.973,583.5,1,0.973,0.206,4,1,,,,,,0,327.8,,43.0
2592.275835,TURN,giro de esquina por IMU y reapertura frontal,21,25.00,263.48,PISTA,OK,3,382.0,382.0,627.1,760.1,574.4,1,0.889,193.0,1,0.904,747.2,1,0.959,0.207,4,1,,,,,,0,327.8,,73.9
2592.375145,TURN,giro de esquina por IMU y reapertura frontal,20,25.00,265.01,PISTA,OK,3,376.5,376.5,629.2,762.4,573.2,1,0.861,191.0,1,0.890,749.0,1,0.959,0.386,4,1,,,,,,0,327.8,,40.5
2592.476348,TURN,giro de esquina por IMU y reapertura frontal,20,25.00,266.69,PISTA,OK,3,372.0,372.0,628.6,765.4,573.2,1,0.833,187.5,1,0.918,754.8,1,0.945,0.574,4,1,,,,,,0,327.8,,75.4
2592.576235,TURN,giro de esquina por IMU y reapertura frontal,20,25.00,268.14,PISTA,OK,3,366.5,366.5,639.8,764.8,574.2,1,0.861,187.5,1,0.877,758.0,1,0.973,0.558,4,1,,,,,,0,327.8,,41.3
2592.673915,TURN,giro de esquina por IMU y reapertura frontal,20,25.00,268.77,PISTA,OK,3,361.0,361.0,553.7,766.7,573.8,1,0.889,184.5,1,0.890,760.5,1,1.000,0.537,4,1,,,,,,0,327.8,,72.5
2592.774805,TURN,giro de esquina por IMU y reapertura frontal,20,25.00,270.29,PISTA,OK,3,357.0,357.0,548.2,769.4,570.3,1,0.889,182.5,1,0.904,765.0,1,1.000,0.639,4,1,,,,,,0,327.8,,40.6
2592.874578,TURN,giro de esquina por IMU y reapertura frontal,20,25.00,271.84,PISTA,OK,3,351.5,351.5,570.4,772.6,567.9,1,0.833,178.5,1,0.890,769.5,1,0.986,0.812,3,1,,,,,,0,327.8,,69.0
2592.974123,TURN,giro de esquina por IMU y reapertura frontal,20,25.00,273.30,PISTA,OK,3,349.2,349.2,463.0,772.5,565.4,1,0.861,178.0,1,0.904,774.0,1,1.000,0.777,4,1,,,,,,0,327.8,,38.0
2593.073793,TURN,giro de esquina por IMU y reapertura frontal,20,25.00,274.16,PISTA,OK,3,343.0,343.0,560.3,773.4,561.9,1,0.750,176.5,1,0.822,777.5,1,0.973,0.801,4,1,,,,,,0,327.8,,72.8
2593.172139,TURN,giro de esquina por IMU y reapertura frontal,20,25.00,275.58,PISTA,OK,3,339.5,339.5,556.6,772.0,559.8,1,0.806,175.0,1,0.904,782.2,1,0.986,0.581,4,1,,,,,,0,327.8,,105.5
2593.271436,TURN,giro de esquina por IMU y reapertura frontal,20,25.00,277.17,PISTA,OK,3,336.0,336.0,478.0,773.3,557.9,1,0.806,173.0,1,0.863,787.2,1,1.000,0.739,4,1,,,,,,0,327.8,,65.7
2593.373662,TURN,giro de esquina por IMU y reapertura frontal,20,25.00,278.66,PISTA,OK,3,332.5,332.5,560.8,760.9,557.6,1,0.833,171.0,1,0.877,791.5,1,1.000,0.632,4,1,,,,,,0,327.8,,39.6
2593.472393,TURN,giro de esquina por IMU y reapertura frontal,20,25.00,279.27,PISTA,OK,3,328.0,328.0,483.0,751.4,552.1,1,0.806,167.0,1,0.808,795.5,1,1.000,0.689,4,1,,,,,,0,327.8,,71.0
2593.573552,TURN,giro de esquina por IMU y reapertura frontal,20,25.00,280.76,PISTA,OK,3,323.0,323.0,568.9,745.7,553.0,1,0.833,167.5,1,0.877,800.5,1,1.000,0.659,4,1,,,,,,0,327.8,,38.3
2593.673507,TURN,giro de esquina por IMU y reapertura frontal,20,25.00,282.23,PISTA,OK,3,319.5,319.5,612.2,692.4,550.3,1,0.889,164.5,1,0.918,806.0,1,1.000,0.615,4,1,,,,,,0,327.8,,71.9
2593.774531,TURN,giro de esquina por IMU y reapertura frontal,20,25.00,283.71,PISTA,OK,3,315.0,315.0,582.9,699.2,548.8,1,0.861,162.5,1,0.904,811.0,1,1.000,0.660,4,1,,,,,,0,327.8,,40.7
2593.875027,TURN,giro de esquina por IMU y reapertura frontal,20,25.00,285.26,PISTA,OK,3,311.5,311.5,586.6,649.2,549.7,1,0.861,161.5,1,0.904,816.0,1,1.000,0.631,3,0,,,,,,0,327.8,,75.0
2593.974648,TURN,giro de esquina por IMU y reapertura frontal,20,25.00,285.94,PISTA,OK,3,309.5,309.5,520.0,607.7,546.8,1,0.861,158.0,1,0.904,822.0,1,1.000,0.595,3,0,,,,,,0,327.8,,40.7
2594.074925,TURN,giro de esquina por IMU y reapertura frontal,20,25.00,287.44,PISTA,OK,3,307.0,307.0,529.5,607.2,544.3,1,0.861,158.5,1,0.849,826.0,1,1.000,0.582,3,0,,,,,,0,327.8,,74.3
2594.174829,TURN,giro de esquina por IMU y reapertura frontal,20,25.00,288.94,PISTA,OK,3,303.0,303.0,175.3,573.8,543.3,1,0.833,155.0,1,0.877,832.5,1,0.986,0.658,2,0,,,,,,0,327.8,,39.9
2594.275926,TURN,giro de esquina por IMU y reapertura frontal,20,25.00,290.45,PISTA,OK,3,301.0,301.0,187.8,547.0,816.3,1,0.861,154.0,1,0.904,799.0,1,0.986,0.384,3,0,,,,,,0,327.8,,72.7
2594.375661,TURN,giro de esquina por IMU y reapertura frontal,20,25.00,291.95,PISTA,OK,3,300.5,300.5,113.2,532.1,813.4,1,0.917,154.0,1,0.904,724.5,1,0.986,0.180,3,0,,,,,,0,327.8,,41.3
2594.474039,TURN,giro de esquina por IMU y reapertura frontal,20,25.00,292.61,PISTA,OK,3,299.5,299.5,110.8,527.2,804.8,1,0.972,150.5,1,0.932,688.5,1,0.973,0.180,3,0,,,,,,0,327.8,,73.5
2594.575491,TURN,giro de esquina por IMU y reapertura frontal,20,25.00,294.04,PISTA,OK,3,300.2,300.2,107.0,489.0,801.3,1,1.000,150.5,1,0.918,654.0,1,0.959,0.183,4,0,,,,,,0,327.8,,38.1
2594.674885,TURN,giro de esquina por IMU y reapertura frontal,20,25.00,295.60,PISTA,OK,3,299.0,299.0,103.0,479.6,797.9,1,1.000,149.5,1,0.932,590.5,1,0.986,0.184,3,0,,,,,,0,327.8,,70.0
2594.774430,TURN,giro de esquina por IMU y reapertura frontal,20,25.00,297.15,PISTA,OK,3,301.0,301.0,102.0,457.9,794.2,1,1.000,146.8,1,0.932,565.0,1,0.973,0.185,3,0,,,,,,0,327.8,,39.5
2594.874088,TURN,giro de esquina por IMU y reapertura frontal,20,25.00,297.82,PISTA,OK,3,300.5,300.5,99.7,448.7,791.3,1,1.000,145.0,1,0.959,567.5,1,0.959,0.186,3,0,,,,,,0,327.8,,71.4
2594.973313,TURN,giro de esquina por IMU y reapertura frontal,20,25.00,299.28,PISTA,OK,3,306.5,306.5,98.7,437.9,782.3,1,1.000,144.5,1,0.973,550.0,1,0.932,0.185,3,0,,,,,,0,327.8,,39.3
2595.072998,TURN,giro de esquina por IMU y reapertura frontal,20,25.00,300.80,PISTA,OK,3,304.2,304.2,99.0,402.3,783.9,1,0.972,145.0,1,0.904,510.5,1,0.945,0.192,4,0,,,,,,0,327.8,,71.9
2595.173388,TURN,giro de esquina por IMU y reapertura frontal,20,25.00,302.32,PISTA,OK,3,306.5,306.5,94.7,384.6,779.0,1,0.972,143.5,1,0.918,486.5,1,0.932,0.193,5,0,,,,,,0,327.8,,39.7
2595.271924,TURN,giro de esquina por IMU y reapertura frontal,20,25.00,303.71,PISTA,OK,3,305.5,305.5,93.0,387.3,704.7,1,1.000,143.2,1,0.932,473.0,1,0.959,0.192,5,0,,,,,,0,327.8,,72.0
2595.372778,TURN,giro de esquina por IMU y reapertura frontal,20,25.00,304.43,PISTA,OK,3,316.5,316.5,1193.5,364.6,703.7,1,0.972,143.0,1,0.932,458.5,1,0.890,0.180,5,0,,,,,,0,327.8,,38.6
2595.474469,TURN,giro de esquina por IMU y reapertura frontal,20,25.00,305.96,PISTA,OK,3,314.2,314.2,1076.7,362.7,704.9,1,0.972,141.0,1,0.890,455.5,1,0.918,0.192,5,0,,,,,,0,327.8,,73.1
2595.571734,TURN,giro de esquina por IMU y reapertura frontal,20,25.00,307.53,PISTA,OK,3,318.5,318.5,1040.4,365.6,703.0,1,0.972,142.5,1,0.918,421.5,1,0.959,0.210,5,0,,,,,,0,327.8,,37.5
2595.671854,TURN,giro de esquina por IMU y reapertura frontal,20,25.00,308.37,PISTA,OK,3,325.0,325.0,1017.1,365.6,702.8,1,1.000,141.0,1,0.945,404.5,1,0.932,0.375,5,0,,,,,,0,327.8,,72.0
2595.772143,TURN,giro de esquina por IMU y reapertura frontal,20,25.00,309.92,PISTA,OK,3,327.0,327.0,991.2,364.3,697.3,1,0.972,141.0,1,0.945,398.5,1,0.945,0.518,5,0,,,,,,0,327.8,,38.7
2595.871856,TURN,giro de esquina por IMU y reapertura frontal,20,25.00,311.35,PISTA,OK,3,328.5,328.5,970.8,364.4,699.3,1,1.000,142.0,1,0.959,384.0,1,0.932,0.729,5,0,,,,,,0,327.8,,68.9
2595.972950,TURN,giro de esquina por IMU y reapertura frontal,20,25.00,312.93,PISTA,OK,3,333.2,333.2,954.0,357.1,697.9,1,1.000,141.0,1,0.959,374.0,1,0.945,0.818,6,0,,,,,,0,327.8,,39.9
2596.073724,TURN,giro de esquina por IMU y reapertura frontal,20,25.00,313.73,PISTA,OK,3,332.8,332.8,934.0,349.3,691.6,1,1.000,139.2,1,0.986,365.0,1,0.932,0.853,6,0,,,,,,0,327.8,,73.6
2596.174278,TURN,giro de esquina por IMU y reapertura frontal,20,25.00,315.26,PISTA,OK,3,344.0,344.0,919.7,342.3,690.1,1,0.972,139.5,1,0.959,359.5,1,0.959,0.928,6,0,,,,,,0,327.8,,40.0
2596.275251,TURN,giro de esquina por IMU y reapertura frontal,20,25.00,316.68,PISTA,OK,3,347.5,347.5,902.1,334.4,686.1,1,1.000,139.8,1,0.986,349.0,1,0.890,0.914,6,0,,,,,,0,327.8,,68.0
2596.376564,TURN,giro de esquina por IMU y reapertura frontal,20,25.00,318.21,PISTA,OK,3,365.5,365.5,886.4,328.9,682.2,1,0.944,139.0,1,0.945,340.5,1,0.890,0.931,5,0,,,,,,0,327.8,,42.8
2596.476620,TURN,giro de esquina por IMU y reapertura frontal,20,25.00,318.89,PISTA,OK,3,372.0,372.0,871.2,322.8,682.0,1,0.944,139.2,1,0.973,341.8,1,0.877,0.883,6,0,,,,,,0,327.8,,76.7
2596.574632,TURN,giro de esquina por IMU y reapertura frontal,21,25.00,320.35,PISTA,OK,3,388.5,388.5,856.9,317.1,680.3,1,1.000,138.0,1,1.000,324.8,1,0.904,0.868,6,0,,,,,,0,327.8,,39.7
2596.675774,TURN,giro de esquina por IMU y reapertura frontal,21,25.00,321.79,PISTA,OK,3,385.0,385.0,843.0,311.8,675.7,1,0.972,136.0,1,0.986,314.0,1,0.890,0.878,6,0,,,,,,0,327.8,,76.3
2596.775307,TURN,giro de esquina por IMU y reapertura frontal,21,25.00,323.33,PISTA,OK,3,395.5,395.5,828.7,307.3,671.7,1,1.000,137.0,1,0.973,317.5,1,0.877,0.869,5,0,,,,,,0,327.8,,39.6
2596.875273,TURN,giro de esquina por IMU y reapertura frontal,21,25.00,325.00,PISTA,OK,3,411.0,411.0,814.6,302.3,666.3,1,0.972,137.5,1,0.945,309.5,1,0.932,0.876,5,0,,,,,,0,327.8,,76.1
2596.975968,TURN,giro de esquina por IMU y reapertura frontal,21,25.00,325.69,PISTA,OK,3,425.0,425.0,802.7,298.5,662.8,1,0.972,137.5,1,0.973,304.0,1,0.918,0.869,4,0,,,,,,0,327.8,,40.7
2597.073513,TURN,giro de esquina por IMU y reapertura frontal,21,25.00,327.30,PISTA,OK,3,447.0,447.0,789.9,294.7,657.4,1,0.972,138.5,1,0.959,302.0,1,0.904,0.868,4,0,,,,,,0,327.8,,72.1
2597.174277,TURN,giro de esquina por IMU y reapertura frontal,21,25.00,328.97,PISTA,OK,3,450.5,450.5,778.8,291.1,664.3,1,0.972,139.2,1,0.945,293.0,1,0.836,0.860,4,0,,,,,,0,327.8,,40.7
2597.274314,TURN,giro de esquina por IMU y reapertura frontal,21,25.00,330.60,PISTA,OK,3,467.5,467.5,768.0,288.4,669.2,1,0.972,138.8,1,0.959,290.0,1,0.836,0.869,4,0,,,,,,0,327.8,,70.1
2597.373274,TURN,giro de esquina por IMU y reapertura frontal,22,25.00,331.46,PISTA,OK,3,495.5,495.5,757.3,285.9,858.9,1,0.972,139.2,1,0.973,286.5,1,0.918,0.858,4,0,,,,,,0,327.8,,39.7
2597.473389,TURN,giro de esquina por IMU y reapertura frontal,22,25.00,333.23,PISTA,OK,3,514.0,514.0,747.0,284.0,860.1,1,1.000,139.8,1,0.959,282.0,1,0.890,0.857,4,0,,,,,,0,327.8,,73.5
2597.573876,TURN,giro de esquina por IMU y reapertura frontal,22,25.00,334.83,PISTA,OK,3,545.5,545.5,737.9,282.4,866.3,1,1.000,138.8,1,0.959,279.0,1,0.932,0.851,4,0,,,,,,0,327.8,,41.3
2597.672336,TURN,giro de esquina por IMU y reapertura frontal,22,25.00,336.77,PISTA,OK,3,591.5,591.5,727.6,281.1,871.6,1,1.000,139.8,1,0.959,274.5,1,0.877,0.829,4,0,,,,,,0,327.8,,73.4
2597.771963,TURN,giro de esquina por IMU y reapertura frontal,23,25.00,337.63,PISTA,OK,3,619.5,619.5,718.4,280.9,827.0,1,0.972,140.5,1,0.959,273.5,1,0.945,0.849,4,0,,,,,,0,327.8,,38.6
2597.871074,TURN,giro de esquina por IMU y reapertura frontal,23,25.00,339.33,PISTA,OK,3,671.5,671.5,710.5,281.0,742.2,1,0.917,141.5,1,0.932,274.5,1,0.904,0.863,4,1,,,,,,0,327.8,,72.4
2597.973243,TURN,giro de esquina por IMU y reapertura frontal,23,25.00,341.19,PISTA,OK,3,684.0,684.0,702.0,281.6,716.3,1,0.889,143.5,1,0.973,272.5,1,0.904,0.862,3,1,,,,,,0,327.8,,40.6
2598.071068,TURN,giro de esquina por IMU y reapertura frontal,24,25.00,343.10,PISTA,OK,3,740.0,740.0,694.0,282.3,628.7,1,0.917,145.5,1,0.945,272.8,1,0.959,0.863,3,1,,,,,,0,327.8,,71.8
2598.171452,TURN,giro de esquina por IMU y reapertura frontal,24,25.00,344.03,PISTA,OK,3,812.0,812.0,686.0,283.3,593.9,1,0.917,145.0,1,0.973,275.2,1,0.945,0.873,3,1,,,,,,0,327.8,,38.6
2598.269401,CRUISE,esquina 4 verificada,25,21.00,345.86,PISTA,OK,4,1071.0,1071.0,678.9,284.9,141.3,1,0.889,146.8,1,0.973,275.5,1,0.904,0.885,3,1,,,,,,0,327.8,,70.0
2598.369650,AVOID_APPROACH,pure-pursuit al punto de paso del pilar 108,25,25.00,347.78,PISTA,OK,4,1057.0,1057.0,668.1,288.1,142.9,1,0.833,147.8,1,0.959,278.0,1,0.918,0.771,3,1,108,VERDE,-403.2,754.2,0.000,1,327.8,,104.5
2598.469288,AVOID_APPROACH,pure-pursuit al punto de paso del pilar 108,25,25.00,349.88,PISTA,OK,4,1094.0,1094.0,659.7,290.9,142.1,1,0.861,148.8,1,0.945,281.5,1,0.918,0.715,2,1,108,VERDE,-372.5,761.7,0.000,1,327.8,,70.0
2598.571843,AVOID_APPROACH,pure-pursuit al punto de paso del pilar 108,25,25.00,350.87,PISTA,OK,4,1818.5,1818.5,655.0,293.9,142.1,1,0.806,149.5,1,0.959,282.8,1,0.904,0.793,2,1,108,VERDE,-346.3,763.8,0.000,1,327.8,,106.5
2598.671184,AVOID_APPROACH,pure-pursuit al punto de paso del pilar 108,25,25.00,352.96,PISTA,OK,4,1811.0,1811.0,649.6,297.5,144.6,1,0.806,150.2,1,0.986,287.5,1,0.890,0.754,2,1,108,VERDE,-321.2,760.4,0.000,1,327.8,,72.2
2598.773300,AVOID_APPROACH,pure-pursuit al punto de paso del pilar 108,25,25.00,355.04,PISTA,OK,4,1804.0,1804.0,642.8,302.5,145.4,1,0.806,152.2,1,0.973,296.5,1,0.877,0.757,1,1,108,VERDE,-293.8,761.8,0.000,1,327.8,,40.9
2598.873025,AVOID_APPROACH,pure-pursuit al punto de paso del pilar 108,25,25.00,357.18,PISTA,OK,4,1798.0,1798.0,644.3,307.2,144.2,1,0.889,153.8,1,0.959,300.5,1,0.904,0.858,2,1,108,VERDE,-267.7,762.0,0.000,1,327.8,,74.3
2598.974626,AVOID_APPROACH,pure-pursuit al punto de paso del pilar 108,25,25.00,358.25,PISTA,OK,4,1795.5,1795.5,640.0,312.7,147.4,1,0.917,155.5,1,0.973,307.0,1,0.973,0.839,2,1,108,VERDE,-232.8,764.3,0.000,1,327.8,,41.1
2599.074214,AVOID_APPROACH,pure-pursuit al punto de paso del pilar 108,25,25.00,360.17,PISTA,OK,4,1787.0,1787.0,635.0,318.8,147.9,1,0.889,159.8,1,0.973,312.0,1,0.959,0.823,2,1,108,VERDE,-200.5,768.4,0.000,1,327.8,,74.6
2599.172650,AVOID_APPROACH,pure-pursuit al punto de paso del pilar 108,25,25.00,362.09,PISTA,OK,4,1780.5,1780.5,632.4,325.1,148.1,1,0.944,162.0,1,0.877,316.0,1,0.973,0.807,2,1,108,VERDE,-179.9,760.1,0.000,1,327.8,,107.9
2599.273639,AVOID_APPROACH,pure-pursuit al punto de paso del pilar 108,24,23.61,364.18,PISTA,OK,4,769.5,1772.0,629.1,332.2,144.8,1,0.972,164.5,1,0.959,321.0,1,0.973,0.809,3,1,108,VERDE,-152.5,758.4,0.000,1,327.8,,74.6
2599.374106,AVOID_APPROACH,pure-pursuit al punto de paso del pilar 108,24,21.50,366.12,PISTA,OK,4,761.5,1767.0,618.3,340.2,144.2,1,0.917,166.2,1,0.932,326.0,1,0.959,0.682,3,1,108,VERDE,-119.0,756.6,0.000,1,327.8,,40.3
2599.472815,AVOID_APPROACH,pure-pursuit al punto de paso del pilar 108,24,20.15,367.01,PISTA,OK,4,753.0,1761.0,617.0,348.9,149.8,1,0.917,169.2,1,0.932,333.0,1,0.986,0.694,3,1,108,VERDE,-96.7,751.5,0.000,1,327.8,,73.9
2599.572788,AVOID_APPROACH,pure-pursuit al punto de paso del pilar 108,24,17.97,368.99,PISTA,OK,4,747.0,1757.5,624.7,357.9,142.3,1,0.944,170.5,1,0.849,339.0,1,1.000,0.818,3,1,108,VERDE,-63.7,748.4,0.000,1,327.8,,38.7
2599.671888,AVOID_APPROACH,pure-pursuit al punto de paso del pilar 108,24,16.37,370.84,PISTA,OK,4,739.5,1420.5,677.5,367.7,144.8,1,0.917,174.0,1,0.904,345.0,1,0.986,0.337,3,1,108,VERDE,-39.0,742.5,0.000,1,327.8,,69.8
2599.771983,AVOID_APPROACH,pure-pursuit al punto de paso del pilar 108,24,14.58,372.97,PISTA,OK,4,736.0,1411.5,677.7,379.0,144.8,1,0.917,176.5,1,0.918,352.5,1,0.986,0.411,3,1,108,VERDE,-13.0,738.3,0.000,1,327.8,,39.4
2599.871035,AVOID_APPROACH,pure-pursuit al punto de paso del pilar 108,24,12.88,374.94,PISTA,OK,4,733.5,733.5,697.0,390.9,147.0,1,0.944,179.5,1,0.877,359.5,1,1.000,0.222,3,1,108,VERDE,12.3,728.8,0.099,1,327.8,,72.1
2599.972315,AVOID_APPROACH,pure-pursuit al punto de paso del pilar 108,23,11.96,376.01,PISTA,OK,4,725.0,1398.0,694.8,404.7,150.3,1,0.944,182.0,1,0.890,367.0,1,1.000,0.270,3,1,108,VERDE,24.4,729.8,0.000,1,327.8,,38.6
2600.071346,AVOID_APPROACH,pure-pursuit al punto de paso del pilar 108,23,10.04,377.90,PISTA,OK,4,717.0,1391.0,689.3,419.4,151.3,1,0.944,184.2,1,0.890,372.8,1,1.000,0.395,3,1,108,VERDE,51.5,720.1,0.000,1,327.8,,73.1
2600.169855,AVOID_APPROACH,pure-pursuit al punto de paso del pilar 108,23,8.11,379.85,PISTA,OK,4,708.0,1784.5,689.0,432.5,155.6,1,0.972,188.5,1,0.877,380.2,1,1.000,0.428,3,1,108,VERDE,77.8,709.8,0.000,1,327.8,,105.3
2600.268896,AVOID_APPROACH,pure-pursuit al punto de paso del pilar 108,23,6.09,380.81,PISTA,OK,4,701.5,946.0,674.1,447.7,157.7,1,1.000,192.5,1,0.932,389.5,1,1.000,0.571,3,1,108,VERDE,104.4,699.4,0.000,1,327.8,,70.2
2600.370155,AVOID_APPROACH,pure-pursuit al punto de paso del pilar 108,23,4.36,382.45,PISTA,OK,4,700.0,898.5,693.2,463.6,163.0,1,0.972,196.2,1,0.959,395.8,1,1.000,0.445,3,1,108,VERDE,126.6,688.0,0.000,1,327.8,,105.0
2600.469850,AVOID_APPROACH,pure-pursuit al punto de paso del pilar 108,23,2.80,383.92,PISTA,OK,4,695.5,862.0,685.1,480.1,165.9,1,1.000,202.5,1,0.904,404.2,1,1.000,0.528,3,1,108,VERDE,145.9,676.4,0.000,1,327.8,,69.9
2600.568698,AVOID_APPROACH,pure-pursuit al punto de paso del pilar 108,24,1.15,385.27,PISTA,OK,4,841.5,841.5,656.1,496.4,170.8,1,1.000,207.5,1,0.945,411.5,1,1.000,0.793,3,1,108,VERDE,165.6,664.4,0.000,1,327.8,,103.8
2600.668386,AVOID_APPROACH,pure-pursuit al punto de paso del pilar 108,24,-0.23,386.20,PISTA,OK,4,817.0,817.0,645.5,510.7,174.5,1,1.000,213.0,1,0.959,419.5,1,1.000,0.870,3,1,108,VERDE,181.6,651.5,0.000,1,327.8,,66.1
2600.768395,AVOID_APPROACH,pure-pursuit al punto de paso del pilar 108,24,-1.36,386.62,PISTA,OK,4,789.0,789.0,641.7,524.2,179.4,1,1.000,219.0,1,0.973,426.0,1,1.000,0.873,3,1,108,VERDE,194.1,639.2,0.000,1,327.8,,103.8
2600.867886,AVOID_APPROACH,pure-pursuit al punto de paso del pilar 108,24,-2.16,387.25,PISTA,OK,4,773.5,773.5,638.6,537.3,186.4,1,0.972,227.0,1,0.973,432.5,1,1.000,0.872,3,1,108,VERDE,202.7,627.9,0.000,1,327.8,,69.0
2600.967557,AVOID_APPROACH,pure-pursuit al punto de paso del pilar 108,24,-3.03,387.67,PISTA,OK,4,762.0,762.0,633.7,548.3,192.5,1,0.972,234.5,1,0.932,440.0,1,1.000,0.883,3,1,108,VERDE,211.7,616.8,0.000,1,327.8,,103.4
2601.066756,AVOID_APPROACH,pure-pursuit al punto de paso del pilar 108,24,-3.47,388.00,PISTA,OK,4,749.5,749.5,626.7,558.1,198.2,1,0.972,242.0,1,0.959,445.0,1,1.000,0.887,3,1,108,VERDE,215.8,606.3,0.000,1,327.8,,66.6
2601.168393,AVOID_APPROACH,pure-pursuit al punto de paso del pilar 108,24,-3.51,388.15,PISTA,OK,4,736.5,736.5,617.0,567.6,205.2,1,0.972,249.0,1,0.945,448.5,1,1.000,0.938,3,1,108,VERDE,215.6,596.9,0.000,1,327.8,,104.1
2601.268072,AVOID_APPROACH,pure-pursuit al punto de paso del pilar 108,24,-3.99,388.19,PISTA,OK,4,732.5,732.5,611.1,574.1,213.9,1,0.972,256.0,1,0.959,457.0,1,0.986,0.902,3,1,108,VERDE,219.9,586.1,0.000,1,327.8,,67.5
2601.368250,AVOID_APPROACH,pure-pursuit al punto de paso del pilar 108,23,-3.79,388.26,PISTA,OK,4,720.0,720.0,606.4,580.6,223.9,1,1.000,264.0,1,0.945,461.0,1,1.000,0.883,3,1,108,VERDE,217.4,579.9,0.000,1,327.8,,104.1
2601.468086,AVOID_APPROACH,pure-pursuit al punto de paso del pilar 108,23,-4.33,388.27,PISTA,OK,4,717.5,717.5,602.5,587.4,231.5,1,0.972,272.5,1,0.959,466.5,1,1.000,0.855,3,1,108,VERDE,222.1,569.4,0.000,1,327.8,,68.7
2601.569721,AVOID_APPROACH,pure-pursuit al punto de paso del pilar 108,23,-4.04,388.24,PISTA,OK,4,703.5,703.5,598.4,593.0,243.0,1,0.972,281.0,1,0.932,473.0,1,1.000,0.798,3,1,108,VERDE,218.6,561.2,0.000,1,327.8,,104.4
2601.669306,AVOID_APPROACH,pure-pursuit al punto de paso del pilar 108,23,-4.29,388.21,PISTA,OK,4,697.8,697.8,590.9,598.1,251.1,1,0.972,288.5,1,0.973,477.5,1,1.000,0.774,3,1,108,VERDE,220.4,551.8,0.000,1,327.8,,71.3
2601.769814,AVOID_APPROACH,pure-pursuit al punto de paso del pilar 108,23,-4.51,388.17,PISTA,OK,4,685.0,685.0,583.9,606.0,259.3,1,0.972,296.5,1,0.959,483.0,1,1.000,0.799,2,1,108,VERDE,221.9,543.6,0.000,1,327.8,,38.9
2601.868651,AVOID_APPROACH,pure-pursuit al punto de paso del pilar 108,23,-4.41,388.10,PISTA,OK,4,685.0,685.0,575.1,613.1,268.0,1,0.944,303.5,1,0.959,488.8,1,1.000,0.838,2,1,108,VERDE,220.3,534.6,0.000,1,327.8,,70.7
2601.968688,AVOID_APPROACH,pure-pursuit al punto de paso del pilar 108,23,-4.38,388.02,PISTA,OK,4,685.0,685.0,572.2,619.8,278.6,1,1.000,313.0,1,0.986,494.0,1,1.000,0.818,2,1,108,VERDE,219.4,526.6,0.000,1,327.8,,104.6
2602.068101,AVOID_APPROACH,pure-pursuit al punto de paso del pilar 108,23,-4.15,387.95,PISTA,OK,4,665.5,665.5,564.4,625.5,285.6,1,0.944,317.8,1,0.945,497.2,1,1.000,0.811,2,1,108,VERDE,216.7,519.1,0.000,1,327.8,,67.5
2602.168405,AVOID_APPROACH,pure-pursuit al punto de paso del pilar 108,23,-4.42,387.92,PISTA,OK,4,668.0,668.0,557.0,632.5,293.9,1,0.944,327.0,1,0.945,505.0,1,1.000,0.846,2,1,108,VERDE,218.4,509.8,0.000,1,327.8,,104.3
2602.270603,AVOID_APPROACH,pure-pursuit al punto de paso del pilar 108,23,-4.24,387.83,PISTA,OK,4,653.5,653.5,551.5,638.9,302.3,1,0.972,333.5,1,0.945,510.0,1,1.000,0.830,2,1,108,VERDE,216.2,502.5,0.000,1,327.8,,72.1
2602.367171,AVOID_APPROACH,pure-pursuit al punto de paso del pilar 108,23,-4.27,387.79,PISTA,OK,4,652.0,652.0,540.6,640.4,312.9,1,0.944,342.5,1,0.959,515.0,1,1.000,0.788,2,1,108,VERDE,215.9,494.4,0.000,1,327.8,,103.9
2602.466823,AVOID_APPROACH,pure-pursuit al punto de paso del pilar 108,23,-4.40,387.69,PISTA,OK,4,642.0,642.0,531.5,646.4,323.1,1,0.917,351.0,1,0.959,520.5,1,0.986,0.830,3,1,108,VERDE,216.4,485.7,0.000,1,327.8,,65.3
2602.567981,AVOID_APPROACH,pure-pursuit al punto de paso del pilar 108,23,-4.40,387.63,PISTA,OK,4,638.0,638.0,527.2,651.8,330.0,1,0.944,358.0,1,0.973,525.5,1,1.000,0.782,3,2,108,VERDE,215.8,478.6,0.000,1,327.8,,104.1
2602.666980,AVOID_APPROACH,pure-pursuit al punto de paso del pilar 108,23,-4.39,387.55,PISTA,OK,4,638.0,638.0,521.9,656.4,338.9,1,0.944,365.5,1,0.959,528.5,1,1.000,0.762,3,2,108,VERDE,215.1,469.6,0.000,1,327.8,,67.1
2602.765750,AVOID_APPROACH,pure-pursuit al punto de paso del pilar 108,23,-4.79,387.50,PISTA,OK,4,621.0,621.0,516.4,660.5,345.8,1,0.944,373.0,1,0.959,532.2,1,1.000,0.713,3,2,108,VERDE,217.7,461.3,0.000,1,327.8,,100.9
2602.866423,AVOID_APPROACH,pure-pursuit al punto de paso del pilar 108,23,-4.35,387.39,PISTA,OK,4,620.0,620.0,507.6,666.5,353.7,1,0.972,381.5,1,0.959,538.8,1,1.000,0.758,3,2,108,VERDE,213.4,451.5,0.000,1,327.8,,66.9
2602.971030,AVOID_APPROACH,pure-pursuit al punto de paso del pilar 108,23,-4.54,387.29,PISTA,OK,4,612.5,612.5,513.4,671.4,363.2,1,0.944,389.0,1,0.932,544.0,1,1.000,0.552,3,2,108,VERDE,214.2,443.6,0.000,1,327.8,,40.3
2603.066988,AVOID_APPROACH,pure-pursuit al punto de paso del pilar 108,22,-4.71,387.26,PISTA,OK,4,609.0,609.0,504.5,678.8,373.1,1,0.944,397.0,1,0.945,549.5,1,1.000,0.594,3,2,108,VERDE,214.8,434.8,0.000,1,327.8,,68.7
2603.165485,AVOID_APPROACH,pure-pursuit al punto de paso del pilar 108,22,-4.48,387.13,PISTA,OK,4,602.0,602.0,499.3,683.5,379.2,1,0.944,403.5,1,0.945,554.0,1,1.000,0.560,3,2,108,VERDE,212.4,426.8,0.000,1,327.8,,101.6
2603.265513,AVOID_APPROACH,pure-pursuit al punto de paso del pilar 108,22,-4.39,386.97,PISTA,OK,4,594.5,594.5,490.4,687.5,390.5,1,0.944,413.0,1,0.959,558.5,1,1.000,0.572,3,2,108,VERDE,211.2,419.1,0.000,1,327.8,,67.9
2603.363520,AVOID_APPROACH,pure-pursuit al punto de paso del pilar 108,22,-4.61,386.88,PISTA,OK,4,586.0,586.0,485.9,692.0,399.9,1,0.944,420.5,1,0.945,563.5,1,1.000,0.539,3,2,108,VERDE,212.2,411.2,0.000,1,327.8,,99.5
2603.465377,AVOID_APPROACH,pure-pursuit al punto de paso del pilar 108,22,-4.47,386.83,PISTA,OK,4,584.0,584.0,478.9,701.5,408.0,1,0.944,429.0,1,0.959,567.0,1,1.000,0.602,3,2,108,VERDE,210.6,404.1,0.000,1,327.8,,68.0
2603.564387,AVOID_APPROACH,pure-pursuit al punto de paso del pilar 108,22,-4.53,386.71,PISTA,OK,4,576.5,576.5,471.9,693.1,412.8,1,0.944,434.0,1,0.932,572.0,1,1.000,0.419,3,2,108,VERDE,210.4,396.1,0.000,1,327.8,,101.0
2603.663078,AVOID_APPROACH,pure-pursuit al punto de paso del pilar 108,22,-4.31,386.60,PISTA,OK,4,573.5,573.5,463.9,704.7,424.6,1,0.944,446.5,1,0.959,577.5,1,1.000,0.544,3,2,108,VERDE,208.3,388.7,0.000,1,327.8,,65.4
2603.762654,AVOID_APPROACH,pure-pursuit al punto de paso del pilar 108,22,-4.56,386.54,PISTA,OK,4,565.5,565.5,456.7,712.2,525.9,1,0.917,446.5,1,0.932,582.0,1,1.000,0.582,3,2,108,VERDE,209.3,380.9,0.000,1,327.8,,84.5
2603.863898,AVOID_APPROACH,pure-pursuit al punto de paso del pilar 108,22,-4.74,386.49,PISTA,OK,4,560.5,560.5,450.5,716.1,532.4,1,0.944,438.5,1,0.932,586.5,1,1.000,0.555,3,2,108,VERDE,210.0,373.9,0.000,1,327.8,,67.0
2603.963924,AVOID_APPROACH,pure-pursuit al punto de paso del pilar 108,22,-4.40,386.37,PISTA,OK,4,554.5,554.5,435.2,718.0,534.9,1,0.972,435.5,1,0.945,589.5,1,1.000,0.697,3,2,108,VERDE,207.1,365.1,0.000,1,327.8,,100.9
2604.065564,AVOID_APPROACH,pure-pursuit al punto de paso del pilar 108,22,-4.00,386.29,PISTA,OK,4,540.0,540.0,429.8,729.5,540.2,1,0.972,430.0,1,0.986,594.5,1,1.000,0.807,3,2,108,VERDE,204.0,357.9,0.000,1,327.8,,67.8
2604.166891,AVOID_APPROACH,pure-pursuit al punto de paso del pilar 108,22,-4.26,386.22,PISTA,OK,4,536.5,536.5,423.8,725.0,546.8,1,0.972,429.0,1,0.904,598.5,1,1.000,0.659,3,2,108,VERDE,205.1,350.1,0.000,1,327.8,,36.7
2604.267052,AVOID_APPROACH,pure-pursuit al punto de paso del pilar 108,22,-3.99,386.08,PISTA,OK,4,537.0,537.0,423.2,731.8,548.0,1,0.972,418.0,1,0.945,604.0,1,0.986,0.558,3,2,108,VERDE,203.0,343.0,0.000,1,327.8,,67.7
2604.367370,AVOID_APPROACH,pure-pursuit al punto de paso del pilar 108,22,-4.13,385.96,PISTA,OK,4,530.5,530.5,411.6,741.8,557.0,1,1.000,415.5,1,0.945,609.5,1,1.000,0.766,3,2,108,VERDE,203.1,334.5,0.000,1,327.8,,102.7
2604.466938,AVOID_APPROACH,pure-pursuit al punto de paso del pilar 108,22,-4.10,385.94,PISTA,OK,4,523.8,523.8,405.9,746.3,556.2,1,1.000,402.5,1,0.986,613.0,1,1.000,0.751,3,2,108,VERDE,202.3,325.5,0.000,1,327.8,,69.8
2604.566492,AVOID_APPROACH,pure-pursuit al punto de paso del pilar 108,22,-4.17,385.82,PISTA,OK,4,517.5,517.5,402.7,748.1,561.1,1,1.000,401.5,1,0.973,617.5,1,1.000,0.627,3,2,108,VERDE,202.2,317.8,0.000,1,327.8,,103.4
2604.669131,AVOID_APPROACH,pure-pursuit al punto de paso del pilar 108,22,-3.96,385.66,PISTA,OK,4,515.2,515.2,393.4,749.3,567.7,1,1.000,392.0,1,0.986,623.0,1,1.000,0.684,3,2,108,VERDE,200.5,311.2,0.000,1,327.8,,68.2
2604.765745,AVOID_APPROACH,pure-pursuit al punto de paso del pilar 108,22,-4.10,385.54,PISTA,OK,4,500.0,500.0,387.7,754.6,572.6,1,1.000,386.0,1,0.945,627.2,1,1.000,0.703,3,2,108,VERDE,200.8,303.5,0.000,1,327.8,,102.2
2604.866638,AVOID_APPROACH,pure-pursuit al punto de paso del pilar 108,22,-3.79,385.49,PISTA,OK,4,499.0,499.0,381.6,756.5,578.3,1,1.000,382.0,1,0.986,632.0,1,1.000,0.686,2,2,108,VERDE,198.6,296.4,0.000,1,327.8,,69.2
2604.964962,AVOID_APPROACH,pure-pursuit al punto de paso del pilar 108,22,-4.17,385.35,PISTA,OK,4,498.0,498.0,374.9,762.0,580.4,1,1.000,370.5,1,0.959,636.5,1,1.000,0.697,2,2,108,VERDE,200.0,288.8,0.000,1,327.8,,102.0
2605.065730,AVOID_APPROACH,pure-pursuit al punto de paso del pilar 108,21,-3.97,385.22,PISTA,OK,4,491.5,491.5,368.9,781.5,582.4,1,1.000,369.0,1,0.932,639.8,1,1.000,0.881,2,2,108,VERDE,198.6,281.8,0.000,1,327.8,,67.2
2605.165759,AVOID_PASS,manteniendo rumbo mientras pasa el pilar 108,21,0.00,385.15,PISTA,OK,4,483.5,483.5,363.7,770.8,591.0,1,1.000,363.0,1,0.932,644.5,1,1.000,0.686,2,2,108,VERDE,199.6,273.9,0.000,1,0.0,,103.2
2605.265752,AVOID_PASS,manteniendo rumbo mientras pasa el pilar 108,21,0.03,385.12,PISTA,OK,4,477.5,477.5,357.7,773.1,592.2,1,1.000,357.0,1,0.904,649.5,1,1.000,0.669,2,2,108,VERDE,197.8,267.4,0.000,1,8.4,,68.0
2605.364954,AVOID_PASS,manteniendo rumbo mientras pasa el pilar 108,21,0.21,384.94,PISTA,OK,4,477.2,477.2,351.9,773.5,597.2,1,1.000,357.0,1,0.877,652.0,1,1.000,0.651,2,2,108,VERDE,196.3,261.1,0.000,1,16.7,,100.6
2605.464858,AVOID_PASS,manteniendo rumbo mientras pasa el pilar 108,21,0.26,384.89,PISTA,OK,4,464.0,464.0,347.3,790.4,604.5,1,1.000,349.5,1,0.945,656.0,1,1.000,0.788,2,2,108,VERDE,195.9,254.6,0.000,1,25.1,,68.9
2605.564220,AVOID_PASS,manteniendo rumbo mientras pasa el pilar 108,21,0.27,384.88,PISTA,OK,4,459.0,459.0,342.1,789.0,603.3,1,1.000,342.5,1,0.890,661.0,1,1.000,0.719,2,2,108,VERDE,195.7,247.3,0.000,1,33.5,,101.3
2605.663526,AVOID_PASS,manteniendo rumbo mientras pasa el pilar 108,21,0.30,384.85,PISTA,OK,4,458.8,458.8,337.1,789.3,611.5,1,1.000,340.5,1,0.890,664.5,1,1.000,0.678,2,2,108,VERDE,196.3,239.9,0.000,1,41.8,,67.3
2605.763122,AVOID_PASS,manteniendo rumbo mientras pasa el pilar 108,21,0.39,384.76,PISTA,OK,4,449.0,449.0,331.5,807.9,616.0,1,1.000,331.5,1,0.945,669.5,1,1.000,0.868,2,2,108,VERDE,198.3,231.8,0.000,1,50.2,,101.0
2605.862922,AVOID_PASS,manteniendo rumbo mientras pasa el pilar 108,21,0.45,384.70,PISTA,OK,4,439.5,439.5,326.4,809.6,619.3,1,1.000,331.0,1,0.945,673.0,1,1.000,0.829,2,2,108,VERDE,196.9,224.3,0.000,1,58.6,,66.4
2605.962051,AVOID_PASS,manteniendo rumbo mientras pasa el pilar 108,21,0.50,384.65,PISTA,OK,4,436.0,436.0,321.5,813.9,627.5,1,1.000,331.5,1,0.904,677.8,1,1.000,0.829,2,2,108,VERDE,196.5,217.8,0.000,1,66.9,,99.6
2606.061848,AVOID_PASS,manteniendo rumbo mientras pasa el pilar 108,21,0.55,384.60,PISTA,OK,4,433.5,433.5,315.8,821.6,628.7,1,1.000,320.0,1,0.904,682.5,1,1.000,0.857,2,2,108,VERDE,196.7,211.0,0.000,1,75.3,,66.0
2606.162576,AVOID_PASS,manteniendo rumbo mientras pasa el pilar 108,21,0.65,384.50,PISTA,OK,4,423.0,423.0,310.6,824.5,631.8,1,1.000,313.0,1,0.904,686.0,1,1.000,0.857,2,2,108,VERDE,197.6,202.7,0.000,1,83.7,,84.4
2606.260994,AVOID_PASS,manteniendo rumbo mientras pasa el pilar 108,21,0.72,384.43,PISTA,OK,4,422.8,422.8,305.8,829.2,638.9,1,1.000,309.0,1,0.918,690.5,1,1.000,0.858,2,2,108,VERDE,200.5,195.3,0.000,1,92.0,,64.2
2606.360516,AVOID_PASS,manteniendo rumbo mientras pasa el pilar 108,21,0.79,384.36,PISTA,OK,4,417.0,417.0,300.7,833.3,640.2,1,1.000,307.0,1,0.904,694.0,1,1.000,0.866,2,2,108,VERDE,198.1,190.0,0.000,1,100.4,,84.5
2606.461771,AVOID_PASS,manteniendo rumbo mientras pasa el pilar 108,21,0.83,384.32,PISTA,OK,4,412.5,412.5,294.8,837.8,645.1,1,1.000,304.0,1,0.918,698.5,1,1.000,0.930,2,2,108,VERDE,200.0,180.7,0.000,1,108.9,,65.0
2606.560794,AVOID_PASS,manteniendo rumbo mientras pasa el pilar 108,21,0.91,384.24,PISTA,OK,4,397.5,397.5,290.7,843.1,648.4,1,1.000,299.0,1,0.877,703.0,1,1.000,0.928,2,2,108,VERDE,198.2,174.4,0.000,1,117.2,,88.2
2606.660974,AVOID_PASS,manteniendo rumbo mientras pasa el pilar 108,21,0.95,384.20,PISTA,OK,4,396.0,396.0,285.4,846.6,651.2,1,1.000,288.5,1,0.877,706.5,1,1.000,0.925,2,2,108,VERDE,197.6,167.5,0.000,1,125.6,,64.6
2606.761696,AVOID_PASS,manteniendo rumbo mientras pasa el pilar 108,21,1.01,384.14,PISTA,OK,4,388.5,388.5,280.6,851.9,659.0,1,1.000,279.5,1,0.849,710.5,1,1.000,0.915,2,2,108,VERDE,197.7,159.3,0.000,1,134.1,,86.0
2606.862244,AVOID_PASS,manteniendo rumbo mientras pasa el pilar 108,20,1.09,384.06,PISTA,OK,4,376.5,376.5,275.9,856.3,663.9,1,1.000,276.5,1,0.836,714.2,1,1.000,0.912,2,2,108,VERDE,197.0,152.8,0.000,1,142.5,,66.6
2606.962427,AVOID_PASS,manteniendo rumbo mientras pasa el pilar 108,20,1.12,384.03,PISTA,OK,4,373.5,373.5,271.4,859.8,663.1,1,1.000,269.5,1,0.863,718.5,1,1.000,0.917,2,2,108,VERDE,196.3,144.6,0.000,1,150.5,,100.4
2607.062433,AVOID_PASS,manteniendo rumbo mientras pasa el pilar 108,24,1.15,384.00,PISTA,OK,4,841.5,1376.0,266.2,863.7,672.9,1,1.000,270.0,1,0.863,723.2,1,1.000,0.901,2,2,108,VERDE,198.3,138.6,0.000,1,158.5,,65.6
2607.163908,AVOID_PASS,manteniendo rumbo mientras pasa el pilar 108,24,1.22,383.93,PISTA,OK,4,835.0,1364.0,262.0,874.4,673.3,1,1.000,260.0,1,0.890,728.0,1,1.000,0.893,2,2,108,VERDE,195.9,131.6,0.000,1,168.3,,96.3
2607.263815,AVOID_PASS,manteniendo rumbo mientras pasa el pilar 108,24,1.32,383.83,PISTA,OK,4,826.5,1355.5,256.9,875.9,680.3,1,1.000,259.0,1,0.767,730.5,1,1.000,0.847,2,2,108,VERDE,195.7,122.4,0.100,1,177.9,,67.7
2607.364156,AVOID_PASS,manteniendo rumbo mientras pasa el pilar 108,24,1.34,383.81,PISTA,OK,4,819.5,1342.0,250.8,879.8,683.2,1,1.000,258.5,1,0.781,736.0,1,1.000,0.851,2,2,108,VERDE,195.6,112.8,0.200,1,187.5,,102.2
2607.463444,AVOID_PASS,manteniendo rumbo mientras pasa el pilar 108,24,1.41,383.74,PISTA,OK,4,808.0,1336.0,244.4,767.4,688.9,1,1.000,246.5,1,0.836,740.2,1,1.000,0.218,2,2,108,VERDE,195.5,103.5,0.300,1,197.0,,67.4
2607.563117,AVOID_PASS,manteniendo rumbo mientras pasa el pilar 108,24,1.52,383.63,PISTA,OK,4,798.5,1324.5,238.6,772.2,698.3,1,1.000,235.5,1,0.781,746.2,1,1.000,0.219,2,2,108,VERDE,195.3,94.3,0.399,1,206.6,,101.4
2607.663048,AVOID_PASS,manteniendo rumbo mientras pasa el pilar 108,24,1.62,383.53,PISTA,OK,4,788.0,1318.5,232.9,782.6,700.8,1,1.000,242.2,1,0.753,750.0,1,1.000,0.208,2,2,108,VERDE,195.3,94.3,0.399,0,216.2,,65.1
2607.763607,AVOID_PASS,manteniendo rumbo mientras pasa el pilar 108,24,1.15,383.47,PISTA,OK,4,778.5,1311.0,227.4,803.4,706.1,1,1.000,229.2,1,0.863,755.0,1,1.000,0.225,2,2,108,VERDE,195.3,94.3,0.399,0,225.8,,100.9
2607.864461,AVOID_PASS,manteniendo rumbo mientras pasa el pilar 108,24,-0.18,383.43,PISTA,OK,4,770.0,1300.5,220.8,808.1,706.9,1,1.000,220.0,1,0.767,760.0,1,1.000,0.246,2,2,108,VERDE,195.3,94.3,0.399,0,235.5,,67.9
2607.961736,AVOID_PASS,manteniendo rumbo mientras pasa el pilar 108,24,-1.03,383.36,PISTA,OK,4,762.5,1294.5,216.4,807.7,710.0,1,1.000,221.0,1,0.767,765.2,1,1.000,0.213,2,2,108,VERDE,195.3,94.3,0.399,0,244.9,,99.9
2608.062110,AVOID_PASS,manteniendo rumbo mientras pasa el pilar 108,24,-2.17,383.37,PISTA,OK,4,751.5,1281.5,210.9,824.2,715.9,1,1.000,210.0,1,0.795,770.5,1,1.000,0.290,2,2,108,VERDE,195.3,94.3,0.399,0,254.5,,63.9
2608.162125,AVOID_PASS,manteniendo rumbo mientras pasa el pilar 108,24,-3.11,383.34,PISTA,OK,4,743.5,1274.0,206.3,824.3,720.4,1,1.000,206.5,1,0.753,776.0,1,1.000,0.273,2,2,108,VERDE,195.3,94.3,0.399,0,264.1,,100.7
2608.261525,AVOID_PASS,manteniendo rumbo mientras pasa el pilar 108,24,-4.16,383.25,PISTA,OK,4,735.5,1261.5,201.0,842.8,723.3,1,1.000,199.5,1,0.753,780.5,1,1.000,0.351,2,2,108,VERDE,195.3,94.3,0.399,0,273.6,,64.2
2608.361274,AVOID_PASS,manteniendo rumbo mientras pasa el pilar 108,25,-5.18,383.24,PISTA,OK,4,1252.5,1252.5,196.0,849.8,728.2,1,1.000,196.0,1,0.726,784.5,1,1.000,0.342,2,2,108,VERDE,195.3,94.3,0.399,0,283.2,,86.4
2608.460776,AVOID_PASS,manteniendo rumbo mientras pasa el pilar 108,25,-6.18,383.14,PISTA,OK,4,1242.5,1242.5,190.9,911.5,734.0,1,0.972,189.0,1,0.685,789.2,1,1.000,0.714,1,1,108,VERDE,195.3,94.3,0.399,0,293.2,,64.9
2608.565569,AVOID_PASS,manteniendo rumbo mientras pasa el pilar 108,25,-7.22,383.03,PISTA,OK,4,1234.0,1234.0,185.7,908.2,737.2,1,0.972,177.0,1,0.644,229.0,1,1.000,0.659,1,1,108,VERDE,195.3,94.3,0.399,0,303.6,,91.5
2608.659852,AVOID_PASS,manteniendo rumbo mientras pasa el pilar 108,25,-8.21,382.97,PISTA,OK,4,1220.5,1220.5,180.8,910.4,742.2,1,0.972,177.2,1,0.726,209.5,1,0.973,0.646,1,1,108,VERDE,195.3,94.3,0.399,0,313.1,,63.8
2608.759079,RECENTER,reincorporacion tras 323 mm de sobrepaso estimado,25,-12.21,382.81,PISTA,OK,4,1210.0,1210.0,172.9,917.7,745.6,1,0.972,163.0,1,0.671,188.5,1,1.000,0.682,1,1,108,VERDE,195.3,94.3,0.399,0,323.0,,86.1
2608.857301,RECENTER,reincorporando por posicion lateral,25,-11.34,382.55,PISTA,OK,4,1205.5,1205.5,168.1,829.7,753.6,1,1.000,164.0,1,0.589,180.5,1,0.959,0.211,2,1,108,VERDE,195.3,94.3,0.399,0,323.0,,61.8
2608.958331,RECENTER,reincorporando por posicion lateral,25,-15.34,381.85,PISTA,OK,4,1192.0,1284.5,162.3,932.8,760.2,1,1.000,159.0,1,0.699,179.5,1,0.959,0.779,3,1,108,VERDE,195.3,94.3,0.399,0,323.0,,84.6
2609.058260,RECENTER,reincorporando por posicion lateral,23,-19.34,381.38,PISTA,OK,4,663.0,1269.0,158.8,911.0,767.1,1,1.000,152.0,1,0.644,176.5,1,0.986,0.654,3,2,108,VERDE,195.3,94.3,0.399,0,323.0,,61.7
2609.158253,RECENTER,reincorporando por posicion lateral,23,-20.00,380.57,PISTA,OK,4,653.0,1251.0,153.0,943.1,779.4,1,1.000,141.0,1,0.685,178.5,1,0.986,0.841,3,2,108,VERDE,195.3,94.3,0.399,0,323.0,,78.1
2609.260486,RECENTER,reincorporando por posicion lateral,23,-20.00,379.46,PISTA,OK,4,645.0,1220.5,149.6,930.9,786.8,1,0.972,146.5,1,0.658,177.5,1,0.973,0.814,3,2,108,VERDE,195.3,94.3,0.399,0,323.0,,64.6
2609.361608,RECENTER,reincorporando por posicion lateral,23,-20.00,377.83,PISTA,OK,4,637.5,1205.0,147.7,938.6,794.2,1,0.944,144.5,1,0.534,176.5,1,0.973,0.864,4,2,108,VERDE,195.3,94.3,0.399,0,323.0,,87.7
2609.461491,RECENTER,reincorporando por posicion lateral,23,-20.00,376.31,PISTA,OK,4,628.0,1176.5,145.0,929.9,811.0,1,0.917,144.0,1,0.575,175.0,1,1.000,0.858,4,2,108,VERDE,195.3,94.3,0.399,0,323.0,,66.7
2609.564232,RECENTER,reincorporando por posicion lateral,23,-20.00,374.78,PISTA,OK,4,620.5,1096.5,143.1,922.5,534.5,1,0.917,143.2,1,0.548,174.0,1,0.986,0.877,4,2,108,VERDE,195.3,94.3,0.399,0,323.0,,89.4
2609.663194,RECENTER,reincorporando por posicion lateral,23,-20.00,373.99,PISTA,OK,4,611.0,1078.0,141.8,912.7,463.6,1,0.861,142.5,1,0.493,172.0,1,1.000,0.838,4,2,108,VERDE,195.3,94.3,0.399,0,323.0,,68.3
2609.763237,RECENTER,reincorporando por posicion lateral,22,-20.00,372.45,PISTA,OK,4,604.0,1066.5,140.9,903.3,469.2,1,0.750,137.8,1,0.521,171.0,1,0.973,0.876,4,2,108,VERDE,195.3,94.3,0.399,0,323.0,,101.9
2609.864321,RECENTER,reincorporando por posicion lateral,22,-20.00,370.95,PISTA,OK,4,589.0,1051.5,138.7,895.5,409.6,1,0.778,137.5,1,0.575,167.5,1,1.000,0.874,5,2,108,VERDE,195.3,94.3,0.399,0,323.0,,69.7
2609.964629,RECENTER,reincorporando por posicion lateral,22,-16.00,369.27,PISTA,OK,4,582.0,1037.5,107.7,886.5,396.3,1,0.750,137.5,1,0.507,165.0,1,0.986,0.220,5,3,108,VERDE,195.3,94.3,0.399,0,323.0,,103.6
2610.063881,RECENTER,reincorporando por posicion lateral,22,-12.00,367.61,PISTA,OK,4,574.0,1027.5,115.3,879.7,361.9,1,0.778,137.0,1,0.589,163.0,1,0.986,0.221,4,3,108,VERDE,195.3,94.3,0.399,0,323.0,,68.9
2610.162261,RECENTER,reincorporando por posicion lateral,22,-8.00,366.89,PISTA,OK,4,567.5,1016.5,129.7,871.7,321.1,1,0.778,139.0,1,0.616,161.5,1,0.973,0.220,4,3,108,VERDE,195.3,94.3,0.399,0,323.0,,99.4
2610.263942,RECENTER,reincorporando por posicion lateral,22,-4.00,365.27,PISTA,OK,4,560.5,1008.5,121.6,864.7,311.3,1,0.583,137.8,1,0.493,160.5,1,0.918,0.224,4,3,108,VERDE,195.3,94.3,0.399,0,323.0,,68.0
2610.363034,RECENTER,reincorporando por posicion lateral,22,-1.87,363.60,PISTA,OK,4,553.0,998.5,146.4,856.2,297.2,1,0.611,136.8,1,0.534,158.0,1,0.973,0.223,4,3,108,VERDE,195.3,94.3,0.399,0,323.0,,101.2
2610.462528,RECENTER,reincorporando por posicion lateral,22,-1.07,362.00,PISTA,OK,4,548.8,991.0,153.1,849.7,269.1,1,0.694,137.2,1,0.616,156.5,1,0.959,0.224,4,3,108,VERDE,195.3,94.3,0.399,0,323.0,,64.4
2610.562355,RECENTER,reincorporando por posicion lateral,25,-0.84,361.13,PISTA,OK,4,983.5,983.5,159.2,845.4,262.9,1,0.639,136.5,1,0.493,158.0,1,0.945,0.223,4,3,108,VERDE,195.3,94.3,0.399,0,323.0,,101.0
2610.661455,RECENTER,reincorporando por posicion lateral,25,-0.44,360.76,PISTA,OK,4,974.5,974.5,180.7,841.3,260.9,1,0.611,137.0,1,0.562,162.0,1,0.932,0.221,4,3,108,VERDE,195.3,94.3,0.399,0,323.0,,66.4
2610.761082,RECENTER,reincorporando por posicion lateral,25,-4.44,359.96,PISTA,OK,4,965.5,966.5,135.2,837.0,263.2,1,0.639,136.2,1,0.630,162.5,1,0.945,0.775,5,3,108,VERDE,195.3,94.3,0.399,0,323.0,,94.4
2610.860732,RECENTER,reincorporando por posicion lateral,25,-0.44,359.19,PISTA,OK,4,954.5,957.5,197.4,828.0,235.1,1,0.639,138.5,1,0.699,164.0,1,0.904,0.224,5,3,108,VERDE,195.3,94.3,0.399,0,323.0,,65.3
2610.960262,RECENTER,reincorporando por posicion lateral,25,0.71,358.45,PISTA,OK,4,943.0,947.5,202.8,827.7,242.1,1,0.556,140.0,1,0.630,165.2,1,0.863,0.223,5,3,108,VERDE,195.3,94.3,0.399,0,323.0,,86.3
2611.060877,RECENTER,reincorporando por posicion lateral,25,0.91,358.05,PISTA,OK,4,932.5,939.0,210.7,826.1,250.8,1,0.583,146.0,1,0.438,166.2,1,0.904,0.223,5,3,108,VERDE,195.3,94.3,0.399,0,323.0,,66.5
2611.159283,RECENTER,reincorporando por posicion lateral,25,1.28,357.31,PISTA,OK,4,921.5,929.5,224.0,825.3,229.0,1,0.694,149.2,1,0.589,168.5,1,0.863,0.225,5,3,108,VERDE,195.3,94.3,0.399,0,323.0,,98.9
2611.259812,RECENTER,reincorporando por posicion lateral,25,1.59,356.70,PISTA,OK,4,912.5,919.5,245.9,825.1,215.0,1,0.694,151.8,1,0.548,172.0,1,0.932,0.221,4,2,108,VERDE,195.3,94.3,0.399,0,323.0,,64.8
2611.360421,RECENTER,reincorporando por posicion lateral,25,1.90,356.07,PISTA,OK,4,902.0,910.5,240.5,825.2,227.2,1,0.667,155.5,1,0.438,174.8,1,0.890,0.226,4,2,108,VERDE,195.3,94.3,0.399,0,323.0,,87.4
2611.460086,RECENTER,reincorporando por posicion lateral,25,2.18,355.51,PISTA,OK,4,892.5,900.5,247.1,825.3,214.2,1,0.556,160.5,1,0.493,178.8,1,0.904,0.225,4,2,108,VERDE,195.3,94.3,0.399,0,323.0,,63.5
2611.557541,RECENTER,reincorporando por posicion lateral,25,2.30,355.28,PISTA,OK,4,882.0,882.0,254.7,825.7,252.4,1,0.611,165.5,1,0.521,182.0,1,0.877,0.224,4,2,108,VERDE,195.3,94.3,0.399,0,323.0,,84.6
2611.659082,RECENTER,reincorporando por posicion lateral,25,2.52,354.84,PISTA,OK,4,874.5,874.5,269.6,817.6,201.9,1,0.750,171.0,1,0.521,186.0,1,0.932,0.213,4,2,108,VERDE,195.3,94.3,0.399,0,323.0,,62.4
2611.758326,RECENTER,reincorporando por posicion lateral,25,2.73,354.42,PISTA,OK,4,865.5,865.5,263.7,826.9,219.3,1,0.694,172.5,1,0.466,191.0,1,0.932,0.222,4,2,108,VERDE,195.3,94.3,0.399,0,323.0,,86.9
2611.858668,RECENTER,reincorporando por posicion lateral,25,2.93,354.00,PISTA,OK,4,854.5,854.5,284.1,820.9,193.7,1,0.667,176.0,1,0.493,195.2,1,0.890,0.217,4,2,108,VERDE,195.3,94.3,0.399,0,323.0,,63.7
2611.958072,RECENTER,reincorporando por posicion lateral,25,3.04,353.79,PISTA,OK,4,847.0,847.0,279.7,821.4,197.8,1,0.694,189.2,1,0.562,201.8,1,0.904,0.220,4,2,108,VERDE,195.3,94.3,0.399,0,323.0,,87.1
2612.059729,RECENTER,reincorporando por posicion lateral,24,3.21,353.45,PISTA,OK,4,837.0,837.0,299.0,821.9,201.3,1,0.694,189.8,1,0.575,206.5,1,0.918,0.213,4,2,108,VERDE,195.3,94.3,0.399,0,323.0,,64.9
2612.159868,RECENTER,reincorporando por posicion lateral,24,3.38,353.11,AZUL,OK,4,827.5,827.5,303.1,822.2,204.8,1,0.639,199.5,1,0.562,211.8,1,0.918,0.218,4,2,108,VERDE,195.3,94.3,0.399,0,323.0,,94.9
2612.260922,RECENTER,reincorporando por posicion lateral,24,3.54,352.79,PISTA,OK,4,817.5,817.5,316.7,823.3,210.5,1,0.861,207.2,1,0.575,219.0,1,0.945,0.218,4,2,108,VERDE,195.3,94.3,0.399,0,323.0,,65.1
2612.359989,RECENTER,reincorporando por posicion lateral,24,3.70,352.47,PISTA,OK,4,809.5,809.5,352.3,828.9,198.8,1,0.722,209.5,1,0.644,224.2,1,0.932,0.217,4,1,108,VERDE,195.3,94.3,0.399,0,323.0,,100.2
2612.461860,RECENTER,reincorporando por posicion lateral,24,3.77,352.34,PISTA,OK,4,799.5,799.5,363.8,829.1,214.7,1,0.694,216.0,1,0.630,232.2,1,0.932,0.216,4,1,108,VERDE,195.3,94.3,0.399,0,323.0,,67.2
2612.562039,RECENTER,reincorporando por posicion lateral,24,3.91,352.04,PISTA,OK,4,790.0,790.0,382.3,829.3,192.1,1,0.778,220.5,1,0.644,239.0,1,0.918,0.217,4,1,108,VERDE,195.3,94.3,0.399,0,323.0,,101.8
2612.662143,RECENTER,reincorporando por posicion lateral,24,4.04,351.80,PISTA,OK,4,780.5,780.5,416.3,828.7,214.3,1,0.583,232.0,1,0.671,244.5,1,0.918,0.212,4,1,108,VERDE,195.3,94.3,0.399,0,323.0,,67.3
2612.763043,RECENTER,reincorporando por posicion lateral,24,4.17,351.53,PISTA,OK,4,771.0,771.0,426.5,829.3,200.3,1,0.667,239.0,1,0.658,253.0,1,0.932,0.215,4,1,108,VERDE,195.3,94.3,0.399,0,323.0,,102.6
2612.862371,RECENTER,reincorporando por posicion lateral,24,4.27,351.34,PISTA,OK,4,761.5,761.5,449.1,829.4,199.7,1,0.750,243.0,1,0.699,260.0,1,0.959,0.214,4,1,108,VERDE,195.3,94.3,0.399,0,323.0,,67.9
2612.960932,RECENTER,reincorporando por posicion lateral,24,4.31,351.26,PISTA,OK,4,752.5,752.5,466.0,829.3,205.9,1,0.750,245.5,1,0.781,267.0,1,0.918,0.212,4,1,108,VERDE,195.3,94.3,0.399,0,323.0,,101.0
2613.060918,RECENTER,reincorporando por posicion lateral,24,4.39,351.08,PISTA,OK,4,744.0,744.0,478.8,829.4,212.9,1,0.722,251.0,1,0.781,272.5,1,0.932,0.214,4,1,108,VERDE,195.3,94.3,0.399,0,323.0,,66.8
2613.161671,RECENTER,reincorporando por posicion lateral,24,4.49,350.89,PISTA,OK,4,735.5,735.5,474.3,828.8,221.8,1,0.694,258.8,1,0.726,278.8,1,0.932,0.215,4,1,108,VERDE,195.3,94.3,0.399,0,323.0,,101.4
2613.260804,RECENTER,reincorporando por posicion lateral,24,4.57,350.73,PISTA,OK,4,727.0,727.0,521.0,828.7,230.8,1,0.778,266.5,1,0.781,287.5,1,0.932,0.214,4,1,108,VERDE,195.3,94.3,0.399,0,323.0,,66.4
2613.359370,RECENTER,reincorporando por posicion lateral,23,4.60,350.68,PISTA,OK,4,716.0,716.0,522.1,829.0,237.0,1,0.694,271.0,1,0.712,292.2,1,0.945,0.212,4,1,108,VERDE,195.3,94.3,0.399,0,323.0,,98.8
2613.464681,RECENTER,reincorporando por posicion lateral,23,4.66,350.55,PISTA,OK,4,707.0,707.0,542.1,828.2,246.8,1,0.778,279.5,1,0.781,301.2,1,0.918,0.215,4,1,108,VERDE,195.3,94.3,0.399,0,323.0,,70.9
2613.560181,RECENTER,reincorporando por posicion lateral,23,4.74,350.40,PISTA,OK,4,699.5,699.5,546.8,828.2,253.1,1,0.833,287.5,1,0.808,308.0,1,0.959,0.216,4,1,108,VERDE,195.3,94.3,0.399,0,323.0,,100.9
2613.658837,RECENTER,reincorporando por posicion lateral,23,4.81,350.25,PISTA,OK,4,690.0,690.0,593.1,827.9,257.8,1,0.778,295.5,1,0.822,314.8,1,0.932,0.214,4,1,108,VERDE,195.3,94.3,0.399,0,323.0,,65.1
2613.759065,CRUISE,reincorporacion verificada,23,4.85,350.17,PISTA,OK,4,681.5,681.5,614.0,827.8,267.8,1,0.750,305.2,1,0.822,323.0,1,0.904,0.204,4,1,,,,,,0,323.0,,86.2
2613.858903,CRUISE,crucero centrado por paredes,23,4.91,350.05,PISTA,OK,4,674.5,674.5,661.6,827.4,275.2,1,0.806,312.0,1,0.781,331.5,1,0.945,0.208,4,1,,,,,,0,323.0,,65.9
2613.957357,TURN,giro de esquina por IMU y reapertura frontal,23,25.00,349.93,PISTA,OK,4,665.5,665.5,679.5,827.0,283.0,1,0.806,320.0,1,0.822,339.5,1,0.945,0.204,4,1,,,,,,0,323.0,,84.6
2614.057681,TURN,giro de esquina por IMU y reapertura frontal,23,25.00,349.49,PISTA,OK,4,656.0,656.0,720.4,826.9,290.4,1,0.917,330.0,1,0.849,346.8,1,0.959,0.209,4,1,,,,,,0,323.0,,60.0
2614.158233,TURN,giro de esquina por IMU y reapertura frontal,23,25.00,348.88,PISTA,OK,4,648.5,648.5,714.5,826.8,295.7,1,0.861,336.5,1,0.863,352.5,1,0.945,0.210,5,1,,,,,,0,323.0,,85.2
2614.258213,TURN,giro de esquina por IMU y reapertura frontal,23,25.00,350.53,PISTA,OK,4,640.0,640.0,720.3,825.1,306.1,1,0.861,344.0,1,0.877,360.5,1,0.959,0.210,5,1,,,,,,0,323.0,,63.4
2614.357934,TURN,giro de esquina por IMU y reapertura frontal,23,25.00,352.30,PISTA,OK,4,635.0,635.0,237.5,828.2,317.4,1,0.806,349.0,1,0.808,367.5,1,0.932,0.814,5,1,,,,,,0,323.0,,85.7
2614.459285,TURN,giro de esquina por IMU y reapertura frontal,23,25.00,354.01,PISTA,OK,4,627.5,627.5,863.1,830.8,321.3,1,0.833,351.8,1,0.877,375.0,1,0.959,0.210,5,1,,,,,,0,323.0,,65.5
2614.558921,TURN,giro de esquina por IMU y reapertura frontal,23,25.00,355.80,NARANJA,OK,4,622.5,622.5,221.5,834.8,324.2,1,0.889,355.0,1,0.822,383.0,1,0.973,0.806,5,1,,,,,,0,323.0,,99.9
2614.659442,TURN,giro de esquina por IMU y reapertura frontal,23,25.00,356.66,NARANJA,OK,4,617.5,617.5,655.7,839.2,327.6,1,0.806,362.0,1,0.890,390.5,1,0.959,0.213,5,1,,,,,,0,323.0,,65.5
2614.759242,TURN,giro de esquina por IMU y reapertura frontal,23,25.00,358.32,NARANJA,OK,4,613.5,613.5,782.3,838.7,327.4,1,0.778,364.2,1,0.863,397.5,1,0.959,0.213,5,1,,,,,,0,323.0,,89.2
2614.860789,TURN,giro de esquina por IMU y reapertura frontal,22,25.00,360.06,NARANJA,OK,4,608.0,608.0,680.3,849.0,328.8,1,0.750,368.5,1,0.781,405.5,1,0.959,0.214,6,1,,,,,,0,323.0,,66.1
2614.960928,TURN,giro de esquina por IMU y reapertura frontal,22,25.00,361.97,PISTA,OK,4,602.5,602.5,2544.8,857.0,331.5,1,0.833,369.8,1,0.836,413.5,1,1.000,0.193,6,1,,,,,,0,323.0,,101.7
2615.061659,TURN,giro de esquina por IMU y reapertura frontal,22,25.00,363.70,PISTA,OK,4,597.0,597.0,1805.5,858.9,330.7,1,0.667,374.5,1,0.767,418.5,1,0.986,0.185,6,1,,,,,,0,323.0,,68.4
2615.160964,TURN,giro de esquina por IMU y reapertura frontal,22,25.00,364.61,PISTA,OK,4,591.5,591.5,1948.8,861.0,331.8,1,0.722,380.0,1,0.808,426.5,1,0.986,0.217,6,1,,,,,,0,323.0,,99.6
2615.260203,TURN,giro de esquina por IMU y reapertura frontal,22,25.00,366.30,PISTA,OK,4,585.5,585.5,1709.2,867.3,333.8,1,0.694,383.5,1,0.808,438.5,1,0.986,0.218,6,1,,,,,,0,323.0,,66.1
2615.360101,TURN,giro de esquina por IMU y reapertura frontal,22,25.00,368.08,PISTA,OK,4,582.5,582.5,1442.0,878.4,334.8,1,0.722,385.0,1,0.795,449.0,1,1.000,0.195,6,1,,,,,,0,323.0,,101.2
2615.460583,TURN,giro de esquina por IMU y reapertura frontal,22,25.00,369.75,PISTA,OK,4,576.5,576.5,1425.6,878.5,334.2,1,0.722,389.0,1,0.849,466.0,1,1.000,0.189,6,1,,,,,,0,323.0,,68.0
2615.560892,TURN,giro de esquina por IMU y reapertura frontal,22,25.00,370.66,PISTA,OK,4,573.5,573.5,1358.3,875.9,336.6,1,0.722,392.5,1,0.836,472.5,1,0.986,0.190,7,1,,,,,,0,323.0,,100.5
2615.659342,TURN,giro de esquina por IMU y reapertura frontal,22,25.00,372.30,PISTA,OK,4,570.0,570.0,1221.5,874.6,336.7,1,0.750,395.5,1,0.836,875.8,1,1.000,0.189,7,1,,,,,,0,323.0,,61.4
2615.758348,TURN,giro de esquina por IMU y reapertura frontal,22,25.00,374.14,PISTA,OK,4,567.8,567.8,1152.6,885.4,338.5,1,0.778,400.2,1,0.849,881.8,1,0.986,0.187,7,1,,,,,,0,323.0,,85.2
2615.859326,TURN,tramo 1 en reversa para cerrar la esquina,0,-20.00,375.91,PISTA,OK,4,176.5,566.5,1105.0,851.3,337.0,1,0.806,403.0,1,0.877,887.0,1,1.000,0.207,7,1,,,,,,0,323.0,,64.7
2615.957764,TURN,tramo 1 en reversa para cerrar la esquina,-5,-20.00,376.65,PISTA,OK,4,156.0,564.0,1048.2,842.3,337.9,1,0.833,406.5,1,0.890,891.5,1,1.000,0.205,5,0,,,,,,0,323.0,,82.8
2616.057720,TURN,tramo 1 en reversa para cerrar la esquina,-10,-20.00,377.96,PISTA,OK,4,136.0,568.5,961.4,818.2,332.8,1,0.861,404.5,1,0.918,895.8,1,1.000,0.204,5,0,,,,,,0,323.0,,64.7
2616.157899,TURN,tramo 1 en reversa para cerrar la esquina,-15,-20.00,380.03,PISTA,OK,4,128.0,577.0,902.1,816.3,861.1,1,0.889,402.5,1,0.904,900.0,1,1.000,0.205,5,0,,,,,,0,323.0,,86.2
2616.257065,TURN,tramo 1 en reversa para cerrar la esquina,-20,-20.00,380.28,PISTA,OK,4,127.8,580.2,883.1,803.5,855.2,1,0.889,401.0,1,0.932,900.8,1,1.000,0.205,4,0,,,,,,0,323.0,,62.5
2616.357296,TURN,tramo 1 en reversa para cerrar la esquina,-20,-20.00,380.93,PISTA,OK,4,128.5,587.5,856.5,803.0,848.6,1,0.917,397.5,1,0.945,902.0,1,1.000,0.205,4,0,,,,,,0,323.0,,83.1
2616.457820,TURN,tramo 1 en reversa para cerrar la esquina,-20,-20.00,382.01,PISTA,OK,4,132.0,169.5,828.0,802.2,840.9,1,0.944,393.5,1,0.932,900.5,1,1.000,0.206,4,0,,,,,,0,323.0,,64.5
2616.557583,TURN,tramo 1 en reversa para cerrar la esquina,-20,-20.00,383.12,PISTA,OK,4,137.5,166.5,782.5,804.6,834.3,1,0.972,389.0,1,0.932,900.0,1,1.000,0.207,4,0,,,,,,0,323.0,,85.7
2616.658098,TURN,tramo 1 en reversa para cerrar la esquina,-20,-20.00,384.38,PISTA,OK,4,141.0,615.5,746.6,781.7,826.5,1,1.000,386.0,1,0.918,899.5,1,1.000,0.206,5,0,,,,,,0,323.0,,63.4
2616.760182,TURN,tramo 1 en reversa para cerrar la esquina,-20,-20.00,384.98,PISTA,OK,4,149.0,632.0,713.7,781.3,815.5,1,1.000,379.5,1,0.904,897.5,1,1.000,0.207,6,0,,,,,,0,323.0,,86.4
2616.858945,TURN,tramo 1 en reversa para cerrar la esquina,-20,-20.00,386.95,PISTA,OK,4,151.0,640.5,679.4,780.1,804.8,1,1.000,373.5,1,0.945,897.5,1,1.000,0.207,6,0,,,,,,0,323.0,,66.4
2616.958650,TURN,tramo 1 en reversa para cerrar la esquina,-20,-20.00,387.57,PISTA,OK,4,152.5,652.5,650.8,773.7,801.1,1,0.972,366.0,1,0.890,895.8,1,1.000,0.207,6,0,,,,,,0,323.0,,100.1
2617.060126,TURN,tramo 1 en reversa para cerrar la esquina,-20,-20.00,388.93,PISTA,OK,4,157.5,669.5,619.9,767.6,787.2,1,0.972,361.0,1,0.918,895.8,1,1.000,0.207,6,0,,,,,,0,323.0,,66.9
2617.160934,TURN,tramo 1 en reversa para cerrar la esquina,-20,-20.00,390.21,PISTA,OK,4,163.2,890.0,593.4,762.6,782.3,1,1.000,354.0,1,0.904,893.0,1,1.000,0.208,6,0,,,,,,0,323.0,,102.1
2617.260224,TURN,tramo 1 en reversa para cerrar la esquina,-20,-20.00,390.88,PISTA,OK,4,170.0,877.5,567.3,752.6,773.7,1,0.944,350.5,1,0.877,891.5,1,1.000,0.209,5,0,,,,,,0,323.0,,67.5
2617.360928,TURN,tramo 1 en reversa para cerrar la esquina,-20,-20.00,392.29,PISTA,OK,4,174.5,199.5,542.0,750.9,769.6,1,0.944,346.5,1,0.863,890.0,1,1.000,0.209,5,0,,,,,,0,323.0,,102.6
2617.460415,TURN,tramo 1 en reversa para cerrar la esquina,-20,-20.00,393.69,PISTA,OK,4,180.5,881.0,519.0,749.8,761.8,1,0.972,346.0,1,0.904,888.5,1,1.000,0.209,4,0,,,,,,0,323.0,,65.7
2617.560153,TURN,tramo 1 en reversa para cerrar la esquina,-20,-20.00,394.92,PISTA,OK,4,188.0,891.5,497.1,750.2,753.6,1,0.944,336.5,1,0.808,886.5,1,1.000,0.209,4,0,,,,,,0,323.0,,102.0
2617.659251,TURN,tramo 1 en reversa para cerrar la esquina,-20,-20.00,395.48,PISTA,OK,4,195.5,885.0,479.0,755.1,749.1,1,0.889,331.5,1,0.795,884.0,1,1.000,0.208,3,0,,,,,,0,323.0,,67.4
2617.759311,TURN,tramo 1 en reversa para cerrar la esquina,-20,-20.00,396.64,NARANJA,OK,4,204.0,936.0,461.5,751.0,741.3,1,0.806,324.0,1,0.795,881.5,1,1.000,0.209,4,0,,,,,,0,323.0,,101.0
2617.858863,TURN,tramo 1 en reversa para cerrar la esquina,-20,-20.00,397.76,NARANJA,OK,4,213.5,973.0,450.0,753.3,736.8,1,0.833,318.0,1,0.795,879.5,1,1.000,0.175,4,0,,,,,,0,323.0,,64.9
2617.958186,TURN,tramo 1 en reversa para cerrar la esquina,-20,-20.00,399.00,NARANJA,OK,4,221.0,995.5,435.9,752.0,732.7,1,0.833,314.5,1,0.767,877.5,1,1.000,0.175,4,0,,,,,,0,323.0,,86.4
2618.058797,TURN,tramo 1 en reversa para cerrar la esquina,-20,-20.00,400.21,NARANJA,OK,4,232.5,1016.5,418.5,761.5,727.8,1,0.861,309.5,1,0.781,875.5,1,1.000,0.175,4,0,,,,,,0,323.0,,66.5
2618.158847,TURN,tramo 1 en reversa para cerrar la esquina,-20,-20.00,400.77,PISTA,OK,4,243.0,1048.5,403.0,760.0,723.7,1,0.861,305.5,1,0.753,873.2,1,1.000,0.175,4,0,,,,,,0,323.0,,87.0
2618.259311,TURN,giro de esquina por IMU y reapertura frontal,0,25.00,402.08,PISTA,OK,4,891.5,1085.0,388.5,759.5,414.2,1,0.778,296.5,1,0.740,870.8,1,1.000,0.178,4,0,,,,,,0,323.0,,67.4
2618.357034,TURN,giro de esquina por IMU y reapertura frontal,5,25.00,402.92,PISTA,OK,4,899.0,1080.0,388.7,766.0,413.2,1,0.833,293.0,1,0.767,868.5,1,1.000,0.187,4,1,,,,,,0,323.0,,99.2
2618.457595,TURN,giro de esquina por IMU y reapertura frontal,10,25.00,400.52,PISTA,OK,4,893.0,8000.0,407.3,762.2,715.3,1,0.833,299.0,1,0.740,866.5,1,1.000,0.172,4,1,,,,,,0,323.0,,66.2
2618.557570,TURN,giro de esquina por IMU y reapertura frontal,15,25.00,399.78,PISTA,OK,4,249.5,1002.5,416.6,762.0,718.8,1,0.889,308.2,1,0.781,864.5,1,1.000,0.176,3,2,,,,,,0,323.0,,82.5
2618.657109,TURN,giro de esquina por IMU y reapertura frontal,20,25.00,400.51,PISTA,OK,4,246.5,1025.2,412.2,764.7,722.1,1,0.861,307.5,1,0.767,866.5,1,1.000,0.175,3,2,,,,,,0,323.0,,64.3
2618.756946,TURN,giro de esquina por IMU y reapertura frontal,20,25.00,401.88,PISTA,OK,4,246.2,1046.0,407.2,761.2,722.3,1,0.861,306.5,1,0.795,870.8,1,1.000,0.176,5,2,,,,,,0,323.0,,87.0
2618.857154,TURN,giro de esquina por IMU y reapertura frontal,20,25.00,402.59,PISTA,OK,4,250.5,1086.0,393.9,765.7,724.1,1,0.861,305.2,1,0.767,877.0,1,1.000,0.210,5,2,,,,,,0,323.0,,65.4
2618.953568,TURN,giro de esquina por IMU y reapertura frontal,25,25.00,404.14,NARANJA,OK,4,887.5,1114.0,386.9,763.9,427.0,1,0.861,302.0,1,0.767,882.5,1,1.000,0.211,5,2,,,,,,0,323.0,,81.6
2619.054843,TURN,giro de esquina por IMU y reapertura frontal,25,25.00,405.72,NARANJA,OK,4,904.0,1152.0,380.4,762.7,403.7,1,0.833,302.0,1,0.808,888.0,1,1.000,0.212,5,2,,,,,,0,323.0,,62.2
2619.154517,CRUISE,esquina 5 verificada,25,21.52,407.87,NARANJA,OK,5,913.5,1204.0,370.2,764.5,402.3,1,0.889,299.5,1,0.808,883.0,1,1.000,0.214,5,2,,,,,,0,323.0,,82.0
2619.252091,AVOID_PASS,manteniendo rumbo mientras pasa el pilar 128,25,17.52,408.82,PISTA,OK,5,945.5,945.5,361.5,767.3,394.9,1,0.833,296.5,1,0.822,853.0,1,1.000,0.364,5,2,128,ROJO,101.0,192.1,0.000,1,0.0,,59.8
2619.353859,AVOID_PASS,manteniendo rumbo mientras pasa el pilar 128,25,13.52,411.01,PISTA,OK,5,990.0,990.0,350.3,765.8,392.8,1,0.861,292.5,1,0.836,831.5,1,1.000,0.584,5,2,128,ROJO,111.9,182.0,0.000,1,10.2,,81.3
2619.453489,AVOID_PASS,manteniendo rumbo mientras pasa el pilar 128,25,9.52,413.25,PISTA,OK,5,1030.5,1030.5,339.0,772.1,387.7,1,0.861,288.5,1,0.849,799.5,1,1.000,0.823,5,3,128,ROJO,124.3,171.8,0.000,1,20.1,,60.0
2619.553298,AVOID_PASS,manteniendo rumbo mientras pasa el pilar 128,25,5.52,415.68,PISTA,OK,5,1093.0,1093.0,330.7,763.4,393.3,1,0.861,287.5,1,0.890,779.5,1,1.000,0.868,5,3,128,ROJO,136.3,157.9,0.000,1,30.1,,81.4
2619.655381,AVOID_PASS,manteniendo rumbo mientras pasa el pilar 128,25,1.52,416.75,PISTA,OK,5,1144.0,1144.0,322.2,756.1,395.4,1,0.833,285.0,1,0.849,772.0,1,1.000,0.887,5,3,128,ROJO,148.4,145.0,0.000,1,40.3,,62.2
2619.755286,AVOID_PASS,manteniendo rumbo mientras pasa el pilar 128,25,-2.48,418.61,PISTA,OK,5,963.0,1211.0,318.9,747.2,401.7,1,0.833,283.8,1,0.863,752.0,1,1.000,0.739,5,3,128,ROJO,156.2,129.7,0.000,1,50.3,,81.5
2619.856723,AVOID_PASS,manteniendo rumbo mientras pasa el pilar 128,25,-6.48,419.78,PISTA,OK,5,950.5,1228.0,318.0,741.1,408.9,1,0.889,285.0,1,0.863,749.0,1,1.000,0.773,5,3,128,ROJO,158.8,116.3,0.101,1,60.5,,63.2
2619.957029,AVOID_PASS,manteniendo rumbo mientras pasa el pilar 128,25,-10.48,420.40,PISTA,OK,5,940.5,1263.5,317.9,734.9,417.7,1,0.889,288.5,1,0.904,736.0,1,1.000,0.692,4,3,128,ROJO,160.0,104.5,0.202,1,70.5,,86.2
2620.059577,AVOID_PASS,manteniendo rumbo mientras pasa el pilar 128,25,-11.72,420.54,PISTA,OK,5,931.0,1328.0,321.5,731.1,427.0,1,0.861,291.0,1,0.863,732.2,1,1.000,0.703,4,3,128,ROJO,163.5,93.7,0.000,1,80.7,,65.9
2620.158128,AVOID_PASS,manteniendo rumbo mientras pasa el pilar 128,25,-11.47,420.29,PISTA,OK,5,920.5,1272.5,326.8,727.3,435.5,1,0.861,296.2,1,0.877,732.5,1,1.000,0.625,3,2,128,ROJO,163.1,84.6,0.099,1,90.6,,100.9
2620.258342,AVOID_PASS,manteniendo rumbo mientras pasa el pilar 128,25,-10.64,419.46,PISTA,OK,5,915.0,1264.5,334.6,725.7,446.8,1,0.889,301.0,1,0.877,729.5,1,1.000,0.632,3,2,128,ROJO,161.8,76.9,0.199,1,100.6,,67.4
2620.357405,AVOID_PASS,manteniendo rumbo mientras pasa el pilar 128,25,-9.86,418.68,PISTA,OK,5,908.0,1201.0,343.0,725.3,457.2,1,0.889,308.0,1,0.904,729.8,1,1.000,0.901,3,2,128,ROJO,160.8,69.2,0.298,1,110.5,,93.9
2620.457377,AVOID_PASS,manteniendo rumbo mientras pasa el pilar 128,25,-8.93,417.75,PISTA,OK,5,1173.5,1173.5,351.6,723.7,469.3,1,0.889,311.5,1,0.890,729.0,1,1.000,0.938,3,2,128,ROJO,159.6,61.8,0.398,1,120.5,,65.7
2620.559378,AVOID_PASS,manteniendo rumbo mientras pasa el pilar 128,25,-7.95,416.77,PISTA,OK,5,1134.0,1134.0,360.7,722.5,488.8,1,0.778,317.0,1,0.849,729.0,1,1.000,0.934,3,2,128,ROJO,155.4,60.5,0.000,1,130.7,,87.3
2620.658549,AVOID_PASS,manteniendo rumbo mientras pasa el pilar 128,25,-7.52,416.34,PISTA,OK,5,1124.5,1124.5,369.8,723.0,502.2,1,0.861,324.0,1,0.890,728.5,1,0.986,0.943,3,2,128,ROJO,155.0,51.7,0.099,1,140.6,,67.4
2620.756586,AVOID_PASS,manteniendo rumbo mientras pasa el pilar 128,25,-6.63,415.45,PISTA,OK,5,1079.5,1079.5,378.9,722.2,518.3,1,0.806,328.8,1,0.863,725.0,1,1.000,0.933,3,2,128,ROJO,154.2,44.3,0.197,1,150.4,,99.3
2620.856090,AVOID_PASS,manteniendo rumbo mientras pasa el pilar 128,25,-5.70,414.52,PISTA,OK,5,1046.0,1046.0,388.3,721.2,572.1,1,0.778,335.2,1,0.849,724.5,1,1.000,0.940,3,2,128,ROJO,153.4,36.9,0.297,1,160.4,,65.1
2620.957886,AVOID_PASS,manteniendo rumbo mientras pasa el pilar 128,25,-4.73,413.55,PISTA,OK,5,1017.0,1017.0,398.7,720.2,868.3,1,0.917,341.5,1,0.904,730.5,1,1.000,0.924,3,2,128,ROJO,152.8,29.3,0.399,1,170.6,,87.3
2621.055054,AVOID_PASS,manteniendo rumbo mientras pasa el pilar 128,25,-4.36,413.18,PISTA,OK,5,983.0,983.0,408.5,717.8,871.6,1,0.861,347.5,1,0.932,734.0,1,0.986,0.922,3,2,128,ROJO,152.8,29.3,0.399,0,180.3,,63.6
2621.154185,AVOID_PASS,manteniendo rumbo mientras pasa el pilar 128,25,-3.44,412.26,PISTA,OK,5,965.5,965.5,419.3,717.5,876.1,1,0.889,353.0,1,0.918,171.5,1,0.986,0.917,3,2,128,ROJO,152.8,29.3,0.399,0,190.2,,77.2
2621.255252,AVOID_PASS,manteniendo rumbo mientras pasa el pilar 128,25,-2.65,411.47,PISTA,OK,5,925.0,925.0,429.7,714.4,881.8,1,0.833,359.5,1,0.890,165.5,1,0.986,0.923,3,2,128,ROJO,152.8,29.3,0.399,0,200.3,,62.9
2621.353206,AVOID_PASS,manteniendo rumbo mientras pasa el pilar 128,25,-1.82,410.64,PISTA,OK,5,916.0,916.0,441.1,714.2,887.1,1,0.833,365.0,1,0.904,152.5,1,1.000,0.907,4,2,128,ROJO,152.8,29.3,0.399,0,210.1,,81.9
2621.452926,AVOID_PASS,manteniendo rumbo mientras pasa el pilar 128,25,-1.03,409.85,PISTA,OK,5,891.0,891.0,452.3,712.2,892.5,1,1.000,372.0,1,1.000,146.0,1,0.973,0.914,4,2,128,ROJO,152.8,29.3,0.399,0,220.1,,57.4
2621.553795,AVOID_PASS,manteniendo rumbo mientras pasa el pilar 128,25,-0.69,409.51,PISTA,OK,5,864.5,864.5,464.1,710.2,898.2,1,0.917,378.0,1,0.945,138.0,1,0.986,0.923,4,2,128,ROJO,152.8,29.3,0.399,0,230.2,,82.0
2621.651502,AVOID_PASS,manteniendo rumbo mientras pasa el pilar 128,25,0.03,408.79,PISTA,OK,5,852.5,852.5,474.3,2064.0,904.3,1,0.889,384.0,1,0.918,131.5,1,1.000,0.193,3,2,128,ROJO,152.8,29.3,0.399,0,239.9,,59.4
2621.751543,AVOID_PASS,manteniendo rumbo mientras pasa el pilar 128,24,0.70,408.12,PISTA,OK,5,838.5,838.5,486.3,635.7,342.4,1,0.861,391.0,1,0.932,127.5,1,0.945,0.500,4,2,128,ROJO,152.8,29.3,0.399,0,249.9,,77.8
2621.853163,AVOID_PASS,manteniendo rumbo mientras pasa el pilar 128,24,1.46,407.36,PISTA,OK,5,814.0,814.0,497.9,636.8,350.2,1,0.833,397.5,1,0.918,125.0,1,0.973,0.503,3,1,128,ROJO,152.8,29.3,0.399,0,259.7,,61.2
2621.953005,AVOID_PASS,manteniendo rumbo mientras pasa el pilar 128,24,2.08,406.74,PISTA,OK,5,805.5,805.5,510.1,655.9,350.4,1,0.861,403.0,1,0.932,125.5,1,0.973,0.549,3,1,128,ROJO,152.8,29.3,0.399,0,269.3,,80.6
2622.053073,AVOID_PASS,manteniendo rumbo mientras pasa el pilar 128,24,2.35,406.17,PISTA,OK,5,781.0,781.0,521.4,684.4,355.1,1,0.889,409.5,1,0.945,125.8,1,0.945,0.809,3,1,128,ROJO,152.8,29.3,0.399,0,278.9,,61.3
2622.153003,AVOID_PASS,manteniendo rumbo mientras pasa el pilar 128,24,2.92,405.90,PISTA,OK,5,760.0,760.0,533.7,670.8,357.2,1,0.889,414.5,1,0.945,127.5,1,0.959,0.647,3,1,128,ROJO,152.8,29.3,0.399,0,288.5,,79.6
2622.254168,AVOID_PASS,manteniendo rumbo mientras pasa el pilar 128,24,3.42,405.40,PISTA,OK,5,752.5,752.5,543.3,644.6,362.9,1,0.944,420.0,1,0.973,128.0,1,0.959,0.471,3,1,128,ROJO,152.8,29.3,0.399,0,298.2,,61.6
2622.354144,AVOID_PASS,manteniendo rumbo mientras pasa el pilar 128,24,3.79,405.03,PISTA,OK,5,742.5,742.5,554.9,637.7,365.3,1,0.944,426.5,1,0.973,131.5,1,0.959,0.432,3,1,128,ROJO,152.8,29.3,0.399,0,307.8,,83.6
2622.455860,AVOID_PASS,manteniendo rumbo mientras pasa el pilar 128,23,3.98,404.84,PISTA,OK,5,719.5,719.5,566.1,631.8,370.3,1,0.944,432.0,1,0.973,133.5,1,0.973,0.385,3,1,128,ROJO,152.8,29.3,0.399,0,317.6,,64.9
2622.555616,RECENTER,reincorporacion tras 327 mm de sobrepaso estimado,23,-0.02,404.54,PISTA,OK,5,714.0,714.0,574.3,620.3,375.6,1,0.889,438.0,1,0.945,136.0,1,0.973,0.368,3,1,128,ROJO,152.8,29.3,0.399,0,326.7,,84.0
2622.655723,CRUISE,reincorporacion verificada,23,3.98,404.31,PISTA,OK,5,707.0,707.0,583.6,585.5,378.9,1,0.917,443.5,1,0.959,140.0,1,0.973,0.217,4,1,,,,,,0,326.7,,63.5
2622.755324,CRUISE,crucero centrado por paredes,23,7.98,404.12,PISTA,OK,5,696.8,696.8,590.4,585.1,383.0,1,0.917,447.5,1,0.959,145.0,1,0.973,0.218,4,1,,,,,,0,326.7,,85.1
2622.856299,TURN,giro de esquina por IMU y reapertura frontal,23,25.00,403.76,PISTA,OK,5,686.5,686.5,600.5,591.4,387.9,1,0.889,452.0,1,0.945,146.5,1,0.986,0.218,5,1,,,,,,0,326.7,,60.5
2622.958347,TURN,giro de esquina por IMU y reapertura frontal,23,25.00,403.57,PISTA,OK,5,678.5,678.5,614.2,580.9,392.4,1,0.889,460.0,1,0.945,151.5,1,0.986,0.216,5,1,,,,,,0,326.7,,87.6
2623.055580,TURN,giro de esquina por IMU y reapertura frontal,23,25.00,403.16,PISTA,OK,5,655.5,655.5,618.8,683.6,394.8,1,0.972,465.5,1,0.986,154.5,1,0.959,0.682,5,1,,,,,,0,326.7,,63.1
2623.153403,TURN,giro de esquina por IMU y reapertura frontal,23,25.00,405.17,PISTA,OK,5,662.5,662.5,605.9,659.4,401.4,1,0.917,466.0,1,0.959,161.8,1,0.973,0.736,4,1,,,,,,0,326.7,,83.4
2623.252933,TURN,giro de esquina por IMU y reapertura frontal,23,25.00,406.99,PISTA,OK,5,678.0,678.0,592.0,634.3,406.3,1,0.917,464.8,1,0.959,168.5,1,0.959,0.837,4,1,,,,,,0,326.7,,59.2
2623.353527,TURN,giro de esquina por IMU y reapertura frontal,23,25.00,407.91,PISTA,OK,5,699.0,699.0,582.6,618.3,410.0,1,0.889,467.5,1,0.945,174.0,1,0.973,0.925,4,1,,,,,,0,326.7,,82.2
2623.451780,TURN,giro de esquina por IMU y reapertura frontal,23,25.00,409.78,PISTA,OK,5,716.5,716.5,569.3,604.8,419.8,1,0.861,467.0,1,0.932,182.5,1,0.973,0.858,4,1,,,,,,0,326.7,,59.3
2623.551185,TURN,giro de esquina por IMU y reapertura frontal,24,25.00,411.59,PISTA,OK,5,741.5,741.5,558.3,593.5,424.3,1,0.889,466.5,1,0.945,189.5,1,0.959,0.858,4,1,,,,,,0,326.7,,80.0
2623.650324,TURN,giro de esquina por IMU y reapertura frontal,24,25.00,413.44,PISTA,OK,5,768.5,768.5,547.9,582.7,429.6,1,0.889,465.5,1,0.945,198.0,1,0.959,0.863,4,1,,,,,,0,326.7,,58.0
2623.749920,TURN,giro de esquina por IMU y reapertura frontal,24,25.00,414.41,PISTA,OK,5,783.5,783.5,538.6,571.6,439.1,1,0.889,465.2,1,0.945,205.5,1,0.986,0.871,4,1,,,,,,0,326.7,,79.3
2623.849628,TURN,giro de esquina por IMU y reapertura frontal,24,25.00,416.23,PISTA,OK,5,818.0,818.0,529.2,563.5,439.9,1,0.861,464.0,1,0.945,213.5,1,0.918,0.867,4,1,,,,,,0,326.7,,56.8
2623.950793,TURN,giro de esquina por IMU y reapertura frontal,25,25.00,418.25,PISTA,OK,5,849.0,849.0,520.6,554.5,181.9,1,0.833,464.0,1,0.945,222.0,1,0.932,0.864,4,1,,,,,,0,326.7,,81.0
2624.052325,TURN,giro de esquina por IMU y reapertura frontal,25,25.00,420.27,PISTA,OK,5,889.5,889.5,511.7,547.6,188.2,1,0.917,462.5,1,0.973,229.5,1,0.973,0.871,4,1,,,,,,0,326.7,,61.0
2624.152739,TURN,giro de esquina por IMU y reapertura frontal,25,25.00,421.20,PISTA,OK,5,954.0,954.0,503.3,541.5,196.6,1,0.889,459.5,1,0.945,239.5,1,0.973,0.854,4,1,,,,,,0,326.7,,81.3
2624.252279,TURN,giro de esquina por IMU y reapertura frontal,25,25.00,423.31,PISTA,OK,5,985.5,985.5,495.5,536.2,205.6,1,0.917,457.5,1,0.959,247.5,1,0.986,0.851,4,1,,,,,,0,326.7,,61.0
2624.353191,TURN,giro de esquina por IMU y reapertura frontal,22,25.00,425.27,PISTA,OK,5,599.0,1069.5,488.0,531.6,214.2,1,0.917,455.5,1,0.959,256.5,1,0.973,0.854,4,1,,,,,,0,326.7,,81.5
2624.453367,TURN,giro de esquina por IMU y reapertura frontal,22,25.00,426.32,PISTA,OK,5,587.5,1130.5,481.2,528.6,222.4,1,0.861,452.0,1,0.932,261.5,1,0.973,0.844,3,1,,,,,,0,326.7,,63.8
2624.553012,TURN,giro de esquina por IMU y reapertura frontal,22,25.00,428.02,PISTA,OK,5,579.5,1159.5,475.5,526.9,231.3,1,0.806,450.5,1,0.918,270.0,1,0.959,0.850,3,1,,,,,,0,326.7,,76.7
2624.653493,TURN,giro de esquina por IMU y reapertura frontal,22,25.00,429.84,PISTA,OK,5,573.0,1223.5,469.6,525.6,240.7,1,0.889,448.0,1,0.945,277.0,1,0.973,0.848,3,1,,,,,,0,326.7,,60.7
2624.753973,TURN,giro de esquina por IMU y reapertura frontal,22,25.00,431.49,PISTA,OK,5,567.5,1327.0,464.7,524.7,250.3,1,0.889,447.5,1,0.932,284.5,1,0.986,0.850,3,1,,,,,,0,326.7,,83.3
2624.854078,TURN,giro de esquina por IMU y reapertura frontal,22,25.00,433.34,PISTA,OK,5,562.0,1609.5,459.9,524.9,259.4,1,0.833,444.5,1,0.918,291.0,1,0.973,0.853,3,1,,,,,,0,326.7,,59.6
2624.952428,TURN,giro de esquina por IMU y reapertura frontal,22,25.00,434.24,PISTA,OK,5,555.0,574.0,455.0,525.6,269.7,1,0.889,442.0,1,0.959,297.5,1,0.945,0.855,3,2,,,,,,0,326.7,,80.9
2625.053709,TURN,giro de esquina por IMU y reapertura frontal,22,25.00,435.94,PISTA,OK,5,548.0,548.0,450.2,526.2,280.7,1,0.833,440.0,1,0.932,304.5,1,0.959,0.863,3,2,,,,,,0,326.7,,63.4
2625.154658,TURN,giro de esquina por IMU y reapertura frontal,22,25.00,437.73,PISTA,OK,5,549.0,1591.5,445.4,527.8,290.5,1,0.889,435.0,1,0.932,311.5,1,0.986,0.854,3,2,,,,,,0,326.7,,83.6
2625.253337,TURN,giro de esquina por IMU y reapertura frontal,22,25.00,438.60,PISTA,OK,5,544.0,1585.0,440.4,529.8,297.4,1,0.889,430.0,1,0.932,319.5,1,0.959,0.874,3,2,,,,,,0,326.7,,63.3
2625.352297,TURN,giro de esquina por IMU y reapertura frontal,22,25.00,440.24,PISTA,OK,5,539.5,1578.0,436.3,532.4,309.2,1,0.889,428.5,1,0.945,327.0,1,0.973,0.868,3,2,,,,,,0,326.7,,75.2
2625.451689,TURN,giro de esquina por IMU y reapertura frontal,22,25.00,442.11,PISTA,OK,5,530.5,1573.5,432.1,535.5,318.1,1,0.944,425.5,1,0.932,335.0,1,0.986,0.859,3,2,,,,,,0,326.7,,61.2
2625.551606,TURN,giro de esquina por IMU y reapertura frontal,22,25.00,443.86,PISTA,OK,5,527.0,1568.0,428.2,538.9,327.0,1,0.944,419.0,1,0.945,346.0,1,0.973,0.868,3,2,,,,,,0,326.7,,79.8
2625.650480,TURN,giro de esquina por IMU y reapertura frontal,22,25.00,445.56,PISTA,OK,5,522.5,1565.5,423.9,542.7,334.7,1,1.000,416.8,1,0.973,353.5,1,1.000,0.876,3,2,,,,,,0,326.7,,54.8
2625.751549,TURN,giro de esquina por IMU y reapertura frontal,25,25.00,446.44,PISTA,OK,5,1560.0,1560.0,419.9,547.5,708.6,1,0.889,412.0,1,0.932,531.8,1,0.945,0.865,3,2,,,,,,0,326.7,,80.0
2625.849923,TURN,giro de esquina por IMU y reapertura frontal,25,25.00,448.06,PISTA,OK,5,1553.0,1553.0,416.4,552.7,707.3,1,0.944,409.5,1,0.945,535.0,1,0.986,0.871,3,2,,,,,,0,326.7,,59.6
2625.949845,TURN,giro de esquina por IMU y reapertura frontal,25,25.00,449.99,PISTA,OK,5,1547.5,1547.5,411.9,558.8,715.1,1,0.972,405.0,1,0.932,541.5,1,1.000,0.844,3,2,,,,,,0,326.7,,79.8
2626.048868,TURN,giro de esquina por IMU y reapertura frontal,25,25.00,452.20,PISTA,OK,5,1539.0,1539.0,407.3,566.0,696.7,1,1.000,399.5,1,0.945,546.5,1,0.986,0.842,3,2,,,,,,0,326.7,,57.9
2626.149039,TURN,giro de esquina por IMU y reapertura frontal,25,25.00,454.17,PISTA,OK,5,1533.0,1533.0,403.5,574.9,674.2,1,1.000,396.5,1,0.959,552.5,1,1.000,0.843,2,2,,,,,,0,326.7,,80.0
2626.249500,TURN,giro de esquina por IMU y reapertura frontal,25,25.00,455.21,PISTA,OK,5,1528.0,1528.0,399.8,584.6,672.1,1,0.972,391.5,1,0.945,559.0,1,0.986,0.833,2,2,,,,,,0,326.7,,59.1
2626.347998,TURN,giro de esquina por IMU y reapertura frontal,25,25.00,457.31,PISTA,OK,5,947.0,1524.5,395.1,594.8,656.6,1,0.972,387.0,1,0.959,566.5,1,0.986,0.777,2,2,,,,,,0,326.7,,74.7
2626.447111,TURN,giro de esquina por IMU y reapertura frontal,25,25.00,459.53,PISTA,OK,5,925.5,1520.5,390.2,606.9,640.6,1,1.000,383.0,1,0.973,573.0,1,1.000,0.730,2,2,,,,,,0,326.7,,54.0
2626.547715,CRUISE,esquina 6 verificada,25,21.00,461.57,PISTA,OK,6,919.0,1522.0,388.2,618.8,632.8,1,0.972,383.2,1,0.986,579.0,1,0.986,0.732,2,2,,,,,,0,326.7,,80.2
2626.648232,AVOID_APPROACH,pure-pursuit al punto de paso del pilar 122,25,17.00,462.47,PISTA,OK,6,910.5,1521.5,401.3,632.6,619.7,1,1.000,381.0,1,0.959,584.0,1,1.000,0.225,2,2,122,ROJO,290.1,381.3,0.000,1,326.7,,57.7
2626.749765,AVOID_APPROACH,pure-pursuit al punto de paso del pilar 122,25,13.00,464.74,PISTA,OK,6,905.0,1530.2,384.1,671.4,611.1,1,1.000,381.0,1,0.959,593.0,1,1.000,0.541,3,2,122,ROJO,312.1,365.8,0.000,1,326.7,,77.9
2626.848182,AVOID_APPROACH,pure-pursuit al punto de paso del pilar 122,22,9.00,466.97,PISTA,OK,6,609.0,609.0,407.4,688.4,599.2,1,1.000,380.5,1,0.959,600.5,1,1.000,0.343,3,2,122,ROJO,326.9,348.8,0.000,1,326.7,,57.5
2626.949591,AVOID_APPROACH,pure-pursuit al punto de paso del pilar 122,22,5.00,469.14,PISTA,OK,6,583.5,583.5,381.2,723.4,593.5,1,1.000,376.5,1,0.973,607.5,1,1.000,0.563,3,2,122,ROJO,347.0,324.9,0.000,1,326.7,,81.8
2627.049533,AVOID_APPROACH,pure-pursuit al punto de paso del pilar 122,22,1.00,470.04,PISTA,OK,6,552.0,552.0,378.5,716.2,591.4,1,1.000,382.8,1,0.959,616.0,1,1.000,0.815,3,2,122,ROJO,360.3,309.1,0.000,1,326.7,,60.3
2627.149733,AVOID_APPROACH,pure-pursuit al punto de paso del pilar 122,22,-3.00,471.64,PISTA,OK,6,528.5,528.5,377.0,733.3,587.3,1,1.000,378.2,1,1.000,622.5,1,1.000,0.813,3,2,122,ROJO,370.7,292.3,0.000,1,326.7,,77.6
2627.250006,AVOID_PASS,manteniendo rumbo mientras pasa el pilar 122,22,0.00,472.77,PISTA,OK,6,506.5,506.5,374.1,750.0,584.9,1,1.000,368.5,1,0.959,629.0,1,1.000,0.797,3,2,122,ROJO,380.0,274.9,0.000,1,0.0,,57.9
2627.352533,AVOID_PASS,manteniendo rumbo mientras pasa el pilar 122,22,-0.27,473.04,PISTA,OK,6,506.5,506.5,368.4,750.1,588.6,1,1.000,372.5,1,0.945,634.5,1,1.000,0.662,3,2,122,ROJO,384.6,263.7,0.000,1,9.0,,82.6
2627.451730,AVOID_PASS,manteniendo rumbo mientras pasa el pilar 122,21,-0.30,473.07,PISTA,OK,6,489.5,489.5,362.5,757.6,590.2,1,1.000,362.5,1,0.986,639.2,1,1.000,0.654,3,2,122,ROJO,387.3,254.2,0.000,1,17.8,,62.5
2627.552890,AVOID_PASS,manteniendo rumbo mientras pasa el pilar 122,21,-0.37,473.14,PISTA,OK,6,475.0,475.0,356.3,761.8,597.6,1,1.000,357.5,1,0.973,645.0,1,1.000,0.649,3,2,122,ROJO,387.4,244.1,0.000,1,26.2,,78.4
2627.652918,AVOID_PASS,manteniendo rumbo mientras pasa el pilar 122,21,-0.45,473.22,PISTA,OK,6,478.0,478.0,351.4,766.9,602.1,1,1.000,348.0,1,0.973,648.5,1,1.000,0.622,3,2,122,ROJO,386.1,241.1,0.000,1,34.7,,63.7
2627.752386,AVOID_PASS,manteniendo rumbo mientras pasa el pilar 122,21,-0.48,473.27,PISTA,OK,6,465.0,465.0,345.4,772.6,602.9,1,1.000,350.5,1,0.959,652.5,1,1.000,0.647,3,2,122,ROJO,392.1,229.4,0.000,1,43.0,,83.8
2627.850762,AVOID_PASS,manteniendo rumbo mientras pasa el pilar 122,21,-0.53,473.30,PISTA,OK,6,459.5,459.5,340.7,777.7,608.2,1,1.000,346.5,1,0.918,656.5,1,1.000,0.623,3,2,122,ROJO,392.2,220.9,0.000,1,51.3,,59.6
2627.951556,AVOID_PASS,manteniendo rumbo mientras pasa el pilar 122,21,-0.57,473.34,PISTA,OK,6,452.0,452.0,334.5,783.0,611.9,1,1.000,336.0,1,0.973,661.8,1,1.000,0.646,2,2,122,ROJO,388.8,216.7,0.000,1,59.7,,79.3
2628.050993,AVOID_PASS,manteniendo rumbo mientras pasa el pilar 122,21,-0.63,473.40,PISTA,OK,6,444.0,444.0,330.3,781.7,617.2,1,1.000,330.0,1,0.918,664.5,1,1.000,0.572,2,2,122,ROJO,394.1,206.4,0.000,1,68.1,,60.5
2628.149186,AVOID_PASS,manteniendo rumbo mientras pasa el pilar 122,21,-0.69,473.46,PISTA,OK,6,434.0,434.0,324.7,792.2,617.6,1,1.000,327.0,1,0.959,670.0,1,1.000,0.629,2,2,122,ROJO,395.3,201.1,0.000,1,76.3,,79.3
2628.250221,AVOID_PASS,manteniendo rumbo mientras pasa el pilar 122,21,-0.73,473.50,PISTA,OK,6,426.0,426.0,330.1,803.8,622.4,1,1.000,326.0,1,0.959,674.0,1,1.000,0.247,2,2,122,ROJO,395.4,192.3,0.000,1,84.8,,61.1
2628.349586,AVOID_PASS,manteniendo rumbo mientras pasa el pilar 122,21,-0.84,473.61,PISTA,OK,6,423.5,423.5,326.3,793.6,624.2,1,1.000,319.0,1,0.932,680.0,1,1.000,0.218,2,2,122,ROJO,392.0,185.7,0.000,1,93.2,,73.7
2628.448557,AVOID_PASS,manteniendo rumbo mientras pasa el pilar 122,21,-0.92,473.69,PISTA,OK,6,408.0,408.0,314.9,786.8,629.1,1,1.000,307.5,1,0.932,685.0,1,1.000,0.220,2,2,122,ROJO,396.0,176.6,0.000,1,101.5,,58.3
2628.548710,AVOID_PASS,manteniendo rumbo mientras pasa el pilar 122,21,-0.96,473.73,PISTA,OK,6,410.0,410.0,305.5,794.2,632.0,1,1.000,308.8,1,0.918,688.5,1,1.000,0.474,2,2,122,ROJO,393.1,172.4,0.000,1,109.9,,81.0
2628.646323,AVOID_PASS,manteniendo rumbo mientras pasa el pilar 122,21,-1.05,473.82,PISTA,OK,6,399.0,399.0,299.5,823.0,638.9,1,1.000,301.5,1,0.918,693.5,1,1.000,0.672,2,2,122,ROJO,394.2,166.0,0.000,1,118.1,,57.7
2628.746748,AVOID_PASS,manteniendo rumbo mientras pasa el pilar 122,21,-1.15,473.92,PISTA,OK,6,393.5,393.5,294.7,826.8,640.6,1,1.000,304.0,1,0.904,697.0,1,1.000,0.658,2,2,122,ROJO,396.0,157.6,0.000,1,126.5,,77.8
2628.846940,AVOID_PASS,manteniendo rumbo mientras pasa el pilar 122,21,-1.24,474.01,PISTA,OK,6,383.5,383.5,290.4,828.7,643.4,1,1.000,292.5,1,0.918,700.5,1,1.000,0.599,2,2,122,ROJO,397.0,150.8,0.000,1,134.9,,55.4
2628.945558,AVOID_PASS,manteniendo rumbo mientras pasa el pilar 122,20,-1.29,474.06,PISTA,OK,6,377.0,377.0,284.4,838.3,649.2,1,1.000,282.0,1,0.849,707.0,1,1.000,0.644,2,2,122,ROJO,398.0,143.0,0.000,1,143.2,,79.1
2629.044519,AVOID_PASS,manteniendo rumbo mientras pasa el pilar 122,20,-1.37,474.14,PISTA,OK,6,364.0,364.0,279.4,845.6,651.2,1,1.000,279.5,1,0.904,712.0,1,1.000,0.646,2,2,122,ROJO,398.8,132.6,0.000,1,151.2,,55.3
2629.145764,AVOID_PASS,manteniendo rumbo mientras pasa el pilar 122,20,-1.44,474.21,PISTA,OK,6,358.5,358.5,274.8,854.2,653.3,1,1.000,276.0,1,0.932,714.5,1,1.000,0.701,2,2,122,ROJO,398.7,128.7,0.000,1,159.2,,79.3
2629.243292,AVOID_PASS,manteniendo rumbo mientras pasa el pilar 122,20,-1.49,474.26,PISTA,OK,6,342.5,342.5,269.5,853.7,662.3,1,1.000,271.5,1,0.904,720.0,1,1.000,0.616,2,2,122,ROJO,398.9,118.8,0.000,1,167.1,,53.3
2629.345644,AVOID_PASS,manteniendo rumbo mientras pasa el pilar 122,20,-1.54,474.31,PISTA,OK,6,343.2,343.2,264.9,857.6,662.7,1,1.000,267.5,1,0.932,725.5,1,1.000,0.624,2,2,122,ROJO,400.0,110.9,0.000,1,175.2,,83.0
2629.444102,AVOID_PASS,manteniendo rumbo mientras pasa el pilar 122,20,-1.56,474.33,PISTA,OK,6,337.0,337.0,260.1,864.4,667.2,1,1.000,264.0,1,0.863,729.5,1,1.000,0.636,2,2,122,ROJO,400.7,104.8,0.000,1,183.1,,52.8
2629.544325,AVOID_PASS,manteniendo rumbo mientras pasa el pilar 122,20,-1.60,474.37,PISTA,OK,6,330.0,330.0,255.3,868.2,671.3,1,1.000,257.5,1,0.904,734.0,1,1.000,0.625,2,2,122,ROJO,400.1,96.9,0.000,1,191.1,,76.8
2629.645269,AVOID_PASS,manteniendo rumbo mientras pasa el pilar 122,20,-1.64,474.41,PISTA,OK,6,321.5,321.5,250.0,871.1,672.1,1,1.000,253.5,1,0.863,738.2,1,1.000,0.592,2,2,122,ROJO,400.2,91.9,0.000,1,199.2,,56.3
2629.745203,AVOID_PASS,manteniendo rumbo mientras pasa el pilar 122,20,-1.66,474.43,PISTA,OK,6,314.0,314.0,244.8,868.3,679.1,1,1.000,244.0,1,0.836,742.0,1,1.000,0.568,2,2,122,ROJO,399.8,84.8,0.000,1,207.2,,79.6
2629.845193,AVOID_PASS,manteniendo rumbo mientras pasa el pilar 122,20,-1.76,474.53,PISTA,OK,6,308.5,308.5,240.1,838.5,682.4,1,1.000,250.0,1,0.863,745.5,1,1.000,0.357,2,2,122,ROJO,402.0,76.0,0.000,1,215.2,,56.1
2629.947709,AVOID_PASS,manteniendo rumbo mientras pasa el pilar 122,20,-1.83,474.60,PISTA,OK,6,300.0,300.0,235.2,839.7,685.6,1,1.000,240.5,1,0.863,750.0,1,1.000,0.334,2,2,122,ROJO,403.7,65.8,0.000,1,223.4,,80.8
2630.046589,AVOID_PASS,manteniendo rumbo mientras pasa el pilar 122,20,-1.90,474.67,PISTA,OK,6,293.5,293.5,230.7,879.1,689.3,1,1.000,230.0,1,0.863,755.8,1,1.000,0.557,2,2,122,ROJO,401.0,60.3,0.000,1,231.3,,57.6
2630.147343,AVOID_PASS,manteniendo rumbo mientras pasa el pilar 122,20,-2.72,474.74,PISTA,OK,6,285.0,285.0,225.6,880.0,688.5,1,1.000,230.0,1,0.932,759.5,1,1.000,0.537,2,2,122,ROJO,402.4,54.4,0.000,1,239.4,,81.1
2630.247689,AVOID_PASS,manteniendo rumbo mientras pasa el pilar 122,20,-3.57,474.85,PISTA,OK,6,279.0,279.0,221.3,885.5,696.7,1,0.861,230.0,1,0.781,763.0,1,1.000,0.530,2,2,122,ROJO,404.4,45.5,0.000,1,247.4,,59.0
2630.348110,AVOID_PASS,manteniendo rumbo mientras pasa el pilar 122,20,-4.35,474.96,PISTA,OK,6,267.0,267.0,217.2,886.2,695.5,1,0.944,222.0,1,0.808,767.5,1,0.986,0.496,2,2,122,ROJO,404.3,38.2,0.000,1,255.4,,81.5
2630.447760,AVOID_PASS,manteniendo rumbo mientras pasa el pilar 122,20,-5.20,474.98,PISTA,OK,6,256.5,256.5,212.4,890.5,702.8,1,0.889,218.0,1,0.740,773.0,1,0.973,0.475,2,2,122,ROJO,401.3,34.3,0.000,1,263.4,,59.1
2630.548276,AVOID_PASS,manteniendo rumbo mientras pasa el pilar 122,20,-6.00,475.03,PISTA,OK,6,260.5,260.5,207.9,892.1,705.7,1,0.833,204.5,1,0.767,415.5,1,0.986,0.481,2,2,122,ROJO,403.1,24.5,0.000,1,271.5,,77.5
2630.649535,AVOID_PASS,manteniendo rumbo mientras pasa el pilar 122,20,-6.82,475.02,PISTA,OK,6,247.5,247.5,202.9,896.3,709.6,1,0.806,205.0,1,0.712,410.0,1,0.986,0.467,2,2,122,ROJO,402.0,20.5,0.000,1,279.6,,60.3
2630.749141,AVOID_PASS,manteniendo rumbo mientras pasa el pilar 122,20,-7.56,474.94,PISTA,OK,6,244.0,244.0,198.3,898.3,710.2,1,0.806,211.0,1,0.671,401.0,1,0.986,0.454,2,2,122,ROJO,404.3,9.9,0.000,1,287.5,,81.1
2630.846885,AVOID_PASS,manteniendo rumbo mientras pasa el pilar 122,20,-8.37,474.85,PISTA,OK,6,238.5,238.5,193.2,900.0,714.1,1,0.833,196.5,1,0.630,390.8,1,0.986,0.430,2,2,122,ROJO,403.6,5.0,0.000,1,295.3,,58.7
2630.948668,AVOID_PASS,manteniendo rumbo mientras pasa el pilar 122,20,-9.25,474.62,PISTA,OK,6,243.5,243.5,187.2,900.1,718.8,1,0.861,185.5,1,0.740,390.0,1,0.986,0.457,2,2,122,ROJO,403.2,0.4,0.000,1,303.5,,79.9
2631.047927,AVOID_PASS,manteniendo rumbo mientras pasa el pilar 122,20,-9.94,474.30,PISTA,OK,6,237.0,237.0,182.2,902.6,727.8,1,0.861,183.5,1,0.685,390.0,1,0.986,0.449,2,2,122,ROJO,403.6,-6.0,0.000,1,311.4,,59.5
2631.148270,AVOID_PASS,manteniendo rumbo mientras pasa el pilar 122,20,-10.59,473.96,PISTA,OK,6,225.5,225.5,177.5,899.0,731.1,1,0.861,170.5,1,0.740,391.5,1,0.986,0.433,2,2,122,ROJO,402.2,-9.9,0.000,1,319.5,,83.0
2631.247004,RECENTER,reincorporacion tras 327 mm de sobrepaso estimado,20,-14.59,473.49,PISTA,OK,6,221.0,221.0,172.3,899.6,738.1,1,0.889,172.5,1,0.616,389.0,1,0.986,0.434,2,2,122,ROJO,402.8,-12.9,0.000,1,327.3,,56.8
2631.346961,TURN,tramo 1 en reversa para cerrar la esquina,0,-20.00,473.24,PISTA,OK,6,227.0,227.0,167.6,903.8,740.1,1,0.889,162.5,1,0.589,388.5,1,0.986,0.468,2,2,,,,,,0,327.3,,82.8
2631.446394,TURN,tramo 1 en reversa para cerrar la esquina,-5,-20.00,473.13,PISTA,OK,6,217.5,217.5,164.2,905.2,746.7,1,0.917,157.5,1,0.658,388.2,1,0.986,0.462,2,2,,,,,,0,327.3,,57.9
2631.545634,TURN,tramo 1 en reversa para cerrar la esquina,-10,-20.00,473.53,PISTA,OK,6,227.5,227.5,165.4,896.3,746.2,1,0.917,160.5,1,0.658,389.0,1,0.986,0.396,2,2,,,,,,0,327.3,,81.4
2631.645295,TURN,tramo 1 en reversa para cerrar la esquina,-15,-20.00,473.57,PISTA,OK,6,229.5,229.5,164.9,898.7,740.5,1,0.889,163.5,1,0.644,391.5,1,0.986,0.405,2,2,,,,,,0,327.3,,57.9
2631.745898,TURN,tramo 1 en reversa para cerrar la esquina,-20,-20.00,473.80,PISTA,OK,6,232.5,232.5,165.3,909.4,742.8,1,0.917,158.0,1,0.658,391.0,1,1.000,0.450,2,2,,,,,,0,327.3,,81.3
2631.842797,TURN,tramo 1 en reversa para cerrar la esquina,-20,-20.00,474.46,PISTA,OK,6,214.0,214.0,167.4,909.4,738.1,1,0.889,168.8,1,0.616,392.0,1,0.986,0.422,2,2,,,,,,0,327.3,,51.7
2631.944200,TURN,tramo 1 en reversa para cerrar la esquina,-20,-20.00,475.62,PISTA,OK,6,220.2,220.2,170.0,909.3,734.4,1,0.861,170.5,1,0.726,393.5,1,0.986,0.349,2,2,,,,,,0,327.3,,84.1
2632.043681,TURN,tramo 1 en reversa para cerrar la esquina,-20,-20.00,476.82,PISTA,OK,6,203.5,203.5,174.2,910.4,722.9,1,0.889,168.8,1,0.699,396.5,1,1.000,0.295,3,2,,,,,,0,327.3,,54.7
2632.145293,TURN,tramo 1 en reversa para cerrar la esquina,-20,-20.00,477.47,PISTA,OK,6,210.0,210.0,177.8,917.0,722.1,1,0.861,180.5,1,0.658,397.2,1,0.986,0.311,3,2,,,,,,0,327.3,,83.9
2632.246019,TURN,tramo 1 en reversa para cerrar la esquina,-20,-20.00,478.73,PISTA,OK,6,200.0,200.0,182.6,915.5,713.1,1,0.778,189.0,1,0.603,397.8,1,0.973,0.219,3,2,,,,,,0,327.3,,58.5
2632.346693,TURN,tramo 1 en reversa para cerrar la esquina,-20,-20.00,479.94,PISTA,OK,6,208.0,208.0,187.6,918.8,705.3,1,0.778,203.5,1,0.575,400.0,1,0.973,0.218,3,2,,,,,,0,327.3,,81.9
2632.445506,TURN,tramo 1 en reversa para cerrar la esquina,-20,-20.00,481.24,PISTA,OK,6,189.5,189.5,193.4,921.7,698.7,1,0.806,197.2,1,0.658,401.0,1,0.973,0.215,3,2,,,,,,0,327.3,,57.7
2632.545860,TURN,tramo 1 en reversa para cerrar la esquina,-20,-20.00,482.57,PISTA,OK,6,203.0,203.0,199.3,925.8,691.8,1,0.861,191.2,1,0.808,405.0,1,0.973,0.214,3,2,,,,,,0,327.3,,82.0
2632.646823,TURN,tramo 1 en reversa para cerrar la esquina,-20,-20.00,483.14,PISTA,OK,6,198.5,198.5,205.0,924.8,687.3,1,0.861,210.0,1,0.767,405.0,1,0.986,0.214,3,2,,,,,,0,327.3,,59.3
2632.747259,TURN,tramo 1 en reversa para cerrar la esquina,-20,-20.00,484.51,PISTA,OK,6,203.5,203.5,211.8,927.5,678.7,1,0.861,208.0,1,0.781,405.8,1,0.986,0.213,3,2,,,,,,0,327.3,,80.0
2632.846739,TURN,tramo 1 en reversa para cerrar la esquina,-20,-20.00,485.92,PISTA,OK,6,202.5,202.5,219.4,934.9,675.0,1,0.972,236.5,1,0.781,407.5,1,0.986,0.212,3,2,,,,,,0,327.3,,59.5
2632.949548,TURN,tramo 1 en reversa para cerrar la esquina,-20,-20.00,486.60,PISTA,OK,6,194.0,194.0,227.5,930.3,667.2,1,0.917,224.0,1,0.781,409.8,1,0.986,0.211,3,2,,,,,,0,327.3,,85.3
2633.047961,TURN,tramo 1 en reversa para cerrar la esquina,-20,-20.00,487.83,PISTA,OK,6,199.0,199.0,236.4,1824.7,662.7,1,0.972,233.0,1,0.836,412.0,1,0.973,0.190,4,2,,,,,,0,327.3,,59.2
2633.149099,TURN,tramo 1 en reversa para cerrar la esquina,-20,-20.00,489.03,PISTA,OK,6,191.5,191.5,243.7,1801.9,657.8,1,0.944,262.5,1,0.753,413.5,1,0.986,0.192,4,2,,,,,,0,327.3,,82.0
2633.246769,TURN,tramo 1 en reversa para cerrar la esquina,-20,-20.00,490.19,PISTA,OK,6,191.0,191.0,251.5,1783.0,652.0,1,0.944,258.0,1,0.808,414.2,1,0.973,0.190,4,2,,,,,,0,327.3,,59.6
2633.348957,TURN,tramo 1 en reversa para cerrar la esquina,-20,-20.00,491.45,PISTA,OK,6,200.5,200.5,257.9,1761.4,646.5,1,0.972,260.0,1,0.795,416.0,1,0.986,0.192,5,2,,,,,,0,327.3,,84.4
2633.445384,TURN,tramo 1 en reversa para cerrar la esquina,-20,-20.00,492.00,PISTA,OK,6,199.8,199.8,270.8,1735.0,633.7,1,0.889,277.5,1,0.863,416.2,1,0.973,0.194,5,2,,,,,,0,327.3,,56.3
2633.545912,TURN,tramo 1 en reversa para cerrar la esquina,-20,-20.00,493.23,PISTA,OK,6,196.0,196.0,277.9,1717.4,626.3,1,0.944,279.5,1,0.836,418.2,1,0.973,0.188,5,2,,,,,,0,327.3,,81.2
2633.645036,TURN,tramo 1 en reversa para cerrar la esquina,-20,-20.00,494.33,PISTA,OK,6,197.8,197.8,284.8,1712.5,617.7,1,0.944,308.0,1,0.808,418.5,1,0.986,0.188,5,2,,,,,,0,327.3,,58.1
2633.744761,TURN,tramo 1 en reversa para cerrar la esquina,-20,-20.00,495.56,PISTA,OK,6,203.0,203.0,298.9,1687.9,605.9,1,0.944,311.0,1,0.849,419.0,1,0.973,0.188,5,2,,,,,,0,327.3,,82.3
2633.844260,TURN,tramo 1 en reversa para cerrar la esquina,-20,-20.00,496.83,PISTA,OK,6,197.2,197.2,302.8,1682.1,595.5,1,0.944,338.5,1,0.863,421.5,1,0.986,0.187,5,2,,,,,,0,327.3,,54.6
2633.944928,TURN,tramo 1 en reversa para cerrar la esquina,-20,-20.00,497.49,PISTA,OK,6,205.8,205.8,314.6,1640.4,583.2,1,0.972,335.5,1,0.877,423.5,1,0.973,0.189,5,2,,,,,,0,327.3,,83.1
2634.042705,TURN,tramo 1 en reversa para cerrar la esquina,-20,-20.00,498.69,PISTA,OK,6,205.5,205.5,320.3,1632.1,571.7,1,0.917,353.5,1,0.836,424.5,1,0.986,0.187,5,2,,,,,,0,327.3,,56.2
2634.142568,TURN,tramo 1 en reversa para cerrar la esquina,-20,-20.00,499.86,PISTA,OK,6,208.0,208.0,333.1,1620.3,561.9,1,0.944,378.0,1,0.863,425.0,1,0.986,0.187,5,2,,,,,,0,327.3,,82.4
2634.242021,TURN,tramo 1 en reversa para cerrar la esquina,-20,-20.00,500.47,PISTA,OK,6,205.5,205.5,332.2,1603.1,552.1,1,0.944,391.0,1,0.890,427.0,1,0.973,0.186,5,2,,,,,,0,327.3,,54.3
2634.341579,TURN,tramo 1 en reversa para cerrar la esquina,-20,-20.00,501.71,PISTA,OK,6,209.5,209.5,349.0,1599.4,542.2,1,0.944,419.0,1,0.863,428.0,1,0.986,0.185,4,2,,,,,,0,327.3,,79.7
2634.440901,TURN,tramo 1 en reversa para cerrar la esquina,-20,-20.00,502.93,PISTA,OK,6,211.5,211.5,350.6,1570.0,530.9,1,0.944,441.5,1,0.836,428.5,1,0.973,0.187,4,2,,,,,,0,327.3,,54.6
2634.540755,TURN,tramo 1 en reversa para cerrar la esquina,-20,-20.00,504.31,PISTA,OK,6,208.5,208.5,354.4,1569.1,519.4,1,0.972,449.5,1,0.863,428.2,1,0.973,0.185,4,2,,,,,,0,327.3,,81.9
2634.641771,TURN,tramo 1 en reversa para cerrar la esquina,-20,-20.00,504.99,PISTA,OK,6,213.8,213.8,370.7,1554.1,505.8,1,1.000,505.0,1,0.890,429.0,1,0.986,0.184,4,2,,,,,,0,327.3,,54.9
2634.741980,TURN,tramo 1 en reversa para cerrar la esquina,-20,-20.00,506.26,PISTA,OK,6,213.8,213.8,397.2,1546.9,503.0,1,1.000,508.0,1,0.945,430.2,1,0.973,0.181,4,2,,,,,,0,327.3,,78.2
2634.841607,TURN,tramo 1 en reversa para cerrar la esquina,-20,-20.00,507.51,PISTA,OK,6,216.5,216.5,418.0,1534.8,502.1,1,0.972,576.0,1,0.932,431.8,1,0.959,0.183,4,2,,,,,,0,327.3,,54.5
2634.941772,TURN,tramo 1 en reversa para cerrar la esquina,-20,-20.00,508.79,PISTA,OK,6,216.8,216.8,472.0,1519.6,499.7,1,0.944,567.0,1,0.918,434.0,1,0.973,0.178,4,2,,,,,,0,327.3,,81.8
2635.042985,TURN,tramo 1 en reversa para cerrar la esquina,-20,-20.00,510.06,PISTA,OK,6,218.8,218.8,536.2,1515.9,613.5,1,0.972,595.0,1,0.945,432.8,1,0.973,0.181,4,2,,,,,,0,327.3,,55.9
2635.143335,TURN,tramo 1 en reversa para cerrar la esquina,-20,-20.00,510.65,PISTA,OK,6,224.0,224.0,544.4,1510.2,614.6,1,0.972,591.5,1,0.959,433.0,1,0.986,0.179,4,2,,,,,,0,327.3,,82.5
2635.243190,TURN,tramo 1 en reversa para cerrar la esquina,-20,-20.00,511.87,PISTA,OK,6,227.5,227.5,596.1,1491.1,617.0,1,1.000,585.0,1,0.973,433.0,1,0.973,0.175,4,2,,,,,,0,327.3,,55.2
2635.344614,TURN,tramo 1 en reversa para cerrar la esquina,-20,-20.00,513.00,PISTA,OK,6,230.5,230.5,231.5,1479.6,615.2,1,1.000,581.0,1,0.973,434.0,1,0.945,0.625,4,2,,,,,,0,327.3,,83.3
2635.444483,TURN,tramo 1 en reversa para cerrar la esquina,-20,-20.00,514.26,PISTA,OK,6,235.0,235.0,1629.8,1475.2,616.4,1,0.972,573.5,1,0.959,435.8,1,0.973,0.629,4,2,,,,,,0,327.3,,58.1
2635.544642,TURN,tramo 1 en reversa para cerrar la esquina,-20,-20.00,515.49,PISTA,OK,6,237.5,237.5,1582.9,1467.3,617.2,1,1.000,569.5,1,0.959,435.2,1,0.973,0.580,4,2,,,,,,0,327.3,,82.7
2635.643538,TURN,tramo 1 en reversa para cerrar la esquina,-20,-20.00,516.09,PISTA,OK,6,242.5,242.5,1625.0,1469.0,616.4,1,0.972,563.5,1,0.959,437.0,1,0.932,0.643,4,2,,,,,,0,327.3,,56.5
2635.743773,TURN,tramo 1 en reversa para cerrar la esquina,-20,-20.00,517.36,PISTA,OK,6,248.0,248.0,253.5,1465.7,616.4,1,0.972,557.0,1,0.959,435.5,1,0.973,0.634,4,2,,,,,,0,327.3,,74.7
2635.842417,TURN,tramo 1 en reversa para cerrar la esquina,-20,-20.00,518.74,PISTA,OK,6,251.8,251.8,1567.3,1456.5,618.5,1,0.972,550.5,1,0.986,437.5,1,0.959,0.648,4,2,,,,,,0,327.3,,52.1
2635.942334,TURN,tramo 1 en reversa para cerrar la esquina,-20,-20.00,520.11,PISTA,OK,6,256.5,256.5,1582.0,1453.2,622.6,1,1.000,548.0,1,0.973,437.8,1,0.973,0.636,4,2,,,,,,0,327.3,,80.3
2636.041734,TURN,tramo 1 en reversa para cerrar la esquina,-20,-20.00,520.72,PISTA,OK,6,262.0,262.0,1554.3,1448.1,622.6,1,1.000,542.0,1,0.973,436.0,1,0.959,0.700,4,2,,,,,,0,327.3,,53.9
2636.141327,TURN,tramo 1 en reversa para cerrar la esquina,-20,-20.00,522.00,PISTA,OK,6,266.0,267.0,1536.2,1447.6,626.2,1,1.000,537.0,1,0.932,437.5,1,0.973,0.683,4,2,,,,,,0,327.3,,80.2
2636.240544,TURN,tramo 1 en reversa para cerrar la esquina,-20,-20.00,523.22,PISTA,OK,6,269.5,273.0,1526.3,1445.0,624.6,1,1.000,532.5,1,0.945,437.5,1,0.986,0.667,4,2,,,,,,0,327.3,,50.1
2636.340475,TURN,tramo 1 en reversa para cerrar la esquina,-20,-20.00,524.47,PISTA,OK,6,272.5,277.0,1513.9,1444.8,628.1,1,1.000,525.5,1,0.959,437.8,1,0.973,0.693,4,2,,,,,,0,327.3,,81.0
2636.439317,TURN,tramo 1 en reversa para cerrar la esquina,-20,-20.00,525.14,PISTA,OK,6,277.0,282.5,1515.3,1442.3,629.4,1,1.000,518.5,1,0.959,438.0,1,0.959,0.779,4,2,,,,,,0,327.3,,53.6
2636.539248,TURN,tramo 1 en reversa para cerrar la esquina,-20,-20.00,526.36,PISTA,OK,6,281.5,287.5,1519.7,1442.8,634.6,1,1.000,513.0,1,0.918,437.2,1,0.973,0.848,5,2,,,,,,0,327.3,,78.6
2636.638974,TURN,tramo 1 en reversa para cerrar la esquina,-20,-20.00,527.73,PISTA,OK,6,287.0,292.0,1513.8,1452.0,636.5,1,1.000,506.0,1,0.918,438.5,1,0.959,0.885,5,2,,,,,,0,327.3,,49.3
2636.737176,TURN,tramo 1 en reversa para cerrar la esquina,-20,-20.00,528.45,PISTA,OK,6,294.5,294.5,1509.1,1441.4,636.9,1,1.000,502.0,1,0.945,438.0,1,0.932,0.788,5,2,,,,,,0,327.3,,79.7
2636.837715,TURN,tramo 1 en reversa para cerrar la esquina,-20,-20.00,529.78,PISTA,OK,6,301.5,301.5,1505.1,1452.7,639.8,1,1.000,496.5,1,0.959,439.2,1,0.959,0.912,5,2,,,,,,0,327.3,,51.0
2636.936105,TURN,tramo 1 en reversa para cerrar la esquina,-20,-20.00,530.96,PISTA,OK,6,305.5,305.5,1501.7,1454.6,637.7,1,1.000,492.0,1,0.932,438.0,1,0.959,0.899,5,2,,,,,,0,327.3,,76.6
2637.036537,TURN,tramo 1 en reversa para cerrar la esquina,-20,-20.00,532.21,PISTA,OK,6,310.5,310.5,1497.3,1457.3,638.1,1,1.000,486.0,1,0.959,438.5,1,0.986,0.884,5,2,,,,,,0,327.3,,51.0
2637.136410,TURN,tramo 1 en reversa para cerrar la esquina,-20,-20.00,533.43,PISTA,OK,6,316.0,316.0,1494.1,1459.7,628.6,1,1.000,482.5,1,0.945,438.0,1,0.945,0.873,5,2,,,,,,0,327.3,,80.4
2637.236169,TURN,tramo 1 en reversa para cerrar la esquina,-20,-20.00,534.02,PISTA,OK,6,322.0,322.0,1454.9,1463.2,615.8,1,1.000,478.5,1,0.973,439.8,1,0.959,0.605,5,2,,,,,,0,327.3,,47.8
2637.336521,TURN,tramo 1 en reversa para cerrar la esquina,-20,-20.00,535.34,PISTA,OK,6,328.0,328.0,1489.8,1467.6,607.1,1,1.000,474.5,1,0.959,438.0,1,0.959,0.780,6,2,,,,,,0,327.3,,80.0
2637.437357,TURN,tramo 1 en reversa para cerrar la esquina,-20,-20.00,536.54,PISTA,OK,6,333.8,333.8,1489.5,1471.7,596.9,1,1.000,471.0,1,0.945,439.0,1,0.945,0.773,6,2,,,,,,0,327.3,,50.8
2637.537581,TURN,tramo 1 en reversa para cerrar la esquina,-20,-20.00,537.83,PISTA,OK,6,338.5,338.5,1492.2,1464.6,583.5,1,1.000,469.0,1,0.959,438.2,1,0.973,0.688,6,2,,,,,,0,327.3,,81.7
2637.637348,TURN,tramo 1 en reversa para cerrar la esquina,-20,-20.00,539.13,PISTA,OK,6,345.0,345.0,1493.9,1478.9,570.9,1,1.000,463.5,1,0.945,437.0,1,0.890,0.808,6,2,,,,,,0,327.3,,51.9
2637.737233,TURN,tramo 1 en reversa para cerrar la esquina,-20,-20.00,539.83,PISTA,OK,6,351.0,351.0,1497.6,1476.2,560.6,1,1.000,461.5,1,0.945,436.5,1,0.945,0.723,5,2,,,,,,0,327.3,,82.0
2637.838965,TURN,tramo 1 en reversa para cerrar la esquina,-20,-20.00,541.10,PISTA,OK,6,358.0,358.0,1500.3,1493.3,549.7,1,1.000,458.5,1,0.945,436.5,1,0.959,0.807,5,2,,,,,,0,327.3,,53.5
2637.939323,TURN,tramo 1 en reversa para cerrar la esquina,-20,-20.00,542.49,PISTA,OK,6,363.0,363.0,1257.6,1488.7,537.0,1,0.972,455.5,1,0.959,436.0,1,0.932,0.183,5,2,,,,,,0,327.3,,81.3
2638.039178,TURN,tramo 1 en reversa para cerrar la esquina,-20,-20.00,543.83,PISTA,OK,6,369.0,369.0,1239.8,1492.1,528.4,1,1.000,452.5,1,0.959,435.5,1,0.890,0.182,5,2,,,,,,0,327.3,,51.7
2638.139305,TURN,tramo 1 en reversa para cerrar la esquina,-20,-20.00,544.47,PISTA,OK,6,374.5,374.5,1201.1,1500.6,516.4,1,1.000,450.0,1,0.959,435.5,1,0.945,0.181,5,2,,,,,,0,327.3,,81.6
2638.240348,TURN,tramo 1 en reversa para cerrar la esquina,-20,-20.00,545.71,PISTA,OK,6,381.5,381.5,1138.2,1510.5,504.2,1,1.000,447.5,1,0.959,435.5,1,0.945,0.182,5,2,,,,,,0,327.3,,52.2
2638.338578,TURN,tramo 1 en reversa para cerrar la esquina,-20,-20.00,546.90,PISTA,OK,6,387.0,387.0,1124.2,403.0,495.8,1,1.000,445.0,1,0.959,435.0,1,0.959,0.590,5,2,,,,,,0,327.3,,80.4
2638.439467,TURN,tramo 1 en reversa para cerrar la esquina,-20,-20.00,548.12,PISTA,OK,6,394.5,394.5,1156.8,1530.2,484.9,1,1.000,445.2,1,0.986,434.5,1,0.890,0.179,5,2,,,,,,0,327.3,,51.5
2638.539495,TURN,tramo 1 en reversa para cerrar la esquina,-20,-20.00,549.40,PISTA,OK,6,399.5,399.5,1102.4,1534.6,476.3,1,0.972,446.0,1,0.986,433.0,1,0.959,0.167,5,2,,,,,,0,327.3,,82.1
2638.639142,TURN,tramo 1 en reversa para cerrar la esquina,-20,-20.00,550.00,PISTA,OK,6,407.5,407.5,1076.0,416.0,467.2,1,1.000,534.5,1,0.973,432.2,1,0.945,0.595,4,2,,,,,,0,327.3,,53.5
2638.738342,TURN,tramo 1 en reversa para cerrar la esquina,-20,-20.00,551.30,PISTA,OK,6,415.5,415.5,1036.3,420.2,456.7,1,1.000,527.5,1,0.986,431.0,1,0.904,0.586,4,2,,,,,,0,327.3,,78.9
2638.837745,TURN,tramo 1 en reversa para cerrar la esquina,-20,-20.00,552.53,PISTA,OK,6,423.5,423.5,1035.3,1059.0,449.3,1,0.972,522.5,1,0.973,431.0,1,0.959,0.154,4,2,,,,,,0,327.3,,51.3
2638.936088,TURN,giro de esquina por IMU y reapertura frontal,0,25.00,553.87,PISTA,OK,6,431.0,431.0,976.0,765.6,442.8,1,1.000,516.5,1,0.973,431.0,1,0.959,0.183,4,2,,,,,,0,327.3,,80.4
2639.036851,TURN,giro de esquina por IMU y reapertura frontal,5,25.00,554.22,PISTA,OK,6,437.5,437.5,956.7,772.0,434.8,1,1.000,510.5,1,0.986,430.0,1,0.932,0.184,4,2,,,,,,0,327.3,,51.4
2639.137202,TURN,giro de esquina por IMU y reapertura frontal,10,25.00,552.92,PISTA,OK,6,439.0,439.0,1018.9,1882.2,442.8,1,0.972,514.0,1,0.973,427.0,1,0.945,0.149,4,3,,,,,,0,327.3,,79.4
2639.236570,TURN,giro de esquina por IMU y reapertura frontal,15,25.00,551.21,PISTA,OK,6,435.0,435.0,1012.6,437.5,450.1,1,0.972,515.5,1,0.973,422.5,1,0.904,0.597,4,3,,,,,,0,327.3,,48.9
2639.336232,TURN,giro de esquina por IMU y reapertura frontal,20,25.00,551.89,PISTA,OK,6,431.8,431.8,1055.7,437.0,450.9,1,1.000,517.0,1,0.986,424.2,1,0.932,0.585,4,3,,,,,,0,327.3,,80.7
2639.435138,TURN,giro de esquina por IMU y reapertura frontal,21,25.00,553.21,PISTA,OK,6,429.5,429.5,1041.9,696.4,449.9,1,0.972,520.5,1,0.973,427.5,1,0.918,0.179,4,3,,,,,,0,327.3,,50.2
2639.534825,TURN,giro de esquina por IMU y reapertura frontal,21,25.00,553.91,PISTA,OK,6,427.2,427.2,998.7,692.3,449.3,1,0.972,524.0,1,1.000,434.0,1,0.932,0.215,4,3,,,,,,0,327.3,,80.4
2639.633870,TURN,giro de esquina por IMU y reapertura frontal,21,25.00,555.50,PISTA,OK,6,426.0,426.0,964.2,687.4,448.5,1,1.000,526.5,1,0.973,440.2,1,0.959,0.283,4,3,,,,,,0,327.3,,44.8
2639.733912,TURN,giro de esquina por IMU y reapertura frontal,21,25.00,556.96,PISTA,OK,6,426.0,426.0,945.2,671.4,450.5,1,1.000,531.0,1,0.986,446.2,1,0.945,0.343,4,3,,,,,,0,327.3,,80.6
2639.833384,TURN,giro de esquina por IMU y reapertura frontal,21,25.00,558.36,PISTA,OK,6,426.0,426.0,925.8,953.6,448.7,1,0.972,534.0,1,0.986,452.5,1,0.945,0.164,4,3,,,,,,0,327.3,,47.9
2639.934928,TURN,giro de esquina por IMU y reapertura frontal,21,25.00,560.03,PISTA,OK,6,423.2,423.2,882.3,691.6,450.7,1,0.972,537.5,1,0.945,456.5,1,0.904,0.181,5,3,,,,,,0,327.3,,83.0
2640.034628,TURN,giro de esquina por IMU y reapertura frontal,21,25.00,560.88,PISTA,OK,6,426.8,426.8,875.7,676.4,451.6,1,0.972,540.2,1,0.986,462.5,1,0.945,0.180,5,3,,,,,,0,327.3,,48.4
2640.134683,TURN,giro de esquina por IMU y reapertura frontal,21,25.00,562.55,PISTA,OK,6,428.5,428.5,867.1,668.1,451.6,1,1.000,544.0,1,0.986,470.0,1,0.945,0.181,5,3,,,,,,0,327.3,,73.1
2640.235943,TURN,giro de esquina por IMU y reapertura frontal,21,25.00,564.30,PISTA,OK,6,427.8,427.8,845.0,647.1,453.4,1,1.000,548.0,1,1.000,477.5,1,0.904,0.181,5,3,,,,,,0,327.3,,50.4
2640.336502,TURN,giro de esquina por IMU y reapertura frontal,21,25.00,565.12,PISTA,OK,6,429.5,429.5,825.6,636.4,455.9,1,0.972,551.0,1,1.000,484.0,1,0.959,0.181,6,3,,,,,,0,327.3,,80.0
2640.436038,TURN,giro de esquina por IMU y reapertura frontal,21,25.00,566.60,PISTA,OK,6,435.2,435.2,803.2,626.1,455.7,1,0.972,555.0,1,0.986,490.5,1,0.932,0.184,6,3,,,,,,0,327.3,,49.6
2640.537847,TURN,giro de esquina por IMU y reapertura frontal,21,25.00,568.26,PISTA,OK,6,441.5,441.5,793.7,607.9,457.3,1,1.000,557.0,1,1.000,497.5,1,0.932,0.184,5,2,,,,,,0,327.3,,79.7
2640.637849,TURN,giro de esquina por IMU y reapertura frontal,21,25.00,569.93,PISTA,OK,6,440.5,440.5,773.7,593.5,460.8,1,0.917,561.5,1,1.000,504.0,1,0.904,0.186,5,2,,,,,,0,327.3,,49.9
2640.738434,TURN,giro de esquina por IMU y reapertura frontal,21,25.00,570.78,PISTA,OK,6,444.5,444.5,771.5,584.2,462.8,1,0.861,565.0,1,1.000,510.5,1,0.918,0.189,5,2,,,,,,0,327.3,,81.6
2640.837844,TURN,giro de esquina por IMU y reapertura frontal,21,25.00,572.42,PISTA,OK,6,448.0,448.0,759.6,574.1,430.5,1,0.944,567.2,1,1.000,519.0,1,0.918,0.192,5,2,,,,,,0,327.3,,51.8
2640.939175,TURN,giro de esquina por IMU y reapertura frontal,21,25.00,574.14,PISTA,OK,6,459.0,459.0,756.6,566.7,434.6,1,0.972,571.8,1,1.000,527.0,1,0.959,0.196,5,2,,,,,,0,327.3,,80.7
2641.038787,TURN,giro de esquina por IMU y reapertura frontal,21,25.00,575.79,PISTA,OK,6,460.5,460.5,740.3,560.7,434.8,1,1.000,575.2,1,1.000,530.8,1,0.959,0.201,5,2,,,,,,0,327.3,,53.0
2641.136958,TURN,giro de esquina por IMU y reapertura frontal,21,25.00,576.51,PISTA,OK,6,470.5,470.5,738.6,545.3,447.3,1,0.917,576.8,1,1.000,539.2,1,0.932,0.203,4,2,,,,,,0,327.3,,78.9
2641.236755,TURN,giro de esquina por IMU y reapertura frontal,21,25.00,578.15,PISTA,OK,6,468.0,468.0,730.8,537.7,457.5,1,0.972,577.0,1,1.000,545.5,1,0.973,0.207,4,2,,,,,,0,327.3,,50.2
