t,estado,razon,velocidad,angulo,heading,color_piso,watchdog_pico,esquinas,frontal,frontal_muro,izquierda,derecha,trasera,trasera_valida,cobertura_trasera,trasera_izquierda,trasera_izquierda_valida,cobertura_trasera_izquierda,trasera_derecha,trasera_derecha_valida,cobertura_trasera_derecha,calidad_pared,tracks,tracks_confirmados,track_activo_id,track_activo_color,track_activo_x,track_activo_y,track_activo_edad,track_activo_observado,distancia_sobrepaso,hueco_confianza,vision_edad_ms
4366.668486,CRUISE,crucero centrado por paredes,5,-4.00,-0.10,PISTA,OK,0,636.0,1675.0,428.7,538.0,225.9,1,0.889,423.8,1,0.932,237.5,1,0.918,0.908,2,0,,,,,,0,0.0,,54.9
4366.743917,AVOID_APPROACH,pure-pursuit al punto de paso del pilar 1,10,0.00,-0.10,PISTA,OK,0,635.8,1674.8,428.3,537.9,225.7,1,0.889,423.8,1,0.918,237.8,1,0.932,0.923,2,2,1,VERDE,-91.1,630.1,0.000,1,0.0,,58.5
4366.821044,AVOID_APPROACH,pure-pursuit al punto de paso del pilar 1,15,4.00,-0.05,PISTA,OK,0,635.2,1673.8,428.7,539.0,227.3,1,0.889,424.5,1,0.932,239.0,1,0.959,0.917,3,2,1,VERDE,-94.9,628.8,0.000,1,0.0,,79.8
4366.899050,AVOID_APPROACH,pure-pursuit al punto de paso del pilar 1,20,8.00,-0.20,PISTA,OK,0,633.5,1673.2,429.5,538.3,227.3,1,0.889,424.5,1,0.932,239.0,1,0.945,0.896,3,2,1,VERDE,-97.3,628.2,0.000,1,0.0,,91.8
4366.979327,AVOID_APPROACH,pure-pursuit al punto de paso del pilar 1,23,12.00,-0.45,PISTA,OK,0,630.0,1667.5,431.3,538.0,230.2,1,0.889,425.2,1,0.918,242.0,1,0.959,0.903,3,2,1,VERDE,-102.7,624.1,0.000,1,0.0,,101.5
4367.060322,AVOID_APPROACH,pure-pursuit al punto de paso del pilar 1,23,16.00,-0.98,PISTA,OK,0,624.0,1662.5,431.7,537.3,234.9,1,0.889,425.5,1,0.945,247.0,1,0.932,0.921,3,2,1,VERDE,-106.2,617.2,0.000,1,0.0,,53.0
4367.145640,AVOID_APPROACH,pure-pursuit al punto de paso del pilar 1,23,20.00,-0.99,PISTA,OK,0,617.0,1653.5,432.2,536.9,241.8,1,0.861,425.0,1,0.973,255.5,1,0.945,0.935,3,2,1,VERDE,-108.3,608.5,0.000,1,0.0,,67.5
4367.235093,AVOID_APPROACH,pure-pursuit al punto de paso del pilar 1,22,24.00,-0.52,PISTA,OK,0,608.0,1644.0,431.4,537.5,248.8,1,0.917,425.0,1,0.959,263.0,1,0.932,0.950,3,2,1,VERDE,-101.8,601.3,0.000,1,0.0,,92.2
4367.327831,AVOID_APPROACH,pure-pursuit al punto de paso del pilar 1,22,24.61,0.35,PISTA,OK,0,601.5,1640.5,429.5,538.7,256.8,1,0.917,423.5,1,0.973,270.0,1,0.959,0.952,3,2,1,VERDE,-93.5,594.9,0.000,1,0.0,,52.1
4367.424283,AVOID_APPROACH,pure-pursuit al punto de paso del pilar 1,22,23.57,0.87,PISTA,OK,0,593.5,1633.0,426.5,540.9,265.3,1,0.944,420.5,1,0.986,279.0,1,0.973,0.924,3,2,1,VERDE,-79.0,591.4,0.000,1,0.0,,77.4
4367.521749,AVOID_APPROACH,pure-pursuit al punto de paso del pilar 1,22,22.22,2.54,PISTA,OK,0,589.0,1628.5,422.7,544.4,273.0,1,0.944,417.0,1,0.945,287.0,1,0.986,0.925,3,2,1,VERDE,-61.1,587.6,0.000,1,0.0,,46.4
4367.624469,AVOID_APPROACH,pure-pursuit al punto de paso del pilar 1,22,20.44,4.26,PISTA,OK,0,581.5,1617.5,418.4,548.7,282.7,1,0.944,414.0,1,0.959,298.0,1,0.959,0.914,3,2,1,VERDE,-38.4,583.3,0.000,1,0.0,,82.7
4367.729189,AVOID_APPROACH,pure-pursuit al punto de paso del pilar 1,22,19.11,5.91,PISTA,OK,0,576.5,1621.0,414.5,554.6,293.2,1,0.972,408.5,1,0.986,309.5,1,1.000,0.900,3,2,1,VERDE,-21.0,577.2,0.000,1,0.0,,55.0
4367.833093,AVOID_APPROACH,pure-pursuit al punto de paso del pilar 1,22,18.48,7.59,PISTA,OK,0,571.5,1613.5,410.8,560.2,304.3,1,1.000,402.0,1,0.986,320.0,1,1.000,0.903,3,2,1,VERDE,-12.1,571.8,0.000,1,0.0,,82.8
4367.938938,AVOID_APPROACH,pure-pursuit al punto de paso del pilar 1,22,16.41,8.33,PISTA,OK,0,562.0,562.0,406.9,567.2,699.1,1,0.972,399.5,1,0.986,548.5,1,0.986,0.905,3,2,1,VERDE,11.2,569.7,0.000,1,0.0,,65.2
4368.044472,AVOID_APPROACH,pure-pursuit al punto de paso del pilar 1,22,15.63,9.98,PISTA,OK,0,562.5,1598.5,403.9,574.0,684.0,1,0.972,395.5,1,0.973,554.0,1,0.986,0.879,2,2,1,VERDE,21.1,564.5,0.000,1,0.0,,89.4
4368.149037,AVOID_APPROACH,pure-pursuit al punto de paso del pilar 1,22,13.98,11.64,PISTA,OK,0,557.5,1594.5,395.2,582.4,668.8,1,0.972,391.5,1,0.986,559.5,1,0.986,0.800,2,2,1,VERDE,40.2,557.5,0.000,1,0.0,,70.7
4368.252309,AVOID_APPROACH,pure-pursuit al punto de paso del pilar 1,22,12.12,13.16,PISTA,OK,0,550.0,1591.5,393.1,590.8,666.8,1,0.972,387.5,1,1.000,565.0,1,0.986,0.791,2,2,1,VERDE,61.0,549.6,0.000,1,0.0,,42.3
4368.355249,AVOID_APPROACH,pure-pursuit al punto de paso del pilar 1,22,10.56,14.75,PISTA,OK,0,544.5,1604.0,415.6,599.9,657.8,1,1.000,386.2,1,0.973,569.8,1,1.000,0.217,2,2,1,VERDE,78.3,540.5,0.000,1,0.0,,81.0
4368.455399,AVOID_APPROACH,pure-pursuit al punto de paso del pilar 1,22,8.88,16.31,PISTA,OK,0,541.0,1599.5,413.2,609.4,638.1,1,0.972,383.5,1,0.959,575.0,1,0.986,0.219,3,2,1,VERDE,95.9,531.7,0.000,1,0.0,,48.7
4368.557558,AVOID_APPROACH,pure-pursuit al punto de paso del pilar 1,22,6.91,17.75,PISTA,OK,0,537.2,1600.5,408.0,620.2,632.8,1,1.000,382.0,1,0.986,580.2,1,1.000,0.221,3,2,1,VERDE,115.7,522.1,0.000,1,0.0,,81.9
4368.658543,AVOID_APPROACH,pure-pursuit al punto de paso del pilar 1,25,5.25,18.41,PISTA,OK,0,978.0,1591.0,408.6,631.4,627.9,1,1.000,379.0,1,0.973,586.0,1,1.000,0.221,3,2,1,VERDE,131.9,511.9,0.000,1,0.0,,51.3
4368.756782,AVOID_APPROACH,pure-pursuit al punto de paso del pilar 1,25,3.49,19.83,PISTA,OK,0,971.5,1583.5,406.9,642.4,619.7,1,1.000,376.5,1,0.986,590.5,1,1.000,0.219,3,2,1,VERDE,148.4,501.3,0.000,1,0.0,,74.4
4368.856041,AVOID_APPROACH,pure-pursuit al punto de paso del pilar 1,25,2.05,21.12,PISTA,OK,0,962.5,1586.5,402.8,653.2,618.1,1,1.000,373.5,1,0.973,596.0,1,1.000,0.220,3,2,1,VERDE,161.5,490.1,0.000,1,0.0,,45.0
4368.955158,AVOID_APPROACH,pure-pursuit al punto de paso del pilar 1,25,0.97,22.20,PISTA,OK,0,954.0,1580.5,401.6,664.8,613.3,1,1.000,371.0,1,0.986,601.0,1,1.000,0.221,3,2,1,VERDE,170.9,477.9,0.000,1,0.0,,79.5
4369.052379,AVOID_APPROACH,pure-pursuit al punto de paso del pilar 1,23,-0.12,22.60,PISTA,OK,0,661.5,661.5,394.1,673.8,618.9,1,1.000,368.5,1,1.000,606.5,1,1.000,0.222,3,2,1,VERDE,180.0,465.0,0.000,1,0.0,,44.2
4369.153198,AVOID_APPROACH,pure-pursuit al punto de paso del pilar 1,23,-1.16,23.32,PISTA,OK,0,644.5,644.5,388.4,683.3,610.3,1,0.972,363.5,1,0.973,612.8,1,0.986,0.223,3,2,1,VERDE,188.2,454.7,0.000,1,0.0,,73.3
4369.251078,AVOID_APPROACH,pure-pursuit al punto de paso del pilar 1,23,-1.88,23.87,PISTA,OK,0,625.5,625.5,392.0,691.8,615.2,1,1.000,362.0,1,0.945,617.5,1,1.000,0.222,3,2,1,VERDE,193.6,443.8,0.000,1,0.0,,40.5
4369.351037,AVOID_APPROACH,pure-pursuit al punto de paso del pilar 1,23,-2.39,24.28,PISTA,OK,0,629.5,629.5,385.6,699.2,614.8,1,1.000,355.5,1,0.959,622.5,1,1.000,0.224,3,2,1,VERDE,197.1,434.5,0.000,1,0.0,,78.4
4369.449635,AVOID_APPROACH,pure-pursuit al punto de paso del pilar 1,22,-2.94,24.43,PISTA,OK,0,607.0,607.0,379.6,706.1,619.3,1,1.000,355.5,1,0.986,626.2,1,1.000,0.224,3,2,1,VERDE,200.9,425.7,0.000,1,0.0,,40.7
4369.549222,AVOID_APPROACH,pure-pursuit al punto de paso del pilar 1,22,-4.01,24.66,PISTA,OK,0,594.0,594.0,373.1,712.2,623.8,1,1.000,351.5,1,0.973,632.0,1,1.000,0.225,3,2,1,VERDE,208.2,416.8,0.000,1,0.0,,75.6
4369.647702,AVOID_APPROACH,pure-pursuit al punto de paso del pilar 1,22,-3.96,24.85,PISTA,OK,0,593.5,593.5,368.3,717.6,629.9,1,1.000,347.5,1,0.973,635.5,1,1.000,0.225,3,2,1,VERDE,207.2,407.9,0.000,1,0.0,,41.3
4369.749017,AVOID_APPROACH,pure-pursuit al punto de paso del pilar 1,22,-4.22,24.95,PISTA,OK,0,570.5,570.5,369.3,723.0,631.8,1,1.000,342.0,1,0.945,639.0,1,1.000,0.225,2,2,1,VERDE,208.5,400.0,0.000,1,0.0,,75.8
4369.847358,AVOID_APPROACH,pure-pursuit al punto de paso del pilar 1,22,-4.67,24.96,PISTA,OK,0,574.0,574.0,341.5,726.8,633.6,1,1.000,335.5,1,0.973,642.0,1,1.000,0.857,2,2,1,VERDE,211.2,394.5,0.000,1,0.0,,40.0
4369.948382,AVOID_APPROACH,pure-pursuit al punto de paso del pilar 1,22,-4.57,24.96,PISTA,OK,0,572.0,572.0,337.0,731.0,631.6,1,1.000,332.5,1,0.973,646.0,1,1.000,0.861,2,2,1,VERDE,209.9,386.5,0.000,1,0.0,,75.2
4370.047762,AVOID_APPROACH,pure-pursuit al punto de paso del pilar 1,22,-4.29,24.93,PISTA,OK,0,567.8,567.8,333.5,735.6,636.9,1,1.000,329.5,1,0.945,649.2,1,1.000,0.863,2,2,1,VERDE,207.4,378.5,0.000,1,0.0,,40.9
4370.147965,AVOID_APPROACH,pure-pursuit al punto de paso del pilar 1,22,-4.76,24.91,PISTA,OK,0,558.5,558.5,329.3,739.0,641.4,1,1.000,325.5,1,0.945,652.0,1,1.000,0.859,2,2,1,VERDE,209.8,370.3,0.000,1,0.0,,71.4
4370.247289,AVOID_APPROACH,pure-pursuit al punto de paso del pilar 1,22,-4.43,24.88,PISTA,OK,0,559.5,559.5,334.3,741.8,646.3,1,1.000,323.5,1,0.932,655.0,1,1.000,0.375,2,2,1,VERDE,207.2,363.2,0.000,1,0.0,,40.2
4370.347407,AVOID_APPROACH,pure-pursuit al punto de paso del pilar 1,22,-4.53,24.81,PISTA,OK,0,550.0,550.0,320.7,744.5,647.9,1,1.000,321.0,1,0.932,659.0,1,1.000,0.823,2,2,1,VERDE,207.2,356.3,0.000,1,0.0,,73.6
4370.448376,AVOID_APPROACH,pure-pursuit al punto de paso del pilar 1,22,-4.47,24.72,PISTA,OK,0,542.5,542.5,316.2,746.6,652.5,1,1.000,315.0,1,0.945,662.0,1,1.000,0.809,2,2,1,VERDE,206.2,348.8,0.000,1,0.0,,41.4
4370.548692,AVOID_APPROACH,pure-pursuit al punto de paso del pilar 1,22,-4.53,24.63,PISTA,OK,0,524.0,524.0,312.8,749.4,655.9,1,1.000,307.5,1,0.932,666.0,1,1.000,0.798,2,2,1,VERDE,206.0,340.9,0.000,1,0.0,,73.4
4370.648580,AVOID_APPROACH,pure-pursuit al punto de paso del pilar 1,22,-4.75,24.51,PISTA,OK,0,522.2,522.2,308.4,752.9,665.6,1,1.000,308.5,1,0.959,669.5,1,1.000,0.801,2,2,1,VERDE,206.7,334.0,0.000,1,0.0,,42.6
4370.746243,AVOID_APPROACH,pure-pursuit al punto de paso del pilar 1,22,-4.45,24.45,PISTA,OK,0,514.5,514.5,304.8,756.5,669.2,1,1.000,302.5,1,0.918,672.0,1,1.000,0.809,2,2,1,VERDE,204.4,325.7,0.000,1,0.0,,73.2
4370.847745,AVOID_APPROACH,pure-pursuit al punto de paso del pilar 1,22,-4.53,24.35,PISTA,OK,0,518.0,518.0,300.0,759.8,670.9,1,1.000,297.5,1,0.918,677.0,1,1.000,0.796,2,2,1,VERDE,204.2,317.9,0.000,1,0.0,,41.9
4370.947280,AVOID_APPROACH,pure-pursuit al punto de paso del pilar 1,22,-4.85,24.23,PISTA,OK,0,522.0,522.0,295.9,763.6,674.6,1,1.000,298.0,1,0.945,680.5,1,1.000,0.830,2,2,1,VERDE,205.4,311.0,0.000,1,0.0,,73.3
4371.048452,AVOID_APPROACH,pure-pursuit al punto de paso del pilar 1,22,-4.86,24.14,PISTA,OK,0,506.0,506.0,292.7,765.6,677.0,1,1.000,286.5,1,0.945,683.5,1,1.000,0.817,2,2,1,VERDE,204.8,303.4,0.000,1,0.0,,41.3
4371.147214,AVOID_APPROACH,pure-pursuit al punto de paso del pilar 1,22,-4.57,24.02,PISTA,OK,0,503.2,503.2,288.8,768.7,684.8,1,1.000,283.5,1,0.918,686.0,1,1.000,0.832,2,2,1,VERDE,202.7,296.4,0.000,1,0.0,,73.7
4371.248065,AVOID_APPROACH,pure-pursuit al punto de paso del pilar 1,22,-4.50,24.00,PISTA,OK,0,496.0,496.0,284.7,771.6,685.2,1,1.000,280.0,1,0.945,691.5,1,1.000,0.827,2,2,1,VERDE,201.8,290.0,0.000,1,0.0,,41.2
4371.346240,AVOID_APPROACH,pure-pursuit al punto de paso del pilar 1,21,-4.91,23.91,PISTA,OK,0,485.5,485.5,280.7,775.9,690.1,1,1.000,280.0,1,0.890,693.5,1,1.000,0.849,2,2,1,VERDE,203.2,281.5,0.000,1,0.0,,72.7
4371.449233,AVOID_PASS,manteniendo rumbo mientras pasa el pilar 1,21,-0.91,23.80,PISTA,OK,0,482.8,482.8,277.6,780.1,694.6,1,1.000,275.0,1,0.890,696.5,1,1.000,0.861,2,2,1,VERDE,201.8,274.2,0.000,1,0.0,,42.4
4371.547700,AVOID_PASS,manteniendo rumbo mientras pasa el pilar 1,24,0.11,23.69,PISTA,OK,0,751.5,1408.2,273.3,781.6,695.5,1,0.972,273.0,1,0.877,699.2,1,0.986,0.849,2,2,1,VERDE,201.1,267.6,0.000,1,8.3,,76.1
4371.647484,AVOID_PASS,manteniendo rumbo mientras pasa el pilar 1,24,0.16,23.60,PISTA,OK,0,744.5,745.0,270.1,781.6,701.6,1,0.972,266.5,1,0.890,702.0,1,0.986,0.824,2,2,1,VERDE,199.6,260.9,0.000,1,17.9,,41.9
4371.746838,AVOID_PASS,manteniendo rumbo mientras pasa el pilar 1,24,0.24,23.56,PISTA,OK,0,736.5,737.0,266.1,786.7,706.9,1,1.000,265.2,1,0.890,706.0,1,1.000,0.846,2,2,1,VERDE,202.8,255.2,0.000,1,27.4,,75.1
4371.847340,AVOID_PASS,manteniendo rumbo mientras pasa el pilar 1,24,0.35,23.45,PISTA,OK,0,728.5,729.0,261.8,789.9,709.0,1,1.000,258.5,1,0.918,711.5,1,1.000,0.835,2,2,1,VERDE,196.9,249.1,0.000,1,37.0,,40.4
4371.946229,AVOID_PASS,manteniendo rumbo mientras pasa el pilar 1,23,0.41,23.39,PISTA,OK,0,719.0,719.0,258.2,793.3,715.9,1,1.000,258.5,1,0.890,714.5,1,1.000,0.840,2,2,1,VERDE,199.7,237.5,0.000,1,46.5,,70.8
4372.048131,AVOID_PASS,manteniendo rumbo mientras pasa el pilar 1,23,0.51,23.29,PISTA,OK,0,708.5,713.0,253.8,796.8,720.9,1,1.000,251.5,1,0.890,718.0,1,1.000,0.833,2,2,1,VERDE,198.9,228.9,0.000,1,55.9,,40.0
4372.147506,AVOID_PASS,manteniendo rumbo mientras pasa el pilar 1,23,0.61,23.19,PISTA,OK,0,701.5,701.5,249.9,801.4,720.9,1,1.000,244.0,1,0.890,722.0,1,1.000,0.860,2,2,1,VERDE,197.6,220.4,0.000,1,65.0,,75.6
4372.246794,AVOID_PASS,manteniendo rumbo mientras pasa el pilar 1,23,0.64,23.16,PISTA,OK,0,694.0,694.5,246.0,804.4,727.0,1,1.000,248.0,1,0.849,725.5,1,1.000,0.860,2,2,1,VERDE,201.4,213.4,0.000,1,74.2,,40.8
4372.346657,AVOID_PASS,manteniendo rumbo mientras pasa el pilar 1,23,0.70,23.10,PISTA,OK,0,685.5,685.5,242.8,808.6,729.7,1,1.000,243.5,1,0.849,729.0,1,1.000,0.872,2,2,1,VERDE,196.0,206.5,0.000,1,83.4,,73.8
4372.446876,AVOID_PASS,manteniendo rumbo mientras pasa el pilar 1,23,0.80,23.00,PISTA,OK,0,675.0,678.5,238.3,812.3,734.0,1,1.000,236.5,1,0.808,732.0,1,1.000,0.890,2,2,1,VERDE,199.8,198.3,0.000,1,92.6,,39.5
4372.546663,AVOID_PASS,manteniendo rumbo mientras pasa el pilar 1,23,0.85,22.95,PISTA,OK,0,669.0,669.5,234.5,816.3,733.1,1,0.972,234.0,1,0.836,735.0,1,1.000,0.883,2,2,1,VERDE,199.4,191.3,0.000,1,101.8,,74.3
4372.646555,AVOID_PASS,manteniendo rumbo mientras pasa el pilar 1,23,0.88,22.92,PISTA,OK,0,661.5,662.5,231.0,819.9,735.2,1,0.972,231.0,1,0.877,738.5,1,1.000,0.880,2,2,1,VERDE,198.2,185.0,0.000,1,111.0,,40.6
4372.745396,AVOID_PASS,manteniendo rumbo mientras pasa el pilar 1,23,0.47,22.88,PISTA,OK,0,653.0,654.0,227.7,823.9,747.1,1,1.000,227.5,1,0.836,742.0,1,1.000,0.884,2,2,1,VERDE,195.8,178.3,0.000,1,120.1,,74.3
4372.846028,AVOID_PASS,manteniendo rumbo mientras pasa el pilar 1,23,-0.17,22.82,PISTA,OK,0,644.5,644.5,224.2,827.1,749.5,1,1.000,223.5,1,0.890,746.0,1,1.000,0.880,2,2,1,VERDE,194.8,171.3,0.000,1,129.3,,37.9
4372.946032,AVOID_PASS,manteniendo rumbo mientras pasa el pilar 1,23,-0.89,22.76,PISTA,OK,0,636.0,1292.0,220.4,831.0,747.9,1,0.972,220.0,1,0.808,748.5,1,1.000,0.891,3,2,1,VERDE,196.2,161.9,0.000,1,138.5,,73.4
4373.045814,AVOID_PASS,manteniendo rumbo mientras pasa el pilar 1,23,-1.64,22.71,PISTA,OK,0,628.0,628.5,216.4,833.4,752.4,1,1.000,216.0,1,0.767,751.5,1,1.000,0.879,3,2,1,VERDE,195.7,154.7,0.000,1,147.7,,40.8
4373.143674,AVOID_PASS,manteniendo rumbo mientras pasa el pilar 1,23,-2.34,22.64,PISTA,OK,0,621.0,622.5,212.7,836.5,755.3,1,1.000,213.0,1,0.822,755.0,1,1.000,0.846,3,2,1,VERDE,195.5,146.0,0.098,1,156.7,,72.6
4373.243780,AVOID_PASS,manteniendo rumbo mientras pasa el pilar 1,23,-3.01,22.60,PISTA,OK,0,612.0,1265.5,209.2,841.0,762.6,1,0.972,205.5,1,0.781,759.0,1,1.000,0.868,3,3,1,VERDE,195.4,136.9,0.198,1,165.9,,106.0
4373.344738,AVOID_PASS,manteniendo rumbo mientras pasa el pilar 1,22,-3.62,22.54,PISTA,OK,0,601.5,1260.5,205.9,837.3,768.0,1,0.972,201.0,1,0.795,761.0,1,0.986,0.777,3,3,1,VERDE,195.3,127.8,0.299,1,175.2,,73.5
4373.445206,AVOID_PASS,manteniendo rumbo mientras pasa el pilar 1,22,-4.19,22.43,PISTA,OK,0,594.0,1253.5,202.7,800.5,771.2,1,1.000,203.0,1,0.795,766.5,1,1.000,0.438,3,3,1,VERDE,195.0,119.4,0.399,1,184.0,,39.4
4373.543548,AVOID_PASS,manteniendo rumbo mientras pasa el pilar 1,22,-4.72,22.31,PISTA,OK,0,587.5,588.0,199.6,800.7,770.4,1,0.972,199.0,1,0.712,768.2,1,1.000,0.422,3,3,1,VERDE,195.0,119.4,0.399,0,192.7,,72.4
4373.645701,AVOID_PASS,manteniendo rumbo mientras pasa el pilar 1,22,-5.45,22.25,PISTA,OK,0,580.0,1236.0,195.9,805.0,781.5,1,1.000,197.0,1,0.644,772.5,1,1.000,0.431,3,3,1,VERDE,195.0,119.4,0.399,0,201.7,,40.5
4373.742926,AVOID_PASS,manteniendo rumbo mientras pasa el pilar 1,22,-5.98,22.18,PISTA,OK,0,572.5,1230.5,193.1,814.4,778.2,1,1.000,195.0,1,0.712,777.0,1,1.000,0.474,3,3,1,VERDE,195.0,119.4,0.399,0,210.2,,69.9
4373.843055,AVOID_PASS,manteniendo rumbo mientras pasa el pilar 1,22,-6.62,22.09,PISTA,OK,0,563.0,1220.0,189.7,811.0,787.6,1,0.972,186.8,1,0.753,778.0,1,1.000,0.441,3,3,1,VERDE,195.0,119.4,0.399,0,219.0,,106.0
4373.942224,AVOID_PASS,manteniendo rumbo mientras pasa el pilar 1,22,-7.43,21.98,PISTA,OK,0,556.0,1214.5,185.5,831.5,788.2,1,0.944,188.5,1,0.630,781.5,1,1.000,0.605,3,3,1,VERDE,195.0,119.4,0.399,0,227.8,,70.3
4374.043060,AVOID_PASS,manteniendo rumbo mientras pasa el pilar 1,22,-7.78,21.86,PISTA,OK,0,548.0,1204.5,183.5,834.9,793.8,1,0.972,181.0,1,0.753,785.5,1,1.000,0.583,3,3,1,VERDE,195.0,119.4,0.399,0,236.6,,106.1
4374.142972,AVOID_PASS,manteniendo rumbo mientras pasa el pilar 1,22,-8.36,21.78,PISTA,OK,0,539.0,1197.0,180.5,840.9,789.3,1,0.972,180.0,1,0.630,787.8,1,1.000,0.642,3,3,1,VERDE,195.0,119.4,0.399,0,245.4,,72.1
4374.243819,AVOID_PASS,manteniendo rumbo mientras pasa el pilar 1,22,-8.93,21.45,PISTA,OK,0,530.0,1191.0,177.0,836.9,579.1,1,0.972,175.0,1,0.712,791.5,1,1.000,0.585,3,3,1,VERDE,195.0,119.4,0.399,0,254.3,,39.6
4374.342158,AVOID_PASS,manteniendo rumbo mientras pasa el pilar 1,22,-9.25,21.07,PISTA,OK,0,523.0,1181.5,174.7,833.5,623.0,1,0.972,175.0,1,0.726,793.5,1,1.000,0.568,2,2,1,VERDE,195.0,119.4,0.399,0,263.0,,69.8
4374.442117,AVOID_PASS,manteniendo rumbo mientras pasa el pilar 1,22,-9.63,20.68,PISTA,OK,0,514.0,1169.5,172.1,827.3,568.5,1,0.944,165.5,1,0.616,796.5,1,1.000,0.485,2,2,1,VERDE,195.0,119.4,0.399,0,271.8,,105.1
4374.545223,AVOID_PASS,manteniendo rumbo mientras pasa el pilar 1,22,-10.00,20.18,PISTA,OK,0,502.5,1162.0,169.5,857.4,597.7,1,0.944,167.5,1,0.712,795.8,1,1.000,0.765,2,2,1,VERDE,195.0,119.4,0.399,0,280.8,,73.1
4374.643153,AVOID_PASS,manteniendo rumbo mientras pasa el pilar 1,21,-10.58,19.91,PISTA,OK,0,492.0,1152.0,166.4,861.3,513.2,1,0.972,164.0,1,0.740,801.0,1,1.000,0.802,2,2,1,VERDE,195.0,119.4,0.399,0,289.5,,37.8
4374.742485,AVOID_PASS,manteniendo rumbo mientras pasa el pilar 1,21,-10.85,19.36,PISTA,OK,0,483.0,519.2,164.3,850.7,524.0,1,0.889,163.5,1,0.630,802.5,1,1.000,0.732,3,2,1,VERDE,195.0,119.4,0.399,0,297.8,,72.0
4374.844330,AVOID_PASS,manteniendo rumbo mientras pasa el pilar 1,21,-11.36,18.80,PISTA,OK,0,478.0,522.0,161.3,854.3,564.8,1,0.889,159.0,1,0.699,805.5,1,1.000,0.791,3,2,1,VERDE,195.0,119.4,0.399,0,306.4,,107.4
4374.941770,AVOID_PASS,manteniendo rumbo mientras pasa el pilar 1,21,-11.46,18.14,PISTA,OK,0,469.5,1125.5,159.9,850.8,851.9,1,0.778,155.0,1,0.562,805.5,1,0.986,0.727,3,2,1,VERDE,195.0,119.4,0.399,0,314.5,,69.6
4375.041767,RECENTER,reincorporacion tras 323 mm de sobrepaso estimado,21,-15.46,17.75,PISTA,OK,0,461.5,1114.0,158.1,849.1,478.4,1,0.861,160.5,1,0.575,807.5,1,1.000,0.748,3,2,1,VERDE,195.0,119.4,0.399,0,322.9,,36.7
4375.141019,RECENTER,reincorporando por posicion lateral,21,-19.46,17.10,PISTA,OK,0,455.0,1106.0,156.1,845.1,421.0,1,0.833,154.0,1,0.644,206.5,1,1.000,0.718,3,2,1,VERDE,195.0,119.4,0.399,0,322.9,,70.5
4375.240986,RECENTER,reincorporando por posicion lateral,21,-20.00,16.67,PISTA,OK,0,447.5,1097.0,153.9,845.4,426.1,1,0.833,150.2,1,0.630,194.0,1,0.986,0.738,3,2,1,VERDE,195.0,119.4,0.399,0,322.9,,104.2
4375.340204,RECENTER,reincorporando por posicion lateral,21,-20.00,15.56,PISTA,OK,0,443.0,1091.5,152.8,844.4,394.4,1,0.806,148.8,1,0.575,180.0,1,0.959,0.759,4,2,1,VERDE,195.0,119.4,0.399,0,322.9,,66.7
4375.440730,RECENTER,reincorporando por posicion lateral,21,-20.00,14.86,PISTA,OK,0,436.0,1079.5,153.3,840.5,379.7,1,0.806,148.5,1,0.658,171.0,1,0.986,0.753,4,2,1,VERDE,195.0,119.4,0.399,0,322.9,,104.6
4375.539854,RECENTER,reincorporando por posicion lateral,21,-20.00,13.52,PISTA,OK,0,429.0,1072.0,152.8,838.4,368.1,1,0.778,150.5,1,0.562,165.0,1,0.959,0.792,4,2,1,VERDE,195.0,119.4,0.399,0,322.9,,65.3
4375.639786,RECENTER,reincorporando por posicion lateral,21,-20.00,12.20,PISTA,OK,0,427.0,1063.0,150.2,833.7,353.2,1,0.722,150.0,1,0.548,159.0,1,0.959,0.777,4,2,1,VERDE,195.0,119.4,0.399,0,322.9,,102.7
4375.740732,RECENTER,reincorporando por posicion lateral,25,-16.00,10.74,PISTA,OK,0,1055.0,1055.0,142.5,842.5,370.2,1,0.583,149.5,1,0.562,157.0,1,0.945,0.218,4,2,1,VERDE,195.0,119.4,0.399,0,322.9,,69.4
4375.840490,RECENTER,reincorporando por posicion lateral,25,-12.00,9.15,PISTA,OK,0,1046.5,1046.5,138.1,839.3,308.4,1,0.722,150.0,1,0.644,153.5,1,0.986,0.218,4,2,1,VERDE,195.0,119.4,0.399,0,322.9,,104.0
4375.939876,RECENTER,reincorporando por posicion lateral,25,-8.00,8.32,PISTA,OK,0,1038.5,1038.5,150.2,834.7,281.8,1,0.667,149.0,1,0.699,149.0,1,0.918,0.219,3,1,1,VERDE,195.0,119.4,0.399,0,322.9,,68.5
4376.040117,RECENTER,reincorporando por posicion lateral,25,-4.00,6.50,PISTA,OK,0,1026.0,1026.0,162.6,829.8,290.2,1,0.583,153.5,1,0.712,145.5,1,0.945,0.219,3,1,1,VERDE,195.0,119.4,0.399,0,322.9,,104.3
4376.139269,RECENTER,reincorporando por posicion lateral,25,-2.36,4.62,PISTA,OK,0,1015.5,1015.5,177.5,824.5,276.1,1,0.694,155.2,1,0.658,139.5,1,0.959,0.218,3,1,1,VERDE,195.0,119.4,0.399,0,322.9,,66.7
4376.240640,RECENTER,reincorporando por posicion lateral,25,-1.50,2.90,PISTA,OK,0,1006.0,1006.0,176.4,820.2,254.3,1,0.722,157.5,1,0.658,135.0,1,0.932,0.223,3,1,1,VERDE,195.0,119.4,0.399,0,322.9,,104.2
4376.341686,RECENTER,reincorporando por posicion lateral,25,-1.21,2.32,PISTA,OK,0,997.0,997.0,191.9,819.9,249.2,1,0.750,160.0,1,0.740,135.5,1,0.918,0.221,4,1,1,VERDE,195.0,119.4,0.399,0,322.9,,70.4
4376.441448,RECENTER,reincorporando por posicion lateral,25,-0.78,1.47,PISTA,OK,0,987.5,987.5,206.5,816.5,237.1,1,0.722,158.2,1,0.740,133.5,1,0.945,0.221,4,1,1,VERDE,195.0,119.4,0.399,0,322.9,,105.8
4376.541662,RECENTER,reincorporando por posicion lateral,25,-0.39,0.68,PISTA,OK,0,977.5,977.5,206.3,807.1,249.4,1,0.778,161.5,1,0.767,134.5,1,0.945,0.220,4,1,1,VERDE,195.0,119.4,0.399,0,322.9,,69.4
4376.639200,RECENTER,reincorporando por posicion lateral,25,0.05,-0.19,PISTA,OK,0,969.0,969.0,219.5,811.4,251.6,1,0.694,162.0,1,0.671,136.5,1,0.904,0.219,4,1,1,VERDE,195.0,119.4,0.399,0,322.9,,103.5
4376.738471,RECENTER,reincorporando por posicion lateral,25,0.23,-0.56,PISTA,OK,0,960.0,960.0,235.1,809.6,236.3,1,0.694,162.2,1,0.795,136.5,1,0.877,0.219,4,1,1,VERDE,195.0,119.4,0.399,0,322.9,,68.2
4376.838577,RECENTER,reincorporando por posicion lateral,25,0.56,-1.22,PISTA,OK,0,952.0,952.0,241.9,806.6,265.9,1,0.750,164.8,1,0.685,138.8,1,0.945,0.218,3,1,1,VERDE,195.0,119.4,0.399,0,322.9,,102.3
4376.940778,RECENTER,reincorporando por posicion lateral,25,0.92,-1.95,PISTA,OK,0,942.5,942.5,264.1,790.1,246.6,1,0.778,165.0,1,0.767,138.5,1,0.877,0.217,3,1,1,VERDE,195.0,119.4,0.399,0,322.9,,70.6
4377.038547,RECENTER,reincorporando por posicion lateral,25,1.27,-2.63,PISTA,OK,0,932.5,932.5,269.0,798.7,241.7,1,0.833,169.2,1,0.726,139.8,1,0.904,0.216,3,1,1,VERDE,195.0,119.4,0.399,0,322.9,,101.9
4377.137957,RECENTER,reincorporando por posicion lateral,25,1.55,-3.20,PISTA,OK,0,924.0,924.0,271.9,801.9,238.0,1,0.750,172.0,1,0.658,141.5,1,0.863,0.217,3,1,1,VERDE,195.0,119.4,0.399,0,322.9,,68.6
4377.236752,RECENTER,reincorporando por posicion lateral,25,1.69,-3.48,PISTA,OK,0,914.0,914.0,275.8,800.3,231.0,1,0.833,176.8,1,0.603,143.2,1,0.904,0.219,2,1,1,VERDE,195.0,119.4,0.399,0,322.9,,99.0
4377.336578,RECENTER,reincorporando por posicion lateral,25,1.97,-4.03,PISTA,OK,0,906.5,906.5,308.2,790.5,229.2,1,0.750,182.8,1,0.589,144.8,1,0.918,0.217,2,1,1,VERDE,195.0,119.4,0.399,0,322.9,,66.5
4377.437627,RECENTER,reincorporando por posicion lateral,25,2.23,-4.56,PISTA,OK,0,897.0,897.0,314.2,791.4,237.3,1,0.861,188.5,1,0.685,148.0,1,0.918,0.221,2,1,1,VERDE,195.0,119.4,0.399,0,322.9,,88.6
4377.537622,RECENTER,reincorporando por posicion lateral,25,2.51,-5.11,PISTA,OK,0,888.5,888.5,340.1,792.5,232.4,1,0.778,191.0,1,0.603,150.2,1,0.904,0.218,2,1,1,VERDE,195.0,119.4,0.399,0,322.9,,65.9
4377.638161,RECENTER,reincorporando por posicion lateral,25,2.64,-5.39,PISTA,OK,0,877.5,877.5,333.8,793.4,231.8,1,0.778,196.0,1,0.644,154.8,1,0.918,0.220,4,1,1,VERDE,195.0,119.4,0.399,0,322.9,,102.7
4377.737694,RECENTER,reincorporando por posicion lateral,25,2.85,-5.80,PISTA,OK,0,869.5,869.5,351.2,780.4,234.6,1,0.833,204.8,1,0.685,159.2,1,0.918,0.211,4,1,1,VERDE,195.0,119.4,0.399,0,322.9,,67.7
4377.839440,RECENTER,reincorporando por posicion lateral,25,3.03,-6.16,PISTA,OK,0,860.5,860.5,379.0,782.7,229.8,1,0.806,211.0,1,0.603,164.8,1,0.945,0.219,4,1,1,VERDE,195.0,119.4,0.399,0,322.9,,103.9
4377.941964,RECENTER,reincorporando por posicion lateral,25,3.23,-6.55,PISTA,OK,0,852.0,852.0,399.8,784.1,232.6,1,0.917,217.5,1,0.671,170.0,1,0.959,0.222,5,1,1,VERDE,195.0,119.4,0.399,0,322.9,,70.3
4378.039837,RECENTER,reincorporando por posicion lateral,25,3.36,-6.81,PISTA,OK,0,843.0,843.0,410.5,786.0,233.2,1,0.667,216.5,1,0.603,172.0,1,0.890,0.228,4,1,1,VERDE,195.0,119.4,0.399,0,322.9,,104.4
4378.140568,RECENTER,reincorporando por posicion lateral,24,3.43,-6.96,PISTA,OK,0,834.0,834.0,413.9,785.8,247.8,1,0.750,235.5,1,0.603,179.0,1,0.863,0.214,4,1,1,VERDE,195.0,119.4,0.399,0,322.9,,71.0
4378.240749,RECENTER,reincorporando por posicion lateral,24,3.61,-7.31,PISTA,OK,0,824.5,824.5,373.9,787.1,230.9,1,0.778,239.0,1,0.644,184.2,1,0.932,0.203,4,1,1,VERDE,195.0,119.4,0.399,0,322.9,,105.6
4378.342790,RECENTER,reincorporando por posicion lateral,24,3.73,-7.56,PISTA,OK,0,817.0,817.0,400.2,790.2,229.0,1,0.778,242.8,1,0.699,188.2,1,0.918,0.211,4,1,1,VERDE,195.0,119.4,0.399,0,322.9,,73.6
4378.439812,RECENTER,reincorporando por posicion lateral,24,3.83,-7.76,AZUL,OK,0,807.0,807.0,371.0,789.5,228.1,1,0.806,246.2,1,0.753,193.8,1,0.932,0.217,4,1,1,VERDE,195.0,119.4,0.399,0,322.9,,104.5
4378.544470,RECENTER,reincorporando por posicion lateral,24,3.90,-7.90,AZUL,OK,0,799.5,799.5,459.5,787.0,235.9,1,0.833,251.5,1,0.699,201.0,1,0.932,0.208,4,1,1,VERDE,195.0,119.4,0.399,0,322.9,,73.2
4378.639102,RECENTER,reincorporando por posicion lateral,24,4.03,-8.16,PISTA,OK,0,789.5,789.5,423.1,789.8,232.8,1,0.861,258.5,1,0.767,206.0,1,0.918,0.214,4,1,1,VERDE,195.0,119.4,0.399,0,322.9,,101.8
4378.737207,RECENTER,reincorporando por posicion lateral,24,0.03,-8.36,PISTA,OK,0,782.5,782.5,232.0,788.7,241.0,1,0.750,260.8,1,0.753,214.0,1,0.918,0.812,4,1,1,VERDE,195.0,119.4,0.399,0,322.9,,66.4
4378.838427,RECENTER,reincorporando por posicion lateral,24,-3.97,-8.56,PISTA,OK,0,773.5,773.5,231.5,788.6,228.4,1,0.861,269.5,1,0.712,220.2,1,0.918,0.812,4,1,1,VERDE,195.0,119.4,0.399,0,322.9,,103.5
4378.937973,RECENTER,reincorporando por posicion lateral,24,0.03,-8.76,PISTA,OK,0,763.5,763.5,3622.0,787.3,210.9,1,0.833,272.0,1,0.767,228.0,1,0.945,0.189,4,1,1,VERDE,195.0,119.4,0.399,0,322.9,,68.9
4379.039091,RECENTER,reincorporando por posicion lateral,24,4.03,-8.81,PISTA,OK,0,755.5,755.5,266.9,785.8,211.8,1,0.917,280.0,1,0.753,234.8,1,0.986,0.208,4,1,1,VERDE,195.0,119.4,0.399,0,322.9,,103.7
4379.136644,RECENTER,reincorporando por posicion lateral,24,4.53,-9.15,PISTA,OK,0,746.5,746.5,4681.0,785.8,208.9,1,0.750,288.0,1,0.658,244.0,1,0.973,0.188,4,1,1,VERDE,195.0,119.4,0.399,0,322.9,,67.7
4379.236321,RECENTER,reincorporando por posicion lateral,24,0.53,-9.48,PISTA,OK,0,739.0,739.0,218.5,784.5,211.3,1,0.806,294.0,1,0.726,248.5,1,0.959,0.821,4,1,1,VERDE,195.0,119.4,0.399,0,322.9,,100.7
4379.335946,RECENTER,reincorporando por posicion lateral,24,4.53,-9.56,PISTA,OK,0,730.0,730.0,5110.7,783.1,210.9,1,0.861,302.0,1,0.781,257.5,1,0.959,0.191,3,1,1,VERDE,195.0,119.4,0.399,0,322.9,,66.0
4379.435173,RECENTER,reincorporando por posicion lateral,23,4.82,-9.73,PISTA,OK,0,722.0,722.0,922.7,782.1,217.1,1,0.889,310.0,1,0.808,263.8,1,0.986,0.197,3,1,1,VERDE,195.0,119.4,0.399,0,322.9,,100.2
4379.535495,RECENTER,reincorporando por posicion lateral,23,4.86,-9.82,PISTA,OK,0,713.0,713.0,3958.1,781.6,223.0,1,0.778,317.0,1,0.753,269.0,1,0.945,0.187,3,1,1,VERDE,195.0,119.4,0.399,0,322.9,,66.7
4379.635968,RECENTER,reincorporando por posicion lateral,23,0.86,-9.91,PISTA,OK,0,704.5,704.5,804.3,780.1,231.4,1,0.861,324.0,1,0.822,277.8,1,0.932,0.438,3,1,1,VERDE,195.0,119.4,0.399,0,322.9,,100.9
4379.734166,CRUISE,reincorporacion verificada,23,-3.14,-9.93,PISTA,OK,0,696.0,696.0,740.5,779.0,236.7,1,0.806,327.5,1,0.781,282.0,1,0.932,0.580,3,1,,,,,,0,322.9,,65.9
4379.834832,CRUISE,crucero centrado por paredes,23,-7.14,-10.02,PISTA,OK,0,689.0,689.0,773.5,777.7,244.1,1,0.833,214.0,1,0.740,291.0,1,0.932,0.504,3,1,,,,,,0,322.9,,87.4
4379.935951,TURN,giro de esquina por IMU y reapertura frontal,23,25.00,-10.00,PISTA,OK,0,680.5,680.5,717.0,775.5,252.7,1,0.917,213.5,1,0.822,297.5,1,0.959,0.700,4,1,,,,,,0,322.9,,67.8
4380.035213,TURN,giro de esquina por IMU y reapertura frontal,23,25.00,-10.12,PISTA,OK,0,673.5,673.5,784.9,774.7,260.1,1,0.778,213.0,1,0.795,304.2,1,0.959,0.482,4,1,,,,,,0,322.9,,100.3
4380.134883,TURN,giro de esquina por IMU y reapertura frontal,23,25.00,-11.39,PISTA,OK,0,666.0,666.0,824.3,775.4,263.2,1,0.861,215.5,1,0.822,311.0,1,0.945,0.279,4,1,,,,,,0,322.9,,64.9
4380.236424,TURN,giro de esquina por IMU y reapertura frontal,23,25.00,-10.14,PISTA,OK,0,655.0,655.0,819.2,772.9,270.3,1,0.944,213.5,1,0.863,319.2,1,0.959,0.311,4,1,,,,,,0,322.9,,87.9
4380.336074,TURN,giro de esquina por IMU y reapertura frontal,23,25.00,-8.32,PISTA,OK,0,648.0,648.0,766.0,771.6,282.6,1,0.861,209.5,1,0.918,327.5,1,0.959,0.499,3,1,,,,,,0,322.9,,62.3
4380.436232,TURN,giro de esquina por IMU y reapertura frontal,23,25.00,-6.68,PISTA,OK,0,641.5,641.5,773.2,771.3,292.7,1,0.917,204.5,1,0.877,335.5,1,0.945,0.690,3,1,,,,,,0,322.9,,101.6
4380.538435,TURN,giro de esquina por IMU y reapertura frontal,23,25.00,-4.98,PISTA,OK,0,634.5,634.5,730.6,770.9,304.4,1,0.833,203.0,1,0.836,342.5,1,0.932,0.315,2,1,,,,,,0,322.9,,69.4
4380.637809,TURN,giro de esquina por IMU y reapertura frontal,23,25.00,-4.09,PISTA,OK,0,629.0,629.0,657.1,772.4,312.4,1,0.806,197.5,1,0.795,350.0,1,0.973,0.211,4,1,,,,,,0,322.9,,35.8
4380.737643,TURN,giro de esquina por IMU y reapertura frontal,23,25.00,-2.38,PISTA,OK,0,622.5,622.5,681.1,774.0,326.2,1,0.750,194.5,1,0.863,357.0,1,0.918,0.208,4,1,,,,,,0,322.9,,69.1
4380.837963,TURN,giro de esquina por IMU y reapertura frontal,23,25.00,-0.53,PISTA,OK,0,616.5,616.5,627.7,775.5,336.1,1,0.833,191.0,1,0.863,363.8,1,0.945,0.207,4,1,,,,,,0,322.9,,103.6
4380.938504,TURN,giro de esquina por IMU y reapertura frontal,23,25.00,1.35,PISTA,OK,0,610.5,610.5,636.3,779.3,344.6,1,0.778,188.0,1,0.849,372.0,1,0.959,0.208,4,1,,,,,,0,322.9,,70.3
4381.040282,TURN,giro de esquina por IMU y reapertura frontal,22,25.00,2.15,PISTA,OK,0,605.0,605.0,621.0,782.7,345.1,1,0.778,185.0,1,0.836,379.5,1,0.973,0.211,4,1,,,,,,0,322.9,,37.6
4381.138521,TURN,giro de esquina por IMU y reapertura frontal,22,25.00,3.85,PISTA,OK,0,598.5,598.5,182.5,786.9,350.5,1,0.778,181.0,1,0.822,390.0,1,0.973,0.802,4,1,,,,,,0,322.9,,69.7
4381.237107,TURN,giro de esquina por IMU y reapertura frontal,22,25.00,5.47,PISTA,OK,0,595.5,595.5,181.0,791.8,348.9,1,0.861,178.0,1,0.849,396.0,1,1.000,0.800,4,1,,,,,,0,322.9,,102.7
4381.337701,TURN,giro de esquina por IMU y reapertura frontal,22,25.00,7.32,PISTA,OK,0,590.5,590.5,178.0,790.9,346.4,1,0.750,175.0,1,0.877,410.0,1,0.973,0.790,4,1,,,,,,0,322.9,,63.1
4381.437434,TURN,giro de esquina por IMU y reapertura frontal,22,25.00,8.21,PISTA,OK,0,585.5,585.5,174.0,800.5,351.4,1,0.694,172.0,1,0.836,417.5,1,0.973,0.790,4,1,,,,,,0,322.9,,103.1
4381.536641,TURN,giro de esquina por IMU y reapertura frontal,22,25.00,9.88,PISTA,OK,0,580.0,580.0,183.8,811.0,351.4,1,0.694,168.0,1,0.822,427.5,1,0.986,0.790,3,1,,,,,,0,322.9,,69.1
4381.636603,TURN,giro de esquina por IMU y reapertura frontal,22,25.00,11.52,PISTA,OK,0,573.0,573.0,518.9,817.8,349.0,1,0.667,165.0,1,0.781,795.5,1,1.000,0.202,3,1,,,,,,0,322.9,,102.7
4381.736344,TURN,giro de esquina por IMU y reapertura frontal,22,25.00,13.24,NARANJA,OK,0,570.0,570.0,171.0,816.6,354.4,1,0.583,161.0,1,0.767,801.0,1,0.973,0.782,3,1,,,,,,0,322.9,,68.2
4381.835862,TURN,giro de esquina por IMU y reapertura frontal,22,25.00,14.93,NARANJA,OK,0,564.0,564.0,182.6,826.0,350.8,1,0.694,158.5,1,0.822,806.5,1,0.986,0.224,3,1,,,,,,0,322.9,,101.8
4381.935615,TURN,giro de esquina por IMU y reapertura frontal,22,25.00,16.54,NARANJA,OK,0,558.5,558.5,181.1,831.3,354.3,1,0.639,153.0,1,0.808,812.2,1,0.986,0.223,3,1,,,,,,0,322.9,,67.9
4382.034983,TURN,giro de esquina por IMU y reapertura frontal,22,25.00,18.13,PISTA,OK,0,557.0,557.0,175.5,834.3,428.6,1,0.694,150.0,1,0.822,818.0,1,1.000,0.745,3,1,,,,,,0,322.9,,86.2
4382.135830,TURN,giro de esquina por IMU y reapertura frontal,22,25.00,19.04,PISTA,OK,0,552.5,552.5,162.2,830.8,464.6,1,0.694,148.5,1,0.822,822.0,1,1.000,0.191,3,1,,,,,,0,322.9,,67.5
4382.234124,TURN,giro de esquina por IMU y reapertura frontal,22,25.00,20.70,PISTA,OK,0,548.5,548.5,159.1,832.5,458.5,1,0.778,146.2,1,0.836,829.5,1,1.000,0.189,3,1,,,,,,0,322.9,,100.3
4382.333670,TURN,giro de esquina por IMU y reapertura frontal,22,25.00,22.41,PISTA,OK,0,546.5,546.5,155.6,825.6,465.3,1,0.806,143.0,1,0.849,834.5,1,1.000,0.187,2,0,,,,,,0,322.9,,64.0
4382.434578,TURN,giro de esquina por IMU y reapertura frontal,22,25.00,23.22,PISTA,OK,0,545.5,545.5,156.3,813.5,846.6,1,0.750,140.0,1,0.836,839.5,1,1.000,0.182,2,0,,,,,,0,322.9,,88.2
4382.535198,TURN,giro de esquina por IMU y reapertura frontal,22,25.00,24.97,PISTA,OK,0,545.5,545.5,157.6,795.9,831.4,1,0.806,136.0,1,0.863,846.0,1,1.000,0.179,2,0,,,,,,0,322.9,,65.2
4382.632848,TURN,giro de esquina por IMU y reapertura frontal,22,25.00,26.60,PISTA,OK,0,545.2,545.2,155.3,790.0,589.4,1,0.889,133.8,1,0.863,851.5,1,1.000,0.178,2,0,,,,,,0,322.9,,99.0
4382.733734,TURN,giro de esquina por IMU y reapertura frontal,22,25.00,28.34,PISTA,OK,0,544.0,544.0,157.3,782.3,816.7,1,0.861,132.5,1,0.849,857.2,1,1.000,0.177,3,0,,,,,,0,322.9,,64.5
4382.834185,TURN,giro de esquina por IMU y reapertura frontal,22,25.00,30.11,PISTA,OK,0,544.8,544.8,155.8,753.9,810.1,1,0.889,129.5,1,0.863,863.0,1,1.000,0.175,3,0,,,,,,0,322.9,,95.2
4382.933414,TURN,giro de esquina por IMU y reapertura frontal,22,25.00,30.93,PISTA,OK,0,548.0,548.0,151.3,740.8,802.8,1,0.944,126.5,1,0.904,870.0,1,1.000,0.175,3,0,,,,,,0,322.9,,66.1
4383.030903,TURN,giro de esquina por IMU y reapertura frontal,22,25.00,32.59,PISTA,OK,0,549.2,549.2,146.1,733.2,806.0,1,0.972,124.0,1,0.918,874.5,1,1.000,0.173,3,0,,,,,,0,322.9,,84.3
4383.131651,TURN,giro de esquina por IMU y reapertura frontal,22,25.00,34.23,PISTA,OK,0,554.0,554.0,145.0,719.1,800.1,1,1.000,121.0,1,0.932,880.5,1,1.000,0.172,3,0,,,,,,0,322.9,,61.6
4383.232196,TURN,giro de esquina por IMU y reapertura frontal,22,25.00,36.04,PISTA,OK,0,558.5,558.5,139.9,696.0,792.1,1,0.917,119.0,1,0.890,888.0,1,1.000,0.440,3,0,,,,,,0,322.9,,85.8
4383.330492,TURN,giro de esquina por IMU y reapertura frontal,22,25.00,37.83,PISTA,OK,0,561.5,561.5,140.6,692.0,789.3,1,0.944,117.5,1,0.904,894.8,1,1.000,0.413,3,0,,,,,,0,322.9,,61.0
4383.430660,TURN,giro de esquina por IMU y reapertura frontal,22,25.00,38.64,PISTA,OK,0,569.5,569.5,138.6,671.1,787.2,1,1.000,115.0,1,0.932,887.5,1,0.986,0.456,3,0,,,,,,0,322.9,,82.9
4383.531220,TURN,giro de esquina por IMU y reapertura frontal,22,25.00,40.23,PISTA,OK,0,577.5,577.5,742.3,666.8,786.8,1,0.972,113.0,1,0.904,855.0,1,1.000,0.185,3,0,,,,,,0,322.9,,62.6
4383.631910,TURN,giro de esquina por IMU y reapertura frontal,22,25.00,41.83,PISTA,OK,0,581.2,581.2,721.5,656.4,785.0,1,0.944,113.0,1,0.904,827.0,1,0.986,0.190,3,0,,,,,,0,322.9,,84.7
4383.732511,TURN,giro de esquina por IMU y reapertura frontal,22,25.00,43.61,PISTA,OK,0,590.0,590.0,697.4,660.2,781.9,1,0.917,110.5,1,0.877,800.5,1,0.986,0.202,3,0,,,,,,0,322.9,,63.2
4383.832683,TURN,giro de esquina por IMU y reapertura frontal,22,25.00,45.18,PISTA,OK,0,597.5,597.5,682.5,637.0,781.9,1,0.972,110.5,1,0.877,763.0,1,0.986,0.203,3,0,,,,,,0,322.9,,86.8
4383.933143,TURN,giro de esquina por IMU y reapertura frontal,23,25.00,46.77,PISTA,OK,0,611.0,611.0,671.7,640.6,781.7,1,0.944,109.5,1,0.890,739.5,1,0.973,0.199,3,0,,,,,,0,322.9,,63.5
4384.033311,TURN,giro de esquina por IMU y reapertura frontal,23,25.00,48.43,PISTA,OK,0,621.0,621.0,657.9,632.9,572.5,1,0.889,110.8,1,0.877,720.0,1,1.000,0.203,3,0,,,,,,0,322.9,,87.0
4384.133664,TURN,giro de esquina por IMU y reapertura frontal,23,25.00,49.22,PISTA,OK,0,630.5,630.5,643.9,627.9,563.0,1,0.861,110.5,1,0.890,704.5,1,0.986,0.356,5,0,,,,,,0,322.9,,65.9
4384.233119,TURN,giro de esquina por IMU y reapertura frontal,23,25.00,50.92,PISTA,OK,0,642.5,642.5,627.7,621.8,552.6,1,0.861,109.0,1,0.890,683.0,1,1.000,0.508,5,0,,,,,,0,322.9,,100.0
4384.336328,TURN,giro de esquina por IMU y reapertura frontal,23,25.00,52.68,PISTA,OK,0,651.0,651.0,615.4,612.5,551.1,1,0.889,107.0,1,0.904,656.0,1,0.986,0.634,5,0,,,,,,0,322.9,,68.7
4384.432333,TURN,giro de esquina por IMU y reapertura frontal,23,25.00,54.53,PISTA,OK,0,676.0,676.0,605.8,611.6,549.3,1,0.889,107.0,1,0.890,644.5,1,0.973,0.794,4,0,,,,,,0,322.9,,99.0
4384.532325,TURN,giro de esquina por IMU y reapertura frontal,23,25.00,56.28,PISTA,OK,0,689.0,689.0,589.3,608.8,553.7,1,0.889,105.5,1,0.904,634.5,1,1.000,0.896,5,0,,,,,,0,322.9,,62.4
4384.631493,TURN,giro de esquina por IMU y reapertura frontal,23,25.00,57.24,PISTA,OK,0,706.5,706.5,577.3,598.6,553.6,1,0.861,103.5,1,0.890,617.5,1,0.986,0.849,5,0,,,,,,0,322.9,,85.0
4384.731384,TURN,giro de esquina por IMU y reapertura frontal,23,25.00,59.07,PISTA,OK,0,724.5,724.5,563.6,587.1,550.5,1,0.944,103.8,1,0.945,603.0,1,0.973,0.879,5,0,,,,,,0,322.9,,64.0
4384.830962,TURN,giro de esquina por IMU y reapertura frontal,24,25.00,60.79,PISTA,OK,0,753.0,753.0,553.1,576.7,550.2,1,0.917,105.0,1,0.904,588.5,1,1.000,0.873,5,0,,,,,,0,322.9,,84.6
4384.930830,TURN,giro de esquina por IMU y reapertura frontal,24,25.00,62.50,PISTA,OK,0,781.0,781.0,543.6,568.1,548.8,1,0.917,106.5,1,0.918,574.5,1,0.986,0.856,5,0,,,,,,0,322.9,,64.3
4385.030303,CRUISE,esquina 1 verificada,24,21.00,64.42,PISTA,OK,1,813.5,813.5,533.2,560.3,550.1,1,0.889,106.2,1,0.904,572.5,1,1.000,0.849,5,0,,,,,,0,322.9,,83.3
4385.131041,CRUISE,crucero centrado por paredes,25,17.00,65.28,PISTA,OK,1,848.5,848.5,523.2,552.3,547.5,1,0.889,106.8,1,0.904,560.0,1,1.000,0.844,5,0,,,,,,0,322.9,,62.8
4385.230157,AVOID_APPROACH,pure-pursuit al punto de paso del pilar 14,25,13.00,67.25,PISTA,OK,1,883.5,883.5,512.7,544.5,104.4,1,0.889,107.2,1,0.932,546.0,1,1.000,0.858,5,1,14,ROJO,-271.5,815.5,0.000,1,322.9,,83.6
4385.327762,AVOID_APPROACH,pure-pursuit al punto de paso del pilar 14,25,9.00,69.43,PISTA,OK,1,931.0,931.0,500.9,537.4,101.6,1,0.944,107.0,1,0.945,539.0,1,1.000,0.848,5,1,14,ROJO,-230.1,819.3,0.000,1,322.9,,57.2
4385.428476,AVOID_APPROACH,pure-pursuit al punto de paso del pilar 14,25,5.00,71.57,PISTA,OK,1,1033.5,1033.5,491.7,532.1,102.4,1,0.972,107.2,1,0.932,529.0,1,0.959,0.857,5,1,14,ROJO,-197.5,818.4,0.000,1,322.9,,80.7
4385.527948,AVOID_APPROACH,pure-pursuit al punto de paso del pilar 14,25,1.00,73.99,PISTA,OK,1,1089.0,1089.0,483.2,527.6,103.4,1,0.972,111.5,1,0.945,525.5,1,1.000,0.852,5,1,14,ROJO,-161.7,815.8,0.000,1,322.9,,56.6
4385.628103,AVOID_APPROACH,pure-pursuit al punto de paso del pilar 14,24,-3.00,75.61,PISTA,OK,1,821.0,1228.5,477.4,524.5,107.3,1,0.972,114.2,1,0.945,519.5,1,1.000,0.880,5,1,14,ROJO,-136.0,810.1,0.000,1,322.9,,80.2
4385.728497,AVOID_APPROACH,pure-pursuit al punto de paso del pilar 14,24,-4.11,76.05,PISTA,OK,1,807.0,1263.0,475.3,522.2,106.9,1,0.972,117.2,1,0.932,514.5,1,1.000,0.909,5,1,14,ROJO,-121.3,801.9,0.000,1,322.9,,61.9
4385.830001,AVOID_APPROACH,pure-pursuit al punto de paso del pilar 14,24,-4.55,76.62,PISTA,OK,1,797.0,1240.5,475.3,519.8,108.1,1,1.000,121.0,1,0.959,511.0,1,0.986,0.937,4,1,14,ROJO,-115.9,793.5,0.000,1,322.9,,82.4
4385.930382,AVOID_APPROACH,pure-pursuit al punto de paso del pilar 14,24,-4.44,76.65,PISTA,OK,1,788.0,1321.0,472.7,518.3,112.2,1,1.000,129.0,1,0.973,509.5,1,1.000,0.766,4,1,14,ROJO,-118.2,781.8,0.000,1,322.9,,63.7
4386.030501,AVOID_APPROACH,pure-pursuit al punto de paso del pilar 14,24,-4.50,76.60,PISTA,OK,1,780.5,1316.0,475.2,516.4,112.6,1,0.972,137.5,1,0.945,506.5,1,0.986,0.787,4,1,14,ROJO,-118.3,772.1,0.000,1,322.9,,83.7
4386.131301,AVOID_APPROACH,pure-pursuit al punto de paso del pilar 14,24,-4.45,76.58,PISTA,OK,1,770.5,1286.5,476.6,514.6,118.4,1,0.972,143.5,1,0.945,503.0,1,0.986,0.748,4,1,14,ROJO,-119.6,762.4,0.000,1,322.9,,63.2
4386.231963,AVOID_APPROACH,pure-pursuit al punto de paso del pilar 14,24,-4.31,76.52,PISTA,OK,1,762.0,1251.0,478.7,512.8,126.0,1,1.000,151.0,1,0.932,501.5,1,0.986,0.755,2,1,14,ROJO,-122.3,752.7,0.000,1,322.9,,85.4
4386.331970,AVOID_APPROACH,pure-pursuit al punto de paso del pilar 14,24,-4.45,76.42,PISTA,OK,1,753.0,1292.0,480.9,510.6,133.8,1,1.000,159.5,1,0.932,499.5,1,1.000,0.791,2,1,14,ROJO,-121.1,744.2,0.000,1,322.9,,65.7
4386.431370,AVOID_APPROACH,pure-pursuit al punto de paso del pilar 14,24,-4.39,76.33,PISTA,OK,1,744.0,1245.5,483.4,508.7,143.3,1,0.917,166.0,1,0.863,499.0,1,0.986,0.770,2,1,14,ROJO,-122.6,734.2,0.000,1,322.9,,85.0
4386.531560,AVOID_APPROACH,pure-pursuit al punto de paso del pilar 14,24,-4.70,76.25,PISTA,OK,1,735.0,1215.0,485.8,507.0,152.2,1,1.000,171.0,1,0.932,496.5,1,1.000,0.787,1,1,14,ROJO,-119.1,728.0,0.000,1,322.9,,65.4
4386.631282,AVOID_APPROACH,pure-pursuit al punto de paso del pilar 14,24,-4.56,76.23,PISTA,OK,1,727.5,1317.5,486.7,505.1,160.0,1,1.000,178.0,1,0.945,497.5,1,0.973,0.779,1,1,14,ROJO,-121.6,719.1,0.000,1,322.9,,82.3
4386.731279,AVOID_APPROACH,pure-pursuit al punto de paso del pilar 14,23,-4.58,76.15,PISTA,OK,1,722.0,1259.0,489.7,503.5,168.1,1,0.972,185.5,1,0.904,495.5,1,0.973,0.793,1,1,14,ROJO,-122.0,710.8,0.000,1,322.9,,65.6
4386.830540,AVOID_APPROACH,pure-pursuit al punto de paso del pilar 14,23,-4.56,76.08,PISTA,OK,1,712.0,1221.0,491.5,501.1,175.9,1,1.000,192.5,1,0.932,492.0,1,0.986,0.789,1,1,14,ROJO,-123.1,700.6,0.000,1,322.9,,84.8
4386.930297,AVOID_APPROACH,pure-pursuit al punto de paso del pilar 14,23,-4.42,75.97,PISTA,OK,1,703.0,1237.0,494.4,499.7,185.5,1,0.972,201.5,1,0.932,490.5,1,1.000,0.812,2,1,14,ROJO,-125.6,691.2,0.000,1,322.9,,64.2
4387.031926,AVOID_APPROACH,pure-pursuit al punto de paso del pilar 14,23,-4.55,75.89,PISTA,OK,1,695.0,1191.0,495.9,497.7,194.7,1,0.972,210.0,1,0.918,489.5,1,0.986,0.792,2,1,14,ROJO,-124.4,685.3,0.000,1,322.9,,85.3
4387.128708,AVOID_APPROACH,pure-pursuit al punto de paso del pilar 14,23,-4.52,75.84,PISTA,OK,1,688.0,1191.0,498.0,495.8,203.1,1,0.972,216.5,1,0.918,487.8,1,0.986,0.810,2,1,14,ROJO,-125.6,675.9,0.000,1,322.9,,62.8
4387.229085,AVOID_APPROACH,pure-pursuit al punto de paso del pilar 14,23,-4.38,75.76,PISTA,OK,1,679.5,1172.5,500.6,494.0,210.1,1,0.944,224.5,1,0.904,483.0,1,1.000,0.817,2,1,14,ROJO,-128.0,665.8,0.000,1,322.9,,80.3
4387.328033,AVOID_APPROACH,pure-pursuit al punto de paso del pilar 14,23,-4.39,75.61,PISTA,OK,1,671.0,1261.5,503.0,491.3,220.4,1,0.917,233.5,1,0.918,482.5,1,1.000,0.842,3,1,14,ROJO,-128.5,657.6,0.000,1,322.9,,60.6
4387.428677,AVOID_APPROACH,pure-pursuit al punto de paso del pilar 14,23,-4.20,75.48,PISTA,OK,1,665.0,1150.0,512.0,490.1,227.9,1,0.944,242.0,1,0.918,481.0,1,0.973,0.896,3,1,14,ROJO,-131.4,647.8,0.000,1,322.9,,82.0
4387.528250,AVOID_APPROACH,pure-pursuit al punto de paso del pilar 14,23,-4.27,75.43,PISTA,OK,1,658.5,1151.5,514.3,487.8,236.3,1,0.889,248.5,1,0.890,480.5,1,0.959,0.895,3,1,14,ROJO,-131.2,640.5,0.000,1,322.9,,57.1
4387.628243,AVOID_APPROACH,pure-pursuit al punto de paso del pilar 14,25,-4.11,75.33,PISTA,OK,1,1165.5,1165.5,516.8,486.1,245.4,1,0.917,258.0,1,0.918,478.5,1,0.959,0.890,3,1,14,ROJO,-133.6,632.0,0.000,1,322.9,,79.0
4387.727582,AVOID_APPROACH,pure-pursuit al punto de paso del pilar 14,25,-3.99,75.21,PISTA,OK,1,1141.0,1141.0,518.7,484.2,254.4,1,0.917,267.5,1,0.918,478.0,1,0.959,0.881,3,1,14,ROJO,-135.6,622.5,0.000,1,322.9,,59.5
4387.828138,AVOID_APPROACH,pure-pursuit al punto de paso del pilar 14,25,-3.90,75.07,PISTA,OK,1,1118.0,1118.0,521.4,482.5,265.3,1,0.917,279.0,1,0.932,475.8,1,0.973,0.894,3,1,14,ROJO,-137.3,612.9,0.000,1,322.9,,81.0
4387.925218,AVOID_APPROACH,pure-pursuit al punto de paso del pilar 14,25,-3.96,75.02,PISTA,OK,1,1090.5,1090.5,524.4,480.0,274.9,1,0.889,289.0,1,0.918,473.2,1,0.973,0.883,3,1,14,ROJO,-137.1,605.0,0.000,1,322.9,,59.3
4388.025950,AVOID_APPROACH,pure-pursuit al punto de paso del pilar 14,25,-4.20,74.92,PISTA,OK,1,1121.0,1121.0,526.6,477.7,283.9,1,0.889,298.5,1,0.918,469.0,1,0.973,0.881,3,1,14,ROJO,-135.1,597.7,0.000,1,322.9,,77.4
4388.125369,AVOID_APPROACH,pure-pursuit al punto de paso del pilar 14,25,-4.14,74.78,PISTA,OK,1,1079.5,1079.5,528.9,476.0,293.9,1,0.889,309.0,1,0.918,467.5,1,0.959,0.882,3,1,14,ROJO,-136.4,588.1,0.000,1,322.9,,59.5
4388.225905,AVOID_APPROACH,pure-pursuit al punto de paso del pilar 14,25,-4.12,74.66,PISTA,OK,1,1077.0,1077.0,532.3,473.3,306.2,1,0.917,322.0,1,0.932,466.8,1,0.959,0.883,3,1,14,ROJO,-137.4,578.6,0.000,1,322.9,,79.9
4388.324598,AVOID_APPROACH,pure-pursuit al punto de paso del pilar 14,25,-3.89,74.60,PISTA,OK,1,1111.0,1111.0,534.9,470.9,318.1,1,0.889,334.5,1,0.932,465.0,1,0.973,0.882,3,1,14,ROJO,-140.4,567.7,0.000,1,322.9,,54.0
4388.424644,AVOID_APPROACH,pure-pursuit al punto de paso del pilar 14,25,-3.91,74.45,PISTA,OK,1,1077.0,1077.0,536.9,468.6,327.1,1,0.972,344.5,1,0.973,463.0,1,0.986,0.876,3,1,14,ROJO,-140.7,559.6,0.000,1,322.9,,75.1
4388.524327,AVOID_APPROACH,pure-pursuit al punto de paso del pilar 14,25,-3.78,74.32,PISTA,OK,1,1064.0,1064.0,539.9,466.3,337.6,1,0.917,355.0,1,0.945,457.5,1,0.959,0.887,3,1,14,ROJO,-142.7,548.9,0.000,1,322.9,,58.9
4388.625796,AVOID_APPROACH,pure-pursuit al punto de paso del pilar 14,25,-3.88,74.17,PISTA,OK,1,1048.0,1048.0,543.0,464.0,347.6,1,0.889,365.5,1,0.932,457.0,1,1.000,0.891,2,1,14,ROJO,-142.5,539.1,0.000,1,322.9,,81.5
4388.725593,AVOID_APPROACH,pure-pursuit al punto de paso del pilar 14,25,-4.11,74.02,PISTA,OK,1,1038.5,1038.5,546.0,461.9,378.0,1,0.917,397.5,1,0.932,452.8,1,0.986,0.871,2,1,14,ROJO,-140.8,532.4,0.000,1,322.9,,55.7
4388.825648,AVOID_APPROACH,pure-pursuit al punto de paso del pilar 14,25,-3.69,73.95,PISTA,OK,1,1033.5,1033.5,548.6,459.3,389.9,1,0.833,410.0,1,0.904,450.5,1,0.945,0.878,2,1,14,ROJO,-145.4,521.6,0.000,1,322.9,,79.5
4388.927483,AVOID_APPROACH,pure-pursuit al punto de paso del pilar 14,25,-3.92,73.82,PISTA,OK,1,1010.0,1010.0,551.5,456.9,402.8,1,0.917,423.5,1,0.945,448.0,1,0.959,0.872,2,1,14,ROJO,-143.8,513.1,0.000,1,322.9,,60.3
4389.028597,AVOID_APPROACH,pure-pursuit al punto de paso del pilar 14,25,-3.82,73.69,PISTA,OK,1,999.0,999.0,553.9,454.4,839.3,1,0.889,522.0,1,0.945,446.5,1,0.945,0.875,2,1,14,ROJO,-145.3,503.8,0.000,1,322.9,,80.2
4389.127487,AVOID_APPROACH,pure-pursuit al punto de paso del pilar 14,25,-3.62,73.53,PISTA,OK,1,1001.0,1001.0,556.6,451.8,848.2,1,0.944,525.0,1,0.959,446.8,1,0.945,0.876,2,1,14,ROJO,-147.8,493.4,0.000,1,322.9,,60.9
4389.227735,AVOID_APPROACH,pure-pursuit al punto de paso del pilar 14,25,-3.54,73.48,PISTA,OK,1,992.0,992.0,559.5,450.0,861.2,1,0.917,527.0,1,0.959,444.0,1,0.959,0.875,3,1,14,ROJO,-149.2,482.6,0.000,1,322.9,,81.1
4389.328704,AVOID_APPROACH,pure-pursuit al punto de paso del pilar 14,25,-3.53,73.36,PISTA,OK,1,1009.0,1009.0,562.1,447.3,574.2,1,0.917,528.5,1,0.959,440.0,1,0.986,0.869,3,1,14,ROJO,-149.8,473.3,0.000,1,322.9,,62.2
4389.427869,AVOID_APPROACH,pure-pursuit al punto de paso del pilar 14,25,-3.82,73.24,PISTA,OK,1,969.0,969.0,565.7,444.8,576.7,1,0.944,532.0,1,0.973,437.5,1,0.945,0.873,3,1,14,ROJO,-148.0,465.0,0.000,1,322.9,,82.0
4389.528441,AVOID_APPROACH,pure-pursuit al punto de paso del pilar 14,25,-3.38,73.12,PISTA,OK,1,957.5,957.5,567.8,442.4,584.5,1,0.889,533.8,1,0.945,435.5,1,0.918,0.862,3,1,14,ROJO,-152.2,454.0,0.000,1,322.9,,61.4
4389.627675,AVOID_APPROACH,pure-pursuit al punto de paso del pilar 14,25,-3.47,72.97,PISTA,OK,1,951.5,951.5,571.0,439.7,581.2,1,0.889,535.8,1,0.945,432.5,1,0.973,0.872,3,1,14,ROJO,-152.0,445.6,0.000,1,322.9,,82.2
4389.727241,AVOID_APPROACH,pure-pursuit al punto de paso del pilar 14,25,-3.30,72.89,PISTA,OK,1,930.0,930.0,574.2,437.7,584.1,1,0.861,539.5,1,0.932,430.8,1,0.932,0.874,3,1,14,ROJO,-153.9,435.4,0.000,1,322.9,,59.4
4389.826998,AVOID_APPROACH,pure-pursuit al punto de paso del pilar 14,25,-3.36,72.78,PISTA,OK,1,933.5,933.5,577.0,434.8,582.0,1,0.944,541.2,1,0.973,430.2,1,0.904,0.867,3,1,14,ROJO,-153.9,426.7,0.000,1,322.9,,77.2
4389.927943,AVOID_APPROACH,pure-pursuit al punto de paso del pilar 14,25,-3.34,72.62,PISTA,OK,1,918.5,918.5,580.5,432.3,588.6,1,0.944,544.5,1,0.973,430.0,1,0.932,0.864,3,1,14,ROJO,-154.6,417.9,0.000,1,322.9,,61.7
4390.026350,AVOID_APPROACH,pure-pursuit al punto de paso del pilar 14,25,-3.38,72.44,PISTA,OK,1,910.5,910.5,583.3,429.8,589.0,1,0.972,547.5,1,0.986,426.0,1,0.959,0.857,3,1,14,ROJO,-154.8,408.5,0.000,1,322.9,,81.2
4390.127297,AVOID_APPROACH,pure-pursuit al punto de paso del pilar 14,25,-3.35,72.33,PISTA,OK,1,906.0,906.0,585.8,427.0,589.8,1,0.944,549.0,1,0.973,423.0,1,0.918,0.851,3,1,14,ROJO,-155.6,399.5,0.000,1,322.9,,61.4
4390.225217,AVOID_APPROACH,pure-pursuit al punto de paso del pilar 14,25,-3.28,72.28,PISTA,OK,1,893.5,893.5,589.4,424.9,593.9,1,0.944,552.0,1,0.973,420.5,1,0.918,0.853,3,1,14,ROJO,-156.7,388.6,0.000,1,322.9,,78.9
4390.326600,AVOID_APPROACH,pure-pursuit al punto de paso del pilar 14,25,-3.08,72.14,PISTA,OK,1,883.5,883.5,592.0,421.9,595.5,1,1.000,554.5,1,1.000,418.2,1,0.904,0.848,3,1,14,ROJO,-158.5,379.7,0.000,1,322.9,,60.2
4390.425772,AVOID_APPROACH,pure-pursuit al punto de paso del pilar 14,25,-3.30,72.02,PISTA,OK,1,879.0,879.0,595.2,419.9,593.1,1,0.972,556.8,1,1.000,415.2,1,0.918,0.848,3,1,14,ROJO,-157.6,371.1,0.000,1,322.9,,73.7
4390.525500,AVOID_APPROACH,pure-pursuit al punto de paso del pilar 14,25,-3.13,71.92,PISTA,OK,1,863.5,863.5,598.0,417.3,595.1,1,0.972,559.2,1,1.000,411.2,1,0.918,0.847,3,1,14,ROJO,-159.2,362.3,0.000,1,322.9,,58.8
4390.623643,AVOID_APPROACH,pure-pursuit al punto de paso del pilar 14,25,-3.45,71.88,PISTA,OK,1,862.0,862.0,601.2,414.8,598.8,1,0.944,562.5,1,0.986,410.0,1,0.890,0.861,3,1,14,ROJO,-157.7,354.0,0.000,1,322.9,,78.6
4390.722657,AVOID_APPROACH,pure-pursuit al punto de paso del pilar 14,25,-3.05,71.73,PISTA,OK,1,857.0,857.0,604.7,412.1,609.0,1,0.917,566.0,1,0.959,405.5,1,0.932,0.861,3,1,14,ROJO,-160.7,343.0,0.000,1,322.9,,57.3
4390.822108,AVOID_APPROACH,pure-pursuit al punto de paso del pilar 14,24,-3.23,71.62,PISTA,OK,1,839.5,839.5,607.9,409.5,599.6,1,0.944,570.0,1,0.986,405.0,1,0.932,0.838,3,1,14,ROJO,-160.1,334.5,0.000,1,322.9,,78.3
4390.921533,AVOID_APPROACH,pure-pursuit al punto de paso del pilar 14,24,-3.35,71.56,PISTA,OK,1,837.0,837.0,622.8,406.3,607.0,1,0.917,571.8,1,0.973,398.5,1,0.945,0.807,3,1,14,ROJO,-160.0,325.7,0.000,1,322.9,,56.0
4391.021396,AVOID_APPROACH,pure-pursuit al punto de paso del pilar 14,24,-3.26,71.43,PISTA,OK,1,821.5,821.5,634.1,403.5,606.6,1,0.944,574.0,1,0.986,396.0,1,0.890,0.658,3,1,14,ROJO,-161.0,316.1,0.000,1,322.9,,80.1
4391.122851,AVOID_APPROACH,pure-pursuit al punto de paso del pilar 14,24,-3.02,71.32,PISTA,OK,1,813.5,813.5,636.5,401.0,615.2,1,0.917,575.5,1,0.973,394.5,1,0.890,0.678,3,1,14,ROJO,-162.8,306.9,0.000,1,322.9,,56.5
4391.222752,AVOID_APPROACH,pure-pursuit al punto de paso del pilar 14,24,-3.27,71.22,PISTA,OK,1,822.5,822.5,638.1,398.2,607.2,1,0.917,579.5,1,0.973,389.5,1,0.918,0.740,3,1,14,ROJO,-162.0,298.1,0.000,1,322.9,,79.3
4391.322401,AVOID_APPROACH,pure-pursuit al punto de paso del pilar 14,24,-3.46,71.06,PISTA,OK,1,801.5,801.5,640.9,395.1,612.7,1,0.889,582.5,1,0.973,392.0,1,0.890,0.767,3,1,14,ROJO,-161.5,289.8,0.000,1,322.9,,55.2
4391.424470,AVOID_APPROACH,pure-pursuit al punto de paso del pilar 14,24,-3.53,70.98,PISTA,OK,1,812.5,812.5,645.2,392.6,618.9,1,0.861,584.0,1,0.959,385.5,1,0.904,0.765,3,1,14,ROJO,-161.7,280.7,0.000,1,322.9,,82.5
4391.523634,AVOID_PASS,manteniendo rumbo mientras pasa el pilar 14,24,0.00,70.87,PISTA,OK,1,785.0,785.0,648.0,389.9,620.9,1,0.889,587.0,1,0.959,384.5,1,0.918,0.774,3,1,14,ROJO,-161.6,271.6,0.000,1,0.0,,58.1
4391.624699,AVOID_PASS,manteniendo rumbo mientras pasa el pilar 14,24,0.05,70.82,PISTA,OK,1,785.5,785.5,655.2,387.5,620.1,1,0.889,589.5,1,0.973,382.5,1,0.918,0.715,3,1,14,ROJO,-162.6,263.8,0.000,1,9.7,,81.8
4391.723969,AVOID_PASS,manteniendo rumbo mientras pasa el pilar 14,24,0.14,70.73,PISTA,OK,1,764.5,764.5,657.0,385.6,615.2,1,0.917,591.0,1,0.973,380.0,1,0.918,0.749,3,1,14,ROJO,-162.5,255.0,0.000,1,19.2,,57.4
4391.826179,AVOID_PASS,manteniendo rumbo mientras pasa el pilar 14,24,0.20,70.67,PISTA,OK,1,756.5,756.5,661.8,383.5,621.9,1,0.889,594.0,1,0.973,381.0,1,0.890,0.728,3,1,14,ROJO,-163.0,246.3,0.000,1,29.0,,81.1
4391.925357,AVOID_PASS,manteniendo rumbo mientras pasa el pilar 14,24,0.26,70.61,PISTA,OK,1,743.5,743.5,664.3,380.0,619.9,1,0.917,596.0,1,0.986,375.0,1,0.863,0.726,3,1,14,ROJO,-161.6,239.5,0.000,1,38.6,,59.1
4392.025451,AVOID_PASS,manteniendo rumbo mientras pasa el pilar 14,24,0.28,70.59,PISTA,OK,1,742.0,742.0,670.9,378.1,638.4,1,0.861,599.0,1,0.945,372.5,1,0.918,0.692,2,1,14,ROJO,-161.1,232.1,0.000,1,48.2,,80.3
4392.125055,AVOID_PASS,manteniendo rumbo mientras pasa el pilar 14,24,0.35,70.52,PISTA,OK,1,730.0,730.0,672.0,375.4,627.9,1,0.917,602.0,1,0.986,370.0,1,0.877,0.727,3,1,14,ROJO,-160.9,223.4,0.000,1,57.7,,59.3
4392.224683,AVOID_PASS,manteniendo rumbo mientras pasa el pilar 14,24,0.43,70.44,PISTA,OK,1,733.5,733.5,674.0,373.1,623.4,1,0.889,604.2,1,0.973,366.0,1,0.890,0.744,3,1,14,ROJO,-162.4,214.5,0.000,1,67.3,,80.2
4392.324327,AVOID_PASS,manteniendo rumbo mientras pasa el pilar 14,23,0.50,70.37,PISTA,OK,1,720.5,720.5,684.4,370.2,630.3,1,0.889,607.0,1,0.973,364.5,1,0.877,0.653,3,1,14,ROJO,-160.3,208.5,0.000,1,76.9,,58.8
4392.425105,AVOID_PASS,manteniendo rumbo mientras pasa el pilar 14,24,0.56,70.31,PISTA,OK,1,737.0,737.0,688.6,366.6,631.6,1,0.944,609.5,1,1.000,363.0,1,0.877,0.650,3,1,14,ROJO,-160.6,200.7,0.000,1,86.1,,81.4
4392.524990,AVOID_PASS,manteniendo rumbo mientras pasa el pilar 14,23,0.65,70.22,PISTA,OK,1,701.5,701.5,693.8,363.6,638.5,1,0.889,613.0,1,0.973,356.5,1,0.890,0.642,3,1,14,ROJO,-160.7,190.3,0.000,1,95.7,,60.3
4392.625106,AVOID_PASS,manteniendo rumbo mientras pasa el pilar 14,23,0.79,70.08,PISTA,OK,1,717.0,717.0,701.0,361.3,638.1,1,0.861,616.0,1,0.973,358.0,1,0.849,0.601,3,1,14,ROJO,-160.6,181.9,0.000,1,104.9,,77.9
4392.723716,AVOID_PASS,manteniendo rumbo mientras pasa el pilar 14,23,0.88,69.99,PISTA,OK,1,694.5,694.5,707.7,358.5,639.3,1,0.917,619.0,1,0.986,356.0,1,0.904,0.563,3,1,14,ROJO,-161.2,174.7,0.000,1,114.0,,56.7
4392.821782,AVOID_PASS,manteniendo rumbo mientras pasa el pilar 14,23,0.93,69.94,PISTA,OK,1,701.0,701.0,713.4,356.0,644.5,1,0.917,621.5,1,0.986,350.5,1,0.890,0.555,3,1,14,ROJO,-157.0,167.5,0.000,1,123.0,,79.0
4392.921662,AVOID_PASS,manteniendo rumbo mientras pasa el pilar 14,23,0.95,69.92,PISTA,OK,1,671.0,671.0,719.4,353.5,645.1,1,0.861,623.5,1,0.959,344.5,1,0.877,0.528,3,1,14,ROJO,-157.3,160.7,0.000,1,132.2,,54.5
4393.023268,AVOID_PASS,manteniendo rumbo mientras pasa el pilar 14,23,1.04,69.83,PISTA,OK,1,676.5,676.5,736.5,350.6,645.9,1,0.917,626.0,1,1.000,344.5,1,0.822,0.376,3,1,14,ROJO,-157.5,151.3,0.000,1,141.6,,75.6
4393.122026,AVOID_PASS,manteniendo rumbo mientras pasa el pilar 14,23,1.10,69.77,PISTA,OK,1,679.0,679.0,744.3,348.0,646.3,1,0.917,628.0,1,1.000,342.0,1,0.863,0.346,3,1,14,ROJO,-155.0,144.6,0.000,1,150.7,,55.9
4393.222628,AVOID_PASS,manteniendo rumbo mientras pasa el pilar 14,23,1.12,69.75,PISTA,OK,1,653.5,653.5,672.7,344.8,650.4,1,0.889,632.0,1,1.000,341.5,1,0.863,0.730,3,1,14,ROJO,-155.0,135.3,0.101,1,159.9,,79.4
4393.321390,AVOID_PASS,manteniendo rumbo mientras pasa el pilar 14,23,1.18,69.69,PISTA,OK,1,645.0,645.0,674.8,342.2,654.5,1,0.833,633.2,1,0.986,338.5,1,0.836,0.718,3,1,14,ROJO,-155.2,126.0,0.199,1,169.0,,57.0
4393.421851,AVOID_PASS,manteniendo rumbo mientras pasa el pilar 14,23,1.25,69.62,PISTA,OK,1,647.5,647.5,677.7,339.3,662.9,1,0.889,636.0,1,1.000,335.5,1,0.836,0.715,3,1,14,ROJO,-155.3,116.6,0.300,1,178.2,,81.6
4393.521433,AVOID_PASS,manteniendo rumbo mientras pasa el pilar 14,23,1.31,69.56,PISTA,OK,1,647.5,647.5,682.0,336.6,657.4,1,0.889,638.5,1,0.986,332.0,1,0.822,0.730,3,1,14,ROJO,-155.5,107.2,0.399,1,187.4,,55.9
4393.623086,AVOID_PASS,manteniendo rumbo mientras pasa el pilar 14,23,1.34,69.53,PISTA,OK,1,628.5,628.5,686.4,333.8,665.6,1,0.889,641.5,1,0.986,329.5,1,0.890,0.743,3,1,14,ROJO,-155.5,107.2,0.399,0,196.8,,82.9
4393.725241,AVOID_PASS,manteniendo rumbo mientras pasa el pilar 14,23,1.42,69.45,PISTA,OK,1,629.5,629.5,673.3,331.1,667.2,1,0.889,644.5,1,1.000,328.5,1,0.836,0.578,3,1,14,ROJO,-155.5,107.2,0.399,0,206.2,,60.6
4393.826360,AVOID_PASS,manteniendo rumbo mientras pasa el pilar 14,23,1.49,69.38,PISTA,OK,1,618.0,618.0,688.1,328.2,665.2,1,0.861,647.0,1,0.973,325.0,1,0.849,0.698,3,1,14,ROJO,-155.5,107.2,0.399,0,215.5,,81.0
4393.925193,AVOID_PASS,manteniendo rumbo mientras pasa el pilar 14,23,1.58,69.29,PISTA,OK,1,618.5,618.5,684.7,324.8,671.3,1,0.861,649.8,1,0.986,322.0,1,0.836,0.670,3,1,14,ROJO,-155.5,107.2,0.399,0,224.5,,59.5
4394.026655,AVOID_PASS,manteniendo rumbo mientras pasa el pilar 14,22,1.66,69.21,PISTA,OK,1,606.0,606.0,683.2,322.3,671.7,1,0.917,653.0,1,1.000,322.2,1,0.849,0.631,3,1,14,ROJO,-155.5,107.2,0.399,0,233.9,,82.8
4394.126669,AVOID_PASS,manteniendo rumbo mientras pasa el pilar 14,23,1.72,69.15,PISTA,OK,1,618.8,618.8,686.7,318.9,670.9,1,0.889,654.8,1,1.000,315.5,1,0.822,0.628,3,1,14,ROJO,-155.5,107.2,0.399,0,242.7,,58.7
4394.226053,AVOID_PASS,manteniendo rumbo mientras pasa el pilar 14,22,1.74,69.13,PISTA,OK,1,588.5,588.5,696.2,316.4,678.7,1,0.889,658.0,1,0.986,314.0,1,0.836,0.690,3,1,14,ROJO,-155.5,107.2,0.399,0,251.8,,83.7
4394.324170,AVOID_PASS,manteniendo rumbo mientras pasa el pilar 14,22,1.81,69.06,PISTA,OK,1,609.0,609.0,698.9,313.8,675.4,1,0.917,660.5,1,1.000,313.0,1,0.877,0.688,2,0,14,ROJO,-155.5,107.2,0.399,0,260.5,,59.2
4394.425536,AVOID_PASS,manteniendo rumbo mientras pasa el pilar 14,22,1.85,69.02,PISTA,OK,1,588.5,588.5,704.3,311.0,675.4,1,0.889,662.0,1,0.986,309.5,1,0.863,0.706,2,0,14,ROJO,-155.5,107.2,0.399,0,269.4,,79.7
4394.525416,AVOID_PASS,manteniendo rumbo mientras pasa el pilar 14,22,1.88,68.99,PISTA,OK,1,577.0,577.0,716.3,308.4,691.4,1,0.889,665.5,1,0.986,308.5,1,0.822,0.774,2,0,14,ROJO,-155.5,107.2,0.399,0,278.2,,61.2
4394.623865,AVOID_PASS,manteniendo rumbo mientras pasa el pilar 14,22,1.91,68.96,PISTA,OK,1,570.0,570.0,719.0,305.5,681.9,1,0.889,667.5,1,0.973,301.5,1,0.836,0.765,2,0,14,ROJO,-155.5,107.2,0.399,0,286.8,,80.8
4394.723238,AVOID_PASS,manteniendo rumbo mientras pasa el pilar 14,22,1.93,68.94,PISTA,OK,1,562.5,562.5,768.7,303.1,690.5,1,0.861,670.0,1,0.973,299.0,1,0.849,0.693,2,0,14,ROJO,-155.5,107.2,0.399,0,295.6,,59.2
4394.825050,AVOID_PASS,manteniendo rumbo mientras pasa el pilar 14,22,1.98,68.89,PISTA,OK,1,565.5,565.5,777.3,300.4,689.9,1,0.861,158.0,1,0.959,297.0,1,0.808,0.645,1,0,14,ROJO,-155.5,107.2,0.399,0,304.5,,81.5
4394.924077,AVOID_PASS,manteniendo rumbo mientras pasa el pilar 14,22,2.01,68.86,PISTA,OK,1,579.5,579.5,780.7,297.6,691.4,1,0.889,136.0,1,0.973,295.0,1,0.836,0.656,1,0,14,ROJO,-155.5,107.2,0.399,0,313.3,,59.7
4395.023572,RECENTER,reincorporacion tras 322 mm de sobrepaso estimado,22,6.01,68.81,PISTA,OK,1,575.2,575.2,789.8,294.9,689.7,1,0.861,133.5,1,0.932,292.5,1,0.767,0.612,1,0,14,ROJO,-155.5,107.2,0.399,0,322.0,,81.2
4395.122741,TURN,giro de esquina por IMU y reapertura frontal,22,25.00,68.66,PISTA,OK,1,540.0,540.0,790.2,292.0,692.2,1,0.861,132.0,1,0.932,286.5,1,0.795,0.669,1,0,,,,,,0,322.0,,56.8
4395.222723,TURN,giro de esquina por IMU y reapertura frontal,22,25.00,68.65,PISTA,OK,1,529.2,529.2,783.5,289.8,693.4,1,0.889,131.5,1,0.959,287.2,1,0.822,0.764,1,0,,,,,,0,322.0,,81.2
4395.321733,TURN,giro de esquina por IMU y reapertura frontal,22,25.00,67.81,PISTA,OK,1,506.5,506.5,2947.1,286.8,689.9,1,0.917,135.0,1,0.986,280.5,1,0.808,0.187,2,0,,,,,,0,322.0,,55.4
4395.421532,TURN,giro de esquina por IMU y reapertura frontal,22,25.00,69.69,PISTA,OK,1,528.2,528.2,3507.7,283.7,708.2,1,0.861,131.5,1,0.973,283.5,1,0.808,0.181,2,0,,,,,,0,322.0,,78.5
4395.519415,TURN,giro de esquina por IMU y reapertura frontal,22,25.00,71.37,PISTA,OK,1,554.5,554.5,3309.3,281.9,716.8,1,0.833,128.5,1,1.000,278.5,1,0.795,0.182,2,0,,,,,,0,322.0,,55.7
4395.620546,TURN,giro de esquina por IMU y reapertura frontal,22,25.00,73.08,PISTA,OK,1,589.0,589.0,3253.3,281.5,724.1,1,0.750,127.0,1,0.973,278.0,1,0.822,0.180,2,0,,,,,,0,322.0,,81.6
4395.720625,TURN,giro de esquina por IMU y reapertura frontal,23,25.00,74.77,PISTA,OK,1,615.0,615.0,3590.0,280.9,735.6,1,0.722,123.5,1,0.973,275.0,1,0.822,0.181,2,0,,,,,,0,322.0,,55.8
4395.820560,TURN,giro de esquina por IMU y reapertura frontal,23,25.00,76.46,PISTA,OK,1,662.0,662.0,4007.9,281.1,752.0,1,0.750,120.5,1,0.986,277.0,1,0.849,0.179,2,0,,,,,,0,322.0,,81.2
4395.921383,TURN,giro de esquina por IMU y reapertura frontal,23,25.00,77.28,PISTA,OK,1,693.0,693.0,126.5,281.4,694.3,1,0.667,118.5,1,0.959,276.5,1,0.795,0.785,3,0,,,,,,0,322.0,,58.5
4396.021688,TURN,giro de esquina por IMU y reapertura frontal,24,25.00,79.16,PISTA,OK,1,767.0,767.0,125.5,281.7,658.3,1,0.667,115.5,1,0.973,274.2,1,0.822,0.784,3,0,,,,,,0,322.0,,77.7
4396.121497,TURN,giro de esquina por IMU y reapertura frontal,24,25.00,81.03,PISTA,OK,1,821.5,821.5,125.0,283.6,582.4,1,0.667,113.0,1,0.959,277.5,1,0.849,0.780,3,0,,,,,,0,322.0,,53.8
4396.221924,TURN,giro de esquina por IMU y reapertura frontal,25,25.00,82.81,PISTA,OK,1,1000.0,1000.0,757.5,284.7,549.7,1,0.611,110.0,1,0.932,277.0,1,0.822,0.781,3,0,,,,,,0,322.0,,82.2
4396.322959,TURN,giro de esquina por IMU y reapertura frontal,25,25.00,83.66,PISTA,OK,1,993.0,993.0,750.5,287.0,531.6,1,0.667,107.0,1,0.877,279.8,1,0.890,0.779,3,0,,,,,,0,322.0,,59.2
4396.423341,TURN,giro de esquina por IMU y reapertura frontal,25,25.00,85.57,PISTA,OK,1,986.0,986.0,111.0,289.8,531.0,1,0.639,106.0,1,0.877,282.0,1,0.849,0.767,3,0,,,,,,0,322.0,,80.4
4396.523362,TURN,giro de esquina por IMU y reapertura frontal,25,25.00,87.61,PISTA,OK,1,978.5,978.5,109.7,293.2,511.9,1,0.611,103.5,1,0.849,284.8,1,0.890,0.616,3,0,,,,,,0,322.0,,58.8
4396.623505,TURN,giro de esquina por IMU y reapertura frontal,25,25.00,89.71,PISTA,OK,1,971.0,971.0,106.2,297.2,489.5,1,0.694,101.0,1,0.822,288.2,1,0.918,0.560,4,0,,,,,,0,322.0,,82.1
4396.723217,TURN,giro de esquina por IMU y reapertura frontal,25,25.00,90.65,PISTA,OK,1,964.5,964.5,107.6,301.5,447.7,1,0.806,99.5,1,0.808,294.0,1,0.945,0.290,4,0,,,,,,0,322.0,,60.1
4396.822660,TURN,giro de esquina por IMU y reapertura frontal,25,25.00,93.70,PISTA,OK,1,960.5,960.5,96.7,306.4,446.4,1,0.778,97.5,1,0.795,300.5,1,0.959,0.620,4,0,,,,,,0,322.0,,77.8
4396.921843,TURN,giro de esquina por IMU y reapertura frontal,25,25.00,94.70,PISTA,OK,1,955.5,955.5,111.1,312.2,429.6,1,0.778,94.0,1,0.836,307.0,1,0.959,0.205,4,0,,,,,,0,322.0,,58.3
4397.023329,TURN,giro de esquina por IMU y reapertura frontal,25,25.00,96.76,PISTA,OK,1,948.5,948.5,633.5,317.9,419.0,1,0.778,92.5,1,0.808,311.0,1,0.973,0.788,4,0,,,,,,0,322.0,,84.4
4397.120676,TURN,giro de esquina por IMU y reapertura frontal,25,25.00,98.73,PISTA,OK,1,942.5,942.5,629.5,324.1,411.2,1,0.694,93.0,1,0.753,314.0,1,0.973,0.790,4,0,,,,,,0,322.0,,54.9
4397.221572,TURN,giro de esquina por IMU y reapertura frontal,25,25.00,99.82,PISTA,OK,1,935.5,935.5,115.9,331.2,405.9,1,0.750,92.5,1,0.795,320.5,1,1.000,0.202,4,0,,,,,,0,322.0,,82.6
4397.321329,TURN,giro de esquina por IMU y reapertura frontal,25,25.00,101.74,PISTA,OK,1,930.5,930.5,648.2,338.8,397.3,1,0.722,90.5,1,0.781,326.0,1,0.986,0.212,5,0,,,,,,0,322.0,,56.9
4397.419909,TURN,giro de esquina por IMU y reapertura frontal,25,25.00,103.57,PISTA,OK,1,926.5,926.5,632.8,347.0,393.6,1,0.722,92.5,1,0.795,332.0,1,1.000,0.696,5,0,,,,,,0,322.0,,80.6
4397.519177,TURN,giro de esquina por IMU y reapertura frontal,25,25.00,105.68,PISTA,OK,1,920.0,920.0,673.7,355.6,392.4,1,0.722,91.0,1,0.767,338.5,1,1.000,0.214,4,0,,,,,,0,322.0,,52.8
4397.620093,TURN,giro de esquina por IMU y reapertura frontal,25,25.00,106.65,PISTA,OK,1,920.0,920.0,664.8,364.5,385.0,1,0.778,94.0,1,0.849,343.0,1,1.000,0.213,4,0,,,,,,0,322.0,,82.8
4397.717888,TURN,giro de esquina por IMU y reapertura frontal,25,25.00,108.56,PISTA,OK,1,916.0,916.0,654.9,374.8,385.0,1,0.806,94.5,1,0.781,349.5,1,1.000,0.212,4,0,,,,,,0,322.0,,55.3
4397.818141,TURN,giro de esquina por IMU y reapertura frontal,25,25.00,110.54,PISTA,OK,1,916.5,916.5,661.3,384.9,377.6,1,0.806,95.0,1,0.890,356.5,1,1.000,0.211,4,0,,,,,,0,322.0,,80.1
4397.918896,TURN,giro de esquina por IMU y reapertura frontal,25,25.00,112.54,PISTA,OK,1,916.0,916.0,636.8,396.3,96.6,1,0.778,97.0,1,0.822,362.2,1,1.000,0.672,4,0,,,,,,0,322.0,,56.3
4398.019868,TURN,giro de esquina por IMU y reapertura frontal,25,25.00,114.51,PISTA,OK,1,918.8,918.8,639.8,409.1,100.3,1,0.722,96.5,1,0.767,370.0,1,1.000,0.648,4,0,,,,,,0,322.0,,82.2
4398.119134,TURN,giro de esquina por IMU y reapertura frontal,25,25.00,116.46,PISTA,OK,1,924.8,924.8,643.5,423.0,99.1,1,0.722,99.0,1,0.808,375.5,1,1.000,0.654,4,0,,,,,,0,322.0,,56.6
4398.220824,TURN,giro de esquina por IMU y reapertura frontal,25,25.00,117.49,PISTA,OK,1,926.5,926.5,646.2,437.8,97.5,1,0.722,98.5,1,0.795,384.0,1,1.000,0.671,4,0,,,,,,0,322.0,,81.1
4398.320464,TURN,giro de esquina por IMU y reapertura frontal,25,25.00,119.45,PISTA,OK,1,935.0,935.0,647.3,453.6,98.3,1,0.833,99.8,1,0.890,391.0,1,1.000,0.884,4,1,,,,,,0,322.0,,57.7
4398.420907,TURN,giro de esquina por IMU y reapertura frontal,25,25.00,121.50,PISTA,OK,1,942.5,942.5,650.8,470.7,96.3,1,0.833,101.0,1,0.849,397.5,1,1.000,0.888,2,1,,,,,,0,322.0,,81.8
4398.521198,TURN,giro de esquina por IMU y reapertura frontal,25,25.00,122.46,PISTA,OK,1,949.0,949.0,655.1,488.2,96.9,1,0.833,104.5,1,0.836,406.5,1,1.000,0.879,2,1,,,,,,0,322.0,,58.5
4398.621960,TURN,giro de esquina por IMU y reapertura frontal,25,25.00,124.47,PISTA,OK,1,956.5,956.5,660.2,506.6,95.8,1,0.861,104.0,1,0.849,413.0,1,1.000,0.865,2,1,,,,,,0,322.0,,79.8
4398.721327,CRUISE,esquina 2 verificada,25,21.00,126.54,PISTA,OK,2,971.5,971.5,665.9,521.2,96.3,1,0.806,107.2,1,0.781,421.0,1,1.000,0.729,2,1,,,,,,0,322.0,,56.6
4398.821888,AVOID_APPROACH,pure-pursuit al punto de paso del pilar 24,25,25.00,128.76,PISTA,OK,2,981.5,981.5,680.2,534.7,94.6,1,0.889,109.8,1,0.753,429.0,1,1.000,0.496,2,1,24,VERDE,-279.9,500.6,0.000,1,322.0,,81.3
4398.920454,AVOID_APPROACH,pure-pursuit al punto de paso del pilar 24,25,25.00,129.81,PISTA,OK,2,1010.5,1010.5,686.2,552.9,94.4,1,0.917,112.2,1,0.753,438.0,1,1.000,0.426,2,1,24,VERDE,-260.1,495.8,0.000,1,322.0,,57.4
4399.021450,AVOID_APPROACH,pure-pursuit al punto de paso del pilar 24,25,25.00,131.53,PISTA,OK,2,1017.0,1017.0,688.4,557.5,95.0,1,0.917,114.8,1,0.781,444.5,1,1.000,0.340,2,1,24,VERDE,-239.5,494.9,0.000,1,322.0,,80.8
4399.119758,AVOID_APPROACH,pure-pursuit al punto de paso del pilar 24,25,25.00,133.44,PISTA,OK,2,1025.5,1025.5,703.1,564.3,96.3,1,0.917,116.8,1,0.753,453.0,1,1.000,0.193,3,1,24,VERDE,-218.2,499.1,0.000,1,322.0,,57.3
4399.219437,AVOID_APPROACH,pure-pursuit al punto de paso del pilar 24,25,25.00,135.59,PISTA,OK,2,1059.5,1059.5,714.1,575.9,99.1,1,0.917,119.8,1,0.781,461.5,1,1.000,0.188,3,1,24,VERDE,-202.3,493.2,0.000,1,322.0,,81.4
4399.318650,AVOID_APPROACH,pure-pursuit al punto de paso del pilar 24,25,25.00,136.62,PISTA,OK,2,1072.5,1072.5,724.6,600.7,102.6,1,1.000,123.2,1,0.808,470.0,1,1.000,0.188,3,1,24,VERDE,-182.3,497.8,0.000,1,322.0,,54.5
4399.418565,AVOID_APPROACH,pure-pursuit al punto de paso del pilar 24,25,25.00,138.53,PISTA,OK,2,1101.0,1101.0,739.6,618.7,108.5,1,0.861,128.5,1,0.685,477.5,1,1.000,0.185,2,1,24,VERDE,-163.8,494.6,0.000,1,322.0,,76.6
4399.517377,AVOID_APPROACH,pure-pursuit al punto de paso del pilar 24,25,25.00,140.68,PISTA,OK,2,1135.0,1135.0,756.7,627.9,112.2,1,0.917,131.2,1,0.671,486.5,1,1.000,0.182,2,1,24,VERDE,-141.3,491.3,0.000,1,322.0,,55.1
4399.617053,AVOID_APPROACH,pure-pursuit al punto de paso del pilar 24,22,25.00,142.80,PISTA,OK,2,546.5,1146.5,771.9,639.9,115.7,1,0.917,136.2,1,0.658,495.0,1,1.000,0.184,2,1,24,VERDE,-118.8,489.7,0.000,1,322.0,,82.9
4399.716802,AVOID_APPROACH,pure-pursuit al punto de paso del pilar 24,22,25.00,144.65,PISTA,OK,2,498.5,1178.0,793.4,659.0,117.5,1,0.861,139.5,1,0.589,504.0,1,0.986,0.183,2,1,24,VERDE,-101.2,484.3,0.000,1,322.0,,54.6
4399.816613,AVOID_APPROACH,pure-pursuit al punto de paso del pilar 24,21,25.00,145.50,PISTA,OK,2,482.0,1211.0,800.3,669.4,122.3,1,0.917,143.0,1,0.603,512.5,1,0.986,0.206,3,1,24,VERDE,-85.8,484.4,0.000,1,322.0,,81.9
4399.915606,AVOID_APPROACH,pure-pursuit al punto de paso del pilar 24,21,25.00,147.13,PISTA,OK,2,469.0,1257.5,821.8,693.1,126.1,1,0.917,146.5,1,0.616,520.0,1,1.000,0.198,3,1,24,VERDE,-72.5,478.0,0.000,1,322.0,,54.5
4400.015469,AVOID_APPROACH,pure-pursuit al punto de paso del pilar 24,21,25.00,148.91,PISTA,OK,2,462.5,1270.5,845.4,710.1,126.6,1,0.917,150.5,1,0.616,525.5,1,1.000,0.204,3,1,24,VERDE,-49.0,472.9,0.000,1,322.0,,81.5
4400.115698,AVOID_APPROACH,pure-pursuit al punto de paso del pilar 24,21,25.00,149.72,PISTA,OK,2,457.5,1324.5,869.0,721.4,130.7,1,0.944,153.8,1,0.575,531.5,1,0.986,0.197,3,1,24,VERDE,-42.2,465.6,0.000,1,322.0,,52.3
4400.214742,AVOID_APPROACH,pure-pursuit al punto de paso del pilar 24,21,24.36,151.27,PISTA,OK,2,451.0,1367.0,895.0,742.2,131.5,1,0.972,156.8,1,0.630,539.0,1,1.000,0.203,3,1,24,VERDE,-29.6,460.8,0.000,1,322.0,,79.3
4400.315677,AVOID_APPROACH,pure-pursuit al punto de paso del pilar 24,21,24.06,152.77,PISTA,OK,2,445.0,495.5,923.1,755.0,133.5,1,0.972,158.5,1,0.575,545.5,1,1.000,0.202,3,1,24,VERDE,-23.5,453.3,0.000,1,322.0,,54.1
4400.415986,AVOID_APPROACH,pure-pursuit al punto de paso del pilar 24,21,23.41,154.39,PISTA,OK,2,440.5,1387.0,958.5,774.7,136.8,1,1.000,162.5,1,0.562,553.0,1,0.986,0.199,4,1,24,VERDE,-15.8,449.9,0.000,1,322.0,,81.8
4400.515655,AVOID_APPROACH,pure-pursuit al punto de paso del pilar 24,21,22.57,155.97,PISTA,OK,2,437.5,1379.5,991.7,796.7,138.6,1,1.000,164.2,1,0.562,559.0,1,1.000,0.200,3,1,24,VERDE,-9.0,452.4,0.000,1,322.0,,50.9
4400.617126,AVOID_APPROACH,pure-pursuit al punto de paso del pilar 24,21,21.58,157.54,PISTA,OK,2,433.0,462.0,1047.8,816.5,141.1,1,0.944,166.2,1,0.603,566.0,1,1.000,0.204,3,1,24,VERDE,3.4,443.9,0.101,1,322.0,,84.1
4400.716925,AVOID_APPROACH,pure-pursuit al punto de paso del pilar 24,21,21.26,158.34,PISTA,OK,2,428.5,1369.5,1100.7,832.3,145.1,1,0.972,169.5,1,0.589,572.0,1,1.000,0.205,3,2,24,VERDE,9.6,435.4,0.201,1,322.0,,55.1
4400.817329,AVOID_APPROACH,pure-pursuit al punto de paso del pilar 24,21,20.26,159.91,PISTA,OK,2,425.0,1366.5,1157.7,857.7,148.4,1,1.000,173.0,1,0.644,579.5,1,1.000,0.210,3,2,24,VERDE,21.5,426.6,0.302,1,322.0,,80.0
4400.917517,AVOID_APPROACH,pure-pursuit al punto de paso del pilar 24,21,19.30,161.43,PISTA,OK,2,417.0,1359.5,1250.7,865.4,150.1,1,1.000,175.2,1,0.658,585.5,1,1.000,0.211,4,2,24,VERDE,32.8,417.4,0.402,1,322.0,,55.3
4401.018047,AVOID_APPROACH,pure-pursuit al punto de paso del pilar 30,21,15.30,163.13,PISTA,OK,2,412.0,1365.0,1325.2,880.1,152.8,1,1.000,177.8,1,0.658,592.0,1,1.000,0.214,5,2,30,VERDE,71.9,417.6,0.000,1,322.0,,83.0
4401.118374,AVOID_APPROACH,pure-pursuit al punto de paso del pilar 30,21,12.16,164.94,PISTA,OK,2,406.5,1350.0,1472.7,879.7,156.9,1,1.000,183.0,1,0.644,600.0,1,1.000,0.214,5,2,30,VERDE,90.2,412.3,0.000,1,322.0,,56.8
4401.218194,AVOID_APPROACH,pure-pursuit al punto de paso del pilar 30,21,10.52,165.81,PISTA,OK,2,435.0,1349.0,1648.0,885.6,158.9,1,0.972,187.0,1,0.616,607.0,1,1.000,0.218,5,2,30,VERDE,104.7,400.4,0.000,1,322.0,,81.0
4401.317350,AVOID_APPROACH,pure-pursuit al punto de paso del pilar 30,25,8.28,167.71,PISTA,OK,2,1341.0,1341.0,1875.9,886.8,160.2,1,0.944,190.2,1,0.671,617.0,1,1.000,0.217,5,2,30,VERDE,122.1,391.1,0.000,1,322.0,,56.5
4401.417333,AVOID_APPROACH,pure-pursuit al punto de paso del pilar 30,25,5.44,169.63,PISTA,OK,2,1334.0,1334.0,333.5,886.0,165.8,1,1.000,193.8,1,0.767,627.5,1,1.000,0.789,5,2,30,VERDE,142.7,380.6,0.000,1,322.0,,81.1
4401.517154,AVOID_APPROACH,pure-pursuit al punto de paso del pilar 30,25,3.87,171.57,PISTA,OK,2,1328.5,1328.5,2468.6,888.9,172.7,1,1.000,201.5,1,0.836,641.0,1,1.000,0.185,5,2,30,VERDE,154.0,369.2,0.000,1,322.0,,55.6
4401.617384,AVOID_APPROACH,pure-pursuit al punto de paso del pilar 30,25,0.47,173.16,PISTA,OK,2,1317.0,1317.0,602.7,889.0,179.1,1,0.972,209.0,1,0.753,655.0,1,1.000,0.208,5,2,30,VERDE,176.1,354.2,0.000,1,322.0,,81.9
4401.716143,AVOID_APPROACH,pure-pursuit al punto de paso del pilar 30,25,-0.51,173.64,PISTA,OK,2,1603.5,1603.5,605.8,889.4,187.5,1,0.917,216.5,1,0.795,667.0,1,1.000,0.208,4,1,30,VERDE,182.0,341.3,0.000,1,322.0,,55.0
4401.816412,AVOID_APPROACH,pure-pursuit al punto de paso del pilar 30,25,-1.32,174.68,PISTA,OK,2,1598.5,1598.5,554.2,886.2,196.4,1,0.972,224.5,1,0.781,681.0,1,1.000,0.211,4,1,30,VERDE,186.6,327.3,0.000,1,322.0,,80.6
4401.915670,AVOID_APPROACH,pure-pursuit al punto de paso del pilar 30,25,-1.94,175.22,PISTA,OK,2,2257.0,2257.0,294.5,889.7,204.2,1,0.972,233.5,1,0.767,693.0,1,1.000,0.798,4,1,30,VERDE,189.7,315.9,0.000,1,322.0,,53.9
4402.017272,AVOID_APPROACH,pure-pursuit al punto de paso del pilar 30,25,-2.81,175.65,PISTA,OK,2,1574.0,1574.0,285.0,890.8,213.2,1,0.917,240.0,1,0.753,704.5,1,1.000,0.801,4,1,30,VERDE,194.0,306.0,0.000,1,322.0,,83.9
4402.114562,AVOID_APPROACH,pure-pursuit al punto de paso del pilar 30,25,-3.54,175.80,PISTA,OK,2,1566.5,1566.5,276.0,891.0,220.5,1,0.944,247.5,1,0.795,716.5,1,1.000,0.802,5,1,30,VERDE,197.2,295.0,0.000,1,322.0,,52.9
4402.214439,AVOID_APPROACH,pure-pursuit al punto de paso del pilar 30,25,-3.98,176.02,PISTA,OK,2,1562.5,1562.5,269.0,891.2,231.4,1,0.889,257.5,1,0.795,726.0,1,1.000,0.802,5,1,30,VERDE,198.9,285.9,0.000,1,322.0,,80.0
4402.315299,AVOID_PASS,manteniendo rumbo mientras pasa el pilar 30,25,0.00,176.15,PISTA,OK,2,1547.0,1547.0,250.0,891.9,239.7,1,0.944,264.5,1,0.795,739.0,1,1.000,0.803,4,1,30,VERDE,197.8,275.4,0.000,1,0.0,,53.2
4402.414247,AVOID_PASS,manteniendo rumbo mientras pasa el pilar 30,25,0.03,176.12,PISTA,OK,2,1539.0,1539.0,239.5,892.0,250.1,1,0.917,274.0,1,0.822,748.0,1,1.000,0.805,4,1,30,VERDE,202.3,267.9,0.000,1,9.9,,78.1
4402.513139,AVOID_PASS,manteniendo rumbo mientras pasa el pilar 30,25,-0.07,176.12,PISTA,OK,2,1534.5,1534.5,229.5,892.1,260.4,1,0.944,284.0,1,0.836,757.0,1,1.000,0.801,4,1,30,VERDE,198.2,257.3,0.000,1,19.8,,48.9
4402.614383,AVOID_PASS,manteniendo rumbo mientras pasa el pilar 30,25,-2.07,176.12,PISTA,OK,2,1518.0,1518.0,219.0,891.6,268.3,1,0.944,291.5,1,0.836,768.0,1,1.000,0.802,4,1,30,VERDE,198.6,247.9,0.000,1,29.9,,76.2
4402.713962,AVOID_PASS,manteniendo rumbo mientras pasa el pilar 30,25,-4.10,176.15,PISTA,OK,2,1515.0,1515.0,208.5,891.8,278.2,1,0.889,300.0,1,0.877,778.0,1,1.000,0.803,4,1,30,VERDE,202.8,238.9,0.000,1,39.9,,53.5
4402.811967,AVOID_PASS,manteniendo rumbo mientras pasa el pilar 30,25,-5.65,176.19,PISTA,OK,2,1504.0,1504.0,200.5,891.7,288.5,1,0.889,309.0,1,0.904,787.5,1,1.000,0.804,4,1,30,VERDE,199.0,231.7,0.000,1,49.7,,78.9
4402.912850,AVOID_PASS,manteniendo rumbo mientras pasa el pilar 30,25,-6.14,176.22,PISTA,OK,2,1496.5,1496.5,198.0,891.9,298.4,1,0.917,317.5,1,0.904,798.5,1,1.000,0.802,4,1,30,VERDE,203.1,220.1,0.000,1,59.8,,51.1
4403.012781,AVOID_PASS,manteniendo rumbo mientras pasa el pilar 30,25,-7.67,176.23,PISTA,OK,2,1482.5,1482.5,190.0,891.2,307.3,1,0.944,327.0,1,0.890,809.0,1,1.000,0.804,5,1,30,VERDE,201.9,211.0,0.000,1,69.7,,81.1
4403.112611,AVOID_PASS,manteniendo rumbo mientras pasa el pilar 30,25,-9.21,176.10,PISTA,OK,2,1475.0,1475.0,181.5,891.3,317.2,1,0.972,335.5,1,0.945,819.5,1,1.000,0.804,5,2,30,VERDE,199.6,203.5,0.000,1,79.7,,52.1
4403.214145,AVOID_PASS,manteniendo rumbo mientras pasa el pilar 30,25,-10.38,175.94,PISTA,OK,2,1466.5,1466.5,175.0,890.5,327.6,1,0.972,344.5,1,0.932,829.0,1,1.000,0.805,5,2,30,VERDE,202.4,192.3,0.000,1,89.9,,83.3
4403.313919,AVOID_PASS,manteniendo rumbo mientras pasa el pilar 30,25,-11.16,175.76,AZUL,OK,2,1453.5,1453.5,170.5,890.0,334.8,1,0.972,352.0,1,0.945,836.0,1,1.000,0.805,5,2,30,VERDE,200.9,185.5,0.000,1,99.9,,48.1
4403.414327,AVOID_PASS,manteniendo rumbo mientras pasa el pilar 30,25,-11.63,175.22,AZUL,OK,2,1449.0,1449.0,167.0,889.4,356.2,1,1.000,374.5,1,0.932,846.0,1,1.000,0.806,5,2,30,VERDE,198.4,177.7,0.000,1,109.9,,77.6
4403.515291,AVOID_PASS,manteniendo rumbo mientras pasa el pilar 30,25,-12.50,174.57,PISTA,OK,2,1441.2,1441.2,161.5,887.7,369.0,1,0.972,388.0,1,0.945,853.0,1,1.000,0.808,5,2,30,VERDE,194.8,171.1,0.000,1,120.0,,54.3
4403.615624,AVOID_PASS,manteniendo rumbo mientras pasa el pilar 30,25,-12.85,173.75,PISTA,OK,2,2099.5,2099.5,158.5,886.7,796.4,1,0.972,947.5,1,0.959,858.0,1,1.000,0.807,5,2,30,VERDE,189.3,165.5,0.000,1,130.0,,78.9
4403.715372,AVOID_PASS,manteniendo rumbo mientras pasa el pilar 30,25,-8.85,172.78,PISTA,OK,2,2090.0,2090.0,279.9,885.7,799.7,1,1.000,952.5,1,0.904,863.0,1,1.000,0.229,5,2,30,VERDE,185.7,158.2,0.000,1,140.0,,54.5
4403.816754,AVOID_PASS,manteniendo rumbo mientras pasa el pilar 30,25,-12.85,171.80,PISTA,OK,2,2080.5,2080.5,148.0,884.4,802.1,1,1.000,969.0,1,0.849,870.5,1,1.000,0.808,5,2,30,VERDE,179.7,153.0,0.000,1,150.1,,83.6
4403.916299,AVOID_PASS,manteniendo rumbo mientras pasa el pilar 30,25,-15.03,171.32,PISTA,OK,2,2073.0,2073.0,146.0,881.5,802.4,1,1.000,983.5,1,0.890,872.0,1,1.000,0.790,6,2,30,VERDE,178.4,144.5,0.100,1,160.1,,56.2
4404.015074,AVOID_PASS,manteniendo rumbo mientras pasa el pilar 30,25,-11.03,170.46,PISTA,OK,2,2063.0,2063.0,444.6,880.5,807.7,1,1.000,999.0,1,0.863,875.2,1,1.000,0.207,5,2,30,VERDE,176.2,137.3,0.198,1,170.0,,79.2
4404.115311,AVOID_PASS,manteniendo rumbo mientras pasa el pilar 30,25,-15.03,169.49,PISTA,OK,2,1112.5,2055.0,141.0,880.1,805.6,1,1.000,1016.5,1,0.822,874.2,1,1.000,0.790,5,2,30,VERDE,173.8,130.3,0.299,1,180.0,,54.8
4404.215229,AVOID_PASS,manteniendo rumbo mientras pasa el pilar 30,25,-14.69,168.25,PISTA,OK,2,1086.5,2046.5,145.0,880.5,803.2,1,0.972,1040.5,1,0.808,877.8,1,1.000,0.791,5,2,30,VERDE,171.0,124.0,0.398,1,190.0,,83.2
4404.312896,AVOID_PASS,manteniendo rumbo mientras pasa el pilar 30,25,-15.43,167.08,PISTA,OK,2,1077.0,2041.5,141.5,880.3,809.7,1,0.972,1055.5,1,0.836,874.0,1,1.000,0.794,5,2,30,VERDE,171.0,124.0,0.398,0,199.8,,52.2
4404.414213,AVOID_PASS,manteniendo rumbo mientras pasa el pilar 30,25,-15.75,166.42,PISTA,OK,2,1067.0,2035.0,140.0,879.7,808.9,1,0.972,281.5,1,0.822,873.8,1,1.000,0.793,5,2,30,VERDE,171.0,124.0,0.398,0,209.9,,84.1
4404.513651,AVOID_PASS,manteniendo rumbo mientras pasa el pilar 30,25,-11.75,165.17,PISTA,OK,2,1056.5,2027.5,247.4,879.9,808.9,1,0.972,1098.5,1,0.753,875.0,1,1.000,0.212,5,2,30,VERDE,171.0,124.0,0.398,0,219.8,,53.0
4404.611624,AVOID_PASS,manteniendo rumbo mientras pasa el pilar 30,25,-7.75,163.93,PISTA,OK,2,1047.5,2025.5,187.1,879.8,806.9,1,0.972,145.0,1,0.808,876.8,1,1.000,0.219,5,2,30,VERDE,171.0,124.0,0.398,0,229.6,,77.7
4404.712603,AVOID_PASS,manteniendo rumbo mientras pasa el pilar 30,25,-3.75,162.49,PISTA,OK,2,1041.5,1889.5,214.8,880.8,806.9,1,0.972,142.0,1,0.808,879.5,1,1.000,0.215,5,2,30,VERDE,171.0,124.0,0.398,0,239.7,,49.8
4404.812555,AVOID_PASS,manteniendo rumbo mientras pasa el pilar 30,25,-7.75,161.01,PISTA,OK,2,1030.5,1829.5,154.8,883.8,804.8,1,0.972,145.0,1,0.849,886.0,1,1.000,0.824,5,2,30,VERDE,171.0,124.0,0.398,0,249.7,,82.4
4404.911371,AVOID_PASS,manteniendo rumbo mientras pasa el pilar 30,25,-7.91,160.42,PISTA,OK,2,1020.0,1020.0,160.5,886.3,802.4,1,1.000,147.5,1,0.781,888.5,1,1.000,0.811,5,2,30,VERDE,171.0,124.0,0.398,0,259.6,,52.0
4405.011423,AVOID_PASS,manteniendo rumbo mientras pasa el pilar 30,25,-6.17,159.36,PISTA,OK,2,1003.5,1659.0,164.5,886.5,804.0,1,0.972,151.5,1,0.945,888.5,1,1.000,0.803,7,2,30,VERDE,171.0,124.0,0.398,0,269.6,,77.6
4405.110753,AVOID_PASS,manteniendo rumbo mientras pasa el pilar 30,25,-3.01,158.16,NARANJA,OK,2,996.5,1008.0,172.0,887.7,807.1,1,1.000,157.5,1,0.945,893.0,1,1.000,0.787,6,2,30,VERDE,171.0,124.0,0.398,0,279.5,,49.5
4405.210026,AVOID_PASS,manteniendo rumbo mientras pasa el pilar 30,25,0.57,157.03,NARANJA,OK,2,984.0,1553.0,180.2,888.6,807.9,1,0.972,162.5,1,0.973,896.5,1,1.000,0.715,5,2,30,VERDE,171.0,124.0,0.398,0,289.5,,79.5
4405.310123,AVOID_PASS,manteniendo rumbo mientras pasa el pilar 30,25,3.69,156.49,NARANJA,OK,2,979.5,1479.5,187.7,892.3,809.7,1,1.000,168.5,1,0.849,896.0,1,1.000,0.745,5,2,30,VERDE,171.0,124.0,0.398,0,299.5,,51.4
4405.409078,AVOID_PASS,manteniendo rumbo mientras pasa el pilar 30,25,6.68,155.41,PISTA,OK,2,968.5,1426.0,193.8,894.4,812.6,1,0.972,170.5,1,0.849,900.2,1,0.986,0.728,4,2,30,VERDE,171.0,124.0,0.398,0,309.4,,79.4
4405.508118,AVOID_PASS,manteniendo rumbo mientras pasa el pilar 30,25,9.56,154.78,PISTA,OK,2,959.0,1399.5,200.0,895.1,817.1,1,1.000,175.0,1,0.877,896.0,1,1.000,0.668,4,2,30,VERDE,171.0,124.0,0.398,0,319.3,,48.9
4405.607916,RECENTER,reincorporacion tras 329 mm de sobrepaso estimado,25,5.56,154.60,PISTA,OK,2,950.0,1381.5,205.9,891.8,824.9,1,1.000,178.0,1,0.877,897.2,1,1.000,0.622,4,2,30,VERDE,171.0,124.0,0.398,0,329.3,,81.4
4405.706796,RECENTER,reincorporando por posicion lateral,25,1.56,154.93,PISTA,OK,2,942.0,1367.0,208.6,887.8,831.4,1,1.000,181.0,1,0.904,896.0,1,1.000,0.661,3,2,30,VERDE,171.0,124.0,0.398,0,329.3,,47.3
4405.806976,RECENTER,reincorporando por posicion lateral,25,-2.44,155.12,PISTA,OK,2,931.0,1386.0,207.6,879.9,838.8,1,0.972,182.2,1,0.945,884.5,1,1.000,0.770,3,2,30,VERDE,171.0,124.0,0.398,0,329.3,,80.5
4405.906485,RECENTER,reincorporando por posicion lateral,25,-6.44,155.59,PISTA,OK,2,922.5,1382.5,210.7,869.7,850.7,1,1.000,186.0,1,0.959,115.0,1,0.986,0.723,3,2,30,VERDE,171.0,124.0,0.398,0,329.3,,45.6
4406.006647,RECENTER,reincorporando por posicion lateral,25,-10.44,155.98,PISTA,OK,2,915.0,1423.0,212.4,860.8,862.2,1,0.972,187.8,1,0.959,110.5,1,0.959,0.814,3,2,30,VERDE,171.0,124.0,0.398,0,329.3,,78.8
4406.107929,RECENTER,reincorporando por posicion lateral,25,-14.44,156.13,PISTA,OK,2,902.0,1429.8,215.5,854.8,872.0,1,0.972,191.8,1,0.945,113.0,1,0.959,0.802,3,2,30,VERDE,171.0,124.0,0.398,0,329.3,,49.0
4406.208372,RECENTER,reincorporando por posicion lateral,25,-10.44,155.75,PISTA,OK,2,894.0,1423.5,220.4,743.7,878.5,1,1.000,197.0,1,0.986,110.5,1,0.932,0.215,3,2,30,VERDE,171.0,124.0,0.398,0,329.3,,81.9
4406.308085,RECENTER,reincorporando por posicion lateral,25,-6.44,155.29,PISTA,OK,2,885.5,1413.0,228.5,744.2,881.2,1,0.944,201.0,1,0.945,102.5,1,0.973,0.213,4,2,30,VERDE,171.0,124.0,0.398,0,329.3,,47.7
4406.409631,RECENTER,reincorporando por posicion lateral,25,-10.44,154.04,PISTA,OK,2,876.5,1347.5,237.6,815.4,883.0,1,1.000,207.2,1,0.932,100.0,1,0.986,0.567,4,2,30,VERDE,171.0,124.0,0.398,0,329.3,,80.1
4406.509403,RECENTER,reincorporando por posicion lateral,25,-14.44,152.77,PISTA,OK,2,867.0,1312.5,247.2,810.3,883.7,1,0.944,212.5,1,0.973,97.5,1,0.986,0.502,4,2,30,VERDE,171.0,124.0,0.398,0,329.3,,48.9
4406.609922,RECENTER,reincorporando por posicion lateral,25,-18.44,151.83,PISTA,OK,2,860.0,1259.5,253.6,813.8,203.1,1,0.972,217.0,1,0.973,95.5,1,0.932,0.541,4,2,30,VERDE,171.0,124.0,0.398,0,329.3,,80.9
4406.709587,RECENTER,reincorporando por posicion lateral,25,-14.44,151.27,PISTA,OK,2,855.0,1247.0,261.7,717.6,207.2,1,0.889,222.5,1,0.918,95.0,1,0.973,0.215,4,2,30,VERDE,171.0,124.0,0.398,0,329.3,,48.9
4406.811357,RECENTER,reincorporando por posicion lateral,25,-10.44,150.31,PISTA,OK,2,856.0,1226.0,271.8,710.6,208.5,1,0.972,228.0,1,0.973,96.0,1,0.986,0.218,4,2,30,VERDE,171.0,124.0,0.398,0,329.3,,78.4
4406.911408,RECENTER,reincorporando por posicion lateral,25,-6.44,148.70,PISTA,OK,2,1174.0,1174.0,285.6,697.7,210.5,1,0.972,237.0,1,0.973,96.5,1,0.973,0.219,4,2,30,VERDE,171.0,124.0,0.398,0,329.3,,51.7
4407.011936,RECENTER,reincorporando por posicion lateral,25,-2.44,147.06,PISTA,OK,2,1123.0,1123.0,301.9,693.3,214.2,1,0.944,246.0,1,0.973,95.8,1,0.932,0.217,4,2,30,VERDE,171.0,124.0,0.398,0,329.3,,77.4
4407.111456,RECENTER,reincorporando por posicion lateral,25,1.56,145.34,PISTA,OK,2,1074.5,1074.5,316.7,682.9,219.1,1,0.972,253.0,1,0.986,94.5,1,0.945,0.211,5,2,30,VERDE,171.0,124.0,0.398,0,329.3,,51.4
4407.211112,RECENTER,reincorporando por posicion lateral,25,5.56,143.91,PISTA,OK,2,1029.5,1029.5,332.3,688.1,224.4,1,0.972,261.5,1,0.986,96.0,1,0.918,0.210,5,2,30,VERDE,171.0,124.0,0.398,0,329.3,,79.9
4407.312701,RECENTER,reincorporando por posicion lateral,25,9.56,143.52,PISTA,OK,2,1003.0,1003.0,344.3,671.3,226.5,1,0.944,266.0,1,0.973,100.0,1,0.959,0.208,5,2,30,VERDE,171.0,124.0,0.398,0,329.3,,53.8
4407.410171,RECENTER,reincorporando por posicion lateral,25,13.56,142.92,PISTA,OK,2,984.0,984.0,355.5,673.5,228.5,1,0.944,271.5,1,0.973,103.0,1,0.932,0.200,4,1,30,VERDE,171.0,124.0,0.398,0,329.3,,76.2
4407.510852,RECENTER,reincorporando por posicion lateral,25,9.56,142.81,PISTA,OK,2,971.0,971.0,361.9,905.4,235.9,1,0.972,277.8,1,0.986,108.5,1,0.959,0.827,4,1,30,VERDE,171.0,124.0,0.398,0,329.3,,51.4
4407.609241,RECENTER,reincorporando por posicion lateral,25,5.56,143.35,PISTA,OK,2,959.0,959.0,364.8,884.5,240.0,1,1.000,282.5,1,1.000,114.5,1,0.945,0.888,4,1,30,VERDE,171.0,124.0,0.398,0,329.3,,78.8
4407.708196,RECENTER,reincorporando por posicion lateral,25,1.56,144.22,PISTA,OK,2,959.5,959.5,363.8,865.8,242.5,1,1.000,285.8,1,1.000,121.0,1,0.945,0.866,4,1,30,VERDE,171.0,124.0,0.398,0,329.3,,45.4
4407.809164,RECENTER,reincorporando por posicion lateral,25,-2.44,145.07,PISTA,OK,2,989.0,989.0,360.8,849.3,251.9,1,1.000,289.5,1,0.986,129.5,1,0.959,0.921,4,1,30,VERDE,171.0,124.0,0.398,0,329.3,,81.8
4407.907063,RECENTER,reincorporando por posicion lateral,25,-6.44,145.42,PISTA,OK,2,993.5,993.5,360.6,834.1,254.3,1,1.000,291.5,1,0.986,137.8,1,1.000,0.904,4,1,30,VERDE,171.0,124.0,0.398,0,329.3,,42.4
4408.006741,RECENTER,reincorporando por posicion lateral,25,-10.44,146.23,PISTA,OK,2,1016.5,1016.5,362.3,820.0,133.1,1,0.972,297.0,1,0.986,145.5,1,0.986,0.882,4,1,30,VERDE,171.0,124.0,0.398,0,329.3,,77.6
4408.107651,RECENTER,reincorporando por posicion lateral,25,-14.44,146.41,PISTA,OK,2,1012.0,1012.0,367.2,811.1,140.1,1,0.972,300.5,1,1.000,152.5,1,0.973,0.861,4,1,30,VERDE,171.0,124.0,0.398,0,329.3,,47.8
4408.206169,RECENTER,reincorporando por posicion lateral,25,-18.44,146.28,PISTA,OK,2,1013.5,1013.5,374.9,806.0,132.9,1,0.944,307.0,1,1.000,160.5,1,0.959,0.818,4,1,30,VERDE,171.0,124.0,0.398,0,329.3,,78.0
4408.308634,RECENTER,reincorporando por posicion lateral,25,-20.00,145.52,PISTA,OK,2,988.5,988.5,395.1,800.9,139.3,1,0.972,313.5,1,1.000,168.0,1,0.986,0.467,3,1,30,VERDE,171.0,124.0,0.398,0,329.3,,46.5
4408.408943,RECENTER,reincorporando por posicion lateral,25,-20.00,144.88,PISTA,OK,2,979.5,979.5,409.5,798.3,141.7,1,0.944,320.5,1,0.986,173.0,1,0.973,0.426,4,1,30,VERDE,171.0,124.0,0.398,0,329.3,,80.5
4408.509013,RECENTER,reincorporando por posicion lateral,25,-20.00,143.38,PISTA,OK,2,940.0,940.0,416.9,796.5,147.9,1,0.944,327.0,1,1.000,180.0,1,0.959,0.662,4,1,30,VERDE,171.0,124.0,0.398,0,329.3,,49.7
4408.609229,RECENTER,reincorporando por posicion lateral,25,-20.00,141.76,PISTA,OK,2,913.0,913.0,437.4,790.2,151.5,1,0.944,335.0,1,1.000,183.0,1,0.959,0.535,4,1,30,VERDE,171.0,124.0,0.398,0,329.3,,74.6
4408.710481,RECENTER,reincorporando por posicion lateral,25,-19.03,140.10,PISTA,OK,2,882.5,882.5,457.0,784.1,154.4,1,1.000,343.5,1,1.000,188.5,1,0.986,0.421,4,1,30,VERDE,171.0,124.0,0.398,0,329.3,,51.1
4408.810819,RECENTER,reincorporando por posicion lateral,25,-15.03,138.25,PISTA,OK,2,846.5,846.5,479.4,784.0,158.1,1,0.972,352.0,1,1.000,191.5,1,0.959,0.281,4,1,30,VERDE,171.0,124.0,0.398,0,329.3,,81.1
4408.910768,RECENTER,reincorporando por posicion lateral,24,-11.03,137.38,PISTA,OK,2,818.5,818.5,502.4,786.1,163.8,1,1.000,359.0,1,1.000,198.0,1,0.986,0.216,3,1,30,VERDE,171.0,124.0,0.398,0,329.3,,45.9
4409.010905,RECENTER,reincorporando por posicion lateral,24,-7.03,135.66,PISTA,OK,2,784.5,784.5,524.3,789.1,165.9,1,0.917,364.2,1,1.000,201.5,1,0.932,0.212,3,1,30,VERDE,171.0,124.0,0.398,0,329.3,,80.1
4409.111890,RECENTER,reincorporando por posicion lateral,24,-3.03,133.83,PISTA,OK,2,762.5,762.5,548.1,785.2,170.8,1,0.972,372.0,1,0.986,206.2,1,0.959,0.206,3,1,30,VERDE,171.0,124.0,0.398,0,329.3,,54.1
4409.211850,CRUISE,reincorporacion verificada,24,0.97,132.05,PISTA,OK,2,728.5,728.5,575.4,790.0,176.9,1,1.000,380.5,1,1.000,211.5,1,0.959,0.206,3,1,,,,,,0,329.3,,81.1
4409.309683,AVOID_APPROACH,pure-pursuit al punto de paso del pilar 38,23,4.97,131.37,PISTA,OK,2,711.5,711.5,589.9,788.5,179.4,1,0.917,385.5,1,1.000,216.0,1,0.932,0.200,3,1,38,VERDE,-408.3,517.7,0.000,1,329.3,,48.5
4409.410761,AVOID_APPROACH,pure-pursuit al punto de paso del pilar 38,23,8.97,130.29,PISTA,OK,2,689.5,689.5,605.9,783.9,184.3,1,1.000,392.5,1,0.986,220.0,1,0.986,0.199,3,1,38,VERDE,-417.9,503.0,0.000,1,329.3,,79.7
4409.508387,AVOID_APPROACH,pure-pursuit al punto de paso del pilar 38,23,12.97,129.61,PISTA,OK,2,673.0,673.0,614.6,785.9,186.8,1,0.917,399.5,1,1.000,227.0,1,0.945,0.196,3,1,38,VERDE,-422.6,492.2,0.000,1,329.3,,48.7
4409.608542,AVOID_APPROACH,pure-pursuit al punto de paso del pilar 38,23,16.97,129.38,PISTA,OK,2,664.5,664.5,620.2,782.7,193.7,1,0.972,406.0,1,1.000,235.5,1,0.932,0.196,3,1,38,VERDE,-421.4,485.1,0.000,1,329.3,,81.1
4409.709066,AVOID_APPROACH,pure-pursuit al punto de paso del pilar 38,23,20.97,129.70,PISTA,OK,2,657.5,657.5,627.5,770.9,199.9,1,0.944,410.8,1,1.000,240.2,1,0.932,0.197,2,1,38,VERDE,-415.9,480.6,0.000,1,329.3,,48.0
4409.807118,AVOID_APPROACH,pure-pursuit al punto de paso del pilar 38,23,24.97,130.28,PISTA,OK,2,655.5,655.5,631.1,766.6,204.4,1,0.944,418.5,1,1.000,249.0,1,0.932,0.197,2,1,38,VERDE,-409.4,475.4,0.000,1,329.3,,77.6
4409.906575,AVOID_APPROACH,pure-pursuit al punto de paso del pilar 38,23,25.00,131.13,PISTA,OK,2,653.8,653.8,628.6,759.2,211.3,1,0.972,423.5,1,1.000,257.5,1,0.959,0.198,2,1,38,VERDE,-400.8,473.4,0.000,1,329.3,,48.7
4410.005974,AVOID_APPROACH,pure-pursuit al punto de paso del pilar 38,23,25.00,132.56,PISTA,OK,2,656.8,656.8,627.9,757.1,223.1,1,0.944,427.5,1,1.000,266.0,1,0.945,0.237,2,1,38,VERDE,-387.0,476.5,0.000,1,329.3,,80.0
4410.105208,AVOID_APPROACH,pure-pursuit al punto de paso del pilar 38,23,25.00,134.32,PISTA,OK,2,662.5,662.5,620.3,728.7,231.1,1,0.917,431.5,1,1.000,270.0,1,0.932,0.280,2,1,38,VERDE,-370.7,478.7,0.000,1,329.3,,47.1
4410.204604,AVOID_APPROACH,pure-pursuit al punto de paso del pilar 38,23,25.00,135.21,PISTA,OK,2,673.0,673.0,614.2,729.3,240.9,1,0.889,433.5,1,1.000,279.0,1,0.945,0.332,2,1,38,VERDE,-354.1,480.5,0.000,1,329.3,,79.7
4410.304366,AVOID_APPROACH,pure-pursuit al punto de paso del pilar 38,23,25.00,137.05,PISTA,OK,2,683.0,683.0,608.9,719.9,250.1,1,0.917,435.5,1,1.000,285.5,1,0.959,0.453,2,1,38,VERDE,-338.4,484.2,0.000,1,329.3,,42.7
4410.403986,AVOID_APPROACH,pure-pursuit al punto de paso del pilar 38,23,25.00,138.81,PISTA,OK,2,699.5,699.5,596.9,707.3,260.5,1,0.972,436.2,1,1.000,293.0,1,0.973,0.565,2,1,38,VERDE,-317.2,489.7,0.000,1,329.3,,79.2
4410.505163,AVOID_APPROACH,pure-pursuit al punto de paso del pilar 38,23,25.00,139.59,PISTA,OK,2,708.5,708.5,587.0,709.7,270.5,1,0.944,438.5,1,1.000,300.0,1,0.945,0.768,2,1,38,VERDE,-300.2,491.4,0.000,1,329.3,,47.3
4410.605201,AVOID_APPROACH,pure-pursuit al punto de paso del pilar 38,23,25.00,141.25,PISTA,OK,2,725.5,725.5,577.1,692.3,281.4,1,0.972,439.8,1,1.000,308.0,1,0.959,0.748,2,1,38,VERDE,-286.6,489.7,0.000,1,329.3,,77.6
4410.704945,AVOID_APPROACH,pure-pursuit al punto de paso del pilar 38,24,25.00,143.03,PISTA,OK,2,741.0,741.0,568.6,680.5,291.3,1,1.000,441.0,1,1.000,316.0,1,0.959,0.758,3,1,38,VERDE,-267.1,492.5,0.000,1,329.3,,42.2
4410.806362,AVOID_APPROACH,pure-pursuit al punto de paso del pilar 38,24,25.00,144.84,PISTA,OK,2,757.0,757.0,559.1,670.7,300.4,1,0.944,441.8,1,1.000,322.0,1,0.959,0.816,3,1,38,VERDE,-250.4,492.6,0.000,1,329.3,,80.3
4410.906309,AVOID_APPROACH,pure-pursuit al punto de paso del pilar 38,24,25.00,145.82,PISTA,OK,2,784.0,784.0,551.9,658.2,310.6,1,0.944,441.5,1,1.000,330.5,1,0.973,0.761,3,1,38,VERDE,-231.5,494.3,0.000,1,329.3,,43.9
4411.006616,AVOID_APPROACH,pure-pursuit al punto de paso del pilar 38,24,25.00,147.67,PISTA,OK,2,807.5,807.5,536.1,644.6,320.1,1,0.944,440.2,1,1.000,336.8,1,0.973,0.847,3,1,38,VERDE,-212.4,494.0,0.000,1,329.3,,77.8
4411.107369,AVOID_APPROACH,pure-pursuit al punto de paso del pilar 38,24,25.00,149.62,PISTA,OK,2,830.0,830.0,528.3,632.2,403.4,1,0.944,439.5,1,1.000,642.5,1,0.959,0.783,3,1,38,VERDE,-195.4,491.0,0.000,1,329.3,,47.5
4411.207713,AVOID_APPROACH,pure-pursuit al punto de paso del pilar 38,25,25.00,151.48,PISTA,OK,2,856.5,856.5,513.0,621.7,409.2,1,0.944,439.5,1,0.986,635.5,1,0.945,0.890,3,1,38,VERDE,-175.6,491.4,0.000,1,329.3,,80.5
4411.307294,AVOID_APPROACH,pure-pursuit al punto de paso del pilar 38,25,25.00,153.57,PISTA,OK,2,885.5,885.5,503.3,612.8,417.8,1,0.972,438.0,1,0.986,621.0,1,0.973,0.896,3,1,38,VERDE,-155.2,488.8,0.000,1,329.3,,48.9
4411.407313,AVOID_APPROACH,pure-pursuit al punto de paso del pilar 38,25,25.00,154.60,PISTA,OK,2,911.5,911.5,492.9,603.7,429.6,1,0.944,437.5,1,0.973,616.0,1,0.973,0.883,3,1,38,VERDE,-137.9,484.5,0.000,1,329.3,,79.6
4411.508472,AVOID_APPROACH,pure-pursuit al punto de paso del pilar 38,25,25.00,156.47,PISTA,OK,2,961.0,961.0,503.3,596.4,440.7,1,0.972,437.2,1,0.986,602.0,1,0.945,0.454,3,1,38,VERDE,-116.0,481.5,0.000,1,329.3,,51.0
4411.606569,AVOID_APPROACH,pure-pursuit al punto de paso del pilar 38,21,25.00,158.54,PISTA,OK,2,488.0,988.5,498.9,590.4,443.2,1,0.972,434.0,1,0.986,590.0,1,0.986,0.222,3,1,38,VERDE,-95.0,477.0,0.000,1,329.3,,76.1
4411.707161,AVOID_APPROACH,pure-pursuit al punto de paso del pilar 38,21,25.00,160.38,PISTA,OK,2,481.0,1045.5,467.7,585.2,452.2,1,0.972,431.5,1,0.986,583.0,1,0.973,0.873,3,1,38,VERDE,-82.3,472.4,0.000,1,329.3,,49.3
4411.805835,AVOID_APPROACH,pure-pursuit al punto de paso del pilar 38,21,25.00,161.20,PISTA,OK,2,470.0,1093.5,460.7,580.8,455.4,1,0.972,431.8,1,0.986,580.0,1,0.945,0.879,3,1,38,VERDE,-64.3,469.5,0.000,1,329.3,,76.6
4411.905046,AVOID_APPROACH,pure-pursuit al punto de paso del pilar 38,21,25.00,162.84,PISTA,OK,2,464.0,1149.5,458.7,577.7,471.8,1,0.972,429.5,1,0.986,573.5,1,1.000,0.931,3,1,38,VERDE,-50.1,466.5,0.000,1,329.3,,42.2
4412.004838,AVOID_APPROACH,pure-pursuit al punto de paso del pilar 38,21,24.90,164.53,PISTA,OK,2,458.0,1206.5,453.3,576.0,476.5,1,0.972,428.2,1,0.973,569.5,1,0.973,0.928,3,1,38,VERDE,-35.0,461.0,0.000,1,329.3,,79.5
4412.105803,AVOID_APPROACH,pure-pursuit al punto de paso del pilar 38,21,23.76,166.05,PISTA,OK,2,453.5,1304.0,448.0,573.3,477.2,1,0.944,425.5,1,0.973,565.5,1,0.973,0.917,3,1,38,VERDE,-21.8,456.2,0.000,1,329.3,,48.0
4412.204213,AVOID_APPROACH,pure-pursuit al punto de paso del pilar 38,21,23.57,167.48,PISTA,OK,2,447.5,1397.0,443.4,572.5,485.3,1,0.972,424.5,1,0.973,562.5,1,0.973,0.912,3,1,38,VERDE,-16.9,448.9,0.000,1,329.3,,77.6
4412.303217,AVOID_APPROACH,pure-pursuit al punto de paso del pilar 38,21,22.92,168.30,PISTA,OK,2,440.5,1470.0,438.7,571.2,492.7,1,0.972,421.0,1,0.973,560.5,1,0.973,0.925,4,1,38,VERDE,-7.7,441.6,0.000,1,329.3,,42.6
4412.402718,AVOID_APPROACH,pure-pursuit al punto de paso del pilar 38,21,21.97,169.85,PISTA,OK,2,445.0,1465.5,433.7,571.7,500.5,1,0.972,419.0,1,1.000,560.8,1,0.959,0.918,4,1,38,VERDE,4.2,433.3,0.100,1,329.3,,76.2
4412.502011,AVOID_APPROACH,pure-pursuit al punto de paso del pilar 38,21,21.00,171.40,PISTA,OK,2,436.5,1457.0,428.4,571.1,516.9,1,0.972,416.5,1,0.959,559.0,1,0.973,0.913,3,2,38,VERDE,16.0,424.7,0.199,1,329.3,,42.7
4412.601775,AVOID_APPROACH,pure-pursuit al punto de paso del pilar 38,21,19.90,173.10,PISTA,OK,2,431.0,1452.5,424.7,572.0,521.8,1,0.972,414.0,1,0.986,560.0,1,1.000,0.903,3,2,38,VERDE,28.6,415.6,0.299,1,329.3,,78.6
4412.701375,AVOID_APPROACH,pure-pursuit al punto de paso del pilar 38,21,18.91,174.65,PISTA,OK,2,424.5,1447.0,420.2,573.1,541.9,1,0.917,410.5,1,0.973,561.5,1,0.986,0.913,3,2,38,VERDE,39.8,406.3,0.398,1,329.3,,42.5
4412.800814,AVOID_APPROACH,pure-pursuit al punto de paso del pilar 44,21,14.99,175.49,PISTA,OK,2,419.0,1441.5,416.3,575.2,559.1,1,0.861,409.0,1,0.973,562.0,1,0.959,0.906,3,2,44,VERDE,66.8,419.0,0.000,1,329.3,,77.8
4412.901276,AVOID_APPROACH,pure-pursuit al punto de paso del pilar 44,21,13.15,177.18,PISTA,OK,2,415.5,1437.0,411.3,577.9,913.8,1,0.861,405.0,1,0.945,565.8,1,0.959,0.881,3,2,44,VERDE,82.9,411.2,0.000,1,329.3,,43.3
4413.002018,AVOID_APPROACH,pure-pursuit al punto de paso del pilar 44,25,10.72,178.78,PISTA,OK,2,1430.5,1430.5,406.7,580.8,865.4,1,0.889,400.0,1,0.918,568.8,1,0.986,0.905,3,2,44,VERDE,103.0,401.5,0.000,1,329.3,,75.1
4413.101727,AVOID_APPROACH,pure-pursuit al punto de paso del pilar 44,25,9.07,180.61,PISTA,OK,2,1426.0,1426.0,402.5,584.9,890.4,1,0.917,396.5,1,0.973,572.5,1,0.973,0.876,3,2,44,VERDE,116.5,391.6,0.000,1,329.3,,43.1
4413.201978,AVOID_APPROACH,pure-pursuit al punto de paso del pilar 44,25,7.16,182.58,PISTA,OK,2,1420.5,1420.5,396.7,589.8,809.7,1,0.917,392.0,1,0.959,577.0,1,0.986,0.885,3,2,44,VERDE,131.0,381.8,0.000,1,329.3,,78.5
4413.302939,AVOID_APPROACH,pure-pursuit al punto de paso del pilar 44,25,4.74,183.54,PISTA,OK,2,1413.5,1413.5,392.6,596.3,795.4,1,0.917,388.0,1,0.959,582.0,1,0.986,0.868,3,2,44,VERDE,148.5,368.4,0.000,1,329.3,,42.3
4413.403146,AVOID_APPROACH,pure-pursuit al punto de paso del pilar 44,25,2.02,185.21,PISTA,OK,2,1404.0,1404.0,388.2,601.9,766.7,1,0.972,380.5,1,0.973,586.0,1,1.000,0.874,3,3,44,VERDE,166.4,357.3,0.000,1,329.3,,72.6
4413.502918,AVOID_APPROACH,pure-pursuit al punto de paso del pilar 44,25,-0.55,186.63,PISTA,OK,2,1394.5,1394.5,384.2,608.6,749.1,1,0.944,376.0,1,0.973,591.8,1,0.986,0.879,3,3,44,VERDE,182.3,343.7,0.000,1,329.3,,46.6
4413.604765,AVOID_APPROACH,pure-pursuit al punto de paso del pilar 44,25,-1.08,187.73,PISTA,OK,2,1386.0,1386.0,381.1,614.1,750.3,1,0.944,372.0,1,0.959,597.0,1,0.986,0.875,2,2,44,VERDE,185.3,333.7,0.000,1,329.3,,79.9
4413.706511,AVOID_APPROACH,pure-pursuit al punto de paso del pilar 44,25,-1.42,188.19,PISTA,OK,2,1377.5,1377.5,378.7,619.2,744.6,1,1.000,369.5,1,0.986,600.0,1,1.000,0.902,2,2,44,VERDE,186.9,320.2,0.000,1,329.3,,44.8
4413.804660,AVOID_APPROACH,pure-pursuit al punto de paso del pilar 44,25,-2.58,188.38,PISTA,OK,2,1368.5,1368.5,376.0,622.2,736.0,1,1.000,370.5,1,0.973,602.5,1,1.000,0.883,2,2,44,VERDE,193.0,310.8,0.000,1,329.3,,77.7
4413.905528,AVOID_APPROACH,pure-pursuit al punto de paso del pilar 44,25,-3.17,188.72,PISTA,OK,2,1359.5,1359.5,374.3,625.4,738.1,1,0.972,366.2,1,0.945,604.5,1,1.000,0.891,2,2,44,VERDE,195.6,301.0,0.000,1,329.3,,47.6
4414.005505,AVOID_APPROACH,pure-pursuit al punto de paso del pilar 44,25,-3.34,189.02,PISTA,OK,2,1353.0,1353.0,372.6,628.9,733.1,1,1.000,364.5,1,0.959,607.5,1,1.000,0.896,2,2,44,VERDE,196.0,290.6,0.000,1,329.3,,71.2
4414.103354,AVOID_PASS,manteniendo rumbo mientras pasa el pilar 44,25,0.00,189.12,PISTA,OK,2,1343.0,1343.0,369.5,632.2,730.7,1,0.972,363.0,1,0.932,612.0,1,1.000,0.904,2,2,44,VERDE,201.1,279.7,0.000,1,0.0,,46.3
4414.204494,AVOID_PASS,manteniendo rumbo mientras pasa el pilar 44,25,-0.03,189.15,PISTA,OK,2,1334.0,1334.0,368.0,634.0,740.1,1,0.833,359.0,1,0.918,613.0,1,0.959,0.897,2,2,44,VERDE,199.6,271.4,0.000,1,10.1,,78.8
4414.305092,AVOID_PASS,manteniendo rumbo mientras pasa el pilar 44,25,-0.08,189.20,PISTA,OK,2,1325.0,1325.0,365.5,636.0,748.7,1,0.917,357.5,1,0.918,614.5,1,0.986,0.896,2,2,44,VERDE,199.7,263.1,0.000,1,20.2,,40.8
4414.401778,AVOID_PASS,manteniendo rumbo mientras pasa el pilar 44,25,-0.12,189.24,PISTA,OK,2,1315.0,1315.0,362.9,638.2,751.2,1,1.000,354.5,1,0.945,616.5,1,1.000,0.889,2,2,44,VERDE,200.5,252.2,0.000,1,29.8,,72.3
4414.503340,AVOID_PASS,manteniendo rumbo mientras pasa el pilar 44,25,-0.21,189.33,PISTA,OK,2,1306.0,1306.0,360.7,640.9,746.2,1,1.000,353.5,1,0.945,619.5,1,1.000,0.886,2,2,44,VERDE,197.8,245.3,0.000,1,40.0,,41.9
4414.602600,AVOID_PASS,manteniendo rumbo mientras pasa el pilar 44,25,-0.27,189.39,PISTA,OK,2,1298.5,1298.5,358.7,642.9,745.8,1,0.944,350.5,1,0.918,621.5,1,1.000,0.897,2,2,44,VERDE,200.7,236.8,0.000,1,49.9,,78.2
4414.701761,AVOID_PASS,manteniendo rumbo mientras pasa el pilar 44,25,-0.37,189.49,PISTA,OK,2,1289.0,1289.0,356.7,645.3,749.9,1,0.972,348.5,1,0.959,623.0,1,0.986,0.888,2,2,44,VERDE,202.7,227.5,0.000,1,59.8,,44.2
4414.801733,AVOID_PASS,manteniendo rumbo mientras pasa el pilar 44,25,-0.45,189.57,PISTA,OK,2,1279.5,1279.5,354.0,647.7,752.6,1,1.000,346.5,1,0.945,625.8,1,1.000,0.882,2,2,44,VERDE,200.5,219.6,0.000,1,69.8,,76.8
4414.901263,AVOID_PASS,manteniendo rumbo mientras pasa el pilar 44,25,-0.56,189.68,PISTA,OK,2,1271.0,1271.0,352.1,650.4,749.9,1,0.944,343.0,1,0.904,628.0,1,1.000,0.888,2,2,44,VERDE,202.4,209.2,0.000,1,79.8,,43.2
4414.999296,AVOID_PASS,manteniendo rumbo mientras pasa el pilar 44,25,-0.63,189.75,PISTA,OK,2,1263.0,1263.0,350.2,652.4,754.4,1,1.000,341.5,1,0.932,628.8,1,1.000,0.868,2,2,44,VERDE,200.0,199.9,0.000,1,89.6,,76.7
4415.101391,AVOID_PASS,manteniendo rumbo mientras pasa el pilar 44,25,-0.76,189.88,PISTA,OK,2,1254.5,1254.5,348.3,655.0,751.6,1,0.917,339.5,1,0.945,632.0,1,0.973,0.872,2,2,44,VERDE,203.0,190.7,0.000,1,99.8,,43.9
4415.199875,AVOID_PASS,manteniendo rumbo mientras pasa el pilar 44,25,-0.81,189.93,PISTA,OK,2,1245.0,1245.0,345.4,656.9,751.2,1,0.917,338.0,1,0.918,634.5,1,0.986,0.870,2,2,44,VERDE,202.5,181.9,0.000,1,109.7,,77.0
4415.299539,AVOID_PASS,manteniendo rumbo mientras pasa el pilar 44,25,-0.88,190.00,PISTA,OK,2,1236.5,1236.5,342.8,659.4,756.9,1,0.972,335.0,1,0.918,637.0,1,1.000,0.860,2,2,44,VERDE,202.7,173.5,0.000,1,119.6,,42.6
4415.399313,AVOID_PASS,manteniendo rumbo mientras pasa el pilar 44,25,-0.97,190.09,PISTA,OK,2,1227.5,1227.5,340.5,662.0,761.0,1,0.944,332.5,1,0.959,638.5,1,0.986,0.864,2,2,44,VERDE,201.9,165.2,0.000,1,129.6,,72.2
4415.498934,AVOID_PASS,manteniendo rumbo mientras pasa el pilar 44,25,-1.06,190.18,PISTA,OK,2,1219.5,1219.5,338.1,664.5,757.3,1,0.944,329.5,1,0.932,641.5,1,0.986,0.861,2,2,44,VERDE,200.6,154.1,0.000,1,139.6,,42.1
4415.601140,AVOID_PASS,manteniendo rumbo mientras pasa el pilar 44,25,-1.08,190.20,PISTA,OK,2,1209.5,1209.5,335.8,666.0,681.1,1,1.000,327.5,1,0.959,643.5,1,1.000,0.858,2,2,44,VERDE,201.3,144.4,0.000,1,149.8,,79.4
4415.702377,AVOID_PASS,manteniendo rumbo mientras pasa el pilar 44,25,-1.15,190.27,PISTA,OK,2,1200.0,1200.0,332.8,668.9,768.0,1,0.861,326.0,1,0.904,646.5,1,0.986,0.842,2,2,44,VERDE,201.6,137.2,0.000,1,159.9,,41.6
4415.802288,AVOID_PASS,manteniendo rumbo mientras pasa el pilar 44,25,-1.27,190.39,PISTA,OK,2,1191.5,1191.5,330.0,669.8,762.4,1,0.889,323.0,1,0.932,646.8,1,1.000,0.798,2,2,44,VERDE,201.8,126.8,0.100,1,169.9,,75.4
4415.902090,AVOID_PASS,manteniendo rumbo mientras pasa el pilar 44,25,-1.34,190.46,PISTA,OK,2,1183.5,1183.5,327.7,673.5,672.1,1,0.944,321.2,1,0.945,649.0,1,1.000,0.829,2,2,44,VERDE,201.0,119.1,0.000,1,179.9,,45.7
4416.002333,AVOID_PASS,manteniendo rumbo mientras pasa el pilar 44,25,-1.41,190.53,PISTA,OK,2,1173.5,1173.5,325.3,676.3,684.8,1,0.889,318.0,1,0.904,653.0,1,1.000,0.804,2,2,44,VERDE,201.2,108.8,0.100,1,189.9,,79.7
4416.103307,AVOID_PASS,manteniendo rumbo mientras pasa el pilar 44,25,-1.47,190.59,PISTA,OK,2,1166.0,1166.0,322.6,679.4,697.6,1,0.917,316.0,1,0.890,655.0,1,1.000,0.815,2,2,44,VERDE,203.7,101.6,0.000,1,200.0,,47.4
4416.202264,AVOID_PASS,manteniendo rumbo mientras pasa el pilar 44,25,-1.51,190.63,PISTA,OK,2,1156.0,1156.0,320.2,681.9,689.7,1,0.944,314.0,1,0.932,657.5,1,1.000,0.809,2,2,44,VERDE,202.9,93.2,0.000,1,209.9,,74.0
4416.303764,AVOID_PASS,manteniendo rumbo mientras pasa el pilar 44,25,-1.60,190.72,PISTA,OK,2,1148.0,1148.0,317.7,683.8,685.6,1,0.889,310.0,1,0.890,659.0,1,1.000,0.811,2,2,44,VERDE,202.2,84.2,0.000,1,220.0,,41.8
4416.402612,AVOID_PASS,manteniendo rumbo mientras pasa el pilar 44,25,-1.72,190.84,PISTA,OK,2,1138.5,1138.5,314.6,686.5,668.0,1,0.944,308.0,1,0.932,662.0,1,1.000,0.803,2,2,44,VERDE,202.7,76.6,0.000,1,229.9,,78.6
4416.502070,AVOID_PASS,manteniendo rumbo mientras pasa el pilar 44,25,-1.74,190.86,PISTA,OK,2,1129.0,1129.0,312.1,689.6,686.7,1,0.917,307.8,1,0.918,665.5,1,0.986,0.800,2,2,44,VERDE,202.7,66.6,0.099,1,239.9,,41.5
4416.600205,AVOID_PASS,manteniendo rumbo mientras pasa el pilar 44,25,-1.76,190.88,PISTA,OK,2,1120.0,1120.0,309.3,693.0,667.6,1,0.861,304.5,1,0.890,666.0,1,1.000,0.795,2,2,44,VERDE,202.8,56.7,0.198,1,249.7,,76.9
4416.701350,AVOID_PASS,manteniendo rumbo mientras pasa el pilar 44,25,-1.84,190.96,PISTA,OK,2,1111.0,1111.0,306.5,696.4,643.0,1,0.889,301.8,1,0.877,669.0,1,1.000,0.786,2,2,44,VERDE,201.6,52.0,0.000,1,259.8,,42.6
4416.801143,AVOID_PASS,manteniendo rumbo mientras pasa el pilar 44,25,-1.90,191.02,PISTA,OK,2,1101.0,1101.0,303.2,699.3,648.8,1,0.833,298.5,1,0.849,672.0,1,0.986,0.786,2,2,44,VERDE,200.9,44.6,0.000,1,269.8,,75.3
4416.900045,AVOID_PASS,manteniendo rumbo mientras pasa el pilar 44,25,-1.97,191.09,PISTA,OK,2,1093.5,1093.5,299.0,702.2,684.4,1,0.861,295.5,1,0.849,674.5,1,0.986,0.781,2,2,44,VERDE,201.9,37.6,0.000,1,279.7,,44.7
4417.000251,AVOID_PASS,manteniendo rumbo mientras pasa el pilar 44,25,-2.02,191.14,PISTA,OK,2,1084.5,1084.5,296.1,705.7,633.2,1,0.944,293.0,1,0.863,219.5,1,1.000,0.751,2,2,44,VERDE,201.9,27.2,0.000,1,289.7,,78.1
4417.099549,AVOID_PASS,manteniendo rumbo mientras pasa el pilar 44,25,-2.09,191.21,PISTA,OK,2,1076.0,1076.0,293.0,709.1,631.8,1,0.944,288.5,1,0.945,206.0,1,0.986,0.711,2,2,44,VERDE,202.0,17.1,0.099,1,299.6,,41.3
4417.197421,AVOID_PASS,manteniendo rumbo mientras pasa el pilar 44,25,-2.18,191.30,PISTA,OK,2,1066.5,1066.5,291.3,712.2,634.8,1,0.944,287.2,1,0.904,195.5,1,0.986,0.710,2,2,44,VERDE,202.8,12.8,0.000,1,309.4,,76.5
4417.298220,AVOID_PASS,manteniendo rumbo mientras pasa el pilar 44,25,-2.27,191.39,PISTA,OK,2,1055.5,1055.5,287.6,714.8,663.2,1,0.889,285.8,1,0.890,194.5,1,0.986,0.662,2,2,44,VERDE,202.8,2.4,0.101,1,319.5,,39.7
4417.398047,RECENTER,reincorporacion tras 329 mm de sobrepaso estimado,25,-6.27,191.43,PISTA,OK,2,1048.0,1048.0,285.3,718.1,649.6,1,0.917,282.0,1,0.890,199.0,1,0.986,0.669,2,2,44,VERDE,202.8,-7.8,0.201,1,329.5,,74.5
4417.497356,RECENTER,reincorporando por posicion lateral,25,-10.27,191.53,PISTA,OK,2,1039.5,1039.5,282.4,720.7,635.3,1,0.917,280.5,1,0.904,201.0,1,1.000,0.637,2,2,44,VERDE,202.8,-7.8,0.201,1,329.5,,42.2
4417.597500,RECENTER,reincorporando por posicion lateral,25,-14.27,191.82,PISTA,OK,2,1029.5,1029.5,279.9,728.0,627.5,1,0.861,277.5,1,0.863,202.0,1,0.973,0.622,3,2,44,VERDE,202.8,-7.8,0.201,1,329.5,,73.6
4417.698953,RECENTER,reincorporando por posicion lateral,25,-18.27,191.57,PISTA,OK,2,1020.5,1020.5,277.1,730.6,615.2,1,0.861,277.0,1,0.849,202.5,1,0.973,0.624,3,2,44,VERDE,202.8,-7.8,0.201,1,329.5,,39.9
4417.797441,RECENTER,reincorporando por posicion lateral,25,-20.00,191.09,PISTA,OK,2,1010.5,1010.5,274.0,730.4,594.7,1,0.861,273.5,1,0.808,204.5,1,0.973,0.592,3,2,44,VERDE,202.8,-7.8,0.201,1,329.5,,75.3
4417.898667,RECENTER,reincorporando por posicion lateral,25,-20.00,190.02,PISTA,OK,2,1000.5,1000.5,272.7,728.0,563.2,1,0.944,273.0,1,0.945,204.2,1,0.973,0.609,3,2,44,VERDE,202.8,-7.8,0.201,1,329.5,,44.2
4418.000724,RECENTER,reincorporando por posicion lateral,25,-20.00,188.52,PISTA,OK,2,990.0,990.0,272.7,723.6,548.8,1,0.889,275.8,1,0.877,202.2,1,0.973,0.642,3,2,44,VERDE,202.8,-7.8,0.201,1,329.5,,72.6
4418.100755,RECENTER,reincorporando por posicion lateral,25,-20.00,186.90,PISTA,OK,2,981.0,981.0,271.0,718.9,545.9,1,0.861,277.0,1,0.890,203.2,1,0.973,0.612,3,2,44,VERDE,202.8,-7.8,0.201,1,329.5,,45.2
4418.200993,RECENTER,reincorporando por posicion lateral,25,-20.00,185.28,PISTA,OK,2,973.0,973.0,271.2,713.4,505.8,1,0.861,279.5,1,0.918,203.5,1,0.932,0.586,3,2,44,VERDE,202.8,-7.8,0.201,1,329.5,,79.8
4418.302174,RECENTER,reincorporando por posicion lateral,25,-16.00,183.64,PISTA,OK,2,964.0,964.0,367.9,709.2,502.4,1,0.722,281.0,1,0.836,203.2,1,0.932,0.215,3,2,44,VERDE,202.8,-7.8,0.201,1,329.5,,46.8
4418.403391,RECENTER,reincorporando por posicion lateral,25,-12.00,182.89,PISTA,OK,2,950.0,950.0,387.1,705.5,479.6,1,0.722,284.5,1,0.822,202.0,1,0.932,0.215,3,2,44,VERDE,202.8,-7.8,0.201,1,329.5,,81.3
4418.500302,RECENTER,reincorporando por posicion lateral,25,-8.00,181.09,PISTA,OK,2,941.5,941.5,390.2,700.8,449.7,1,0.806,287.0,1,0.849,201.2,1,0.932,0.217,3,2,44,VERDE,202.8,-7.8,0.201,1,329.5,,45.6
4418.601656,RECENTER,reincorporando por posicion lateral,25,-4.00,179.33,PISTA,OK,2,931.5,931.5,413.8,696.1,435.0,1,0.750,290.2,1,0.781,199.0,1,0.904,0.218,3,2,44,VERDE,202.8,-7.8,0.201,1,329.5,,79.7
4418.701336,RECENTER,reincorporando por posicion lateral,25,0.00,177.56,PISTA,OK,2,925.0,925.0,441.9,692.9,426.0,1,0.833,294.0,1,0.808,196.5,1,0.904,0.218,3,2,44,VERDE,202.8,-7.8,0.201,1,329.5,,45.4
4418.799438,RECENTER,reincorporando por posicion lateral,25,2.02,175.87,PISTA,OK,2,916.5,916.5,461.3,688.9,412.4,1,0.722,297.0,1,0.767,195.5,1,0.918,0.217,3,2,44,VERDE,202.8,-7.8,0.201,1,329.5,,78.4
4418.899962,RECENTER,reincorporando por posicion lateral,25,2.25,175.40,PISTA,OK,2,907.0,907.0,417.5,686.2,421.2,1,0.833,301.5,1,0.753,192.5,1,0.918,0.228,4,2,44,VERDE,202.8,-7.8,0.201,1,329.5,,45.2
4418.999779,RECENTER,reincorporando por posicion lateral,25,2.56,174.51,PISTA,OK,2,898.5,898.5,418.5,685.3,402.6,1,0.889,305.2,1,0.808,195.8,1,0.932,0.227,4,2,44,VERDE,202.8,-7.8,0.201,1,329.5,,75.5
4419.097502,RECENTER,reincorporando por posicion lateral,25,2.82,174.26,PISTA,OK,2,887.5,887.5,415.9,683.4,416.2,1,0.833,312.5,1,0.795,199.5,1,0.904,0.228,4,2,44,VERDE,202.8,-7.8,0.201,1,329.5,,42.9
4419.198402,RECENTER,reincorporando por posicion lateral,25,3.02,173.86,PISTA,OK,2,880.0,880.0,420.9,682.6,402.6,1,0.861,318.0,1,0.808,201.2,1,0.918,0.230,4,2,44,VERDE,202.8,-7.8,0.201,1,329.5,,77.7
4419.296165,RECENTER,reincorporando por posicion lateral,25,3.11,173.69,PISTA,OK,2,871.0,871.0,419.9,681.1,394.8,1,0.889,321.5,1,0.808,203.5,1,0.877,0.232,4,2,44,VERDE,202.8,-7.8,0.201,1,329.5,,41.0
4419.395869,RECENTER,reincorporando por posicion lateral,25,3.30,173.31,PISTA,OK,2,862.5,862.5,436.2,680.4,395.2,1,0.861,326.0,1,0.781,207.2,1,0.945,0.226,4,2,44,VERDE,202.8,-7.8,0.201,1,329.5,,75.0
4419.494757,CRUISE,reincorporacion verificada,25,3.47,172.97,PISTA,OK,2,853.5,853.5,431.8,679.8,395.7,1,0.917,330.0,1,0.767,210.8,1,0.932,0.225,4,2,,,,,,0,329.5,,40.4
4419.596774,AVOID_PASS,manteniendo rumbo mientras pasa el pilar 40,25,0.00,172.68,PISTA,OK,2,844.0,844.0,374.5,678.5,390.3,1,0.889,334.8,1,0.753,217.0,1,0.945,0.809,4,2,40,ROJO,-352.1,160.6,0.000,1,0.0,,74.8
4419.694399,AVOID_PASS,manteniendo rumbo mientras pasa el pilar 40,24,0.26,172.42,PISTA,OK,2,835.0,835.0,436.4,678.0,389.7,1,0.778,351.5,1,0.740,219.2,1,0.932,0.225,4,2,40,ROJO,-355.6,154.9,0.000,1,9.8,,108.0
4419.794578,AVOID_PASS,manteniendo rumbo mientras pasa el pilar 40,24,0.53,172.15,PISTA,OK,2,826.0,826.0,438.1,676.8,398.5,1,0.889,350.8,1,0.781,225.2,1,0.932,0.213,4,2,40,ROJO,-354.4,144.7,0.000,1,19.4,,73.7
4419.895573,AVOID_PASS,manteniendo rumbo mientras pasa el pilar 40,24,0.68,172.00,PISTA,OK,2,817.5,817.5,431.7,675.6,396.5,1,0.861,364.0,1,0.726,229.5,1,0.945,0.225,4,2,40,ROJO,-353.5,131.7,0.000,1,29.1,,40.7
4419.995955,AVOID_PASS,manteniendo rumbo mientras pasa el pilar 40,24,0.96,171.72,PISTA,OK,2,808.5,808.5,455.7,674.6,390.3,1,0.861,368.0,1,0.753,234.8,1,0.918,0.206,4,2,40,ROJO,-353.1,123.9,0.000,1,38.7,,73.5
4420.095604,AVOID_PASS,manteniendo rumbo mientras pasa el pilar 40,24,1.26,171.42,PISTA,OK,2,800.0,800.0,4835.8,672.7,397.7,1,0.861,374.0,1,0.849,238.8,1,0.904,0.183,3,2,40,ROJO,-356.4,115.1,0.000,1,48.3,,41.5
4420.195815,AVOID_PASS,manteniendo rumbo mientras pasa el pilar 40,24,1.58,171.10,PISTA,OK,2,791.5,791.5,521.2,669.5,395.7,1,0.861,377.0,1,0.767,244.0,1,0.904,0.195,3,2,40,ROJO,-356.1,106.7,0.000,1,57.9,,74.5
4420.296258,AVOID_PASS,manteniendo rumbo mientras pasa el pilar 40,24,1.86,170.82,PISTA,OK,2,781.5,781.5,483.5,669.0,399.3,1,0.972,376.5,1,0.849,251.2,1,0.945,0.217,3,2,40,ROJO,-353.8,93.6,0.000,1,67.5,,42.5
4420.395831,AVOID_PASS,manteniendo rumbo mientras pasa el pilar 40,24,2.02,170.66,PISTA,OK,2,773.0,773.0,562.8,668.2,393.2,1,0.917,381.5,1,0.795,255.8,1,0.945,0.203,3,2,40,ROJO,-354.7,90.0,0.000,1,77.1,,75.3
4420.497259,AVOID_PASS,manteniendo rumbo mientras pasa el pilar 40,24,2.31,170.37,PISTA,OK,2,763.5,763.5,594.4,668.0,395.7,1,0.861,388.0,1,0.753,261.0,1,0.904,0.201,3,2,40,ROJO,-356.9,81.9,0.000,1,86.8,,40.9
4420.597370,AVOID_PASS,manteniendo rumbo mientras pasa el pilar 40,24,2.59,170.09,PISTA,OK,2,755.5,755.5,665.1,667.5,392.0,1,0.833,392.0,1,0.781,267.0,1,0.890,0.196,3,2,40,ROJO,-357.8,73.8,0.000,1,96.4,,76.4
4420.698965,AVOID_PASS,manteniendo rumbo mientras pasa el pilar 40,24,2.90,169.78,PISTA,OK,2,747.0,747.0,623.3,667.9,400.4,1,0.889,403.2,1,0.877,272.5,1,0.890,0.202,3,2,40,ROJO,-357.2,61.5,0.000,1,106.2,,43.5
4420.797856,AVOID_PASS,manteniendo rumbo mientras pasa el pilar 40,24,3.17,169.51,PISTA,OK,2,739.0,739.0,635.7,666.2,397.9,1,0.917,411.2,1,0.822,278.2,1,0.945,0.202,3,2,40,ROJO,-359.2,53.5,0.000,1,115.7,,75.6
4420.897607,AVOID_PASS,manteniendo rumbo mientras pasa el pilar 40,24,3.29,169.39,PISTA,OK,2,731.0,731.0,645.7,666.9,393.8,1,0.917,417.0,1,0.877,283.8,1,0.890,0.207,3,2,40,ROJO,-360.0,44.8,0.000,1,125.3,,42.1
4420.998033,AVOID_PASS,manteniendo rumbo mientras pasa el pilar 40,23,3.57,169.11,AZUL,OK,2,721.0,721.0,658.8,665.4,400.8,1,0.889,427.5,1,0.822,288.8,1,0.945,0.202,3,2,40,ROJO,-359.8,39.7,0.000,1,134.9,,78.2
4421.098521,AVOID_PASS,manteniendo rumbo mientras pasa el pilar 40,23,3.83,168.85,PISTA,OK,2,713.5,713.5,679.6,664.4,399.5,1,0.861,351.5,1,0.795,296.0,1,0.945,0.343,3,2,40,ROJO,-360.3,29.3,0.000,1,144.2,,43.3
4421.197640,AVOID_PASS,manteniendo rumbo mientras pasa el pilar 40,23,4.07,168.61,PISTA,OK,2,706.0,706.0,711.4,662.7,396.7,1,0.917,352.0,1,0.795,303.5,1,0.918,0.277,3,2,40,ROJO,-361.7,21.0,0.000,1,153.3,,75.4
4421.298793,AVOID_PASS,manteniendo rumbo mientras pasa el pilar 40,23,4.29,168.39,PISTA,OK,2,697.0,697.0,717.3,661.5,403.0,1,0.889,350.5,1,0.781,311.0,1,0.945,0.354,2,1,40,ROJO,-357.6,6.7,0.000,1,162.6,,44.7
4421.397034,AVOID_PASS,manteniendo rumbo mientras pasa el pilar 40,23,4.43,168.25,PISTA,OK,2,690.5,690.5,741.2,660.2,401.6,1,0.917,351.0,1,0.781,315.2,1,0.932,0.703,2,1,40,ROJO,-357.1,-1.8,0.000,1,171.6,,76.9
4421.496391,AVOID_PASS,manteniendo rumbo mientras pasa el pilar 40,23,4.60,168.08,PISTA,OK,2,681.0,681.0,721.2,659.1,404.5,1,0.833,350.5,1,0.753,321.8,1,0.932,0.600,2,1,40,ROJO,-358.4,-9.3,0.000,1,180.8,,42.6
4421.597498,AVOID_PASS,manteniendo rumbo mientras pasa el pilar 40,23,4.77,167.91,PISTA,OK,2,673.5,673.5,723.5,657.5,403.4,1,0.833,351.5,1,0.781,327.0,1,0.904,0.438,2,1,40,ROJO,-354.3,-23.2,0.000,1,190.1,,75.4
4421.695734,AVOID_PASS,manteniendo rumbo mientras pasa el pilar 40,23,4.94,167.74,PISTA,OK,2,664.5,664.5,705.3,656.4,405.9,1,0.833,352.0,1,0.726,336.0,1,0.904,0.735,2,1,40,ROJO,-357.5,-28.8,0.000,1,199.1,,40.7
4421.798673,AVOID_PASS,manteniendo rumbo mientras pasa el pilar 40,23,5.10,167.58,PISTA,OK,2,658.0,658.0,699.5,655.3,328.9,1,0.861,352.0,1,0.781,341.0,1,0.918,0.293,2,1,40,ROJO,-356.4,-37.2,0.000,1,208.6,,77.5
4421.895915,AVOID_PASS,manteniendo rumbo mientras pasa el pilar 40,23,5.17,167.51,PISTA,OK,2,647.5,647.5,698.2,653.6,395.7,1,0.833,352.5,1,0.822,347.0,1,0.904,0.351,2,1,40,ROJO,-353.2,-48.5,0.000,1,217.5,,39.0
4421.994394,AVOID_PASS,manteniendo rumbo mientras pasa el pilar 40,23,5.28,167.40,PISTA,OK,2,641.5,641.5,762.9,652.3,314.1,1,0.778,352.8,1,0.767,354.5,1,0.918,0.325,2,1,40,ROJO,-351.7,-55.4,0.000,1,226.6,,74.6
4422.093930,AVOID_PASS,manteniendo rumbo mientras pasa el pilar 40,23,5.37,167.31,PISTA,OK,2,633.5,633.5,747.1,650.9,315.4,1,0.806,353.2,1,0.822,361.0,1,0.918,0.506,2,1,40,ROJO,-351.0,-63.6,0.000,1,235.7,,108.2
4422.193435,AVOID_PASS,manteniendo rumbo mientras pasa el pilar 40,23,5.39,167.29,PISTA,OK,2,625.0,625.0,720.1,649.3,330.0,1,0.861,355.5,1,0.808,368.2,1,0.932,0.430,2,1,40,ROJO,-349.8,-72.2,0.000,1,244.9,,73.6
4422.293501,AVOID_PASS,manteniendo rumbo mientras pasa el pilar 40,23,5.41,167.27,PISTA,OK,2,617.0,617.0,719.0,648.1,327.9,1,0.778,357.5,1,0.795,374.5,1,0.904,0.564,1,1,40,ROJO,-350.3,-80.1,0.000,1,254.1,,37.3
4422.392908,AVOID_PASS,manteniendo rumbo mientras pasa el pilar 40,22,5.47,167.21,PISTA,OK,2,609.0,609.0,755.7,646.3,312.9,1,0.833,358.0,1,0.712,382.0,1,0.918,0.517,1,1,40,ROJO,-352.4,-86.1,0.000,1,263.2,,73.4
4422.494231,AVOID_PASS,manteniendo rumbo mientras pasa el pilar 40,22,5.49,167.19,PISTA,OK,2,600.5,600.5,771.8,644.9,318.7,1,0.806,360.0,1,0.849,389.0,1,0.904,0.601,1,1,40,ROJO,-350.7,-96.3,0.000,1,272.2,,39.8
4422.593972,AVOID_PASS,manteniendo rumbo mientras pasa el pilar 40,22,5.50,167.18,PISTA,OK,2,592.5,592.5,738.3,643.5,324.2,1,0.833,361.5,1,0.822,395.8,1,0.918,0.594,1,1,40,ROJO,-348.0,-103.3,0.000,1,280.9,,74.9
4422.694803,AVOID_PASS,manteniendo rumbo mientras pasa el pilar 40,22,5.50,167.18,PISTA,OK,2,585.0,585.0,707.0,642.2,331.3,1,0.917,362.5,1,0.767,402.0,1,0.973,0.782,1,1,40,ROJO,-347.1,-112.0,0.000,1,289.8,,40.0
4422.795461,AVOID_PASS,manteniendo rumbo mientras pasa el pilar 40,22,5.54,167.14,PISTA,OK,2,577.0,577.0,766.7,640.7,337.5,1,0.889,365.5,1,0.767,411.5,1,0.959,0.757,1,1,40,ROJO,-346.6,-122.3,0.000,1,298.7,,74.8
4422.895302,AVOID_PASS,manteniendo rumbo mientras pasa el pilar 40,22,5.52,167.16,PISTA,OK,2,570.0,570.0,768.8,638.7,346.1,1,0.778,367.5,1,0.740,415.0,1,0.918,0.666,1,1,40,ROJO,-347.4,-127.4,0.000,1,307.5,,42.0
4422.995589,AVOID_PASS,manteniendo rumbo mientras pasa el pilar 40,22,5.54,167.14,PISTA,OK,2,561.5,561.5,788.8,637.6,351.8,1,0.833,369.5,1,0.795,424.2,1,0.890,0.223,1,1,40,ROJO,-346.8,-136.4,0.000,1,316.3,,76.7
4423.095483,RECENTER,reincorporacion tras 325 mm de sobrepaso estimado,22,1.54,167.14,PISTA,OK,2,554.5,554.5,753.9,636.1,360.0,1,0.861,372.2,1,0.822,429.2,1,0.932,0.769,1,1,40,ROJO,-346.6,-143.7,0.000,1,325.1,,42.7
4423.196802,TURN,giro de esquina por IMU y reapertura frontal,22,25.00,167.14,PISTA,OK,2,546.5,546.5,761.2,634.9,367.4,1,0.917,375.5,1,0.795,438.0,1,0.932,0.654,1,1,,,,,,0,325.1,,77.7
4423.296410,TURN,giro de esquina por IMU y reapertura frontal,22,25.00,167.13,PISTA,OK,2,538.5,538.5,773.4,633.1,375.6,1,0.889,378.0,1,0.795,446.5,1,0.918,0.203,1,1,,,,,,0,325.1,,43.9
4423.396260,TURN,giro de esquina por IMU y reapertura frontal,22,25.00,166.40,PISTA,OK,2,531.5,531.5,796.3,632.4,379.3,1,0.917,383.0,1,0.808,452.5,1,0.945,0.206,1,1,,,,,,0,325.1,,76.4
4423.495260,TURN,giro de esquina por IMU y reapertura frontal,22,25.00,168.25,PISTA,OK,2,523.5,523.5,762.0,629.5,385.0,1,0.861,380.8,1,0.767,458.5,1,0.932,0.207,1,1,,,,,,0,325.1,,41.3
4423.594963,TURN,giro de esquina por IMU y reapertura frontal,22,25.00,168.97,PISTA,OK,2,516.0,516.0,745.3,628.7,400.5,1,0.889,381.5,1,0.808,466.0,1,0.918,0.378,1,1,,,,,,0,325.1,,75.7
4423.693166,TURN,giro de esquina por IMU y reapertura frontal,22,25.00,170.72,PISTA,OK,2,510.5,510.5,757.0,628.7,409.8,1,0.861,380.5,1,0.822,472.5,1,0.918,0.508,1,1,,,,,,0,325.1,,40.2
4423.793971,TURN,giro de esquina por IMU y reapertura frontal,22,25.00,172.32,PISTA,OK,2,502.5,502.5,769.4,628.3,424.8,1,0.917,379.5,1,0.836,480.0,1,0.973,0.819,1,1,,,,,,0,325.1,,75.1
4423.893279,TURN,giro de esquina por IMU y reapertura frontal,22,25.00,174.11,PISTA,OK,2,495.0,495.0,766.7,629.0,435.1,1,0.889,378.0,1,0.836,486.0,1,0.945,0.520,1,1,,,,,,0,325.1,,40.8
4423.992329,TURN,giro de esquina por IMU y reapertura frontal,21,25.00,175.73,PISTA,OK,2,490.0,490.0,777.2,630.0,449.5,1,0.806,376.2,1,0.781,495.0,1,0.932,0.205,1,1,,,,,,0,325.1,,73.6
4424.093051,TURN,giro de esquina por IMU y reapertura frontal,21,25.00,176.62,PISTA,OK,2,484.0,484.0,737.0,630.5,458.2,1,0.861,375.5,1,0.781,500.8,1,0.959,0.208,1,1,,,,,,0,325.1,,39.1
4424.190444,TURN,giro de esquina por IMU y reapertura frontal,21,25.00,178.18,PISTA,OK,2,478.5,478.5,717.9,632.2,472.3,1,0.778,374.0,1,0.753,507.0,1,0.945,0.244,2,1,,,,,,0,325.1,,72.0
4424.290296,TURN,giro de esquina por IMU y reapertura frontal,21,25.00,179.91,PISTA,OK,2,474.0,474.0,700.3,635.2,483.3,1,0.833,374.0,1,0.795,517.0,1,0.973,0.631,2,1,,,,,,0,325.1,,105.3
4424.390792,TURN,giro de esquina por IMU y reapertura frontal,21,25.00,181.45,PISTA,OK,2,469.0,469.0,695.0,638.0,491.4,1,0.778,370.2,1,0.726,522.5,1,0.932,0.755,2,1,,,,,,0,325.1,,71.3
4424.493048,TURN,giro de esquina por IMU y reapertura frontal,21,25.00,183.00,PISTA,OK,2,463.0,463.0,682.6,641.0,504.6,1,0.750,370.0,1,0.699,532.5,1,0.973,0.770,2,1,,,,,,0,325.1,,40.5
4424.589068,TURN,giro de esquina por IMU y reapertura frontal,21,25.00,183.81,PISTA,OK,2,458.5,458.5,654.9,642.2,512.0,1,0.750,369.0,1,0.699,541.5,1,0.986,0.793,3,1,,,,,,0,325.1,,69.4
4424.689279,TURN,giro de esquina por IMU y reapertura frontal,21,25.00,185.42,PISTA,OK,2,455.0,455.0,694.2,642.5,524.5,1,0.722,367.5,1,0.699,551.5,1,0.959,0.439,3,1,,,,,,0,325.1,,103.7
4424.790134,TURN,giro de esquina por IMU y reapertura frontal,21,25.00,187.12,PISTA,OK,2,451.0,451.0,643.4,647.4,585.3,1,0.722,363.5,1,0.699,640.2,1,0.959,0.602,3,1,,,,,,0,325.1,,68.9
4424.890551,TURN,giro de esquina por IMU y reapertura frontal,21,25.00,188.64,PISTA,OK,2,445.5,445.5,613.0,653.5,610.3,1,0.750,363.0,1,0.699,644.8,1,0.973,0.510,3,1,,,,,,0,325.1,,37.1
4424.991885,TURN,giro de esquina por IMU y reapertura frontal,21,25.00,189.36,PISTA,OK,2,440.0,440.0,645.6,662.0,662.0,1,0.750,361.0,1,0.712,647.2,1,0.986,0.208,3,1,,,,,,0,325.1,,70.6
4425.091527,TURN,giro de esquina por IMU y reapertura frontal,21,25.00,190.89,PISTA,OK,2,436.5,436.5,645.0,663.1,675.0,1,0.778,360.0,1,0.671,652.5,1,1.000,0.206,3,1,,,,,,0,325.1,,38.6
4425.191611,TURN,giro de esquina por IMU y reapertura frontal,21,25.00,192.41,PISTA,OK,2,431.5,431.5,619.0,665.5,677.4,1,0.778,358.5,1,0.685,657.2,1,0.986,0.779,3,1,,,,,,0,325.1,,73.4
4425.292270,TURN,giro de esquina por IMU y reapertura frontal,21,25.00,194.00,PISTA,OK,2,427.5,427.5,658.3,674.2,715.1,1,0.778,354.5,1,0.712,662.5,1,1.000,0.206,3,1,,,,,,0,325.1,,40.3
4425.392611,TURN,giro de esquina por IMU y reapertura frontal,21,25.00,195.50,PISTA,OK,2,424.0,424.0,2261.8,679.5,754.4,1,0.806,353.0,1,0.740,667.5,1,1.000,0.181,3,1,,,,,,0,325.1,,69.6
4425.492414,TURN,giro de esquina por IMU y reapertura frontal,21,25.00,197.03,PISTA,OK,2,420.0,420.0,1039.4,674.4,735.2,1,0.806,351.0,1,0.767,671.0,1,1.000,0.212,3,1,,,,,,0,325.1,,40.6
4425.592636,TURN,giro de esquina por IMU y reapertura frontal,21,25.00,197.72,PISTA,OK,2,414.0,414.0,624.8,677.4,732.3,1,0.806,350.5,1,0.753,676.5,1,1.000,0.202,3,1,,,,,,0,325.1,,74.1
4425.693211,TURN,giro de esquina por IMU y reapertura frontal,21,25.00,199.19,PISTA,OK,2,413.5,413.5,1626.4,667.3,720.0,1,0.944,349.8,1,0.822,682.5,1,1.000,0.176,3,1,,,,,,0,325.1,,41.4
4425.791699,TURN,giro de esquina por IMU y reapertura frontal,21,25.00,200.67,PISTA,OK,2,412.5,412.5,716.6,651.4,718.0,1,0.917,347.5,1,0.822,686.5,1,1.000,0.189,3,1,,,,,,0,325.1,,73.2
4425.891161,TURN,giro de esquina por IMU y reapertura frontal,21,25.00,202.29,PISTA,OK,2,409.5,409.5,719.8,652.1,707.3,1,0.944,344.5,1,0.863,691.5,1,1.000,0.189,3,1,,,,,,0,325.1,,37.8
4425.992121,TURN,giro de esquina por IMU y reapertura frontal,21,25.00,203.80,PISTA,OK,2,406.5,406.5,737.7,634.6,707.3,1,0.917,342.5,1,0.849,697.0,1,1.000,0.188,4,1,,,,,,0,325.1,,73.6
4426.090342,TURN,giro de esquina por IMU y reapertura frontal,21,25.00,204.62,PISTA,OK,2,406.5,406.5,824.8,631.6,695.9,1,0.944,340.0,1,0.890,702.5,1,1.000,0.169,4,1,,,,,,0,325.1,,38.5
4426.189503,TURN,giro de esquina por IMU y reapertura frontal,21,25.00,206.14,PISTA,OK,2,407.5,407.5,919.8,611.9,693.0,1,0.944,338.5,1,0.918,707.5,1,1.000,0.193,4,1,,,,,,0,325.1,,71.0
4426.290718,TURN,giro de esquina por IMU y reapertura frontal,21,25.00,207.71,NARANJA,OK,2,407.0,407.0,904.9,614.9,689.7,1,0.944,335.5,1,0.932,714.0,1,1.000,0.191,4,1,,,,,,0,325.1,,39.0
4426.388130,TURN,giro de esquina por IMU y reapertura frontal,21,25.00,209.40,NARANJA,OK,2,406.0,406.0,884.4,577.1,683.2,1,0.944,331.0,1,0.904,720.5,1,1.000,0.190,4,1,,,,,,0,325.1,,66.4
4426.489282,TURN,giro de esquina por IMU y reapertura frontal,21,25.00,210.21,NARANJA,OK,2,409.0,409.0,867.3,568.5,675.8,1,0.972,332.0,1,0.863,726.0,1,1.000,0.192,4,1,,,,,,0,325.1,,104.9
4426.589198,TURN,giro de esquina por IMU y reapertura frontal,21,25.00,211.76,NARANJA,OK,2,410.0,410.0,850.1,561.1,674.2,1,1.000,327.8,1,0.932,731.5,1,1.000,0.190,4,1,,,,,,0,325.1,,71.0
4426.688722,TURN,giro de esquina por IMU y reapertura frontal,21,25.00,213.18,PISTA,OK,2,415.0,415.0,789.3,545.7,674.2,1,0.972,323.8,1,0.849,729.0,1,1.000,0.166,5,1,,,,,,0,325.1,,37.7
4426.788195,TURN,giro de esquina por IMU y reapertura frontal,21,25.00,214.82,PISTA,OK,2,415.8,415.8,320.4,537.4,670.7,1,0.972,322.0,1,0.904,694.0,1,1.000,0.172,5,1,,,,,,0,325.1,,70.4
4426.888500,TURN,giro de esquina por IMU y reapertura frontal,21,25.00,216.39,PISTA,OK,2,418.2,418.2,948.5,526.2,668.8,1,0.917,318.5,1,0.822,667.0,1,0.986,0.577,5,1,,,,,,0,325.1,,37.0
4426.988255,TURN,giro de esquina por IMU y reapertura frontal,21,25.00,217.86,PISTA,OK,2,424.0,424.0,998.0,514.5,667.2,1,0.861,316.5,1,0.822,644.5,1,1.000,0.582,5,1,,,,,,0,325.1,,71.0
4427.087820,TURN,giro de esquina por IMU y reapertura frontal,21,25.00,218.64,PISTA,OK,2,427.0,427.0,632.5,508.3,664.3,1,0.889,313.5,1,0.849,627.0,1,0.973,0.165,5,1,,,,,,0,325.1,,102.8
4427.189399,TURN,giro de esquina por IMU y reapertura frontal,21,25.00,220.10,PISTA,OK,2,425.5,425.5,970.6,504.4,665.4,1,0.861,312.2,1,0.822,609.0,1,0.986,0.186,5,1,,,,,,0,325.1,,70.5
4427.290324,TURN,giro de esquina por IMU y reapertura frontal,21,25.00,221.58,PISTA,OK,2,433.5,433.5,899.6,490.0,662.7,1,0.806,308.0,1,0.753,579.0,1,0.973,0.186,5,1,,,,,,0,325.1,,37.4
4427.389068,TURN,giro de esquina por IMU y reapertura frontal,21,25.00,223.22,PISTA,OK,2,439.0,439.0,531.2,485.8,663.3,1,0.889,305.0,1,0.767,561.0,1,0.986,0.174,5,1,,,,,,0,325.1,,68.2
4427.491856,TURN,giro de esquina por IMU y reapertura frontal,21,25.00,224.72,PISTA,OK,2,448.5,448.5,907.7,479.7,665.4,1,0.861,303.5,1,0.767,551.5,1,1.000,0.431,5,1,,,,,,0,325.1,,40.3
4427.590238,TURN,giro de esquina por IMU y reapertura frontal,21,25.00,225.41,PISTA,OK,2,451.0,451.0,863.8,472.7,665.7,1,0.861,301.0,1,0.808,536.0,1,0.986,0.382,5,1,,,,,,0,325.1,,72.9
4427.690492,TURN,giro de esquina por IMU y reapertura frontal,21,25.00,226.99,PISTA,OK,2,458.0,458.0,848.2,470.7,660.9,1,0.833,297.0,1,0.808,518.0,1,0.959,0.490,5,1,,,,,,0,325.1,,39.4
4427.791346,TURN,giro de esquina por IMU y reapertura frontal,21,25.00,228.69,PISTA,OK,2,467.0,467.0,826.6,465.0,659.7,1,0.889,293.0,1,0.836,500.5,1,1.000,0.560,5,1,,,,,,0,325.1,,72.4
4427.891084,TURN,giro de esquina por IMU y reapertura frontal,21,25.00,230.13,PISTA,OK,2,477.0,477.0,816.8,463.8,661.4,1,0.889,290.5,1,0.781,493.0,1,0.959,0.716,5,1,,,,,,0,325.1,,38.2
4427.991098,TURN,giro de esquina por IMU y reapertura frontal,21,25.00,231.62,PISTA,OK,2,485.5,485.5,800.6,459.4,660.6,1,0.861,288.5,1,0.781,480.0,1,0.986,0.702,6,1,,,,,,0,325.1,,72.7
4428.090234,TURN,giro de esquina por IMU y reapertura frontal,22,25.00,232.33,PISTA,OK,2,495.5,495.5,786.8,453.0,660.9,1,0.889,284.5,1,0.822,468.0,1,0.959,0.794,5,1,,,,,,0,325.1,,38.8
4428.190030,TURN,giro de esquina por IMU y reapertura frontal,22,25.00,234.02,PISTA,OK,2,507.0,507.0,771.6,445.3,658.2,1,0.917,281.5,1,0.849,458.0,1,0.986,0.796,5,1,,,,,,0,325.1,,72.4
4428.290319,TURN,giro de esquina por IMU y reapertura frontal,22,25.00,235.68,PISTA,OK,2,520.0,520.0,760.1,437.3,658.7,1,0.944,277.0,1,0.822,447.0,1,0.973,0.798,5,1,,,,,,0,325.1,,39.6
4428.388652,TURN,giro de esquina por IMU y reapertura frontal,22,25.00,237.29,PISTA,OK,2,531.0,531.0,747.6,429.8,653.0,1,0.861,273.5,1,0.822,436.5,1,0.959,0.814,5,1,,,,,,0,325.1,,71.4
4428.489541,TURN,giro de esquina por IMU y reapertura frontal,22,25.00,238.14,PISTA,OK,2,547.5,547.5,728.0,423.5,653.6,1,0.889,270.5,1,0.863,434.0,1,0.986,0.810,5,1,,,,,,0,325.1,,38.0
4428.587639,TURN,giro de esquina por IMU y reapertura frontal,22,25.00,239.71,PISTA,OK,2,564.5,564.5,727.4,417.6,647.2,1,0.944,267.5,1,0.836,425.5,1,0.945,0.756,5,1,,,,,,0,325.1,,69.4
4428.687594,TURN,giro de esquina por IMU y reapertura frontal,22,25.00,241.32,PISTA,OK,2,576.0,576.0,711.3,412.1,645.5,1,0.917,264.5,1,0.836,419.0,1,0.973,0.774,5,1,,,,,,0,325.1,,102.8
4428.786884,TURN,giro de esquina por IMU y reapertura frontal,22,25.00,242.99,PISTA,OK,2,602.0,602.0,983.0,407.4,641.3,1,0.944,261.5,1,0.863,411.5,1,0.959,0.206,5,1,,,,,,0,325.1,,64.9
4428.888674,TURN,giro de esquina por IMU y reapertura frontal,23,25.00,244.51,PISTA,OK,2,625.5,625.5,700.7,402.4,641.2,1,0.944,258.0,1,0.849,404.0,1,1.000,0.665,5,1,,,,,,0,325.1,,37.6
4428.987555,TURN,giro de esquina por IMU y reapertura frontal,23,25.00,245.29,PISTA,OK,2,641.0,641.0,696.2,399.0,634.3,1,0.972,254.0,1,0.877,401.0,1,0.973,0.640,5,1,,,,,,0,325.1,,69.6
4429.087560,TURN,giro de esquina por IMU y reapertura frontal,23,25.00,246.96,PISTA,OK,2,667.0,667.0,675.7,394.6,631.1,1,0.972,249.5,1,0.890,394.0,1,0.986,0.726,5,1,,,,,,0,325.1,,36.5
4429.189947,TURN,giro de esquina por IMU y reapertura frontal,23,25.00,248.72,PISTA,OK,2,691.5,691.5,672.6,391.9,629.7,1,0.972,246.5,1,0.877,387.0,1,0.973,0.673,5,2,,,,,,0,325.1,,72.4
4429.287489,TURN,giro de esquina por IMU y reapertura frontal,23,25.00,250.52,PISTA,OK,2,723.5,723.5,664.8,389.3,625.0,1,0.972,243.0,1,0.877,383.5,1,0.986,0.686,5,2,,,,,,0,325.1,,104.4
4429.388526,TURN,giro de esquina por IMU y reapertura frontal,24,25.00,252.23,PISTA,OK,2,763.0,763.0,660.4,387.5,626.2,1,1.000,239.0,1,0.904,382.5,1,0.986,0.675,5,2,,,,,,0,325.1,,65.6
4429.488750,TURN,giro de esquina por IMU y reapertura frontal,24,25.00,252.99,PISTA,OK,2,801.5,801.5,653.9,386.6,633.6,1,0.972,235.8,1,0.890,381.5,1,0.986,0.673,5,2,,,,,,0,325.1,,38.8
4429.589023,CRUISE,esquina 3 verificada,25,21.00,254.72,PISTA,OK,3,852.5,852.5,631.5,386.0,645.5,1,1.000,228.5,1,0.890,380.5,1,0.986,0.765,5,2,,,,,,0,325.1,,70.5
4429.692656,CRUISE,crucero centrado por paredes,25,17.00,256.69,PISTA,OK,3,914.5,914.5,631.5,386.0,817.5,1,1.000,225.5,1,0.904,381.5,1,0.973,0.702,5,2,,,,,,0,325.1,,40.5
4429.789999,CRUISE,crucero centrado por paredes,25,21.00,258.82,PISTA,OK,3,1032.5,1032.5,611.3,386.5,809.3,1,1.000,219.0,1,0.904,376.5,1,0.973,0.800,5,2,,,,,,0,325.1,,73.5
4429.890179,CRUISE,crucero centrado por paredes,25,25.00,259.92,PISTA,OK,3,1190.0,1190.0,600.5,387.7,778.1,1,0.944,216.0,1,0.795,379.0,1,0.973,0.826,5,2,,,,,,0,325.1,,39.2
4429.989848,CRUISE,crucero centrado por paredes,25,25.00,261.81,PISTA,OK,3,1242.5,1242.5,622.4,390.4,712.7,1,1.000,210.0,1,0.849,380.8,1,0.986,0.738,4,2,,,,,,0,325.1,,73.6
4430.091701,CRUISE,crucero centrado por paredes,25,25.00,263.27,PISTA,OK,3,1268.5,1268.5,609.1,392.0,693.8,1,0.972,206.0,1,0.863,383.0,1,0.973,0.789,4,2,,,,,,0,325.1,,39.3
4430.191008,CRUISE,crucero centrado por paredes,25,25.00,265.26,PISTA,OK,3,1962.0,1962.0,585.2,394.7,669.2,1,0.972,201.5,1,0.863,385.0,1,0.959,0.851,4,2,,,,,,0,325.1,,74.0
4430.290383,CRUISE,crucero centrado por paredes,25,25.00,267.28,PISTA,OK,3,1954.0,1954.0,576.8,397.8,632.8,1,0.944,194.5,1,0.795,388.5,1,0.973,0.845,4,2,,,,,,0,325.1,,40.6
4430.388397,AVOID_APPROACH,pure-pursuit al punto de paso del pilar 50,25,24.28,269.18,PISTA,OK,3,1947.5,1947.5,735.6,401.3,637.5,1,0.944,191.0,1,0.781,392.2,1,0.973,0.214,4,2,50,VERDE,-231.3,909.7,0.000,1,325.1,,70.8
4430.490554,AVOID_APPROACH,pure-pursuit al punto de paso del pilar 50,25,22.44,271.10,PISTA,OK,3,1941.0,1941.0,713.1,405.6,595.5,1,0.972,187.0,1,0.849,396.0,1,0.986,0.214,4,2,50,VERDE,-198.1,913.0,0.000,1,325.1,,39.6
4430.588999,AVOID_APPROACH,pure-pursuit al punto de paso del pilar 50,25,20.61,272.01,PISTA,OK,3,923.0,1937.5,710.7,411.1,573.4,1,0.972,182.5,1,0.863,400.5,1,0.973,0.214,4,2,50,VERDE,-163.2,910.0,0.000,1,325.1,,72.4
4430.688354,AVOID_APPROACH,pure-pursuit al punto de paso del pilar 50,25,18.89,273.92,PISTA,OK,3,915.0,1932.0,691.9,416.9,561.9,1,0.972,177.0,1,0.849,407.0,1,0.986,0.214,4,2,50,VERDE,-131.4,907.2,0.000,1,325.1,,105.4
4430.788093,AVOID_APPROACH,pure-pursuit al punto de paso del pilar 50,25,16.96,275.82,PISTA,OK,3,908.0,1925.0,538.0,423.3,539.4,1,0.944,174.5,1,0.863,411.5,1,0.973,0.668,4,2,50,VERDE,-96.6,904.0,0.000,1,325.1,,70.4
4430.885698,AVOID_APPROACH,pure-pursuit al punto de paso del pilar 50,25,14.58,277.86,PISTA,OK,3,901.0,1917.0,624.5,430.1,531.6,1,0.944,169.5,1,0.863,417.5,1,0.973,0.221,4,2,50,VERDE,-55.4,901.2,0.000,1,325.1,,102.4
4430.985703,AVOID_APPROACH,pure-pursuit al punto de paso del pilar 50,25,12.38,280.07,PISTA,OK,3,894.0,1538.0,617.1,438.9,516.5,1,0.917,163.0,1,0.932,424.0,1,0.959,0.221,4,2,50,VERDE,-17.5,895.1,0.000,1,325.1,,67.4
4431.086499,AVOID_APPROACH,pure-pursuit al punto de paso del pilar 50,25,11.61,281.00,PISTA,OK,3,1527.5,1527.5,532.9,448.7,503.4,1,1.000,159.5,1,0.918,432.5,1,1.000,0.746,4,2,50,VERDE,-2.9,885.2,0.101,1,325.1,,37.6
4431.184667,AVOID_APPROACH,pure-pursuit al punto de paso del pilar 50,25,10.30,283.38,PISTA,OK,3,884.5,1520.0,593.4,459.9,495.6,1,1.000,153.0,1,0.890,440.0,1,1.000,0.223,4,2,50,VERDE,18.0,886.1,0.000,1,325.1,,68.5
4431.285607,AVOID_APPROACH,pure-pursuit al punto de paso del pilar 50,25,8.01,285.38,PISTA,OK,3,875.0,1509.5,604.1,471.6,493.5,1,0.972,148.0,1,0.945,447.0,1,0.986,0.224,3,2,50,VERDE,55.8,875.6,0.000,1,325.1,,103.3
4431.385044,AVOID_APPROACH,pure-pursuit al punto de paso del pilar 50,25,6.24,287.47,PISTA,OK,3,867.5,1499.0,603.3,483.7,486.6,1,1.000,143.5,1,0.973,452.5,1,1.000,0.224,4,2,50,VERDE,84.3,865.3,0.000,1,325.1,,68.2
4431.485026,AVOID_APPROACH,pure-pursuit al punto de paso del pilar 50,25,4.16,289.31,PISTA,OK,3,858.0,1008.5,530.5,497.4,478.8,1,1.000,139.0,1,0.959,461.0,1,1.000,0.844,4,2,50,VERDE,117.1,851.5,0.000,1,325.1,,103.0
4431.585840,AVOID_APPROACH,pure-pursuit al punto de paso del pilar 50,25,2.26,290.07,PISTA,OK,3,849.5,970.5,530.5,509.4,479.8,1,1.000,131.0,1,0.973,465.8,1,1.000,0.803,4,2,50,VERDE,145.8,839.9,0.000,1,325.1,,69.3
4431.686493,AVOID_APPROACH,pure-pursuit al punto de paso del pilar 50,25,0.56,291.46,PISTA,OK,3,842.5,919.0,529.8,521.5,480.0,1,1.000,130.0,1,0.959,474.0,1,1.000,0.784,3,1,50,VERDE,170.9,826.0,0.000,1,325.1,,104.4
4431.786174,AVOID_APPROACH,pure-pursuit al punto de paso del pilar 50,25,-1.12,292.51,PISTA,OK,3,892.5,892.5,524.9,532.0,482.5,1,1.000,124.5,1,0.959,479.2,1,1.000,0.808,3,1,50,VERDE,194.9,813.8,0.000,1,325.1,,70.3
4431.886253,AVOID_APPROACH,pure-pursuit al punto de paso del pilar 50,25,-2.04,293.27,PISTA,OK,3,861.5,861.5,578.4,542.6,485.3,1,1.000,125.5,1,0.932,485.0,1,1.000,0.369,3,1,50,VERDE,207.4,799.0,0.000,1,325.1,,104.3
4431.987723,AVOID_APPROACH,pure-pursuit al punto de paso del pilar 50,25,-2.78,293.84,PISTA,OK,3,853.5,853.5,571.8,551.9,489.4,1,1.000,123.5,1,0.973,491.0,1,1.000,0.392,3,1,50,VERDE,217.2,787.9,0.000,1,325.1,,71.6
4432.087966,AVOID_APPROACH,pure-pursuit al punto de paso del pilar 50,25,-3.11,294.04,PISTA,OK,3,843.5,843.5,564.9,559.4,487.4,1,1.000,126.0,1,0.918,496.5,1,1.000,0.401,3,1,50,VERDE,221.2,775.7,0.000,1,325.1,,102.6
4432.188133,AVOID_APPROACH,pure-pursuit al punto de paso del pilar 50,24,-3.45,294.28,PISTA,OK,3,820.0,820.0,531.9,566.0,494.8,1,1.000,128.0,1,0.945,500.5,1,1.000,0.674,3,1,50,VERDE,225.0,764.0,0.000,1,325.1,,70.4
4432.289549,AVOID_APPROACH,pure-pursuit al punto de paso del pilar 50,24,-3.92,294.36,PISTA,OK,3,825.5,825.5,523.5,572.3,496.6,1,1.000,128.0,1,0.877,507.0,1,1.000,0.710,3,1,50,VERDE,230.6,753.9,0.000,1,325.1,,107.8
4432.389773,AVOID_APPROACH,pure-pursuit al punto de paso del pilar 50,24,-3.78,294.41,PISTA,OK,3,807.5,807.5,515.0,576.9,502.1,1,1.000,129.5,1,0.904,510.8,1,1.000,0.753,3,1,50,VERDE,228.1,743.5,0.000,1,325.1,,73.4
4432.489614,AVOID_APPROACH,pure-pursuit al punto de paso del pilar 50,24,-4.14,294.45,PISTA,OK,3,803.5,803.5,504.0,582.7,503.4,1,1.000,134.5,1,0.945,517.0,1,1.000,0.828,2,1,50,VERDE,232.2,734.3,0.000,1,325.1,,39.1
4432.589123,AVOID_APPROACH,pure-pursuit al punto de paso del pilar 50,24,-4.45,294.42,PISTA,OK,3,785.5,785.5,491.4,587.3,512.4,1,1.000,141.0,1,0.863,521.5,1,1.000,0.939,3,1,50,VERDE,235.5,725.8,0.000,1,325.1,,73.5
4432.689333,AVOID_APPROACH,pure-pursuit al punto de paso del pilar 50,24,-4.20,294.37,PISTA,OK,3,775.5,775.5,485.6,591.7,512.4,1,1.000,143.5,1,0.932,525.5,1,1.000,0.961,3,1,50,VERDE,231.6,716.2,0.000,1,325.1,,39.8
4432.788111,AVOID_APPROACH,pure-pursuit al punto de paso del pilar 50,24,-4.69,294.39,PISTA,OK,3,774.5,774.5,484.3,596.0,518.5,1,1.000,148.0,1,0.890,528.2,1,1.000,0.808,3,1,50,VERDE,237.1,708.5,0.000,1,325.1,,71.7
4432.889488,AVOID_APPROACH,pure-pursuit al punto de paso del pilar 50,24,-4.10,294.38,PISTA,OK,3,777.8,777.8,479.8,601.1,521.8,1,1.000,154.0,1,0.904,534.0,1,1.000,0.802,3,1,50,VERDE,229.1,699.0,0.000,1,325.1,,39.9
4432.986678,AVOID_APPROACH,pure-pursuit al punto de paso del pilar 50,24,-4.30,294.33,PISTA,OK,3,762.0,762.0,474.7,605.0,525.1,1,1.000,161.2,1,0.877,537.5,1,1.000,0.812,3,1,50,VERDE,231.0,690.7,0.000,1,325.1,,71.5
4433.086572,AVOID_APPROACH,pure-pursuit al punto de paso del pilar 50,24,-4.62,294.28,PISTA,OK,3,764.5,764.5,563.6,609.4,528.4,1,1.000,165.0,1,0.890,541.0,1,1.000,0.220,3,1,50,VERDE,234.1,680.9,0.000,1,325.1,,104.4
4433.185810,AVOID_APPROACH,pure-pursuit al punto de paso del pilar 50,24,-4.33,294.25,PISTA,OK,3,754.5,754.5,560.7,613.9,537.0,1,1.000,167.0,1,0.890,545.0,1,1.000,0.219,3,1,50,VERDE,230.0,672.9,0.000,1,325.1,,71.0
4433.286524,AVOID_APPROACH,pure-pursuit al punto de paso del pilar 50,24,-4.62,294.16,PISTA,OK,3,742.0,742.0,541.6,618.6,539.0,1,1.000,172.5,1,0.904,548.8,1,1.000,0.221,2,1,50,VERDE,232.5,662.8,0.000,1,325.1,,104.6
4433.385066,AVOID_APPROACH,pure-pursuit al punto de paso del pilar 50,24,-4.29,294.07,PISTA,OK,3,741.5,741.5,530.3,621.3,543.7,1,1.000,179.2,1,0.945,551.5,1,1.000,0.221,2,1,50,VERDE,228.1,655.0,0.000,1,325.1,,66.0
4433.484333,AVOID_APPROACH,pure-pursuit al punto de paso del pilar 50,24,-4.43,294.05,PISTA,OK,3,734.0,734.0,518.4,626.1,543.1,1,0.972,186.5,1,0.863,556.0,1,1.000,0.222,2,1,50,VERDE,229.1,647.1,0.000,1,325.1,,99.4
4433.583513,AVOID_APPROACH,pure-pursuit al punto de paso del pilar 50,24,-4.34,293.92,PISTA,OK,3,739.5,739.5,513.4,629.4,552.5,1,0.917,191.5,1,0.932,561.5,1,1.000,0.221,2,1,50,VERDE,227.4,638.6,0.000,1,325.1,,67.9
4433.683124,AVOID_APPROACH,pure-pursuit al punto de paso del pilar 50,23,-4.36,293.80,PISTA,OK,3,723.5,723.5,505.2,633.3,165.5,1,0.944,201.0,1,0.918,565.0,1,1.000,0.222,2,1,50,VERDE,226.9,629.3,0.000,1,325.1,,102.0
4433.784162,AVOID_APPROACH,pure-pursuit al punto de paso del pilar 50,23,-4.33,293.71,PISTA,OK,3,721.5,721.5,484.2,636.6,171.2,1,0.944,208.5,1,0.945,569.0,1,1.000,0.225,2,1,50,VERDE,226.0,620.2,0.000,1,325.1,,69.0
4433.882654,AVOID_APPROACH,pure-pursuit al punto de paso del pilar 50,23,-4.61,293.58,PISTA,OK,3,713.5,713.5,434.5,641.6,177.8,1,0.944,216.0,1,0.932,572.0,1,1.000,0.816,3,1,50,VERDE,228.5,613.0,0.000,1,325.1,,101.3
4433.983906,AVOID_APPROACH,pure-pursuit al punto de paso del pilar 50,23,-4.47,293.46,PISTA,OK,3,711.0,711.0,430.2,643.8,183.1,1,0.972,222.2,1,0.945,574.2,1,1.000,0.789,3,1,50,VERDE,226.2,604.2,0.000,1,325.1,,68.7
4434.084270,AVOID_APPROACH,pure-pursuit al punto de paso del pilar 50,23,-3.92,293.44,PISTA,OK,3,709.2,709.2,426.2,647.8,191.1,1,0.972,229.0,1,0.973,579.0,1,1.000,0.783,3,1,50,VERDE,219.9,597.7,0.000,1,325.1,,101.6
4434.183993,AVOID_APPROACH,pure-pursuit al punto de paso del pilar 50,23,-4.04,293.39,PISTA,OK,3,693.0,693.0,422.8,651.9,198.6,1,0.944,238.5,1,0.945,583.5,1,1.000,0.771,3,1,50,VERDE,220.6,588.5,0.000,1,325.1,,68.7
4434.283595,AVOID_APPROACH,pure-pursuit al punto de paso del pilar 50,23,-4.33,293.26,PISTA,OK,3,692.5,692.5,437.0,654.8,203.1,1,0.972,245.0,1,0.945,587.0,1,1.000,0.408,2,1,50,VERDE,223.0,581.0,0.000,1,325.1,,101.8
4434.384723,AVOID_APPROACH,pure-pursuit al punto de paso del pilar 50,23,-3.98,293.17,PISTA,OK,3,703.5,703.5,439.0,658.6,210.1,1,0.972,253.0,1,0.959,589.5,1,1.000,0.269,2,1,50,VERDE,218.9,574.0,0.000,1,325.1,,66.6
4434.485054,AVOID_APPROACH,pure-pursuit al punto de paso del pilar 50,23,-4.26,293.14,PISTA,OK,3,686.0,686.0,440.4,661.8,216.7,1,0.972,259.0,1,0.959,593.5,1,1.000,0.226,2,1,50,VERDE,221.0,564.0,0.000,1,325.1,,104.2
4434.584849,AVOID_APPROACH,pure-pursuit al punto de paso del pilar 50,23,-4.10,293.05,PISTA,OK,3,681.0,681.0,432.9,665.8,227.2,1,1.000,267.0,1,0.986,596.2,1,1.000,0.227,2,1,50,VERDE,218.9,556.5,0.000,1,325.1,,69.0
4434.686357,AVOID_APPROACH,pure-pursuit al punto de paso del pilar 50,23,-3.96,292.95,PISTA,OK,3,680.5,680.5,428.9,668.1,234.8,1,0.972,272.5,1,0.973,600.2,1,1.000,0.226,2,1,50,VERDE,217.1,549.6,0.000,1,325.1,,104.3
4434.786443,AVOID_APPROACH,pure-pursuit al punto de paso del pilar 50,23,-3.90,292.86,PISTA,OK,3,674.5,674.5,423.6,672.3,242.5,1,0.972,281.0,1,0.959,603.2,1,1.000,0.226,2,1,50,VERDE,215.9,541.1,0.000,1,325.1,,72.1
4434.886153,AVOID_APPROACH,pure-pursuit al punto de paso del pilar 50,23,-4.03,292.75,PISTA,OK,3,667.0,667.0,417.4,675.3,251.6,1,1.000,290.0,1,0.986,607.0,1,1.000,0.227,2,1,50,VERDE,216.6,533.5,0.000,1,325.1,,105.2
4434.987445,AVOID_APPROACH,pure-pursuit al punto de paso del pilar 50,23,-4.20,292.58,PISTA,OK,3,663.5,663.5,413.4,678.4,259.8,1,0.944,296.5,1,0.932,610.5,1,1.000,0.227,3,1,50,VERDE,217.6,524.8,0.000,1,325.1,,72.2
4435.085188,AVOID_APPROACH,pure-pursuit al punto de paso del pilar 50,23,-3.70,292.47,PISTA,OK,3,665.5,665.5,409.7,681.6,268.9,1,0.944,304.0,1,0.945,613.5,1,1.000,0.224,2,2,50,VERDE,212.4,517.1,0.000,1,325.1,,103.0
4435.184444,AVOID_APPROACH,pure-pursuit al punto de paso del pilar 50,23,-3.91,292.43,PISTA,OK,3,657.0,657.0,405.7,685.0,278.6,1,0.944,312.0,1,0.945,618.5,1,1.000,0.224,2,2,50,VERDE,213.8,508.9,0.000,1,325.1,,68.7
4435.282480,AVOID_APPROACH,pure-pursuit al punto de paso del pilar 50,23,-3.46,292.27,PISTA,OK,3,643.5,643.5,397.2,688.0,286.1,1,0.972,318.5,1,0.959,620.5,1,1.000,0.224,2,2,50,VERDE,209.3,501.1,0.000,1,325.1,,101.7
4435.383302,AVOID_APPROACH,pure-pursuit al punto de paso del pilar 50,23,-4.13,292.16,PISTA,OK,3,641.5,641.5,395.9,690.7,294.9,1,0.972,327.5,1,0.973,623.5,1,1.000,0.224,2,2,50,VERDE,214.6,492.7,0.000,1,325.1,,65.0
4435.481278,AVOID_APPROACH,pure-pursuit al punto de paso del pilar 50,23,-3.88,292.11,PISTA,OK,3,639.0,639.0,388.3,693.8,303.3,1,0.944,334.0,1,0.973,626.8,1,1.000,0.224,2,2,50,VERDE,211.9,485.6,0.000,1,325.1,,99.0
4435.581624,AVOID_APPROACH,pure-pursuit al punto de paso del pilar 50,23,-3.66,292.06,PISTA,OK,3,628.0,628.0,387.4,697.2,310.5,1,0.944,342.0,1,0.959,631.0,1,1.000,0.224,2,2,50,VERDE,209.6,478.0,0.000,1,325.1,,66.2
4435.682018,AVOID_APPROACH,pure-pursuit al punto de paso del pilar 50,23,-3.55,291.95,PISTA,OK,3,635.5,635.5,379.5,700.9,319.0,1,0.944,350.0,1,0.973,633.5,1,1.000,0.223,2,2,50,VERDE,208.1,469.5,0.000,1,325.1,,101.1
4435.781698,AVOID_APPROACH,pure-pursuit al punto de paso del pilar 50,23,-3.75,291.86,PISTA,OK,3,624.5,624.5,375.9,703.9,327.6,1,0.972,355.5,1,0.959,636.2,1,1.000,0.224,2,2,50,VERDE,209.2,460.9,0.000,1,325.1,,66.9
4435.882553,AVOID_APPROACH,pure-pursuit al punto de paso del pilar 50,23,-3.43,291.79,PISTA,OK,3,619.5,619.5,369.2,706.5,336.2,1,0.972,347.5,1,0.959,639.0,1,1.000,0.224,2,2,50,VERDE,206.1,452.6,0.000,1,325.1,,95.7
4435.981475,AVOID_APPROACH,pure-pursuit al punto de paso del pilar 50,23,-4.28,291.68,PISTA,OK,3,616.8,616.8,363.9,710.1,346.1,1,0.944,343.0,1,0.932,642.2,1,1.000,0.225,2,2,50,VERDE,212.4,446.2,0.000,1,325.1,,66.8
4436.081404,AVOID_APPROACH,pure-pursuit al punto de paso del pilar 50,22,-3.59,291.63,PISTA,OK,3,609.5,609.5,351.3,713.0,355.3,1,0.972,337.0,1,0.945,646.2,1,1.000,0.319,2,2,50,VERDE,206.4,436.7,0.000,1,325.1,,100.3
4436.181760,AVOID_APPROACH,pure-pursuit al punto de paso del pilar 50,22,-3.78,291.54,PISTA,OK,3,600.0,600.0,348.3,717.2,362.1,1,0.944,333.0,1,0.945,650.0,1,1.000,0.283,2,2,50,VERDE,207.3,428.9,0.000,1,325.1,,64.8
4436.282401,AVOID_APPROACH,pure-pursuit al punto de paso del pilar 50,22,-3.63,291.43,PISTA,OK,3,591.0,591.0,348.2,719.2,372.0,1,0.972,330.8,1,0.890,652.5,1,1.000,0.228,2,2,50,VERDE,205.7,421.0,0.000,1,325.1,,101.9
4436.382605,AVOID_APPROACH,pure-pursuit al punto de paso del pilar 50,22,-3.95,291.30,PISTA,OK,3,590.0,590.0,345.4,721.9,379.0,1,0.972,326.5,1,0.945,655.0,1,1.000,0.228,2,2,50,VERDE,207.6,414.2,0.000,1,325.1,,65.5
4436.484246,AVOID_APPROACH,pure-pursuit al punto de paso del pilar 50,22,-3.58,291.18,PISTA,OK,3,580.0,580.0,342.0,724.9,388.6,1,0.944,324.0,1,0.945,659.5,1,1.000,0.228,2,2,50,VERDE,204.4,406.5,0.000,1,325.1,,103.9
4436.589906,AVOID_APPROACH,pure-pursuit al punto de paso del pilar 50,22,-3.39,291.09,PISTA,OK,3,574.8,574.8,336.6,727.8,395.1,1,0.972,316.8,1,0.959,662.0,1,1.000,0.228,2,2,50,VERDE,202.7,399.8,0.000,1,325.1,,74.3
4436.686844,AVOID_APPROACH,pure-pursuit al punto de paso del pilar 50,22,-3.83,290.97,PISTA,OK,3,572.5,572.5,332.8,730.5,405.6,1,1.000,318.0,1,0.945,665.0,1,1.000,0.228,2,2,50,VERDE,205.2,392.4,0.000,1,325.1,,39.3
4436.785667,AVOID_APPROACH,pure-pursuit al punto de paso del pilar 50,25,-3.32,290.90,PISTA,OK,3,1048.5,1503.0,329.0,733.3,410.4,1,0.972,309.0,1,0.932,667.8,1,1.000,0.227,2,2,50,VERDE,201.4,385.0,0.000,1,325.1,,72.1
4436.885268,AVOID_APPROACH,pure-pursuit al punto de paso del pilar 50,25,-3.20,290.83,PISTA,OK,3,1041.5,1492.5,322.6,735.2,420.8,1,0.972,306.5,1,0.945,671.0,1,1.000,0.230,2,2,50,VERDE,200.1,377.4,0.000,1,325.1,,104.6
4436.984858,AVOID_APPROACH,pure-pursuit al punto de paso del pilar 50,25,-3.52,290.75,PISTA,OK,3,1031.0,1486.5,307.0,739.3,429.9,1,0.972,303.0,1,0.918,673.5,1,1.000,0.730,2,2,50,VERDE,201.7,369.6,0.000,1,325.1,,66.5
4437.084625,AVOID_APPROACH,pure-pursuit al punto de paso del pilar 50,25,-3.56,290.59,PISTA,OK,3,1021.0,1476.5,302.7,742.2,438.0,1,0.972,304.8,1,0.890,677.0,1,1.000,0.759,2,2,50,VERDE,201.5,361.6,0.000,1,325.1,,104.1
4437.183999,AVOID_APPROACH,pure-pursuit al punto de paso del pilar 50,25,-2.85,290.57,PISTA,OK,3,1011.0,1467.5,298.5,745.6,704.1,1,0.944,294.0,1,0.904,681.0,1,0.986,0.761,2,2,50,VERDE,196.6,352.8,0.000,1,325.1,,69.7
4437.283409,AVOID_APPROACH,pure-pursuit al punto de paso del pilar 50,25,-2.76,290.46,PISTA,OK,3,1002.5,1459.5,294.3,748.7,704.1,1,0.972,289.5,1,0.932,684.5,1,1.000,0.768,2,2,50,VERDE,195.6,344.7,0.000,1,325.1,,103.0
4437.382810,AVOID_APPROACH,pure-pursuit al punto de paso del pilar 50,25,-3.05,290.33,PISTA,OK,3,994.5,1449.5,290.3,751.6,704.5,1,1.000,283.5,1,0.918,687.5,1,1.000,0.768,2,2,50,VERDE,196.9,335.0,0.000,1,325.1,,67.9
4437.482432,AVOID_APPROACH,pure-pursuit al punto de paso del pilar 50,25,-3.01,290.26,PISTA,OK,3,983.0,1443.0,286.0,754.6,708.2,1,1.000,283.5,1,0.945,692.0,1,1.000,0.768,2,2,50,VERDE,196.2,327.6,0.000,1,325.1,,102.5
4437.582945,AVOID_APPROACH,pure-pursuit al punto de paso del pilar 50,25,-3.04,290.14,PISTA,OK,3,976.0,1430.5,282.7,757.8,713.5,1,1.000,278.5,1,0.932,694.8,1,1.000,0.769,2,2,50,VERDE,195.9,318.5,0.000,1,325.1,,68.4
4437.681491,AVOID_APPROACH,pure-pursuit al punto de paso del pilar 50,25,-3.05,290.05,PISTA,OK,3,966.0,1421.0,278.2,760.7,713.5,1,0.972,274.5,1,0.973,696.8,1,0.986,0.776,2,2,50,VERDE,195.5,309.6,0.000,1,325.1,,99.2
4437.780621,AVOID_APPROACH,pure-pursuit al punto de paso del pilar 50,25,-2.68,289.91,PISTA,OK,3,957.0,1414.0,274.2,764.7,719.4,1,1.000,269.0,1,0.863,701.5,1,1.000,0.780,2,2,50,VERDE,193.1,301.5,0.000,1,325.1,,66.8
4437.880555,AVOID_APPROACH,pure-pursuit al punto de paso del pilar 50,25,-3.05,289.78,PISTA,OK,3,948.0,1404.5,270.8,767.5,726.6,1,1.000,268.5,1,0.945,704.5,1,1.000,0.772,2,2,50,VERDE,194.6,292.5,0.000,1,325.1,,101.2
4437.980431,AVOID_APPROACH,pure-pursuit al punto de paso del pilar 50,25,-2.70,289.66,PISTA,OK,3,939.0,1397.5,266.0,770.8,729.0,1,0.972,264.5,1,0.890,707.8,1,1.000,0.784,2,2,50,VERDE,192.4,284.2,0.000,1,325.1,,64.3
4438.081824,AVOID_PASS,manteniendo rumbo mientras pasa el pilar 50,25,0.00,289.56,PISTA,OK,3,929.5,1388.0,262.6,773.5,735.2,1,0.972,258.5,1,0.890,711.8,1,1.000,0.781,2,2,50,VERDE,192.2,275.5,0.000,1,0.0,,96.2
4438.181931,AVOID_PASS,manteniendo rumbo mientras pasa el pilar 50,25,0.02,289.54,PISTA,OK,3,920.5,1380.5,258.3,776.8,743.0,1,0.944,256.0,1,0.904,715.5,1,0.986,0.784,2,2,50,VERDE,189.9,267.4,0.000,1,10.0,,68.4
4438.281353,AVOID_PASS,manteniendo rumbo mientras pasa el pilar 50,25,0.11,289.45,PISTA,OK,3,911.0,1368.5,254.4,779.1,744.2,1,1.000,252.5,1,0.890,718.5,1,1.000,0.773,2,2,50,VERDE,189.5,259.6,0.000,1,20.0,,101.8
4438.381373,AVOID_PASS,manteniendo rumbo mientras pasa el pilar 50,25,0.21,289.35,PISTA,OK,3,904.5,1359.5,250.9,782.2,749.9,1,1.000,249.0,1,0.904,722.5,1,1.000,0.773,2,2,50,VERDE,192.2,250.6,0.000,1,30.0,,67.0
4438.482603,AVOID_PASS,manteniendo rumbo mientras pasa el pilar 50,25,0.26,289.30,PISTA,OK,3,893.5,1351.5,246.8,786.0,757.7,1,0.972,245.0,1,0.836,725.5,1,1.000,0.777,2,2,50,VERDE,193.1,241.5,0.000,1,40.1,,103.4
4438.582516,AVOID_PASS,manteniendo rumbo mientras pasa el pilar 50,25,0.28,289.28,PISTA,OK,3,884.5,1342.5,243.1,788.4,753.6,1,1.000,243.5,1,0.904,727.8,1,1.000,0.776,2,2,50,VERDE,192.6,232.3,0.000,1,50.1,,67.0
4438.682380,AVOID_PASS,manteniendo rumbo mientras pasa el pilar 50,25,0.40,289.16,PISTA,OK,3,875.5,1330.5,239.0,792.1,765.1,1,0.972,239.8,1,0.849,731.5,1,1.000,0.788,2,2,50,VERDE,192.2,224.1,0.000,1,60.1,,103.1
4438.783602,AVOID_PASS,manteniendo rumbo mientras pasa el pilar 50,25,0.47,289.09,PISTA,OK,3,866.0,1323.5,235.8,795.5,765.9,1,0.944,233.5,1,0.849,734.5,1,1.000,0.773,2,2,50,VERDE,187.9,215.6,0.000,1,70.2,,66.1
4438.883779,AVOID_PASS,manteniendo rumbo mientras pasa el pilar 50,25,0.54,289.02,PISTA,OK,3,858.0,1316.5,232.0,799.0,771.2,1,1.000,231.0,1,0.863,739.5,1,1.000,0.783,2,2,50,VERDE,191.6,206.6,0.000,1,80.2,,102.7
4438.983538,AVOID_PASS,manteniendo rumbo mientras pasa el pilar 50,25,0.48,288.87,PISTA,OK,3,847.5,1306.5,228.7,802.5,774.1,1,0.944,228.5,1,0.863,742.0,1,0.973,0.774,2,2,50,VERDE,190.2,198.2,0.000,1,90.2,,70.2
4439.084793,AVOID_PASS,manteniendo rumbo mientras pasa el pilar 50,24,-0.47,288.85,PISTA,OK,3,838.0,1295.0,224.0,805.5,779.8,1,0.972,222.0,1,0.836,745.0,1,1.000,0.787,2,2,50,VERDE,191.6,191.0,0.000,1,100.3,,103.6
4439.184620,AVOID_PASS,manteniendo rumbo mientras pasa el pilar 50,24,-1.03,288.77,PISTA,OK,3,829.0,1285.5,220.8,808.7,783.1,1,0.972,221.5,1,0.836,748.5,1,1.000,0.789,2,2,50,VERDE,190.7,183.0,0.000,1,109.9,,69.9
4439.282730,AVOID_PASS,manteniendo rumbo mientras pasa el pilar 50,24,-1.70,288.67,PISTA,OK,3,820.5,1279.5,217.0,811.5,794.2,1,1.000,215.5,1,0.781,751.0,1,1.000,0.792,2,2,50,VERDE,190.2,175.9,0.000,1,119.3,,101.9
4439.383610,AVOID_PASS,manteniendo rumbo mientras pasa el pilar 50,24,-2.38,288.63,PISTA,OK,3,810.5,1268.0,213.4,815.2,792.9,1,0.944,212.5,1,0.753,755.0,1,0.986,0.785,2,2,50,VERDE,190.0,166.3,0.101,1,129.0,,70.8
4439.483337,AVOID_PASS,manteniendo rumbo mientras pasa el pilar 50,24,-3.00,288.56,PISTA,OK,3,800.5,1258.5,210.0,817.7,796.2,1,0.944,208.0,1,0.753,757.5,1,0.986,0.763,2,2,50,VERDE,189.8,157.0,0.201,1,138.6,,104.4
4439.582436,AVOID_PASS,manteniendo rumbo mientras pasa el pilar 50,24,-3.44,288.53,PISTA,OK,3,792.0,1250.5,207.7,820.6,797.0,1,0.944,207.5,1,0.781,760.8,1,1.000,0.752,2,2,50,VERDE,189.8,147.6,0.300,1,148.1,,66.8
4439.682088,AVOID_PASS,manteniendo rumbo mientras pasa el pilar 50,24,-4.18,288.46,PISTA,OK,3,784.0,1244.5,203.7,825.0,798.3,1,0.944,205.2,1,0.740,763.0,1,1.000,0.779,2,2,50,VERDE,186.1,142.1,0.000,1,157.6,,102.0
4439.779678,AVOID_PASS,manteniendo rumbo mientras pasa el pilar 50,24,-4.71,288.40,PISTA,OK,3,775.0,1237.5,200.9,820.8,642.2,1,1.000,197.0,1,0.808,767.0,1,1.000,0.699,2,2,50,VERDE,185.9,132.9,0.098,1,167.0,,66.4
4439.880476,AVOID_PASS,manteniendo rumbo mientras pasa el pilar 50,24,-5.35,288.29,PISTA,OK,3,764.5,1231.0,197.3,825.5,634.4,1,0.944,197.5,1,0.740,771.0,1,1.000,0.721,2,2,50,VERDE,185.6,123.6,0.198,1,176.7,,101.9
4439.979067,AVOID_PASS,manteniendo rumbo mientras pasa el pilar 50,24,-5.87,288.20,PISTA,OK,3,757.5,1219.5,194.5,831.2,657.4,1,0.917,194.0,1,0.726,772.8,1,1.000,0.781,2,2,50,VERDE,182.9,119.3,0.000,1,186.1,,63.7
4440.078476,AVOID_PASS,manteniendo rumbo mientras pasa el pilar 50,24,-6.41,288.09,PISTA,OK,3,747.5,1210.0,191.4,805.8,580.8,1,0.917,189.5,1,0.767,776.0,1,0.986,0.533,2,2,50,VERDE,182.6,110.1,0.099,1,195.7,,94.2
4440.179666,AVOID_PASS,manteniendo rumbo mientras pasa el pilar 50,24,-7.04,288.00,PISTA,OK,3,738.0,1204.0,188.1,811.5,600.4,1,0.944,184.5,1,0.795,779.0,1,1.000,0.579,2,2,50,VERDE,182.5,100.7,0.201,1,205.4,,66.5
4440.280131,AVOID_PASS,manteniendo rumbo mientras pasa el pilar 50,24,-7.70,287.83,PISTA,OK,3,729.5,1192.0,184.4,816.7,565.6,1,0.889,184.0,1,0.712,782.0,1,1.000,0.568,2,2,50,VERDE,182.2,91.6,0.301,1,215.0,,101.4
4440.379866,AVOID_PASS,manteniendo rumbo mientras pasa el pilar 50,23,-8.10,287.62,PISTA,OK,3,721.0,1183.0,182.0,819.1,607.3,1,0.917,180.2,1,0.630,785.0,1,1.000,0.588,2,2,50,VERDE,181.8,82.7,0.401,1,224.6,,66.8
4440.480895,AVOID_PASS,manteniendo rumbo mientras pasa el pilar 50,23,-8.57,287.30,PISTA,OK,3,713.5,1176.0,178.9,816.2,530.4,1,0.944,175.5,1,0.575,787.8,1,1.000,0.573,2,2,50,VERDE,181.8,82.7,0.401,0,233.9,,101.2
4440.581862,AVOID_PASS,manteniendo rumbo mientras pasa el pilar 50,23,-8.83,286.93,PISTA,OK,3,702.5,1165.5,176.8,818.1,513.6,1,0.861,176.5,1,0.767,790.0,1,1.000,0.577,2,2,50,VERDE,181.8,82.7,0.401,0,243.2,,62.7
4440.680702,AVOID_PASS,manteniendo rumbo mientras pasa el pilar 50,23,-9.38,286.72,PISTA,OK,3,689.5,689.5,173.8,818.1,585.0,1,0.778,174.0,1,0.603,791.2,1,0.986,0.586,2,2,50,VERDE,181.8,82.7,0.401,0,252.3,,101.0
4440.781644,AVOID_PASS,manteniendo rumbo mientras pasa el pilar 50,23,-9.68,286.33,PISTA,OK,3,685.5,685.5,171.7,819.0,552.7,1,0.806,171.0,1,0.630,794.5,1,1.000,0.588,2,2,50,VERDE,181.8,82.7,0.401,0,261.6,,67.1
4440.881890,AVOID_PASS,manteniendo rumbo mientras pasa el pilar 50,23,-9.95,285.84,PISTA,OK,3,676.0,676.0,169.5,819.3,524.4,1,0.861,169.5,1,0.671,796.0,1,0.986,0.618,2,2,50,VERDE,181.8,82.7,0.401,0,270.8,,103.5
4440.981700,AVOID_PASS,manteniendo rumbo mientras pasa el pilar 50,23,-10.25,285.31,PISTA,OK,3,667.5,1128.5,167.2,817.2,518.3,1,0.778,166.0,1,0.630,797.5,1,1.000,0.612,4,2,50,VERDE,181.8,82.7,0.401,0,280.0,,66.7
4441.081800,AVOID_PASS,manteniendo rumbo mientras pasa el pilar 50,23,-10.37,284.75,PISTA,OK,3,658.5,1119.0,165.8,816.7,473.4,1,0.806,164.0,1,0.630,798.5,1,1.000,0.604,4,2,50,VERDE,181.8,82.7,0.401,0,289.2,,102.6
4441.183408,AVOID_PASS,manteniendo rumbo mientras pasa el pilar 50,23,-10.75,284.46,PISTA,OK,3,647.5,655.5,163.7,815.6,416.1,1,0.833,160.5,1,0.671,799.5,1,1.000,0.578,3,1,50,VERDE,181.8,82.7,0.401,0,298.5,,71.5
4441.283436,AVOID_PASS,manteniendo rumbo mientras pasa el pilar 50,23,-10.93,283.82,PISTA,OK,3,639.5,652.0,162.0,815.1,473.8,1,0.833,161.5,1,0.685,800.8,1,1.000,0.612,3,1,50,VERDE,181.8,82.7,0.401,0,307.8,,104.8
4441.383067,AVOID_PASS,manteniendo rumbo mientras pasa el pilar 50,23,-11.15,283.17,PISTA,OK,3,631.5,1091.5,160.2,812.7,378.0,1,0.778,158.5,1,0.671,802.0,1,1.000,0.644,3,1,50,VERDE,181.8,82.7,0.401,0,316.9,,70.5
4441.484511,RECENTER,reincorporacion tras 326 mm de sobrepaso estimado,23,-15.15,282.35,PISTA,OK,3,622.5,1082.0,159.6,819.4,370.3,1,0.778,156.0,1,0.575,803.2,1,0.973,0.676,3,1,50,VERDE,181.8,82.7,0.401,0,326.3,,105.2
4441.585508,RECENTER,reincorporando por posicion lateral,23,-19.15,281.77,PISTA,OK,3,615.5,1072.5,158.1,816.0,383.0,1,0.806,154.5,1,0.685,175.5,1,1.000,0.660,3,1,50,VERDE,181.8,82.7,0.401,0,326.3,,71.6
4441.683585,RECENTER,reincorporando por posicion lateral,22,-20.00,281.53,PISTA,OK,3,606.5,1065.0,155.5,814.7,350.2,1,0.778,153.0,1,0.603,162.0,1,1.000,0.663,3,1,50,VERDE,181.8,82.7,0.401,0,326.3,,37.1
4441.782378,RECENTER,reincorporando por posicion lateral,22,-20.00,280.46,PISTA,OK,3,600.5,1054.5,156.2,814.0,328.5,1,0.694,153.2,1,0.630,156.0,1,0.973,0.685,4,1,50,VERDE,181.8,82.7,0.401,0,326.3,,69.7
4441.883724,RECENTER,reincorporando por posicion lateral,22,-20.00,279.10,PISTA,OK,3,592.0,1046.5,155.9,826.7,331.6,1,0.639,152.5,1,0.671,151.8,1,0.959,0.770,4,1,50,VERDE,181.8,82.7,0.401,0,326.3,,104.6
4441.982927,RECENTER,reincorporando por posicion lateral,22,-20.00,277.74,PISTA,OK,3,587.0,1039.0,156.7,824.1,314.6,1,0.750,152.8,1,0.589,147.0,1,0.986,0.776,4,1,50,VERDE,181.8,82.7,0.401,0,326.3,,68.2
4442.082886,RECENTER,reincorporando por posicion lateral,22,-20.00,276.28,PISTA,OK,3,579.0,1030.5,156.7,828.2,286.7,1,0.694,152.2,1,0.644,145.5,1,0.973,0.846,5,1,50,VERDE,181.8,82.7,0.401,0,326.3,,36.9
4442.182534,RECENTER,reincorporando por posicion lateral,25,-20.00,275.60,PISTA,OK,3,1024.0,1024.0,157.4,826.2,283.0,1,0.667,153.0,1,0.671,143.0,1,0.973,0.848,5,1,50,VERDE,181.8,82.7,0.401,0,326.3,,70.9
4442.281591,RECENTER,reincorporando por posicion lateral,25,-20.00,274.04,PISTA,OK,3,1013.5,1016.5,158.7,823.6,287.3,1,0.694,156.0,1,0.671,141.0,1,0.945,0.828,6,1,50,VERDE,181.8,82.7,0.401,0,326.3,,101.2
4442.381031,RECENTER,reincorporando por posicion lateral,25,-20.00,272.42,PISTA,OK,3,1002.5,1007.5,160.8,820.6,264.2,1,0.722,159.2,1,0.740,138.5,1,0.918,0.779,5,0,50,VERDE,181.8,82.7,0.401,0,326.3,,67.9
4442.480698,RECENTER,reincorporando por posicion lateral,25,-16.00,271.58,PISTA,OK,3,992.5,998.5,193.9,818.7,258.9,1,0.750,161.8,1,0.767,137.0,1,0.959,0.220,6,0,50,VERDE,181.8,82.7,0.401,0,326.3,,102.3
4442.580736,RECENTER,reincorporando por posicion lateral,25,-12.00,269.76,PISTA,OK,3,984.0,984.0,202.0,813.3,254.3,1,0.750,163.5,1,0.740,134.0,1,0.973,0.220,6,0,50,VERDE,181.8,82.7,0.401,0,326.3,,68.3
4442.679461,RECENTER,reincorporando por posicion lateral,25,-8.00,267.94,PISTA,OK,3,976.5,976.5,220.0,810.5,251.1,1,0.833,167.8,1,0.726,129.5,1,0.986,0.219,6,0,50,VERDE,181.8,82.7,0.401,0,326.3,,100.1
4442.779200,RECENTER,reincorporando por posicion lateral,25,-4.00,266.12,PISTA,OK,3,967.0,967.0,225.0,805.5,236.3,1,0.806,170.8,1,0.726,128.0,1,0.932,0.221,6,0,50,VERDE,181.8,82.7,0.401,0,326.3,,66.7
4442.878625,RECENTER,reincorporando por posicion lateral,25,0.00,264.18,PISTA,OK,3,959.0,959.0,248.0,801.7,231.4,1,0.778,176.0,1,0.795,127.5,1,0.904,0.219,6,0,50,VERDE,181.8,82.7,0.401,0,326.3,,101.0
4442.978050,RECENTER,reincorporando por posicion lateral,25,3.65,262.59,PISTA,OK,3,950.5,950.5,262.3,797.5,234.6,1,0.833,178.5,1,0.822,124.0,1,0.945,0.218,6,0,50,VERDE,181.8,82.7,0.401,0,326.3,,66.2
4443.077449,RECENTER,reincorporando por posicion lateral,25,3.89,262.12,PISTA,OK,3,943.5,943.5,273.2,794.2,233.0,1,0.861,178.5,1,0.781,122.5,1,0.945,0.216,5,0,50,VERDE,181.8,82.7,0.401,0,326.3,,85.8
4443.175384,RECENTER,reincorporando por posicion lateral,25,4.23,261.44,PISTA,OK,3,932.5,932.5,285.6,793.7,222.4,1,0.861,181.2,1,0.712,121.0,1,0.904,0.217,5,0,50,VERDE,181.8,82.7,0.401,0,326.3,,62.3
4443.276630,RECENTER,reincorporando por posicion lateral,25,4.34,261.23,PISTA,OK,3,924.0,924.0,310.2,790.9,229.2,1,0.778,182.8,1,0.712,124.5,1,0.877,0.216,6,0,50,VERDE,181.8,82.7,0.401,0,326.3,,84.6
4443.376252,RECENTER,reincorporando por posicion lateral,25,4.41,261.08,PISTA,OK,3,916.0,916.0,318.6,789.2,240.4,1,0.778,185.2,1,0.658,126.0,1,0.877,0.218,5,0,50,VERDE,181.8,82.7,0.401,0,326.3,,58.5
4443.476725,RECENTER,reincorporando por posicion lateral,25,4.43,261.04,PISTA,OK,3,906.0,906.0,311.1,788.0,233.5,1,0.750,189.0,1,0.616,129.8,1,0.890,0.216,5,0,50,VERDE,181.8,82.7,0.401,0,326.3,,84.0
4443.576960,RECENTER,reincorporando por posicion lateral,25,4.49,260.93,PISTA,OK,3,896.5,896.5,319.3,779.7,246.2,1,0.833,192.2,1,0.726,133.5,1,0.890,0.216,5,0,50,VERDE,181.8,82.7,0.401,0,326.3,,62.5
4443.677575,RECENTER,reincorporando por posicion lateral,25,4.55,260.81,PISTA,OK,3,888.0,888.0,364.1,784.6,236.7,1,0.944,191.0,1,0.712,135.2,1,0.904,0.218,6,0,50,VERDE,181.8,82.7,0.401,0,326.3,,87.2
4443.777679,RECENTER,reincorporando por posicion lateral,25,4.60,260.71,PISTA,OK,3,879.5,879.5,4762.1,783.2,234.5,1,0.889,210.0,1,0.589,140.0,1,0.986,0.182,5,0,50,VERDE,181.8,82.7,0.401,0,326.3,,66.2
4443.877442,RECENTER,reincorporando por posicion lateral,25,4.64,260.62,PISTA,OK,3,870.0,870.0,4250.5,765.9,236.9,1,0.778,205.0,1,0.712,145.0,1,0.945,0.170,5,0,50,VERDE,181.8,82.7,0.401,0,326.3,,87.0
4443.980489,RECENTER,reincorporando por posicion lateral,25,0.64,260.51,PISTA,OK,3,862.0,862.0,444.0,766.5,244.6,1,0.889,216.5,1,0.616,150.0,1,0.986,0.711,5,0,50,VERDE,181.8,82.7,0.401,0,326.3,,68.8
4444.078862,RECENTER,reincorporando por posicion lateral,25,4.64,260.44,PISTA,OK,3,853.0,853.0,5880.4,771.3,237.6,1,0.861,226.0,1,0.740,154.0,1,0.945,0.179,5,0,50,VERDE,181.8,82.7,0.401,0,326.3,,100.4
4444.179789,RECENTER,reincorporando por posicion lateral,25,0.64,260.33,PISTA,OK,3,843.0,843.0,429.5,772.7,244.1,1,0.944,226.0,1,0.685,161.2,1,0.959,0.785,5,0,50,VERDE,181.8,82.7,0.401,0,326.3,,65.2
4444.280165,RECENTER,reincorporando por posicion lateral,24,4.64,260.21,PISTA,OK,3,833.5,833.5,650.6,775.4,257.0,1,0.806,242.0,1,0.644,165.2,1,0.945,0.270,4,0,50,VERDE,181.8,82.7,0.401,0,326.3,,101.8
4444.380112,RECENTER,reincorporando por posicion lateral,24,0.64,260.06,PISTA,OK,3,824.5,824.5,415.5,777.4,238.8,1,0.806,241.5,1,0.685,172.5,1,0.945,0.787,4,0,50,VERDE,181.8,82.7,0.401,0,326.3,,66.3
4444.479866,RECENTER,reincorporando por posicion lateral,24,-3.36,259.99,PISTA,OK,3,816.0,816.0,405.5,778.2,246.2,1,0.833,250.2,1,0.630,177.5,1,0.959,0.789,4,0,50,VERDE,181.8,82.7,0.401,0,326.3,,101.7
4444.580951,RECENTER,reincorporando por posicion lateral,24,0.64,259.95,PISTA,OK,3,805.5,805.5,4874.4,778.1,244.8,1,0.861,258.2,1,0.699,184.0,1,0.959,0.182,4,0,50,VERDE,181.8,82.7,0.401,0,326.3,,69.7
4444.681198,RECENTER,reincorporando por posicion lateral,24,-3.36,259.92,AZUL,OK,3,796.5,796.5,892.8,776.6,248.2,1,0.861,262.0,1,0.699,191.0,1,0.973,0.593,4,0,50,VERDE,181.8,82.7,0.401,0,326.3,,103.9
4444.780904,RECENTER,reincorporando por posicion lateral,24,0.64,259.72,AZUL,OK,3,788.5,788.5,4943.9,776.4,190.0,1,0.806,266.5,1,0.699,196.8,1,0.959,0.184,4,0,50,VERDE,181.8,82.7,0.401,0,326.3,,69.6
4444.879974,RECENTER,reincorporando por posicion lateral,24,-3.36,259.53,PISTA,OK,3,779.0,779.0,381.5,775.0,191.3,1,0.889,278.0,1,0.767,205.0,1,0.945,0.809,4,0,50,VERDE,181.8,82.7,0.401,0,326.3,,101.0
4444.979437,RECENTER,reincorporando por posicion lateral,24,-7.36,259.37,PISTA,OK,3,771.5,771.5,801.5,774.2,193.3,1,0.833,275.8,1,0.740,210.2,1,0.959,0.523,4,0,50,VERDE,181.8,82.7,0.401,0,326.3,,66.3
4445.078912,CRUISE,reincorporacion verificada,24,-3.36,259.32,PISTA,OK,3,761.5,761.5,922.6,773.0,188.4,1,0.917,279.2,1,0.781,219.5,1,0.973,0.436,4,0,,,,,,0,326.3,,86.1
4445.178548,CRUISE,crucero centrado por paredes,24,-7.36,259.18,PISTA,OK,3,753.0,753.0,364.0,771.0,186.6,1,0.917,308.0,1,0.767,225.8,1,0.959,0.817,4,0,,,,,,0,326.3,,67.5
4445.276607,CRUISE,crucero centrado por paredes,24,-11.36,258.88,PISTA,OK,3,745.5,745.5,358.0,770.3,192.3,1,0.889,307.5,1,0.781,234.5,1,0.932,0.818,4,0,,,,,,0,326.3,,99.8
4445.377334,CRUISE,crucero centrado por paredes,24,-15.36,258.78,PISTA,OK,3,735.5,735.5,352.5,768.8,197.8,1,0.833,307.5,1,0.795,241.5,1,0.973,0.817,4,0,,,,,,0,326.3,,63.6
4445.476753,CRUISE,crucero centrado por paredes,24,-11.36,258.47,PISTA,OK,3,729.0,729.0,1003.8,767.8,205.8,1,0.861,319.5,1,0.726,247.5,1,0.973,0.262,3,0,,,,,,0,326.3,,100.0
4445.575966,CRUISE,crucero centrado por paredes,23,-8.16,257.98,PISTA,OK,3,719.5,719.5,941.2,767.1,211.8,1,0.833,319.2,1,0.781,255.8,1,0.932,0.720,3,0,,,,,,0,326.3,,64.2
4445.675410,CRUISE,crucero centrado por paredes,23,-12.16,256.75,PISTA,OK,3,714.0,714.0,339.0,766.2,216.3,1,0.806,330.0,1,0.808,259.5,1,0.945,0.818,3,0,,,,,,0,326.3,,85.9
4445.775608,CRUISE,crucero centrado por paredes,23,-16.16,255.64,PISTA,OK,3,706.0,706.0,335.5,765.2,221.2,1,0.861,340.0,1,0.836,265.5,1,0.945,0.819,3,0,,,,,,0,326.3,,64.8
4445.875330,CRUISE,crucero centrado por paredes,23,-20.00,254.72,PISTA,OK,3,699.5,699.5,333.5,764.4,226.5,1,0.833,344.0,1,0.836,270.0,1,0.918,0.820,3,0,,,,,,0,326.3,,86.6
4445.976293,TURN,giro de esquina por IMU y reapertura frontal,23,25.00,253.92,PISTA,OK,3,695.5,695.5,815.9,763.3,231.8,1,0.806,352.0,1,0.836,278.0,1,0.904,0.212,3,0,,,,,,0,326.3,,66.0
4446.076666,TURN,giro de esquina por IMU y reapertura frontal,23,25.00,253.35,PISTA,OK,3,692.5,692.5,769.8,761.8,236.3,1,0.861,364.5,1,0.877,283.0,1,0.904,0.202,3,0,,,,,,0,326.3,,86.9
4446.176969,TURN,giro de esquina por IMU y reapertura frontal,23,25.00,250.94,PISTA,OK,3,691.5,691.5,718.4,767.0,237.6,1,0.778,371.0,1,0.753,286.0,1,0.918,0.202,3,0,,,,,,0,326.3,,65.9
4446.277100,TURN,giro de esquina por IMU y reapertura frontal,23,25.00,249.87,PISTA,OK,3,684.0,684.0,684.9,767.6,240.8,1,0.889,383.0,1,0.795,291.5,1,0.904,0.205,3,0,,,,,,0,326.3,,100.3
4446.376420,TURN,giro de esquina por IMU y reapertura frontal,23,25.00,251.81,PISTA,OK,3,670.0,670.0,640.7,760.7,249.8,1,0.944,384.0,1,0.795,299.5,1,0.973,0.338,3,0,,,,,,0,326.3,,65.3
4446.475905,TURN,giro de esquina por IMU y reapertura frontal,23,25.00,253.59,PISTA,OK,3,659.5,659.5,676.4,755.6,258.9,1,0.833,389.2,1,0.849,307.5,1,0.904,0.205,3,0,,,,,,0,326.3,,86.0
4446.575604,TURN,giro de esquina por IMU y reapertura frontal,23,25.00,255.38,PISTA,OK,3,649.0,649.0,743.6,751.4,267.9,1,0.889,393.8,1,0.890,315.5,1,0.932,0.205,3,0,,,,,,0,326.3,,61.4
4446.677911,TURN,giro de esquina por IMU y reapertura frontal,23,25.00,257.13,PISTA,OK,3,641.0,641.0,734.3,748.4,274.8,1,0.889,401.8,1,0.863,323.0,1,0.904,0.205,2,0,,,,,,0,326.3,,88.9
4446.776226,TURN,giro de esquina por IMU y reapertura frontal,23,25.00,257.92,PISTA,OK,3,634.0,634.0,669.1,746.3,288.5,1,0.833,404.0,1,0.836,331.5,1,0.932,0.586,2,0,,,,,,0,326.3,,62.9
4446.874514,TURN,giro de esquina por IMU y reapertura frontal,23,25.00,259.69,PISTA,OK,3,626.5,626.5,695.5,744.7,301.3,1,0.778,409.2,1,0.836,338.0,1,0.904,0.208,2,0,,,,,,0,326.3,,87.1
4446.976485,TURN,giro de esquina por IMU y reapertura frontal,23,25.00,261.53,PISTA,OK,3,619.5,619.5,611.9,744.5,308.1,1,0.778,415.0,1,0.822,345.5,1,0.932,0.688,2,0,,,,,,0,326.3,,64.6
4447.076139,TURN,giro de esquina por IMU y reapertura frontal,23,25.00,263.39,PISTA,OK,3,613.0,613.0,646.5,743.7,321.8,1,0.833,418.5,1,0.863,353.5,1,0.918,0.515,2,0,,,,,,0,326.3,,100.0
4447.176461,TURN,giro de esquina por IMU y reapertura frontal,22,25.00,264.21,PISTA,OK,3,606.0,606.0,660.2,745.0,329.2,1,0.833,423.0,1,0.863,359.5,1,0.945,0.601,2,0,,,,,,0,326.3,,66.1
4447.277071,TURN,giro de esquina por IMU y reapertura frontal,22,25.00,266.05,PISTA,OK,3,600.0,600.0,621.6,745.4,344.4,1,0.917,427.8,1,0.822,366.5,1,0.959,0.780,2,0,,,,,,0,326.3,,95.4
4447.376826,TURN,giro de esquina por IMU y reapertura frontal,22,25.00,267.71,PISTA,OK,3,595.5,595.5,558.0,747.2,350.3,1,0.778,426.0,1,0.822,375.0,1,0.959,0.628,3,0,,,,,,0,326.3,,66.3
4447.476534,TURN,giro de esquina por IMU y reapertura frontal,22,25.00,269.48,PISTA,OK,3,588.5,588.5,534.1,749.0,363.0,1,0.806,430.5,1,0.849,382.0,1,0.973,0.414,3,0,,,,,,0,326.3,,94.5
4447.576476,TURN,giro de esquina por IMU y reapertura frontal,22,25.00,271.03,PISTA,OK,3,583.5,583.5,544.8,751.7,371.5,1,0.806,434.0,1,0.808,394.0,1,0.973,0.367,4,0,,,,,,0,326.3,,66.4
4447.675428,TURN,giro de esquina por IMU y reapertura frontal,22,25.00,272.59,PISTA,OK,3,578.0,578.0,554.8,754.9,370.6,1,0.806,438.5,1,0.822,402.5,1,0.973,0.379,4,0,,,,,,0,326.3,,85.5
4447.774807,TURN,giro de esquina por IMU y reapertura frontal,22,25.00,273.32,PISTA,OK,3,574.0,574.0,552.9,758.7,371.7,1,0.722,447.5,1,0.767,411.5,1,0.945,0.271,4,0,,,,,,0,326.3,,60.4
4447.873784,TURN,giro de esquina por IMU y reapertura frontal,22,25.00,275.02,PISTA,OK,3,569.5,569.5,829.0,761.7,372.7,1,0.694,445.0,1,0.781,416.5,1,0.973,0.214,4,0,,,,,,0,326.3,,85.6
4447.971725,TURN,giro de esquina por IMU y reapertura frontal,22,25.00,276.70,PISTA,OK,3,565.0,565.0,189.4,762.1,369.3,1,0.694,445.5,1,0.836,750.5,1,0.973,0.751,4,0,,,,,,0,326.3,,60.4
4448.072955,TURN,giro de esquina por IMU y reapertura frontal,22,25.00,277.58,PISTA,OK,3,560.5,560.5,790.7,769.2,371.5,1,0.694,451.0,1,0.795,755.8,1,0.959,0.216,4,0,,,,,,0,326.3,,84.0
4448.171877,TURN,giro de esquina por IMU y reapertura frontal,22,25.00,279.20,PISTA,OK,3,555.0,555.0,309.9,780.6,372.1,1,0.722,454.2,1,0.808,760.2,1,0.986,0.209,4,0,,,,,,0,326.3,,60.7
4448.270260,TURN,giro de esquina por IMU y reapertura frontal,22,25.00,280.97,PISTA,OK,3,550.0,550.0,237.5,783.7,394.6,1,0.556,459.2,1,0.712,766.5,1,0.973,0.213,4,0,,,,,,0,326.3,,80.2
4448.371329,TURN,giro de esquina por IMU y reapertura frontal,22,25.00,282.64,PISTA,OK,3,545.0,545.0,2013.5,786.2,390.3,1,0.667,465.0,1,0.781,770.8,1,1.000,0.194,4,0,,,,,,0,326.3,,60.5
4448.471915,TURN,giro de esquina por IMU y reapertura frontal,22,25.00,284.35,NARANJA,OK,3,540.5,540.5,1725.4,789.4,432.3,1,0.667,463.8,1,0.822,775.5,1,1.000,0.189,4,0,,,,,,0,326.3,,83.1
4448.571446,TURN,giro de esquina por IMU y reapertura frontal,22,25.00,285.10,NARANJA,OK,3,536.0,536.0,1565.3,796.5,459.7,1,0.722,464.2,1,0.781,780.5,1,1.000,0.196,4,0,,,,,,0,326.3,,58.5
4448.671722,TURN,giro de esquina por IMU y reapertura frontal,22,25.00,286.71,NARANJA,OK,3,533.5,533.5,1543.1,796.0,491.2,1,0.722,466.5,1,0.753,787.0,1,1.000,0.194,4,0,,,,,,0,326.3,,78.5
4448.772121,TURN,giro de esquina por IMU y reapertura frontal,22,25.00,288.41,NARANJA,OK,3,531.5,531.5,1334.8,796.8,478.4,1,0.778,467.5,1,0.808,792.0,1,1.000,0.190,4,0,,,,,,0,326.3,,59.6
4448.872610,TURN,giro de esquina por IMU y reapertura frontal,22,25.00,290.21,PISTA,OK,3,528.5,528.5,1260.2,785.5,555.5,1,0.750,468.5,1,0.781,798.5,1,1.000,0.186,4,0,,,,,,0,326.3,,82.3
4448.972400,TURN,giro de esquina por IMU y reapertura frontal,22,25.00,291.87,PISTA,OK,3,525.5,525.5,1153.2,789.5,587.4,1,0.778,473.0,1,0.795,804.0,1,1.000,0.185,4,0,,,,,,0,326.3,,60.1
4449.072446,TURN,giro de esquina por IMU y reapertura frontal,22,25.00,292.74,PISTA,OK,3,525.0,525.0,1165.3,781.9,812.6,1,0.833,472.2,1,0.808,809.0,1,1.000,0.191,4,0,,,,,,0,326.3,,83.5
4449.174148,TURN,giro de esquina por IMU y reapertura frontal,22,25.00,294.31,PISTA,OK,3,525.2,525.2,1118.7,757.5,809.7,1,0.806,478.8,1,0.808,815.5,1,1.000,0.187,4,0,,,,,,0,326.3,,63.5
4449.274054,TURN,giro de esquina por IMU y reapertura frontal,22,25.00,296.04,PISTA,OK,3,524.0,524.0,1059.4,726.5,801.9,1,0.861,478.0,1,0.849,822.0,1,1.000,0.189,2,0,,,,,,0,326.3,,86.8
4449.374438,TURN,giro de esquina por IMU y reapertura frontal,22,25.00,297.76,PISTA,OK,3,525.5,525.5,1016.1,757.3,794.6,1,0.861,475.5,1,0.849,827.5,1,1.000,0.194,2,0,,,,,,0,326.3,,65.2
4449.474933,TURN,giro de esquina por IMU y reapertura frontal,22,25.00,298.60,PISTA,OK,3,528.0,528.0,969.1,711.2,784.7,1,0.917,475.0,1,0.849,834.5,1,1.000,0.204,2,0,,,,,,0,326.3,,87.2
4449.574941,TURN,giro de esquina por IMU y reapertura frontal,22,25.00,300.22,PISTA,OK,3,533.0,533.0,926.3,701.2,782.3,1,0.917,471.0,1,0.863,839.0,1,1.000,0.205,2,0,,,,,,0,326.3,,65.0
4449.675837,TURN,giro de esquina por IMU y reapertura frontal,22,25.00,301.82,PISTA,OK,3,535.2,535.2,900.1,694.4,775.3,1,0.944,475.5,1,0.890,845.5,1,1.000,0.204,2,0,,,,,,0,326.3,,87.1
4449.777074,TURN,giro de esquina por IMU y reapertura frontal,22,25.00,303.60,PISTA,OK,3,537.0,537.0,862.4,679.9,774.9,1,0.972,475.5,1,0.877,852.0,1,1.000,0.204,3,0,,,,,,0,326.3,,65.6
4449.875990,TURN,giro de esquina por IMU y reapertura frontal,22,25.00,304.48,PISTA,OK,3,539.2,539.2,836.3,673.1,768.4,1,1.000,476.5,1,0.945,859.0,1,1.000,0.205,3,0,,,,,,0,326.3,,100.6
4449.974460,TURN,giro de esquina por IMU y reapertura frontal,22,25.00,306.15,PISTA,OK,3,550.0,550.0,811.1,651.4,766.7,1,0.972,475.5,1,0.890,865.5,1,0.986,0.207,3,0,,,,,,0,326.3,,62.3
4450.073872,TURN,tramo 1 en reversa para cerrar la esquina,0,-20.00,307.86,PISTA,OK,3,109.5,552.0,786.9,648.1,764.3,1,0.944,477.0,1,0.890,832.0,1,1.000,0.209,3,0,,,,,,0,326.3,,85.5
4450.174584,TURN,tramo 1 en reversa para cerrar la esquina,-5,-20.00,309.48,PISTA,OK,3,95.5,558.5,760.2,638.5,760.6,1,0.944,476.0,1,0.904,806.5,1,0.973,0.209,3,0,,,,,,0,326.3,,62.4
4450.275468,TURN,tramo 1 en reversa para cerrar la esquina,-10,-20.00,310.09,PISTA,OK,3,89.5,571.5,719.9,634.4,582.0,1,0.861,475.5,1,0.877,772.0,1,1.000,0.210,3,0,,,,,,0,326.3,,87.4
4450.374283,TURN,tramo 1 en reversa para cerrar la esquina,-15,-20.00,312.53,PISTA,OK,3,84.5,109.5,693.8,623.8,528.3,1,0.889,476.5,1,0.877,744.5,1,1.000,0.211,3,0,,,,,,0,326.3,,63.9
4450.473156,TURN,tramo 1 en reversa para cerrar la esquina,-20,-20.00,313.16,PISTA,OK,3,85.5,101.5,684.9,622.1,523.6,1,0.917,475.0,1,0.890,732.0,1,0.986,0.212,3,0,,,,,,0,326.3,,84.1
4450.571257,TURN,tramo 1 en reversa para cerrar la esquina,-20,-20.00,314.03,PISTA,OK,3,88.5,617.0,671.2,626.0,511.7,1,0.861,475.0,1,0.849,724.0,1,0.986,0.212,4,0,,,,,,0,326.3,,61.2
4450.672000,TURN,tramo 1 en reversa para cerrar la esquina,-20,-20.00,314.70,PISTA,OK,3,88.0,625.0,651.0,626.4,505.0,1,0.861,470.0,1,0.836,723.5,1,0.986,0.213,4,0,,,,,,0,326.3,,82.7
4450.769564,TURN,tramo 1 en reversa para cerrar la esquina,-20,-20.00,315.86,PISTA,OK,3,88.8,641.0,633.3,624.5,496.2,1,0.861,464.5,1,0.863,719.0,1,0.986,0.214,4,0,,,,,,0,326.3,,57.8
4450.871032,TURN,tramo 1 en reversa para cerrar la esquina,-20,-20.00,317.02,PISTA,OK,3,92.5,651.5,615.6,630.9,489.6,1,0.917,456.5,1,0.877,709.0,1,1.000,0.213,4,0,,,,,,0,326.3,,83.3
4450.969951,TURN,tramo 1 en reversa para cerrar la esquina,-20,-20.00,318.29,PISTA,OK,3,95.5,8000.0,597.4,621.2,477.5,1,0.944,450.5,1,0.877,717.5,1,0.986,0.215,4,0,,,,,,0,326.3,,57.2
4451.068709,CRUISE,esquina 4 verificada,0,-16.00,319.57,PISTA,OK,4,101.5,8000.0,580.5,631.7,470.8,1,0.889,442.5,1,0.863,703.2,1,0.986,0.274,4,0,,,,,,0,326.3,,79.5
4451.168884,RECOVERY,retroceso corto de emergencia,-5,-12.00,320.21,PISTA,OK,4,103.0,8000.0,565.8,637.0,458.6,1,0.917,440.0,1,0.863,693.0,1,1.000,0.381,4,0,,,,,,0,326.3,,56.1
4451.269181,RECOVERY,retroceso corto de emergencia,-10,-8.00,320.03,PISTA,OK,4,103.0,8000.0,570.1,639.5,458.8,1,0.917,440.0,1,0.836,693.0,1,1.000,0.391,4,0,,,,,,0,326.3,,80.0
4451.368922,RECOVERY,retroceso corto de emergencia,-15,-4.00,319.86,PISTA,OK,4,102.8,8000.0,575.4,635.4,460.7,1,0.972,438.0,1,0.863,700.8,1,1.000,0.282,4,0,,,,,,0,326.3,,58.0
4451.469567,RECOVERY,retroceso corto de emergencia,-20,0.00,320.01,PISTA,OK,4,105.2,8000.0,573.3,640.1,458.9,1,0.944,440.2,1,0.863,704.0,1,1.000,0.253,3,0,,,,,,0,326.3,,83.1
4451.570391,RECOVERY,retroceso corto de emergencia,-20,4.00,320.28,PISTA,OK,4,109.5,8000.0,568.9,634.3,456.3,1,0.944,435.5,1,0.849,706.0,1,1.000,0.259,3,0,,,,,,0,326.3,,58.2
4451.669927,RECOVERY,retroceso corto de emergencia,-20,8.00,320.47,PISTA,OK,4,116.2,8000.0,562.3,637.3,447.2,1,0.944,435.5,1,0.849,713.2,1,0.986,0.263,3,0,,,,,,0,326.3,,79.3
4451.770098,RECOVERY,retroceso corto de emergencia,-20,12.00,320.31,PISTA,OK,4,121.0,8000.0,559.0,639.2,442.7,1,0.944,434.2,1,0.808,714.0,1,1.000,0.226,4,0,,,,,,0,326.3,,59.4
4451.871471,RECOVERY,retroceso corto de emergencia,-20,14.50,319.66,PISTA,OK,4,130.5,8000.0,558.5,646.5,438.5,1,1.000,432.5,1,0.836,722.5,1,0.973,0.215,4,0,,,,,,0,326.3,,83.1
4451.969361,RECOVERY,retroceso corto de emergencia,-20,15.21,318.90,PISTA,OK,4,134.5,729.5,562.9,644.4,433.5,1,0.972,432.8,1,0.863,737.0,1,0.986,0.214,4,0,,,,,,0,326.3,,60.8
4452.071707,RECOVERY,retroceso corto de emergencia,-20,15.73,318.50,PISTA,OK,4,140.5,710.0,567.5,653.4,432.6,1,0.917,431.0,1,0.822,745.5,1,1.000,0.197,4,0,,,,,,0,326.3,,84.0
4452.171148,RECOVERY,retroceso corto de emergencia,-20,16.31,317.67,PISTA,OK,4,148.5,708.0,571.3,656.6,426.6,1,0.944,433.2,1,0.877,759.5,1,1.000,0.197,4,0,,,,,,0,326.3,,60.7
4452.270968,RECOVERY,retroceso corto de emergencia,-20,16.60,316.84,PISTA,OK,4,153.2,703.0,576.0,658.3,425.3,1,0.944,433.0,1,0.863,765.0,1,1.000,0.197,4,0,,,,,,0,326.3,,80.2
4452.370343,RECOVERY,retroceso corto de emergencia,-20,17.29,316.00,PISTA,OK,4,160.8,701.5,579.6,655.4,423.0,1,0.972,433.2,1,0.808,779.0,1,1.000,0.209,4,0,,,,,,0,326.3,,60.9
4452.472407,RECOVERY,retroceso corto de emergencia,-20,18.31,315.26,NARANJA,OK,4,168.0,696.2,583.5,661.8,420.9,1,1.000,432.8,1,0.849,799.0,1,1.000,0.209,4,0,,,,,,0,326.3,,83.3
4452.571712,RECOVERY,retroceso corto de emergencia,-20,18.85,314.24,NARANJA,OK,4,177.0,695.0,590.8,661.7,417.0,1,0.972,435.5,1,0.822,812.5,1,0.986,0.196,4,0,,,,,,0,326.3,,61.5
4452.670960,RECOVERY,retroceso corto de emergencia,-20,18.71,313.77,NARANJA,OK,4,183.0,690.0,600.2,664.0,413.5,1,0.944,433.2,1,0.849,807.5,1,1.000,0.187,4,0,,,,,,0,326.3,,84.5
4452.770426,RECOVERY,retroceso corto de emergencia,-20,18.43,312.68,NARANJA,OK,4,191.0,680.0,604.5,669.9,411.7,1,0.972,433.0,1,0.863,801.5,1,1.000,0.200,5,0,,,,,,0,326.3,,61.5
4452.870551,RECOVERY,retroceso corto de emergencia,-20,18.03,311.75,PISTA,OK,4,199.5,675.0,611.5,670.9,410.3,1,0.944,436.5,1,0.836,797.0,1,1.000,0.200,5,0,,,,,,0,326.3,,83.0
4452.968675,RECOVERY,retroceso corto de emergencia,-20,17.90,310.73,PISTA,OK,4,208.5,677.0,621.2,670.3,406.1,1,0.944,433.5,1,0.836,791.5,1,0.986,0.189,5,0,,,,,,0,326.3,,59.7
4453.069081,RECOVERY,retroceso corto de emergencia,-20,17.76,309.76,PISTA,OK,4,236.5,673.5,629.7,671.1,405.6,1,0.917,432.5,1,0.822,787.8,1,1.000,0.190,4,0,,,,,,0,326.3,,83.8
4453.168109,RECOVERY,retroceso corto de emergencia,-20,17.68,309.29,PISTA,OK,4,237.0,666.5,634.5,675.1,403.4,1,0.944,428.5,1,0.836,782.0,1,1.000,0.206,4,0,,,,,,0,326.3,,57.3
4453.269428,RECOVERY,retroceso corto de emergencia,-20,17.68,308.35,PISTA,OK,4,658.5,658.5,645.3,670.9,399.4,1,0.917,423.0,1,0.822,776.5,1,1.000,0.206,4,0,,,,,,0,326.3,,81.0
4453.369516,RECOVERY,retroceso corto de emergencia,-20,17.57,307.27,PISTA,OK,4,651.5,651.5,655.8,667.7,396.2,1,0.972,419.0,1,0.877,770.5,1,1.000,0.192,4,0,,,,,,0,326.3,,59.1
4453.469055,CRUISE,recuperacion despejada,0,21.57,306.16,PISTA,OK,4,655.0,655.0,665.7,682.2,392.4,1,0.972,415.0,1,0.863,765.5,1,1.000,0.197,4,0,,,,,,0,326.3,,82.3
4453.568216,CRUISE,crucero centrado por paredes,5,25.00,305.49,PISTA,OK,4,652.5,652.5,676.2,683.2,392.3,1,0.972,412.5,1,0.877,760.5,1,1.000,0.192,4,0,,,,,,0,326.3,,55.1
4453.669255,TURN,giro de esquina por IMU y reapertura frontal,10,25.00,305.47,PISTA,OK,4,647.0,647.0,679.9,683.7,391.8,1,1.000,412.0,1,0.863,760.0,1,1.000,0.190,4,0,,,,,,0,326.3,,82.8
4453.769686,TURN,giro de esquina por IMU y reapertura frontal,15,25.00,305.47,PISTA,OK,4,648.5,648.5,679.5,684.0,394.0,1,0.972,414.2,1,0.877,761.0,1,1.000,0.189,4,0,,,,,,0,326.3,,60.5
4453.869237,TURN,giro de esquina por IMU y reapertura frontal,20,25.00,306.19,PISTA,OK,4,644.0,644.0,670.3,674.9,394.7,1,0.889,415.0,1,0.822,762.2,1,1.000,0.185,4,0,,,,,,0,326.3,,81.6
4453.967075,TURN,giro de esquina por IMU y reapertura frontal,23,25.00,307.47,PISTA,OK,4,652.0,652.0,657.9,683.7,394.3,1,0.889,417.0,1,0.822,766.5,1,1.000,0.185,4,0,,,,,,0,326.3,,56.9
4454.068883,TURN,tramo 1 en reversa para cerrar la esquina,0,-20.00,308.16,PISTA,OK,4,243.0,657.5,638.4,674.8,395.6,1,0.889,421.0,1,0.808,772.8,1,1.000,0.207,4,0,,,,,,0,326.3,,83.8
4454.168204,TURN,tramo 1 en reversa para cerrar la esquina,-5,-20.00,309.92,PISTA,OK,4,214.5,662.2,616.5,680.1,400.8,1,0.972,426.5,1,0.822,779.2,1,1.000,0.205,4,0,,,,,,0,326.3,,57.8
4454.268379,TURN,tramo 1 en reversa para cerrar la esquina,-10,-20.00,311.64,PISTA,OK,4,206.0,683.0,586.3,670.6,393.5,1,0.917,425.5,1,0.822,784.0,1,1.000,0.193,5,0,,,,,,0,326.3,,80.2
4454.368068,TURN,tramo 1 en reversa para cerrar la esquina,-15,-20.00,313.64,PISTA,OK,4,198.5,702.5,562.6,667.0,389.2,1,0.972,424.0,1,0.822,787.8,1,1.000,0.193,5,0,,,,,,0,326.3,,58.1
4454.468088,TURN,tramo 1 en reversa para cerrar la esquina,-20,-20.00,314.24,PISTA,OK,4,197.0,716.5,552.4,672.4,386.0,1,0.917,422.5,1,0.822,787.5,1,1.000,0.206,5,0,,,,,,0,326.3,,82.4
4454.569272,TURN,tramo 1 en reversa para cerrar la esquina,-20,-20.00,315.18,PISTA,OK,4,201.0,235.0,540.4,674.0,377.9,1,0.917,417.0,1,0.781,786.8,1,1.000,0.207,5,0,,,,,,0,326.3,,52.9
4454.668536,TURN,tramo 1 en reversa para cerrar la esquina,-20,-20.00,315.78,PISTA,OK,4,202.8,240.0,523.3,668.1,369.9,1,0.972,411.5,1,0.808,785.5,1,0.986,0.203,5,1,,,,,,0,326.3,,79.9
4454.767409,TURN,tramo 1 en reversa para cerrar la esquina,-20,-20.00,317.13,PISTA,OK,4,209.8,759.0,540.8,679.4,362.6,1,0.944,407.0,1,0.795,781.0,1,1.000,0.161,6,1,,,,,,0,326.3,,57.4
4454.869999,TURN,tramo 1 en reversa para cerrar la esquina,-20,-20.00,318.30,PISTA,OK,4,215.5,780.0,538.0,674.3,351.2,1,0.917,400.5,1,0.808,778.0,1,1.000,0.164,6,1,,,,,,0,326.3,,78.5
4454.969243,TURN,tramo 1 en reversa para cerrar la esquina,-20,-20.00,319.55,PISTA,OK,4,220.5,802.5,532.7,677.7,343.8,1,0.944,394.0,1,0.822,775.8,1,1.000,0.165,6,1,,,,,,0,326.3,,59.8
4455.069430,TURN,tramo 1 en reversa para cerrar la esquina,-20,-20.00,320.19,PISTA,OK,4,227.0,815.0,483.6,677.0,333.9,1,0.972,389.5,1,0.795,773.5,1,1.000,0.179,6,1,,,,,,0,326.3,,82.6
4455.169099,TURN,tramo 1 en reversa para cerrar la esquina,-20,-20.00,321.37,PISTA,OK,4,230.0,837.0,497.8,681.1,325.2,1,0.972,383.0,1,0.795,771.0,1,1.000,0.538,6,1,,,,,,0,326.3,,61.0
4455.270425,TURN,tramo 1 en reversa para cerrar la esquina,-20,-20.00,322.61,PISTA,OK,4,232.8,1289.0,470.9,685.5,315.4,1,0.944,376.5,1,0.753,768.0,1,0.986,0.458,6,1,,,,,,0,326.3,,82.4
4455.369927,TURN,tramo 1 en reversa para cerrar la esquina,-20,-20.00,323.80,PISTA,OK,4,237.0,1261.5,473.9,687.5,303.9,1,0.972,371.0,1,0.781,764.5,1,0.986,0.701,5,2,,,,,,0,326.3,,62.4
4455.470234,TURN,tramo 1 en reversa para cerrar la esquina,-20,-20.00,325.00,PISTA,OK,4,244.5,280.5,468.5,694.3,301.2,1,0.944,367.5,1,0.726,761.8,1,1.000,0.647,5,2,,,,,,0,326.3,,82.9
4455.570848,TURN,giro de esquina por IMU y reapertura frontal,0,25.00,326.16,PISTA,OK,4,248.2,1241.5,478.6,697.2,299.0,1,0.972,360.5,1,0.767,758.5,1,1.000,0.397,5,3,,,,,,0,326.3,,62.2
4455.672852,TURN,giro de esquina por IMU y reapertura frontal,5,25.00,326.71,PISTA,OK,4,256.2,1230.5,475.3,705.3,295.7,1,0.944,356.0,1,0.726,754.5,1,1.000,0.216,5,3,,,,,,0,326.3,,86.7
4455.771875,TURN,giro de esquina por IMU y reapertura frontal,10,25.00,325.13,PISTA,OK,4,257.5,1298.0,452.4,694.2,296.1,1,0.972,358.2,1,0.808,754.0,1,1.000,0.554,5,3,,,,,,0,326.3,,64.6
4455.871373,TURN,giro de esquina por IMU y reapertura frontal,15,25.00,323.14,PISTA,OK,4,257.0,1309.0,476.2,694.1,295.5,1,1.000,360.8,1,0.808,750.5,1,1.000,0.565,5,3,,,,,,0,326.3,,85.9
4455.970684,TURN,giro de esquina por IMU y reapertura frontal,20,25.00,323.56,PISTA,OK,4,255.0,884.0,475.7,691.3,296.7,1,0.972,362.2,1,0.767,750.5,1,1.000,0.532,5,3,,,,,,0,326.3,,63.2
4456.068648,TURN,giro de esquina por IMU y reapertura frontal,20,25.00,324.95,PISTA,OK,4,251.0,1260.5,458.7,694.2,298.6,1,1.000,364.5,1,0.781,757.0,1,1.000,0.577,5,3,,,,,,0,326.3,,83.0
4456.167608,TURN,giro de esquina por IMU y reapertura frontal,20,25.00,325.78,PISTA,OK,4,246.0,1233.5,409.6,695.3,301.0,1,0.972,367.0,1,0.781,761.8,1,0.986,0.229,6,3,,,,,,0,326.3,,60.3
4456.267507,TURN,giro de esquina por IMU y reapertura frontal,20,25.00,327.22,PISTA,OK,4,241.5,1251.5,462.3,699.2,302.5,1,0.972,368.2,1,0.753,770.0,1,1.000,0.448,6,3,,,,,,0,326.3,,80.2
4456.366129,TURN,giro de esquina por IMU y reapertura frontal,20,25.00,328.61,PISTA,OK,4,237.0,1219.5,401.4,702.0,306.8,1,0.972,371.5,1,0.726,756.5,1,1.000,0.517,6,3,,,,,,0,326.3,,57.7
4456.464045,TURN,tramo 2 en reversa para cerrar la esquina,0,-20.00,330.07,PISTA,OK,4,235.0,1352.0,422.4,700.9,309.2,1,0.972,373.8,1,0.753,747.5,1,1.000,0.613,7,3,,,,,,0,326.3,,79.8
4456.565020,TURN,tramo 2 en reversa para cerrar la esquina,-5,-20.00,331.35,PISTA,OK,4,235.5,1455.0,447.1,711.4,312.9,1,1.000,375.5,1,0.808,736.5,1,1.000,0.193,7,3,,,,,,0,326.3,,50.1
4456.665134,TURN,tramo 2 en reversa para cerrar la esquina,-10,-20.00,333.70,PISTA,OK,4,245.5,1605.5,471.4,706.8,315.2,1,0.972,372.5,1,0.767,721.5,1,1.000,0.191,7,3,,,,,,0,326.3,,80.7
4456.764840,TURN,giro de esquina por IMU y reapertura frontal,0,25.00,334.72,PISTA,OK,4,1127.5,1711.5,359.0,701.8,317.8,1,0.944,371.0,1,0.795,711.5,1,1.000,0.810,7,4,,,,,,0,326.3,,57.3
4456.865495,TURN,giro de esquina por IMU y reapertura frontal,5,25.00,335.05,PISTA,OK,4,1176.0,1646.0,354.5,698.5,319.9,1,0.972,371.0,1,0.781,710.5,1,1.000,0.703,7,4,,,,,,0,326.3,,81.4
4456.966388,TURN,giro de esquina por IMU y reapertura frontal,10,25.00,333.07,PISTA,OK,4,1151.5,1472.5,421.0,703.8,314.6,1,0.944,369.0,1,0.795,711.0,1,1.000,0.199,7,4,,,,,,0,326.3,,57.2
4457.066796,TURN,giro de esquina por IMU y reapertura frontal,15,25.00,331.96,PISTA,OK,4,260.0,1397.5,465.9,706.0,315.0,1,0.917,371.0,1,0.726,719.5,1,0.986,0.193,7,4,,,,,,0,326.3,,82.0
4457.166397,TURN,giro de esquina por IMU y reapertura frontal,20,25.00,332.26,PISTA,OK,4,244.0,1450.0,378.0,706.9,315.2,1,0.972,372.8,1,0.740,721.0,1,1.000,0.680,7,4,,,,,,0,326.3,,58.3
4457.266642,TURN,giro de esquina por IMU y reapertura frontal,20,25.00,333.69,PISTA,OK,4,253.0,1522.5,427.0,704.6,319.5,1,0.944,367.0,1,0.781,717.5,1,1.000,0.198,7,4,,,,,,0,326.3,,80.2
4457.366251,TURN,giro de esquina por IMU y reapertura frontal,25,25.00,335.23,PISTA,OK,4,1102.5,1674.5,436.1,699.9,321.1,1,0.972,363.5,1,0.836,712.0,1,0.986,0.198,6,3,,,,,,0,326.3,,57.2
4457.467891,TURN,giro de esquina por IMU y reapertura frontal,25,25.00,335.98,PISTA,OK,4,1151.5,1575.0,367.1,694.9,325.6,1,0.972,357.5,1,0.753,700.0,1,1.000,0.790,5,3,,,,,,0,326.3,,84.5
4457.565525,TURN,giro de esquina por IMU y reapertura frontal,25,25.00,338.12,PISTA,OK,4,1191.0,1191.0,419.4,688.0,327.3,1,0.944,386.0,1,0.753,694.0,1,1.000,0.202,5,3,,,,,,0,326.3,,58.3
4457.667462,TURN,giro de esquina por IMU y reapertura frontal,25,25.00,340.09,PISTA,OK,4,1261.0,1261.0,353.9,682.5,702.8,1,0.944,387.8,1,0.767,685.0,1,1.000,0.749,5,3,,,,,,0,326.3,,83.6
4457.766942,TURN,giro de esquina por IMU y reapertura frontal,25,25.00,342.12,PISTA,OK,4,1405.0,1405.0,360.4,677.0,716.8,1,1.000,391.0,1,0.808,677.0,1,1.000,0.587,4,2,,,,,,0,326.3,,52.7
4457.867500,TURN,giro de esquina por IMU y reapertura frontal,25,25.00,344.22,PISTA,OK,4,1413.0,1413.0,330.0,673.6,734.4,1,1.000,393.0,1,0.836,670.5,1,1.000,0.784,4,2,,,,,,0,326.3,,82.7
4457.966772,TURN,giro de esquina por IMU y reapertura frontal,25,25.00,345.11,PISTA,OK,4,1562.0,1562.0,321.5,669.0,751.2,1,0.972,395.5,1,0.808,662.5,1,1.000,0.743,4,2,,,,,,0,326.3,,56.8
4458.068361,TURN,giro de esquina por IMU y reapertura frontal,25,25.00,347.01,NARANJA,OK,4,1023.5,1664.0,315.0,666.7,768.0,1,1.000,398.0,1,0.836,660.5,1,1.000,0.759,3,2,,,,,,0,326.3,,79.5
4458.167955,TURN,giro de esquina por IMU y reapertura frontal,25,25.00,348.96,NARANJA,OK,4,1010.5,1822.5,303.4,664.5,784.3,1,1.000,401.5,1,0.863,657.2,1,1.000,0.685,3,2,,,,,,0,326.3,,60.5
4458.266362,TURN,giro de esquina por IMU y reapertura frontal,25,25.00,351.04,NARANJA,OK,4,1003.5,2047.5,296.3,661.8,806.9,1,1.000,402.5,1,0.877,655.0,1,1.000,0.666,3,2,,,,,,0,326.3,,80.8
4458.365760,TURN,giro de esquina por IMU y reapertura frontal,25,25.00,352.96,PISTA,OK,4,995.5,2042.0,289.4,662.9,827.8,1,1.000,404.2,1,0.918,654.0,1,1.000,0.649,3,2,,,,,,0,326.3,,58.4
4458.464743,TURN,giro de esquina por IMU y reapertura frontal,25,25.00,353.96,PISTA,OK,4,987.5,2032.5,284.7,662.0,841.7,1,1.000,405.0,1,0.945,654.2,1,1.000,0.675,3,2,,,,,,0,326.3,,80.6
4458.563705,TURN,giro de esquina por IMU y reapertura frontal,25,25.00,356.07,PISTA,OK,4,982.0,982.0,275.8,661.7,869.9,1,1.000,408.8,1,0.918,653.8,1,1.000,0.610,2,2,,,,,,0,326.3,,57.3
4458.663569,TURN,giro de esquina por IMU y reapertura frontal,25,25.00,358.04,PISTA,OK,4,986.0,986.0,296.9,672.4,894.9,1,1.000,410.0,1,0.959,656.8,1,1.000,0.728,4,2,,,,,,0,326.3,,82.0
4458.762821,TURN,giro de esquina por IMU y reapertura frontal,25,25.00,360.03,PISTA,OK,4,970.0,2011.0,293.3,677.3,917.5,1,0.972,411.5,1,0.959,659.8,1,1.000,0.711,3,1,,,,,,0,326.3,,52.8
4458.862917,TURN,giro de esquina por IMU y reapertura frontal,25,25.00,360.97,PISTA,OK,4,965.0,2003.5,260.5,682.8,925.6,1,1.000,413.0,1,1.000,665.0,1,1.000,0.552,3,1,,,,,,0,326.3,,81.1
4458.960629,CRUISE,esquina 5 verificada,25,21.00,363.15,PISTA,OK,5,960.5,1362.5,256.4,688.6,926.7,1,0.972,414.0,1,0.932,666.5,1,1.000,0.575,3,2,,,,,,0,326.3,,50.7
4459.062401,AVOID_APPROACH,pure-pursuit al punto de paso del pilar 75,25,17.00,365.40,PISTA,OK,5,951.0,1358.5,251.8,695.9,909.3,1,0.972,415.2,1,0.959,674.5,1,1.000,0.608,3,2,75,ROJO,-190.7,884.5,0.102,1,326.3,,83.4
4459.162134,AVOID_APPROACH,pure-pursuit al punto de paso del pilar 75,25,13.00,367.34,PISTA,OK,5,948.5,956.0,248.8,705.8,873.2,1,1.000,415.0,1,0.932,214.0,1,1.000,0.611,3,2,75,ROJO,-160.6,880.4,0.202,1,326.3,,56.0
4459.262475,AVOID_APPROACH,pure-pursuit al punto de paso del pilar 75,24,9.00,368.49,PISTA,OK,5,782.5,782.5,382.2,715.5,836.4,1,1.000,416.0,1,0.959,216.0,1,1.000,0.220,3,2,75,ROJO,-142.9,873.5,0.302,1,326.3,,81.5
4459.362362,AVOID_APPROACH,pure-pursuit al punto de paso del pilar 75,23,5.00,370.77,PISTA,OK,5,667.0,667.0,374.9,728.9,817.9,1,1.000,417.5,1,0.932,222.5,1,0.986,0.223,3,2,75,ROJO,-57.0,892.0,0.000,1,326.3,,54.2
4459.462957,AVOID_APPROACH,pure-pursuit al punto de paso del pilar 75,22,1.00,373.49,PISTA,OK,5,596.0,596.0,298.0,747.9,792.9,1,1.000,418.5,1,0.973,230.0,1,1.000,0.231,4,2,75,ROJO,-14.6,884.4,0.101,1,326.3,,76.1
4459.562916,AVOID_APPROACH,pure-pursuit al punto de paso del pilar 75,22,-3.00,375.13,PISTA,OK,5,559.5,559.5,363.2,761.9,781.9,1,1.000,419.2,1,0.918,237.5,1,0.973,0.225,4,2,75,ROJO,-25.7,787.2,0.000,1,326.3,,53.8
4459.664104,AVOID_APPROACH,pure-pursuit al punto de paso del pilar 75,22,-7.00,376.31,PISTA,OK,5,560.0,560.0,347.7,771.3,777.8,1,1.000,422.5,1,0.918,240.8,1,0.973,0.226,4,2,75,ROJO,-9.5,778.6,0.101,1,326.3,,81.7
4459.764348,AVOID_APPROACH,pure-pursuit al punto de paso del pilar 75,22,-11.00,376.66,PISTA,OK,5,519.0,519.0,333.8,779.2,778.4,1,0.972,427.8,1,0.904,246.5,1,0.973,0.225,4,2,75,ROJO,-4.7,769.8,0.201,1,326.3,,56.7
4459.865090,AVOID_APPROACH,pure-pursuit al punto de paso del pilar 75,22,-13.07,376.84,PISTA,OK,5,512.0,512.0,328.8,783.0,774.7,1,1.000,431.5,1,0.986,249.0,1,1.000,0.225,4,2,75,ROJO,-2.3,761.0,0.302,1,326.3,,81.8
4459.965055,AVOID_APPROACH,pure-pursuit al punto de paso del pilar 75,22,-13.04,376.65,PISTA,OK,5,499.0,499.0,321.0,786.2,779.8,1,1.000,435.5,1,0.932,253.0,1,0.986,0.225,4,2,75,ROJO,-4.8,752.2,0.402,1,326.3,,59.3
4460.065587,AVOID_APPROACH,track bloqueado perdido; parada para reasociar,0,0.00,375.89,PISTA,OK,5,526.5,526.5,308.2,785.4,779.4,1,1.000,440.5,1,0.890,256.5,1,0.986,0.226,4,2,75,ROJO,-4.8,752.2,0.402,0,326.3,,81.6
4460.165371,AVOID_APPROACH,track bloqueado perdido; parada para reasociar,0,0.00,375.16,PISTA,OK,5,558.0,558.0,306.9,782.9,797.9,1,1.000,448.0,1,0.918,257.5,1,0.986,0.224,4,2,75,ROJO,-4.8,752.2,0.402,0,326.3,,58.9
4460.266003,AVOID_APPROACH,track bloqueado perdido; parada para reasociar,0,0.00,375.00,PISTA,OK,5,565.5,565.5,222.0,777.0,800.7,1,1.000,225.0,1,0.945,257.2,1,0.986,0.727,4,2,75,ROJO,-4.8,752.2,0.402,0,326.3,,81.9
4460.367118,AVOID_APPROACH,track bloqueado perdido; parada para reasociar,0,0.00,374.89,PISTA,OK,5,570.5,570.5,222.2,775.6,806.0,1,1.000,447.5,1,0.945,257.0,1,0.973,0.766,4,2,75,ROJO,-4.8,752.2,0.402,0,326.3,,60.5
4460.466518,AVOID_APPROACH,track bloqueado perdido; parada para reasociar,0,0.00,374.86,PISTA,OK,5,548.5,548.5,221.5,774.8,808.5,1,1.000,448.2,1,0.918,257.0,1,0.986,0.726,4,2,75,ROJO,-4.8,752.2,0.402,0,326.3,,77.0
4460.564219,AVOID_APPROACH,track bloqueado perdido; parada para reasociar,0,0.00,374.85,PISTA,OK,5,571.0,571.0,222.1,775.4,810.6,1,1.000,449.0,1,0.904,256.2,1,0.986,0.749,4,2,75,ROJO,-4.8,752.2,0.402,0,326.3,,54.1
4460.663507,AVOID_APPROACH,track bloqueado perdido; parada para reasociar,0,0.00,374.84,PISTA,OK,5,582.8,582.8,221.7,775.0,809.7,1,1.000,449.8,1,0.890,257.5,1,0.986,0.757,4,2,75,ROJO,-4.8,752.2,0.402,0,326.3,,81.6
4460.762820,AVOID_APPROACH,pure-pursuit al punto de paso del pilar 75,5,-4.00,374.84,PISTA,OK,5,566.0,566.0,223.2,775.2,801.7,1,0.972,227.8,1,0.945,257.0,1,0.973,0.791,4,2,75,ROJO,-57.5,688.0,0.000,1,326.3,,57.7
4460.863662,AVOID_APPROACH,pure-pursuit al punto de paso del pilar 75,10,-8.00,374.84,PISTA,OK,5,571.8,571.8,220.5,775.0,808.5,1,1.000,449.5,1,0.959,256.2,1,0.973,0.692,4,2,75,ROJO,-57.5,686.0,0.101,1,326.3,,81.6
4460.961110,AVOID_APPROACH,pure-pursuit al punto de paso del pilar 75,15,-10.10,374.84,PISTA,OK,5,547.5,547.5,314.4,776.7,800.3,1,1.000,226.5,1,0.918,256.5,1,0.986,0.222,4,2,75,ROJO,-57.5,682.1,0.198,1,326.3,,50.9
4461.061794,AVOID_APPROACH,pure-pursuit al punto de paso del pilar 75,20,-10.24,374.89,PISTA,OK,5,554.0,554.0,298.8,777.5,801.5,1,1.000,222.5,1,0.932,257.2,1,0.973,0.223,4,2,75,ROJO,-56.9,676.1,0.299,1,326.3,,81.4
4461.159826,AVOID_APPROACH,pure-pursuit al punto de paso del pilar 75,22,-10.08,374.61,PISTA,OK,5,567.8,567.8,301.9,779.7,805.6,1,1.000,223.0,1,0.945,258.2,1,0.986,0.222,4,2,75,ROJO,-60.2,667.9,0.397,1,326.3,,52.0
4461.260723,AVOID_APPROACH,track bloqueado perdido; parada para reasociar,0,0.00,374.03,PISTA,OK,5,556.8,556.8,298.2,778.4,802.8,1,1.000,220.5,1,0.973,260.5,1,0.973,0.222,3,2,75,ROJO,-60.2,667.9,0.397,0,326.3,,77.9
4461.360780,AVOID_APPROACH,track bloqueado perdido; parada para reasociar,0,0.00,373.33,PISTA,OK,5,591.0,591.0,293.2,776.8,820.8,1,1.000,218.5,1,0.932,262.0,1,0.959,0.221,3,2,75,ROJO,-60.2,667.9,0.397,0,326.3,,55.2
4461.459231,AVOID_APPROACH,track bloqueado perdido; parada para reasociar,0,0.00,373.13,PISTA,OK,5,620.0,620.0,229.0,771.6,830.2,1,0.972,218.5,1,0.973,260.8,1,0.973,0.664,3,2,75,ROJO,-60.2,667.9,0.397,0,326.3,,79.1
4461.558662,AVOID_APPROACH,track bloqueado perdido; parada para reasociar,0,0.00,373.12,PISTA,OK,5,586.0,586.0,228.6,771.3,828.6,1,0.972,220.5,1,0.959,261.5,1,0.973,0.691,3,2,75,ROJO,-60.2,667.9,0.397,0,326.3,,53.1
4461.659535,AVOID_APPROACH,track bloqueado perdido; parada para reasociar,0,0.00,373.11,PISTA,OK,5,575.0,575.0,227.5,771.3,829.8,1,0.972,219.8,1,0.959,261.8,1,0.986,0.724,3,2,75,ROJO,-60.2,667.9,0.397,0,326.3,,81.1
4461.759851,AVOID_APPROACH,track bloqueado perdido; parada para reasociar,0,0.00,373.11,PISTA,OK,5,602.0,602.0,227.3,771.6,829.8,1,0.972,218.2,1,0.959,261.8,1,0.973,0.709,3,2,75,ROJO,-60.2,667.9,0.397,0,326.3,,52.9
4461.859983,AVOID_APPROACH,track bloqueado perdido; parada para reasociar,0,0.00,373.09,PISTA,OK,5,612.5,612.5,227.9,771.0,828.2,1,1.000,218.2,1,0.932,262.2,1,0.986,0.692,3,2,75,ROJO,-60.2,667.9,0.397,0,326.3,,78.9
4461.959747,AVOID_APPROACH,track bloqueado perdido; parada para reasociar,0,0.00,373.09,PISTA,OK,5,586.2,586.2,226.8,771.5,833.1,1,0.972,219.8,1,0.959,261.8,1,0.986,0.750,3,2,75,ROJO,-60.2,667.9,0.397,0,326.3,,49.6
4462.061033,CRUISE,pilar no reasociado; se suelta y sigue el carril,5,-4.00,373.09,PISTA,OK,5,586.5,586.5,227.3,771.8,824.5,1,1.000,220.0,1,0.973,261.8,1,0.973,0.723,2,1,,,,,,0,326.3,,82.2
4462.159753,CRUISE,crucero centrado por paredes,10,0.00,373.09,PISTA,OK,5,577.0,577.0,293.3,771.5,826.9,1,0.944,219.0,1,0.918,261.8,1,0.959,0.223,2,1,,,,,,0,326.3,,53.8
4462.259562,TURN,giro de esquina por IMU y reapertura frontal,15,25.00,373.06,PISTA,OK,5,608.0,608.0,285.6,773.1,828.6,1,1.000,220.8,1,0.973,262.2,1,1.000,0.224,2,1,,,,,,0,326.3,,79.1
4462.359084,TURN,giro de esquina por IMU y reapertura frontal,20,25.00,372.67,PISTA,OK,5,622.0,622.0,227.9,771.2,834.7,1,0.972,219.0,1,0.973,262.5,1,1.000,0.741,2,1,,,,,,0,326.3,,52.8
4462.460872,TURN,giro de esquina por IMU y reapertura frontal,23,25.00,371.19,PISTA,OK,5,660.0,660.0,228.4,764.8,863.0,1,0.972,219.2,1,0.959,260.8,1,0.973,0.708,2,1,,,,,,0,326.3,,82.9
4462.560308,TURN,giro de esquina por IMU y reapertura frontal,22,25.00,373.16,PISTA,OK,5,574.0,574.0,223.6,765.9,842.1,1,1.000,216.8,1,0.986,264.2,1,0.973,0.616,2,1,,,,,,0,326.3,,54.1
4462.660638,TURN,giro de esquina por IMU y reapertura frontal,22,25.00,374.00,PISTA,OK,5,528.0,528.0,217.4,778.2,831.8,1,1.000,211.0,1,0.986,272.2,1,0.959,0.662,2,1,,,,,,0,326.3,,79.7
4462.759971,TURN,giro de esquina por IMU y reapertura frontal,22,25.00,375.63,PISTA,OK,5,496.5,496.5,214.0,788.8,820.4,1,1.000,210.0,1,0.973,279.0,1,0.959,0.702,2,1,,,,,,0,326.3,,48.6
4462.861706,TURN,giro de esquina por IMU y reapertura frontal,21,25.00,377.33,PISTA,OK,5,455.0,455.0,211.0,800.0,802.4,1,1.000,206.0,1,0.959,286.5,1,0.959,0.713,2,1,,,,,,0,326.3,,80.1
4462.961357,TURN,giro de esquina por IMU y reapertura frontal,21,25.00,379.14,PISTA,OK,5,412.0,412.0,262.0,812.7,804.6,1,1.000,203.5,1,0.890,291.2,1,0.973,0.222,2,1,,,,,,0,326.3,,54.3
4463.061770,TURN,giro de esquina por IMU y reapertura frontal,21,25.00,380.69,PISTA,OK,5,381.0,381.0,259.1,825.0,792.1,1,1.000,202.5,1,0.918,297.5,1,0.973,0.222,2,1,,,,,,0,326.3,,82.0
4463.160672,TURN,giro de esquina por IMU y reapertura frontal,20,25.00,381.41,PISTA,OK,5,356.5,356.5,266.1,838.3,776.6,1,0.972,195.5,1,0.918,304.5,1,0.945,0.222,2,1,,,,,,0,326.3,,50.9
4463.260873,TURN,giro de esquina por IMU y reapertura frontal,20,25.00,382.93,PISTA,OK,5,337.0,337.0,257.0,853.8,770.4,1,1.000,196.0,1,0.904,310.5,1,0.973,0.222,4,1,,,,,,0,326.3,,78.0
4463.361027,TURN,giro de esquina por IMU y reapertura frontal,20,25.00,384.40,PISTA,OK,5,310.5,310.5,258.6,868.5,765.1,1,1.000,189.5,1,0.904,316.8,1,0.973,0.222,4,2,,,,,,0,326.3,,52.6
4463.461502,TURN,giro de esquina por IMU y reapertura frontal,20,25.00,385.94,PISTA,OK,5,296.5,296.5,230.6,884.4,763.0,1,1.000,185.5,1,0.918,322.0,1,0.959,0.227,4,2,,,,,,0,326.3,,81.5
4463.562925,TURN,giro de esquina por IMU y reapertura frontal,20,25.00,387.31,PISTA,OK,5,286.0,286.0,227.3,901.2,754.8,1,1.000,178.0,1,0.877,330.0,1,0.959,0.229,4,2,,,,,,0,326.3,,55.0
4463.662672,TURN,giro de esquina por IMU y reapertura frontal,20,25.00,388.07,PISTA,OK,5,261.0,261.0,223.6,920.1,753.2,1,1.000,176.0,1,0.904,336.0,1,0.945,0.228,4,2,,,,,,0,326.3,,81.2
4463.761970,TURN,tramo 1 en reversa para cerrar la esquina,0,-20.00,389.48,PISTA,OK,5,249.5,249.5,212.9,938.8,750.5,1,1.000,175.2,1,0.959,340.5,1,0.973,0.228,4,2,,,,,,0,326.3,,56.9
4463.864429,TURN,tramo 1 en reversa para cerrar la esquina,-5,-20.00,390.86,PISTA,OK,5,230.5,8000.0,211.1,956.5,743.8,1,1.000,164.5,1,0.904,347.5,1,0.973,0.229,4,2,,,,,,0,326.3,,83.3
4463.963453,TURN,tramo 1 en reversa para cerrar la esquina,-10,-20.00,392.85,PISTA,OK,5,199.0,8000.0,182.3,983.8,748.6,1,0.972,170.5,1,0.890,350.0,1,0.973,0.551,4,2,,,,,,0,326.3,,57.9
4464.063606,TURN,tramo 1 en reversa para cerrar la esquina,-15,-20.00,394.14,PISTA,OK,5,195.0,8000.0,180.3,1016.3,297.4,1,1.000,168.2,1,0.918,354.5,1,0.986,0.625,3,2,,,,,,0,326.3,,81.9
4464.163070,TURN,tramo 1 en reversa para cerrar la esquina,-20,-20.00,394.35,PISTA,OK,5,189.5,8000.0,182.5,1027.6,297.8,1,0.972,177.5,1,0.904,355.0,1,0.973,0.641,3,2,,,,,,0,326.3,,57.7
4464.264777,TURN,tramo 1 en reversa para cerrar la esquina,-20,-20.00,395.13,PISTA,OK,5,197.0,8000.0,188.0,1035.1,295.3,1,0.972,166.5,1,0.904,354.2,1,0.973,0.611,4,2,,,,,,0,326.3,,81.7
4464.361925,TURN,tramo 1 en reversa para cerrar la esquina,-20,-20.00,396.38,PISTA,OK,5,201.0,8000.0,181.0,1047.2,292.4,1,0.972,198.5,1,0.890,351.5,1,0.973,0.929,4,2,,,,,,0,326.3,,56.7
4464.463781,TURN,tramo 1 en reversa para cerrar la esquina,-20,-20.00,397.59,PISTA,OK,5,193.0,8000.0,184.5,1060.3,290.0,1,0.972,172.5,1,0.945,349.2,1,0.959,0.921,5,2,,,,,,0,326.3,,83.5
4464.560793,TURN,tramo 1 en reversa para cerrar la esquina,-20,-20.00,398.18,PISTA,OK,5,193.5,8000.0,190.6,1075.8,287.1,1,0.972,463.5,1,0.959,345.0,1,0.973,0.824,5,2,,,,,,0,326.3,,56.1
4464.660839,TURN,giro de esquina por IMU y reapertura frontal,0,25.00,399.43,PISTA,OK,5,196.5,8000.0,1634.3,1090.0,285.9,1,0.972,459.5,1,0.973,342.0,1,0.973,0.187,5,2,,,,,,0,326.3,,80.9
4464.758086,TURN,giro de esquina por IMU y reapertura frontal,5,25.00,400.02,PISTA,OK,5,209.5,8000.0,144.5,1106.9,280.6,1,0.972,457.5,1,0.973,339.0,1,0.959,0.826,5,2,,,,,,0,326.3,,53.1
4464.859728,TURN,giro de esquina por IMU y reapertura frontal,10,25.00,398.69,PISTA,OK,5,205.0,8000.0,189.8,1076.1,282.0,1,0.972,460.0,1,0.959,336.5,1,0.973,0.651,5,2,,,,,,0,326.3,,84.3
4464.959076,TURN,giro de esquina por IMU y reapertura frontal,15,25.00,396.66,PISTA,OK,5,218.0,8000.0,208.9,1035.7,284.7,1,0.972,466.8,1,0.945,335.5,1,0.973,0.600,5,2,,,,,,0,326.3,,55.4
4465.056959,TURN,giro de esquina por IMU y reapertura frontal,20,25.00,397.16,PISTA,OK,5,211.0,8000.0,205.3,1033.9,283.4,1,0.972,178.0,1,0.932,338.8,1,0.959,0.573,5,2,,,,,,0,326.3,,76.9
4465.157419,TURN,giro de esquina por IMU y reapertura frontal,20,25.00,398.25,PISTA,OK,5,205.5,8000.0,184.7,1051.6,286.3,1,0.972,171.5,1,0.945,341.2,1,0.973,0.895,5,2,,,,,,0,326.3,,53.7
4465.257612,TURN,giro de esquina por IMU y reapertura frontal,20,25.00,399.81,PISTA,OK,5,192.0,8000.0,1772.1,1079.3,288.8,1,0.972,464.2,1,0.945,348.0,1,0.973,0.190,5,2,,,,,,0,326.3,,82.1
4465.356255,TURN,giro de esquina por IMU y reapertura frontal,20,25.00,401.17,PISTA,OK,5,181.0,8000.0,173.0,1111.6,291.4,1,0.944,163.0,1,0.932,352.2,1,0.945,0.674,5,2,,,,,,0,326.3,,51.7
4465.456598,TURN,giro de esquina por IMU y reapertura frontal,20,25.00,401.85,PISTA,OK,5,159.5,8000.0,1688.1,1141.0,294.9,1,0.972,171.5,1,0.918,358.2,1,0.973,0.195,5,2,,,,,,0,326.3,,79.3
4465.556153,TURN,esquina sin frente y sin trasera fiable para el tramo 2,0,25.00,403.28,PISTA,OK,5,152.0,8000.0,1603.5,1183.4,299.4,1,0.972,161.2,1,0.959,365.5,1,0.973,0.169,5,2,,,,,,0,326.3,,51.5
4465.658313,TURN,tramo 2 en reversa para cerrar la esquina,-5,-20.00,404.57,PISTA,OK,5,147.5,178.5,1567.8,1226.0,307.6,1,0.944,155.0,1,0.932,371.0,1,0.973,0.169,5,2,,,,,,0,326.3,,83.3
4465.757082,TURN,tramo 2 en reversa para cerrar la esquina,-10,-20.00,404.48,PISTA,OK,5,147.0,8000.0,1574.7,1229.3,308.4,1,0.944,167.5,1,0.945,369.5,1,0.973,0.173,5,2,,,,,,0,326.3,,53.6
4465.857240,TURN,tramo 2 en reversa para cerrar la esquina,-15,-20.00,405.99,PISTA,OK,5,139.5,8000.0,1506.5,1058.1,312.0,1,0.944,460.0,1,0.986,371.5,1,0.973,0.168,6,2,,,,,,0,326.3,,81.4
4465.956150,TURN,tramo 2 en reversa para cerrar la esquina,-20,-20.00,407.87,PISTA,OK,5,132.0,165.0,1490.6,1087.3,318.9,1,0.944,453.5,1,0.973,371.5,1,0.973,0.173,6,2,,,,,,0,326.3,,51.5
4466.061179,TURN,tramo 2 en reversa para cerrar la esquina,-20,-20.00,408.34,PISTA,OK,5,132.0,142.0,1467.1,1073.5,319.3,1,0.944,452.2,1,0.973,371.0,1,0.973,0.178,6,2,,,,,,0,326.3,,87.2
4466.157424,TURN,giro de esquina por IMU y reapertura frontal,0,25.00,409.52,PISTA,OK,5,8000.0,8000.0,1434.2,1084.7,317.8,1,0.944,446.0,1,0.973,367.0,1,0.973,0.179,6,2,,,,,,0,326.3,,52.8
4466.258600,TURN,giro de esquina por IMU y reapertura frontal,5,25.00,409.95,PISTA,OK,5,146.0,8000.0,1419.2,1079.2,316.1,1,0.944,444.0,1,0.945,364.5,1,0.973,0.180,6,2,,,,,,0,326.3,,84.4
4466.359398,TURN,giro de esquina por IMU y reapertura frontal,10,25.00,408.73,PISTA,OK,5,147.0,8000.0,1460.1,1080.7,309.5,1,0.917,449.5,1,0.959,364.5,1,0.959,0.170,6,2,,,,,,0,326.3,,56.0
4466.458036,TURN,giro de esquina por IMU y reapertura frontal,15,25.00,406.79,PISTA,OK,5,148.5,8000.0,1492.3,1068.7,304.6,1,0.944,453.5,1,0.945,362.5,1,0.973,0.162,6,2,,,,,,0,326.3,,76.2
4466.558507,TURN,giro de esquina por IMU y reapertura frontal,20,25.00,407.32,PISTA,OK,5,144.5,164.8,1482.3,1076.4,306.1,1,0.944,453.0,1,0.945,364.0,1,0.973,0.156,7,2,,,,,,0,326.3,,55.1
4466.658807,TURN,giro de esquina por IMU y reapertura frontal,20,25.00,408.59,PISTA,OK,5,131.0,8000.0,1513.1,1077.4,313.4,1,0.944,450.8,1,0.986,367.0,1,0.973,0.172,7,2,,,,,,0,326.3,,83.6
4466.763588,TURN,giro de esquina por IMU y reapertura frontal,20,25.00,410.02,PISTA,OK,5,123.5,152.5,1456.9,1082.3,324.8,1,0.944,450.5,1,0.973,375.0,1,0.932,0.174,7,2,,,,,,0,326.3,,60.2
4466.859358,TURN,giro de esquina por IMU y reapertura frontal,20,25.00,410.76,PISTA,OK,5,116.0,8000.0,1459.8,1082.8,332.4,1,0.917,450.0,1,0.959,380.0,1,0.945,0.174,7,2,,,,,,0,326.3,,78.3
4466.957323,TURN,giro de esquina por IMU y reapertura frontal,20,25.00,412.17,PISTA,OK,5,110.5,127.0,1434.4,1112.1,342.1,1,0.944,448.0,1,0.959,386.5,1,0.973,0.168,7,2,,,,,,0,326.3,,54.0
4467.066077,TURN,tramo 3 en reversa para cerrar la esquina,0,-20.00,413.71,PISTA,OK,5,106.5,116.0,1418.6,1521.9,351.1,1,0.944,445.5,1,0.959,392.0,1,0.973,0.158,7,2,,,,,,0,326.3,,86.8
4467.158376,TURN,tramo 3 en reversa para cerrar la esquina,-5,-20.00,415.30,PISTA,OK,5,101.5,8000.0,153.8,1573.0,361.3,1,0.944,443.0,1,0.959,399.0,1,0.973,0.316,6,2,,,,,,0,326.3,,56.1
4467.258852,TURN,tramo 3 en reversa para cerrar la esquina,-10,-20.00,417.23,PISTA,OK,5,93.0,8000.0,1286.6,1677.9,367.1,1,0.972,440.0,1,0.959,398.8,1,0.973,0.172,7,2,,,,,,0,326.3,,84.1
4467.358605,TURN,tramo 3 en reversa para cerrar la esquina,-15,-20.00,418.95,PISTA,OK,5,92.0,104.0,1288.1,1801.1,375.3,1,0.972,437.5,1,0.959,402.0,1,0.973,0.152,7,2,,,,,,0,326.3,,54.8
4467.458351,TURN,tramo 3 en reversa para cerrar la esquina,-20,-20.00,419.14,PISTA,OK,5,95.5,103.5,1255.5,1804.4,375.1,1,0.972,435.0,1,0.959,400.8,1,0.973,0.165,7,2,,,,,,0,326.3,,83.9
4467.559361,TURN,tramo 3 en reversa para cerrar la esquina,-20,-20.00,419.92,PISTA,OK,5,92.0,8000.0,1236.8,2018.3,373.4,1,0.972,432.5,1,0.959,399.5,1,0.986,0.167,7,2,,,,,,0,326.3,,52.8
4467.659486,TURN,tramo 3 en reversa para cerrar la esquina,-20,-20.00,421.12,PISTA,OK,5,99.8,8000.0,1227.0,992.3,373.1,1,0.972,429.5,1,0.932,396.0,1,0.986,0.201,7,2,,,,,,0,326.3,,81.6
4467.759280,TURN,tramo 3 en reversa para cerrar la esquina,-20,-20.00,422.44,PISTA,OK,5,98.5,8000.0,1210.2,1863.4,367.4,1,0.972,426.0,1,0.959,391.0,1,0.959,0.186,7,2,,,,,,0,326.3,,55.5
4467.859099,TURN,tramo 3 en reversa para cerrar la esquina,-20,-20.00,423.63,PISTA,OK,5,105.0,8000.0,1188.6,1969.4,363.2,1,0.972,423.0,1,0.918,385.5,1,0.986,0.182,7,2,,,,,,0,326.3,,83.5
4467.958939,TURN,tramo 3 en reversa para cerrar la esquina,-20,-20.00,424.24,PISTA,OK,5,106.8,8000.0,1174.6,2076.3,362.8,1,0.944,420.5,1,0.932,381.5,1,0.932,0.188,7,2,,,,,,0,326.3,,52.0
4468.058900,TURN,tramo 3 en reversa para cerrar la esquina,-20,-20.00,425.42,PISTA,OK,5,110.0,8000.0,1159.8,2368.9,358.1,1,0.972,417.0,1,0.945,376.5,1,0.986,0.189,7,2,,,,,,0,326.3,,81.0
4468.158138,TURN,tramo 3 en reversa para cerrar la esquina,-20,-20.00,426.50,PISTA,OK,5,113.0,8000.0,1144.4,2428.9,353.8,1,0.972,415.5,1,0.932,372.0,1,0.973,0.186,6,1,,,,,,0,326.3,,55.0
4468.257245,TURN,tramo 3 en reversa para cerrar la esquina,-20,-20.00,427.66,PISTA,OK,5,114.5,8000.0,1133.9,2519.3,351.9,1,1.000,413.5,1,0.959,370.0,1,0.959,0.187,6,1,,,,,,0,326.3,,82.5
4468.356946,TURN,tramo 3 en reversa para cerrar la esquina,-20,-20.00,428.75,PISTA,OK,5,117.8,8000.0,1121.9,2959.4,713.9,1,1.000,411.5,1,0.959,837.5,1,0.973,0.185,6,1,,,,,,0,326.3,,54.8
4468.455989,CRUISE,esquina 6 verificada,0,-16.00,429.37,PISTA,OK,6,123.0,8000.0,1111.4,670.9,714.7,1,0.972,418.5,1,0.932,833.0,1,0.945,0.435,6,1,,,,,,0,326.3,,79.7
4468.555358,RECOVERY,retroceso corto de emergencia,-5,-12.00,430.34,PISTA,OK,6,125.0,8000.0,1103.7,720.9,715.7,1,0.944,1036.0,1,0.932,827.0,1,0.959,0.450,5,1,,,,,,0,326.3,,52.8
4468.655445,RECOVERY,retroceso corto de emergencia,-10,-8.00,430.15,PISTA,OK,6,124.2,8000.0,1107.7,656.2,715.5,1,1.000,439.0,1,0.973,828.5,1,0.959,0.305,5,1,,,,,,0,326.3,,82.8
4468.756429,RECOVERY,retroceso corto de emergencia,-15,-4.00,429.87,PISTA,OK,6,125.5,8000.0,1113.5,654.5,712.7,1,0.972,415.0,1,0.973,829.0,1,0.973,0.461,5,1,,,,,,0,326.3,,53.3
4468.855130,RECOVERY,retroceso corto de emergencia,-20,0.00,430.03,PISTA,OK,6,127.2,8000.0,1112.5,2446.5,713.1,1,0.917,438.8,1,0.932,826.2,1,0.959,0.186,5,1,,,,,,0,326.3,,80.5
4468.954662,RECOVERY,retroceso corto de emergencia,-20,4.00,430.15,PISTA,OK,6,132.0,8000.0,1110.3,699.5,710.4,1,0.972,438.0,1,0.932,822.5,1,0.986,0.554,5,1,,,,,,0,326.3,,52.4
4469.056747,RECOVERY,retroceso corto de emergencia,-20,0.00,430.27,PISTA,OK,6,136.5,8000.0,1107.7,2768.8,704.1,1,0.944,1035.2,1,0.945,818.0,1,0.959,0.188,5,1,,,,,,0,326.3,,83.5
4469.155677,RECOVERY,retroceso corto de emergencia,-20,-4.00,430.32,PISTA,OK,6,143.0,8000.0,1104.0,2445.9,321.9,1,0.972,1031.0,1,0.959,338.5,1,0.918,0.185,5,1,,,,,,0,326.3,,50.6
4469.255838,RECOVERY,retroceso corto de emergencia,-20,-8.00,430.59,PISTA,OK,6,149.0,8000.0,1097.7,700.2,316.7,1,0.972,1030.0,1,0.973,333.0,1,0.945,0.545,5,1,,,,,,0,326.3,,82.6
4469.355551,RECOVERY,retroceso corto de emergencia,-20,-11.23,430.99,PISTA,OK,6,153.2,8000.0,1089.3,725.1,693.8,1,0.917,1021.5,1,0.918,797.0,1,0.945,0.534,5,1,,,,,,0,326.3,,51.6
4469.457005,RECOVERY,retroceso corto de emergencia,-20,-10.70,431.66,PISTA,OK,6,158.0,8000.0,1082.6,805.5,695.1,1,1.000,1005.5,1,0.959,791.5,1,0.959,0.672,5,1,,,,,,0,326.3,,83.2
4469.556664,RECOVERY,retroceso corto de emergencia,-20,-10.25,432.08,PISTA,OK,6,163.0,8000.0,1076.1,3211.3,694.3,1,0.972,990.5,1,0.945,785.5,1,0.973,0.186,6,1,,,,,,0,326.3,,54.5
4469.656891,RECOVERY,retroceso corto de emergencia,-20,-9.78,432.72,PISTA,OK,6,168.5,8000.0,1069.0,3143.8,693.0,1,1.000,976.0,1,0.945,780.5,1,0.945,0.187,6,1,,,,,,0,326.3,,78.4
4469.757903,RECOVERY,retroceso corto de emergencia,-20,-9.15,433.40,PISTA,OK,6,171.0,8000.0,1063.1,727.2,690.1,1,1.000,960.0,1,0.932,777.0,1,0.959,0.575,6,1,,,,,,0,326.3,,55.5
4469.857906,RECOVERY,retroceso corto de emergencia,-20,-8.78,434.09,PISTA,OK,6,176.0,8000.0,1056.3,670.9,688.1,1,1.000,947.5,1,0.986,772.0,1,0.959,0.482,6,1,,,,,,0,326.3,,81.7
4469.957944,RECOVERY,retroceso corto de emergencia,-20,-8.80,434.75,PISTA,OK,6,181.0,8000.0,1051.0,3158.7,684.0,1,1.000,942.0,1,0.973,766.0,1,0.932,0.195,6,1,,,,,,0,326.3,,54.9
4470.057539,RECOVERY,retroceso corto de emergencia,-20,-7.93,435.47,PISTA,OK,6,185.0,8000.0,1044.9,3343.6,685.6,1,0.972,917.0,1,0.973,758.5,1,0.945,0.195,5,1,,,,,,0,326.3,,82.0
4470.157178,RECOVERY,retroceso corto de emergencia,-20,-7.50,435.74,PISTA,OK,6,191.0,8000.0,1040.9,3530.9,684.6,1,0.972,905.0,1,0.973,755.0,1,0.959,0.185,5,1,,,,,,0,326.3,,54.5
4470.257624,RECOVERY,retroceso corto de emergencia,-20,-7.30,436.35,PISTA,OK,6,196.0,8000.0,1036.4,774.0,678.7,1,0.972,895.0,1,0.959,749.0,1,0.959,0.752,5,1,,,,,,0,326.3,,82.3
4470.358012,RECOVERY,retroceso corto de emergencia,-20,-6.85,436.97,PISTA,OK,6,201.5,8000.0,1031.8,702.4,678.6,1,0.972,883.5,1,0.959,746.5,1,0.973,0.578,5,1,,,,,,0,326.3,,56.2
4470.456122,RECOVERY,retroceso corto de emergencia,-20,-6.95,437.30,PISTA,OK,6,206.0,8000.0,1026.9,694.3,676.6,1,0.972,880.0,1,0.945,741.0,1,0.959,0.601,5,1,,,,,,0,326.3,,80.2
4470.555643,RECOVERY,retroceso corto de emergencia,-20,-6.15,437.92,PISTA,OK,6,212.5,8000.0,1024.4,666.9,672.8,1,0.972,861.0,1,0.959,738.0,1,0.973,0.473,5,1,,,,,,0,326.3,,50.9
4470.655336,RECOVERY,retroceso corto de emergencia,-20,-5.90,438.48,PISTA,OK,6,216.2,8000.0,1020.4,769.9,671.5,1,1.000,852.5,1,0.945,734.5,1,0.959,0.201,5,1,,,,,,0,326.3,,75.1
4470.754385,RECOVERY,retroceso corto de emergencia,-20,-5.75,439.08,PISTA,OK,6,219.0,8000.0,1017.0,702.9,671.4,1,1.000,843.5,1,0.945,728.5,1,0.959,0.438,6,1,,,,,,0,326.3,,51.4
4470.854467,RECOVERY,retroceso corto de emergencia,-20,-5.40,439.76,PISTA,OK,6,225.0,8000.0,1013.1,674.9,667.6,1,0.972,832.0,1,0.945,724.0,1,0.986,0.358,6,1,,,,,,0,326.3,,81.7
4470.953016,RECOVERY,retroceso corto de emergencia,-20,-4.98,440.08,PISTA,OK,6,231.5,8000.0,1009.8,4445.4,663.1,1,1.000,822.0,1,0.918,722.5,1,0.945,0.191,5,1,,,,,,0,326.3,,51.3
4471.052738,RECOVERY,retroceso corto de emergencia,-20,-4.60,440.77,PISTA,OK,6,235.5,8000.0,1005.6,674.6,663.5,1,1.000,809.0,1,0.932,717.0,1,0.973,0.197,5,1,,,,,,0,326.3,,77.4
4471.151604,RECOVERY,retroceso corto de emergencia,-20,-4.30,441.45,PISTA,OK,6,241.0,8000.0,1000.8,709.9,661.9,1,0.972,800.5,1,0.918,714.5,1,0.959,0.452,5,1,,,,,,0,326.3,,48.8
4471.252983,RECOVERY,retroceso corto de emergencia,-20,-4.12,442.01,PISTA,OK,6,246.0,246.0,999.3,655.7,661.3,1,1.000,790.5,1,0.932,708.0,1,0.973,0.203,4,1,,,,,,0,326.3,,83.4
4471.351128,RECOVERY,retroceso corto de emergencia,-20,-3.33,442.29,PISTA,OK,6,253.5,253.5,996.2,633.9,657.8,1,0.972,772.5,1,0.945,706.0,1,0.918,0.203,4,1,,,,,,0,326.3,,48.7
4471.451051,RECOVERY,reversa bloqueada: trasera ciega o sin holgura,0,0.00,442.90,PISTA,OK,6,259.0,259.0,993.9,597.8,205.9,1,1.000,765.0,1,0.932,216.5,1,0.973,0.208,4,1,,,,,,0,326.3,,79.1
4471.552158,RECOVERY,reversa bloqueada: trasera ciega o sin holgura,0,0.00,443.37,PISTA,OK,6,262.2,262.2,993.1,639.7,200.2,1,1.000,757.5,1,0.945,210.5,1,0.959,0.207,4,1,,,,,,0,326.3,,50.8
4471.652262,RECOVERY,reversa bloqueada: trasera ciega o sin holgura,0,0.00,443.12,PISTA,OK,6,267.5,267.5,987.0,633.8,201.9,1,0.944,762.2,1,0.890,212.2,1,0.973,0.196,4,1,,,,,,0,326.3,,81.5
4471.752072,RECOVERY,reversa bloqueada: trasera ciega o sin holgura,0,0.00,443.10,PISTA,OK,6,266.5,8000.0,986.6,615.8,200.4,1,0.972,760.2,1,0.932,210.8,1,0.959,0.197,4,1,,,,,,0,326.3,,49.7
4471.853627,RECOVERY,reversa bloqueada: trasera ciega o sin holgura,0,0.00,443.09,PISTA,OK,6,266.2,267.0,987.4,631.5,199.5,1,0.972,762.8,1,0.918,209.8,1,0.959,0.194,4,1,,,,,,0,326.3,,83.0
4471.953144,RECOVERY,reversa bloqueada: trasera ciega o sin holgura,0,0.00,443.09,PISTA,OK,6,266.5,266.5,987.0,645.1,201.6,1,0.944,760.8,1,0.890,212.0,1,0.959,0.198,4,1,,,,,,0,326.3,,51.5
4472.052985,RECOVERY,reversa bloqueada: trasera ciega o sin holgura,0,0.00,443.08,PISTA,OK,6,265.5,265.5,987.5,690.7,200.2,1,0.944,762.2,1,0.877,210.5,1,0.959,0.192,4,1,,,,,,0,326.3,,79.7
4472.152476,RECOVERY,reversa bloqueada: trasera ciega o sin holgura,0,0.00,443.07,PISTA,OK,6,266.8,266.8,986.8,674.4,200.7,1,0.972,762.2,1,0.918,211.0,1,0.945,0.195,4,1,,,,,,0,326.3,,50.0
4472.253020,RECOVERY,reversa bloqueada: trasera ciega o sin holgura,0,0.00,443.05,PISTA,OK,6,266.2,267.0,986.7,639.1,200.4,1,0.944,759.2,1,0.918,210.8,1,0.945,0.196,4,1,,,,,,0,326.3,,82.9
4472.353473,RECOVERY,reversa bloqueada: trasera ciega o sin holgura,0,0.00,443.04,PISTA,OK,6,266.0,266.8,987.6,614.5,200.4,1,0.944,763.8,1,0.863,210.8,1,0.959,0.194,4,1,,,,,,0,326.3,,51.6
4472.453721,RECOVERY,reversa bloqueada: trasera ciega o sin holgura,0,0.00,443.04,PISTA,OK,6,266.2,266.2,986.7,614.2,202.1,1,0.944,765.0,1,0.904,212.5,1,0.918,0.269,5,1,,,,,,0,326.3,,82.9
4472.553234,RECOVERY,reversa bloqueada: trasera ciega o sin holgura,0,0.00,443.04,PISTA,OK,6,267.0,267.0,987.6,662.1,201.9,1,0.944,761.8,1,0.890,212.2,1,0.973,0.199,5,1,,,,,,0,326.3,,51.9
4472.654623,RECOVERY,reversa bloqueada: trasera ciega o sin holgura,0,0.00,443.04,PISTA,OK,6,266.5,266.5,986.9,676.3,201.1,1,0.944,762.0,1,0.904,211.5,1,0.918,0.187,5,1,,,,,,0,326.3,,79.1
4472.752210,RECOVERY,reversa bloqueada: trasera ciega o sin holgura,0,0.00,443.04,PISTA,OK,6,267.0,267.5,987.6,683.8,199.2,1,0.917,762.5,1,0.890,209.5,1,0.945,0.197,5,1,,,,,,0,326.3,,51.7
4472.852109,RECOVERY,reversa bloqueada: trasera ciega o sin holgura,0,0.00,443.03,PISTA,OK,6,266.8,266.8,987.7,652.2,200.0,1,0.944,760.8,1,0.890,210.2,1,0.932,0.194,5,1,,,,,,0,326.3,,76.6
4472.950864,RECOVERY,reversa bloqueada: trasera ciega o sin holgura,0,0.00,443.02,PISTA,OK,6,266.5,266.5,987.2,650.1,200.2,1,0.944,760.0,1,0.904,210.5,1,0.959,0.193,5,1,,,,,,0,326.3,,50.1
4473.050558,RECOVERY,reversa bloqueada: trasera ciega o sin holgura,0,0.00,443.01,PISTA,OK,6,266.8,266.8,987.1,658.6,201.6,1,0.917,759.5,1,0.877,212.0,1,0.945,0.194,5,1,,,,,,0,326.3,,82.3
4473.150200,FAILED,timeout de recuperacion,0,0.00,443.01,PISTA,OK,6,267.0,267.5,987.2,653.9,200.9,1,0.944,761.8,1,0.890,211.2,1,0.973,0.196,5,1,,,,,,0,326.3,,45.2
