t,estado,razon,velocidad,angulo,heading,color_piso,watchdog_pico,esquinas,frontal,frontal_muro,izquierda,derecha,trasera,trasera_valida,cobertura_trasera,trasera_izquierda,trasera_izquierda_valida,cobertura_trasera_izquierda,trasera_derecha,trasera_derecha_valida,cobertura_trasera_derecha,calidad_pared,tracks,tracks_confirmados,track_activo_id,track_activo_color,track_activo_x,track_activo_y,track_activo_edad,track_activo_observado,distancia_sobrepaso,hueco_confianza,vision_edad_ms
2208.123603,CRUISE,crucero centrado por paredes,5,-4.00,-0.10,PISTA,OK,0,702.0,1741.2,408.9,552.9,158.5,1,0.861,406.0,1,0.863,179.5,1,0.904,0.852,1,0,,,,,,0,0.0,,43.9
2208.199451,AVOID_APPROACH,pure-pursuit al punto de paso del pilar 1,10,0.00,-0.09,PISTA,OK,0,701.0,1739.0,408.7,552.8,157.9,1,0.833,406.5,1,0.877,179.5,1,0.932,0.857,1,1,1,VERDE,-75.1,697.9,0.000,1,0.0,,54.2
2208.279840,AVOID_APPROACH,pure-pursuit al punto de paso del pilar 1,15,4.00,-0.06,PISTA,OK,0,701.5,1739.0,408.5,553.2,159.2,1,0.917,406.2,1,0.836,179.0,1,0.959,0.843,1,1,1,VERDE,-70.4,699.3,0.000,1,0.0,,62.7
2208.362708,AVOID_APPROACH,pure-pursuit al punto de paso del pilar 1,20,8.00,-0.09,PISTA,OK,0,697.0,1738.5,408.9,553.7,161.3,1,0.917,405.2,1,0.890,181.0,1,0.959,0.834,1,1,1,VERDE,-81.0,695.7,0.000,1,0.0,,83.8
2208.447396,AVOID_APPROACH,pure-pursuit al punto de paso del pilar 1,23,12.00,-0.51,PISTA,OK,0,694.0,1734.8,410.5,553.2,161.5,1,0.889,407.0,1,0.877,183.8,1,0.918,0.850,1,1,1,VERDE,-87.9,689.5,0.000,1,0.0,,101.6
2208.534647,AVOID_APPROACH,pure-pursuit al punto de paso del pilar 1,23,16.00,-0.65,PISTA,OK,0,687.0,1724.0,411.1,552.0,167.5,1,0.889,407.5,1,0.863,186.8,1,0.945,0.869,1,1,1,VERDE,-89.1,682.6,0.000,1,0.0,,48.9
2208.625247,AVOID_APPROACH,pure-pursuit al punto de paso del pilar 1,23,20.00,-0.63,PISTA,OK,0,680.0,1721.5,411.7,552.6,173.9,1,0.889,407.0,1,0.904,194.5,1,0.932,0.881,1,1,1,VERDE,-89.5,674.8,0.000,1,0.0,,69.0
2208.720832,AVOID_APPROACH,pure-pursuit al punto de paso del pilar 1,23,21.33,-0.25,PISTA,OK,0,672.0,1712.5,410.7,553.1,184.0,1,0.917,405.8,1,0.932,203.0,1,0.945,0.896,1,1,1,VERDE,-82.0,668.3,0.000,1,0.0,,41.8
2208.818157,AVOID_APPROACH,pure-pursuit al punto de paso del pilar 1,23,20.36,1.01,PISTA,OK,0,662.0,1705.5,408.3,554.7,191.6,1,0.944,402.0,1,1.000,209.8,1,0.959,0.938,1,1,1,VERDE,-66.5,661.4,0.000,1,0.0,,71.3
2208.920841,AVOID_APPROACH,pure-pursuit al punto de paso del pilar 1,23,18.76,2.45,PISTA,OK,0,657.0,1694.5,404.2,558.1,202.5,1,0.944,399.5,1,0.945,220.0,1,0.973,0.928,1,1,1,VERDE,-44.3,657.2,0.000,1,0.0,,41.8
2209.022380,AVOID_APPROACH,pure-pursuit al punto de paso del pilar 1,23,17.41,3.87,PISTA,OK,0,648.0,1699.0,400.3,563.1,209.1,1,0.889,397.0,1,0.918,225.5,1,0.959,0.919,1,1,1,VERDE,-25.2,651.4,0.000,1,0.0,,75.4
2209.126280,AVOID_APPROACH,pure-pursuit al punto de paso del pilar 1,23,16.48,4.66,PISTA,OK,0,644.0,1688.5,396.9,567.3,221.1,1,1.000,392.5,1,0.945,235.2,1,1.000,0.934,1,1,1,VERDE,-11.7,644.6,0.000,1,0.0,,41.4
2209.230912,AVOID_APPROACH,pure-pursuit al punto de paso del pilar 1,23,15.35,6.11,PISTA,OK,0,636.5,636.5,392.5,573.2,230.7,1,0.972,388.5,1,0.959,244.0,1,0.986,0.930,1,1,1,VERDE,4.6,635.1,0.105,1,0.0,,80.2
2209.334102,AVOID_APPROACH,pure-pursuit al punto de paso del pilar 1,23,14.11,7.51,PISTA,OK,0,634.5,1677.5,424.8,579.4,239.2,1,0.972,384.0,1,0.973,251.5,1,0.986,0.213,1,1,1,VERDE,19.2,635.6,0.000,1,0.0,,53.0
2209.439645,AVOID_APPROACH,pure-pursuit al punto de paso del pilar 1,23,12.97,9.04,PISTA,OK,0,628.0,1251.0,381.2,586.2,250.6,1,1.000,380.0,1,0.973,264.5,1,1.000,0.817,1,1,1,VERDE,34.4,627.8,0.000,1,0.0,,82.1
2209.542726,AVOID_APPROACH,pure-pursuit al punto de paso del pilar 1,23,11.49,10.60,PISTA,OK,0,620.5,1244.0,411.0,593.3,260.1,1,0.972,375.5,1,0.986,273.5,1,0.986,0.216,1,1,1,VERDE,53.1,619.4,0.000,1,0.0,,63.1
2209.645727,AVOID_APPROACH,pure-pursuit al punto de paso del pilar 1,23,9.54,12.12,PISTA,OK,0,614.0,1238.0,409.7,601.6,272.0,1,0.972,371.0,1,0.973,286.0,1,0.986,0.215,1,1,1,VERDE,76.2,611.5,0.000,1,0.0,,86.1
2209.746402,AVOID_APPROACH,pure-pursuit al punto de paso del pilar 1,22,8.03,12.76,PISTA,OK,0,606.5,1232.0,405.3,609.4,282.0,1,0.972,369.0,1,0.986,296.5,1,0.986,0.216,1,1,1,VERDE,94.2,601.0,0.000,1,0.0,,68.0
2209.847677,AVOID_APPROACH,pure-pursuit al punto de paso del pilar 1,22,6.30,14.13,PISTA,OK,0,599.5,1225.0,399.8,618.1,295.3,1,0.972,366.0,1,0.986,310.5,1,0.986,0.216,2,1,1,VERDE,113.8,590.8,0.000,1,0.0,,102.8
2209.948931,AVOID_APPROACH,pure-pursuit al punto de paso del pilar 1,22,4.80,15.57,PISTA,OK,0,592.5,1216.5,395.8,628.2,307.2,1,0.944,362.0,1,0.959,323.0,1,0.973,0.218,2,1,1,VERDE,130.3,579.9,0.000,1,0.0,,69.2
2210.049062,AVOID_APPROACH,pure-pursuit al punto de paso del pilar 1,25,3.42,16.84,PISTA,OK,0,1210.5,1210.5,391.1,637.2,655.3,1,0.972,360.2,1,0.986,596.2,1,0.986,0.219,2,1,1,VERDE,145.0,569.4,0.000,1,0.0,,104.2
2210.147994,AVOID_APPROACH,pure-pursuit al punto de paso del pilar 1,25,1.68,17.99,PISTA,OK,0,1205.0,1205.0,388.0,645.5,645.9,1,0.972,357.8,1,0.959,601.5,1,0.986,0.219,2,1,1,VERDE,162.6,558.9,0.000,1,0.0,,67.8
2210.247836,AVOID_APPROACH,pure-pursuit al punto de paso del pilar 1,25,0.91,18.46,PISTA,OK,0,1202.0,1202.0,383.8,655.8,647.1,1,1.000,354.5,1,0.973,608.0,1,1.000,0.220,2,1,1,VERDE,170.3,548.4,0.000,1,0.0,,101.6
2210.345386,AVOID_APPROACH,pure-pursuit al punto de paso del pilar 1,23,-0.83,19.45,PISTA,OK,0,709.0,709.0,382.0,666.0,642.2,1,1.000,349.5,1,1.000,612.0,1,1.000,0.218,3,1,1,VERDE,186.7,534.7,0.000,1,0.0,,63.9
2210.445111,AVOID_APPROACH,pure-pursuit al punto de paso del pilar 1,23,-1.76,20.08,PISTA,OK,0,690.0,690.0,376.6,673.8,636.5,1,1.000,345.0,1,1.000,617.5,1,1.000,0.219,3,2,1,VERDE,195.0,522.4,0.000,1,0.0,,85.5
2210.544463,AVOID_APPROACH,pure-pursuit al punto de paso del pilar 1,23,-2.41,20.62,PISTA,OK,0,695.5,695.5,369.7,681.3,643.0,1,1.000,342.0,1,0.973,621.5,1,1.000,0.213,3,2,1,VERDE,200.6,511.9,0.000,1,0.0,,65.7
2210.642012,AVOID_APPROACH,pure-pursuit al punto de paso del pilar 1,23,-2.73,20.93,PISTA,OK,0,669.0,669.0,365.5,685.6,649.4,1,1.000,339.0,1,0.986,625.0,1,1.000,0.209,3,2,1,VERDE,202.9,501.3,0.000,1,0.0,,83.2
2210.741716,AVOID_APPROACH,pure-pursuit al punto de paso del pilar 1,23,-3.38,21.04,PISTA,OK,0,647.5,647.5,361.8,693.8,652.0,1,1.000,332.0,1,0.959,629.5,1,1.000,0.223,3,2,1,VERDE,208.0,492.0,0.000,1,0.0,,62.2
2210.840542,AVOID_APPROACH,pure-pursuit al punto de paso del pilar 1,23,-3.48,21.18,PISTA,OK,0,664.0,664.0,355.6,698.0,649.2,1,1.000,331.5,1,0.973,633.5,1,1.000,0.224,3,2,1,VERDE,208.5,484.5,0.000,1,0.0,,82.1
2210.938136,AVOID_APPROACH,pure-pursuit al punto de paso del pilar 1,23,-3.87,21.29,PISTA,OK,0,640.0,640.0,344.0,701.7,654.9,1,1.000,328.8,1,0.973,637.5,1,1.000,0.361,3,2,1,VERDE,211.2,475.6,0.000,1,0.0,,58.5
2211.037993,AVOID_APPROACH,pure-pursuit al punto de paso del pilar 1,23,-3.74,21.32,PISTA,OK,0,627.0,627.0,340.2,706.5,662.3,1,1.000,325.0,1,0.959,640.0,1,1.000,0.397,3,2,1,VERDE,209.6,467.7,0.000,1,0.0,,79.8
2211.137559,AVOID_APPROACH,pure-pursuit al punto de paso del pilar 1,23,-3.84,21.34,PISTA,OK,0,617.0,617.0,340.3,709.6,657.8,1,1.000,322.0,1,0.986,642.8,1,1.000,0.225,3,2,1,VERDE,209.7,457.9,0.000,1,0.0,,57.8
2211.236384,AVOID_APPROACH,pure-pursuit al punto de paso del pilar 1,23,-4.09,21.30,PISTA,OK,0,630.0,630.0,335.1,713.6,668.8,1,1.000,320.5,1,0.959,646.0,1,1.000,0.279,3,2,1,VERDE,211.2,450.6,0.000,1,0.0,,77.2
2211.336817,AVOID_APPROACH,pure-pursuit al punto de paso del pilar 1,23,-3.84,21.27,PISTA,OK,0,612.5,612.5,333.8,716.9,666.4,1,0.972,315.0,1,0.959,650.5,1,0.986,0.227,2,2,1,VERDE,208.7,442.7,0.000,1,0.0,,56.5
2211.437290,AVOID_APPROACH,pure-pursuit al punto de paso del pilar 1,22,-4.11,21.27,PISTA,OK,0,594.0,594.0,323.4,720.3,673.8,1,1.000,310.0,1,0.959,652.5,1,1.000,0.454,2,2,1,VERDE,210.1,433.4,0.000,1,0.0,,81.0
2211.537323,AVOID_APPROACH,pure-pursuit al punto de paso del pilar 1,22,-4.24,21.21,PISTA,OK,0,582.5,582.5,319.9,724.4,670.9,1,0.972,307.0,1,0.973,656.2,1,0.986,0.458,2,2,1,VERDE,210.6,426.2,0.000,1,0.0,,57.4
2211.637912,AVOID_APPROACH,pure-pursuit al punto de paso del pilar 1,22,-4.36,21.17,PISTA,OK,0,587.5,587.5,314.3,727.4,682.8,1,1.000,304.0,1,0.973,659.5,1,1.000,0.480,2,2,1,VERDE,210.9,419.1,0.000,1,0.0,,80.8
2211.737816,AVOID_APPROACH,pure-pursuit al punto de paso del pilar 1,22,-4.21,21.15,PISTA,OK,0,579.0,579.0,310.4,731.1,679.5,1,1.000,302.5,1,0.959,663.5,1,1.000,0.516,2,2,1,VERDE,209.3,411.9,0.000,1,0.0,,58.7
2211.838413,AVOID_APPROACH,pure-pursuit al punto de paso del pilar 1,22,-4.24,21.12,PISTA,OK,0,575.5,575.5,307.6,734.8,683.6,1,0.972,297.0,1,0.945,666.0,1,0.986,0.507,2,2,1,VERDE,208.9,403.9,0.000,1,0.0,,80.8
2211.937951,AVOID_APPROACH,pure-pursuit al punto de paso del pilar 1,22,-4.84,21.04,PISTA,OK,0,570.5,570.5,298.3,737.6,690.1,1,1.000,293.5,1,0.945,668.0,1,1.000,0.848,2,2,1,VERDE,212.4,394.6,0.000,1,0.0,,56.8
2212.039455,AVOID_APPROACH,pure-pursuit al punto de paso del pilar 1,22,-4.36,20.98,PISTA,OK,0,570.0,570.0,294.7,741.1,694.6,1,1.000,288.0,1,0.918,672.0,1,1.000,0.853,2,2,1,VERDE,208.6,389.1,0.000,1,0.0,,82.1
2212.139178,AVOID_APPROACH,pure-pursuit al punto de paso del pilar 1,22,-4.63,20.93,PISTA,OK,0,569.8,569.8,290.6,743.7,697.1,1,1.000,287.0,1,0.904,676.5,1,1.000,0.859,2,2,1,VERDE,209.8,380.8,0.000,1,0.0,,59.6
2212.239250,AVOID_APPROACH,pure-pursuit al punto de paso del pilar 1,22,-4.63,20.85,PISTA,OK,0,568.0,568.0,288.1,747.1,700.6,1,0.972,282.0,1,0.945,678.8,1,0.986,0.879,2,2,1,VERDE,209.2,372.9,0.000,1,0.0,,74.7
2212.338316,AVOID_APPROACH,pure-pursuit al punto de paso del pilar 1,22,-4.62,20.72,PISTA,OK,0,550.0,550.0,284.2,749.3,705.9,1,1.000,279.5,1,0.904,680.8,1,1.000,0.873,2,2,1,VERDE,208.5,364.6,0.000,1,0.0,,58.5
2212.438720,AVOID_APPROACH,pure-pursuit al punto de paso del pilar 1,22,-4.40,20.63,PISTA,OK,0,547.0,547.0,281.2,752.1,703.2,1,1.000,276.5,1,0.877,684.0,1,1.000,0.875,2,2,1,VERDE,206.6,358.6,0.000,1,0.0,,81.2
2212.539152,AVOID_APPROACH,pure-pursuit al punto de paso del pilar 1,22,-4.48,20.53,PISTA,OK,0,534.5,534.5,278.1,754.0,712.3,1,1.000,272.8,1,0.904,687.0,1,1.000,0.865,2,2,1,VERDE,206.4,350.6,0.000,1,0.0,,57.8
2212.639437,AVOID_APPROACH,pure-pursuit al punto de paso del pilar 1,25,-4.47,20.46,PISTA,OK,0,999.0,1459.5,275.1,757.2,715.5,1,1.000,271.0,1,0.918,691.5,1,1.000,0.870,2,2,1,VERDE,205.8,343.1,0.000,1,0.0,,80.3
2212.737009,AVOID_APPROACH,pure-pursuit al punto de paso del pilar 1,22,-4.40,20.32,PISTA,OK,0,536.0,536.0,272.0,758.5,718.8,1,0.972,268.5,1,0.904,694.5,1,0.986,0.864,2,2,1,VERDE,204.9,336.4,0.000,1,0.0,,56.8
2212.837109,AVOID_APPROACH,pure-pursuit al punto de paso del pilar 1,25,-4.17,20.19,PISTA,OK,0,984.0,1442.5,268.5,761.5,719.2,1,1.000,265.5,1,0.918,697.0,1,1.000,0.860,2,2,1,VERDE,202.9,328.5,0.000,1,0.0,,79.9
2212.937827,AVOID_APPROACH,pure-pursuit al punto de paso del pilar 1,25,-4.60,20.05,PISTA,OK,0,976.0,1437.0,265.1,763.7,728.6,1,1.000,262.0,1,0.918,697.8,1,1.000,0.863,2,2,1,VERDE,204.6,318.8,0.000,1,0.0,,53.8
2213.039394,AVOID_APPROACH,pure-pursuit al punto de paso del pilar 1,25,-4.23,19.97,PISTA,OK,0,967.0,1427.5,260.9,766.5,726.6,1,1.000,255.5,1,0.863,702.5,1,1.000,0.856,2,2,1,VERDE,202.1,311.9,0.000,1,0.0,,80.3
2213.135614,AVOID_APPROACH,pure-pursuit al punto de paso del pilar 1,25,-4.08,19.82,PISTA,OK,0,956.0,1419.5,257.6,769.4,727.0,1,0.972,258.0,1,0.904,705.0,1,0.986,0.849,2,2,1,VERDE,200.6,303.1,0.000,1,0.0,,58.4
2213.235896,AVOID_APPROACH,pure-pursuit al punto de paso del pilar 1,25,-4.08,19.66,PISTA,OK,0,949.0,1406.5,254.0,772.5,737.2,1,1.000,252.5,1,0.877,710.5,1,1.000,0.860,2,2,1,VERDE,200.0,294.6,0.000,1,0.0,,79.4
2213.336332,AVOID_APPROACH,pure-pursuit al punto de paso del pilar 1,25,-4.20,19.43,PISTA,OK,0,938.0,1397.5,250.3,774.9,739.3,1,1.000,246.5,1,0.877,714.0,1,1.000,0.846,2,2,1,VERDE,200.0,285.7,0.000,1,0.0,,55.9
2213.434656,AVOID_PASS,manteniendo rumbo mientras pasa el pilar 1,25,-0.20,19.26,PISTA,OK,0,929.5,1392.0,246.1,776.8,744.6,1,0.972,244.0,1,0.863,716.0,1,1.000,0.823,2,2,1,VERDE,198.8,276.4,0.000,1,0.0,,78.5
2213.535359,AVOID_PASS,manteniendo rumbo mientras pasa el pilar 1,25,0.10,19.16,PISTA,OK,0,920.5,1381.5,242.9,780.4,754.4,1,1.000,237.5,1,0.849,718.5,1,1.000,0.851,2,2,1,VERDE,201.5,269.7,0.000,1,10.1,,56.3
2213.635344,AVOID_PASS,manteniendo rumbo mientras pasa el pilar 1,25,0.25,19.01,PISTA,OK,0,910.0,1371.5,239.4,781.7,752.4,1,0.972,237.0,1,0.877,722.5,1,1.000,0.834,2,2,1,VERDE,196.6,260.9,0.000,1,20.1,,80.3
2213.734731,AVOID_PASS,manteniendo rumbo mientras pasa el pilar 1,25,0.32,18.94,PISTA,OK,0,902.5,1361.0,235.7,784.4,767.1,1,0.972,231.5,1,0.836,726.0,1,1.000,0.831,2,2,1,VERDE,194.8,252.2,0.000,1,30.0,,53.7
2213.834163,AVOID_PASS,manteniendo rumbo mientras pasa el pilar 1,25,0.38,18.82,PISTA,OK,0,893.5,1352.0,232.8,788.2,765.9,1,1.000,232.5,1,0.877,729.5,1,1.000,0.844,2,2,1,VERDE,196.0,245.5,0.000,1,40.0,,80.2
2213.933494,AVOID_PASS,manteniendo rumbo mientras pasa el pilar 1,25,0.43,18.77,PISTA,OK,0,884.0,1344.0,229.7,791.0,770.0,1,0.972,224.5,1,0.808,732.5,1,1.000,0.831,2,2,1,VERDE,195.2,239.0,0.000,1,49.9,,49.9
2214.033768,AVOID_PASS,manteniendo rumbo mientras pasa el pilar 1,25,-0.21,18.66,PISTA,OK,0,875.0,1335.0,225.9,793.3,774.3,1,1.000,224.0,1,0.890,736.0,1,1.000,0.836,2,2,1,VERDE,196.7,229.5,0.000,1,59.9,,79.4
2214.132607,AVOID_PASS,manteniendo rumbo mientras pasa el pilar 1,25,-0.72,18.56,PISTA,OK,0,867.0,1325.5,222.8,797.1,782.3,1,0.972,218.0,1,0.767,738.5,1,1.000,0.857,2,2,1,VERDE,191.3,218.1,0.000,1,69.8,,53.0
2214.233342,AVOID_PASS,manteniendo rumbo mientras pasa el pilar 1,25,-1.17,18.44,PISTA,OK,0,857.5,1318.0,220.0,801.0,784.3,1,0.917,220.5,1,0.822,743.0,1,0.986,0.856,2,2,1,VERDE,194.1,212.7,0.000,1,79.9,,80.1
2214.333764,AVOID_PASS,manteniendo rumbo mientras pasa el pilar 1,25,-1.99,18.40,PISTA,OK,0,849.5,1308.5,215.7,804.0,797.0,1,0.917,218.5,1,0.767,745.0,1,0.986,0.849,2,2,1,VERDE,194.1,202.1,0.000,1,89.9,,54.1
2214.433966,AVOID_PASS,manteniendo rumbo mientras pasa el pilar 1,24,-2.55,18.30,PISTA,OK,0,839.0,1298.0,212.4,807.4,783.7,1,0.917,209.5,1,0.822,748.5,1,1.000,0.863,2,2,1,VERDE,192.0,196.1,0.000,1,99.9,,79.4
2214.533744,AVOID_PASS,manteniendo rumbo mientras pasa el pilar 1,24,-3.22,18.17,PISTA,OK,0,827.5,1286.5,208.5,810.8,792.5,1,0.889,206.0,1,0.767,751.2,1,0.986,0.855,2,2,1,VERDE,189.2,187.9,0.000,1,109.5,,55.6
2214.635372,AVOID_PASS,manteniendo rumbo mientras pasa el pilar 1,24,-3.51,18.03,PISTA,OK,0,818.5,1277.5,206.6,812.6,795.4,1,0.944,204.5,1,0.767,751.8,1,1.000,0.860,2,2,1,VERDE,188.8,178.8,0.000,1,119.3,,83.2
2214.734915,AVOID_PASS,manteniendo rumbo mientras pasa el pilar 1,24,-4.14,17.97,PISTA,OK,0,808.5,1271.0,203.2,814.6,568.1,1,0.917,202.8,1,0.726,756.8,1,0.986,0.840,2,2,1,VERDE,188.6,169.5,0.100,1,128.8,,57.6
2214.836136,AVOID_PASS,manteniendo rumbo mientras pasa el pilar 1,24,-4.87,17.85,PISTA,OK,0,802.0,1260.0,199.2,819.2,565.2,1,1.000,199.0,1,0.795,760.0,1,1.000,0.857,2,2,1,VERDE,189.1,160.9,0.000,1,138.5,,80.6
2214.936106,AVOID_PASS,manteniendo rumbo mientras pasa el pilar 1,24,-5.28,17.72,PISTA,OK,0,790.5,1253.5,196.8,821.7,581.6,1,0.889,194.0,1,0.671,763.0,1,0.986,0.859,2,2,1,VERDE,188.8,152.5,0.000,1,148.1,,57.8
2215.037901,AVOID_PASS,manteniendo rumbo mientras pasa el pilar 1,24,-5.66,17.60,PISTA,OK,0,782.5,1243.5,194.5,822.2,541.5,1,0.944,194.0,1,0.767,766.5,1,0.986,0.834,2,2,1,VERDE,188.5,143.1,0.102,1,157.9,,83.4
2215.135936,AVOID_PASS,manteniendo rumbo mientras pasa el pilar 1,24,-6.19,17.55,PISTA,OK,0,773.0,1237.0,191.8,817.7,543.1,1,0.944,189.5,1,0.753,769.5,1,1.000,0.756,2,2,1,VERDE,188.3,133.8,0.200,1,167.3,,58.1
2215.237057,AVOID_PASS,manteniendo rumbo mientras pasa el pilar 1,24,-6.61,17.39,PISTA,OK,0,764.5,1225.0,189.3,819.8,591.3,1,0.889,184.5,1,0.726,773.0,1,1.000,0.741,2,2,1,VERDE,188.0,124.7,0.301,1,177.0,,81.3
2215.336723,AVOID_PASS,manteniendo rumbo mientras pasa el pilar 1,24,-7.24,17.24,PISTA,OK,0,749.5,749.5,185.8,825.0,509.1,1,0.944,182.5,1,0.712,776.0,1,1.000,0.762,2,2,1,VERDE,187.6,115.6,0.401,1,186.6,,58.4
2215.434887,AVOID_PASS,manteniendo rumbo mientras pasa el pilar 1,24,-7.56,16.97,PISTA,OK,0,744.0,744.0,183.6,813.7,496.4,1,0.917,181.2,1,0.726,778.2,1,0.986,0.680,2,2,1,VERDE,187.6,115.6,0.401,0,196.0,,80.4
2215.535473,AVOID_PASS,manteniendo rumbo mientras pasa el pilar 1,24,-7.93,16.64,PISTA,OK,0,734.5,734.5,181.0,817.5,532.7,1,0.917,180.2,1,0.685,779.0,1,1.000,0.693,2,2,1,VERDE,187.6,115.6,0.401,0,205.7,,54.8
2215.633659,AVOID_PASS,manteniendo rumbo mientras pasa el pilar 1,23,-8.44,16.45,PISTA,OK,0,724.0,724.0,178.2,820.8,487.4,1,0.889,175.5,1,0.671,782.2,1,1.000,0.699,2,2,1,VERDE,187.6,115.6,0.401,0,215.1,,79.8
2215.732841,AVOID_PASS,manteniendo rumbo mientras pasa el pilar 1,23,-8.70,16.05,PISTA,OK,0,715.0,1180.0,176.1,825.2,478.4,1,0.833,173.5,1,0.658,785.0,1,0.986,0.737,3,2,1,VERDE,187.6,115.6,0.401,0,224.2,,55.7
2215.834190,AVOID_PASS,manteniendo rumbo mientras pasa el pilar 1,23,-9.08,15.58,PISTA,OK,0,703.5,1173.0,173.4,823.4,437.8,1,0.833,173.5,1,0.616,786.2,1,1.000,0.719,3,2,1,VERDE,187.6,115.6,0.401,0,233.6,,81.0
2215.931502,AVOID_PASS,manteniendo rumbo mientras pasa el pilar 1,23,-9.45,15.33,PISTA,OK,0,695.5,701.0,171.3,819.8,465.5,1,0.861,169.5,1,0.616,789.0,1,0.986,0.723,3,2,1,VERDE,187.6,115.6,0.401,0,242.5,,49.6
2216.032525,AVOID_PASS,manteniendo rumbo mientras pasa el pilar 1,23,-9.65,14.86,PISTA,OK,0,686.0,693.5,169.5,822.6,464.6,1,0.806,168.0,1,0.712,789.5,1,0.973,0.710,3,2,1,VERDE,187.6,115.6,0.401,0,251.8,,78.1
2216.130300,AVOID_PASS,manteniendo rumbo mientras pasa el pilar 1,23,-9.85,14.33,PISTA,OK,0,678.0,689.5,167.7,822.0,397.7,1,0.833,167.0,1,0.630,793.2,1,1.000,0.720,3,2,1,VERDE,187.6,115.6,0.401,0,260.8,,51.9
2216.230761,AVOID_PASS,manteniendo rumbo mientras pasa el pilar 1,23,-10.02,13.80,PISTA,OK,0,669.5,1135.5,166.1,822.0,383.8,1,0.806,162.5,1,0.712,794.5,1,0.986,0.720,2,1,1,VERDE,187.6,115.6,0.401,0,270.0,,82.0
2216.329721,AVOID_PASS,manteniendo rumbo mientras pasa el pilar 1,23,-10.00,13.15,PISTA,OK,0,660.5,1127.0,165.2,822.5,388.7,1,0.750,162.0,1,0.699,794.8,1,0.986,0.740,2,1,1,VERDE,187.6,115.6,0.401,0,279.1,,49.7
2216.431355,AVOID_PASS,manteniendo rumbo mientras pasa el pilar 1,23,-10.26,12.54,PISTA,OK,0,653.5,1118.0,163.3,828.7,366.2,1,0.750,161.5,1,0.658,795.5,1,0.973,0.832,2,1,1,VERDE,187.6,115.6,0.401,0,288.5,,82.0
2216.530732,AVOID_PASS,manteniendo rumbo mientras pasa el pilar 1,23,-10.48,12.23,PISTA,OK,0,647.0,1108.5,162.0,817.2,439.7,1,0.667,159.0,1,0.644,796.8,1,0.959,0.708,3,1,1,VERDE,187.6,115.6,0.401,0,297.6,,47.9
2216.630510,AVOID_PASS,manteniendo rumbo mientras pasa el pilar 1,23,-10.56,11.59,PISTA,OK,0,637.0,1100.5,160.8,815.1,349.4,1,0.778,158.0,1,0.712,796.5,1,0.973,0.723,3,1,1,VERDE,187.6,115.6,0.401,0,306.8,,79.6
2216.730108,AVOID_PASS,manteniendo rumbo mientras pasa el pilar 1,23,-10.75,10.91,PISTA,OK,0,628.0,1091.0,159.2,810.9,341.6,1,0.667,155.5,1,0.644,797.8,1,0.973,0.766,4,1,1,VERDE,187.6,115.6,0.401,0,316.0,,48.3
2216.830369,RECENTER,reincorporacion tras 325 mm de sobrepaso estimado,23,-14.75,10.14,PISTA,OK,0,621.5,1082.5,159.8,829.5,332.4,1,0.639,153.5,1,0.521,798.5,1,0.973,0.828,4,1,1,VERDE,187.6,115.6,0.401,0,325.2,,81.8
2216.931166,RECENTER,reincorporando por posicion lateral,23,-18.75,9.57,PISTA,OK,0,613.0,1075.0,157.6,829.4,323.6,1,0.722,152.5,1,0.699,798.5,1,0.986,0.814,4,1,1,VERDE,187.6,115.6,0.401,0,325.2,,54.4
2217.031769,RECENTER,reincorporando por posicion lateral,22,-14.75,8.93,PISTA,OK,0,604.5,1065.5,135.1,829.4,343.4,1,0.611,153.0,1,0.548,166.5,1,0.945,0.218,4,1,1,VERDE,187.6,115.6,0.401,0,325.2,,81.8
2217.131487,RECENTER,reincorporando por posicion lateral,22,-10.75,8.23,PISTA,OK,0,597.5,1055.0,153.1,828.7,330.8,1,0.611,152.5,1,0.589,151.5,1,0.959,0.219,3,0,1,VERDE,187.6,115.6,0.401,0,325.2,,54.6
2217.232124,RECENTER,reincorporando por posicion lateral,25,-6.75,6.77,PISTA,OK,0,1047.5,1047.5,150.6,825.1,292.8,1,0.694,152.5,1,0.548,148.0,1,0.945,0.220,3,0,1,VERDE,187.6,115.6,0.401,0,325.2,,79.9
2217.332806,RECENTER,reincorporando por posicion lateral,25,-2.75,5.22,PISTA,OK,0,1036.0,1039.0,157.3,823.0,280.6,1,0.694,155.2,1,0.712,142.0,1,0.932,0.218,3,0,1,VERDE,187.6,115.6,0.401,0,325.2,,56.8
2217.433053,RECENTER,reincorporando por posicion lateral,25,-1.77,3.45,PISTA,OK,0,1024.0,1032.0,171.7,818.0,267.0,1,0.750,158.8,1,0.712,136.0,1,0.918,0.218,3,0,1,VERDE,187.6,115.6,0.401,0,325.2,,81.4
2217.532747,RECENTER,reincorporando por posicion lateral,25,-1.12,2.14,PISTA,OK,0,1014.5,1022.5,179.3,814.8,260.1,1,0.722,161.2,1,0.753,132.5,1,0.945,0.220,3,0,1,VERDE,187.6,115.6,0.401,0,325.2,,55.6
2217.634320,RECENTER,reincorporando por posicion lateral,25,-0.90,1.71,PISTA,OK,0,1005.5,1013.0,194.3,812.1,270.1,1,0.694,162.0,1,0.753,131.0,1,0.904,0.221,3,0,1,VERDE,187.6,115.6,0.401,0,325.2,,83.4
2217.733583,RECENTER,reincorporando por posicion lateral,25,-0.50,0.91,PISTA,OK,0,996.0,996.0,192.3,812.7,272.6,1,0.667,162.8,1,0.671,130.0,1,0.890,0.223,4,0,1,VERDE,187.6,115.6,0.401,0,325.2,,55.9
2217.831795,RECENTER,reincorporando por posicion lateral,25,-0.11,0.12,PISTA,OK,0,986.5,986.5,213.0,811.6,240.4,1,0.778,162.5,1,0.836,132.0,1,0.945,0.220,4,0,1,VERDE,187.6,115.6,0.401,0,325.2,,80.3
2217.932288,RECENTER,reincorporando por posicion lateral,25,0.25,-0.59,PISTA,OK,0,978.0,978.0,218.0,808.8,241.4,1,0.667,164.5,1,0.712,131.5,1,0.904,0.220,3,0,1,VERDE,187.6,115.6,0.401,0,325.2,,56.0
2218.030560,RECENTER,reincorporando por posicion lateral,25,0.42,-0.95,PISTA,OK,0,968.5,968.5,224.8,806.8,256.8,1,0.667,163.8,1,0.699,133.0,1,0.918,0.219,3,0,1,VERDE,187.6,115.6,0.401,0,325.2,,80.2
2218.129763,RECENTER,reincorporando por posicion lateral,25,0.79,-1.68,PISTA,OK,0,958.5,958.5,235.2,803.9,247.4,1,0.750,165.2,1,0.781,132.5,1,0.918,0.220,3,0,1,VERDE,187.6,115.6,0.401,0,325.2,,53.6
2218.229146,RECENTER,reincorporando por posicion lateral,25,1.12,-2.34,PISTA,OK,0,948.5,948.5,256.6,801.9,253.3,1,0.750,168.2,1,0.740,134.2,1,0.904,0.218,3,0,1,VERDE,187.6,115.6,0.401,0,325.2,,74.9
2218.328475,RECENTER,reincorporando por posicion lateral,25,1.48,-3.06,PISTA,OK,0,940.5,940.5,258.5,800.2,234.9,1,0.722,170.2,1,0.630,133.5,1,0.890,0.218,3,0,1,VERDE,187.6,115.6,0.401,0,325.2,,52.8
2218.428449,RECENTER,reincorporando por posicion lateral,25,1.65,-3.41,PISTA,OK,0,931.0,931.0,264.9,797.6,239.6,1,0.750,173.5,1,0.616,135.2,1,0.863,0.217,3,0,1,VERDE,187.6,115.6,0.401,0,325.2,,81.8
2218.527427,RECENTER,reincorporando por posicion lateral,25,1.93,-3.96,PISTA,OK,0,921.0,921.0,272.6,796.6,247.5,1,0.750,177.0,1,0.685,137.5,1,0.822,0.216,3,0,1,VERDE,187.6,115.6,0.401,0,325.2,,48.4
2218.627704,RECENTER,reincorporando por posicion lateral,25,2.20,-4.50,PISTA,OK,0,913.0,913.0,282.9,785.4,238.8,1,0.750,180.8,1,0.616,140.0,1,0.849,0.218,3,0,1,VERDE,187.6,115.6,0.401,0,325.2,,80.3
2218.727030,RECENTER,reincorporando por posicion lateral,25,2.44,-4.97,PISTA,OK,0,903.5,903.5,285.5,786.4,240.4,1,0.694,186.5,1,0.507,143.5,1,0.918,0.220,2,0,1,VERDE,187.6,115.6,0.401,0,325.2,,50.4
2218.828770,RECENTER,reincorporando por posicion lateral,25,2.63,-5.37,PISTA,OK,0,894.5,894.5,311.9,787.5,243.6,1,0.722,189.8,1,0.712,146.2,1,0.890,0.219,2,0,1,VERDE,187.6,115.6,0.401,0,325.2,,85.1
2218.928155,RECENTER,reincorporando por posicion lateral,25,2.73,-5.56,PISTA,OK,0,884.0,884.0,304.5,789.4,250.8,1,0.750,196.8,1,0.630,150.2,1,0.904,0.220,4,0,1,VERDE,187.6,115.6,0.401,0,325.2,,47.0
2219.028163,RECENTER,reincorporando por posicion lateral,25,2.95,-5.99,PISTA,OK,0,876.5,876.5,303.4,776.2,235.1,1,0.806,201.8,1,0.630,155.5,1,0.904,0.208,5,0,1,VERDE,187.6,115.6,0.401,0,325.2,,79.0
2219.129217,RECENTER,reincorporando por posicion lateral,25,3.12,-6.33,PISTA,OK,0,867.0,867.0,311.1,787.8,230.2,1,0.694,213.8,1,0.630,158.5,1,0.890,0.224,5,0,1,VERDE,187.6,115.6,0.401,0,325.2,,53.6
2219.229249,RECENTER,reincorporando por posicion lateral,25,3.28,-6.66,PISTA,OK,0,856.5,856.5,551.7,780.9,261.0,1,0.750,216.0,1,0.616,164.5,1,0.932,0.190,5,0,1,VERDE,187.6,115.6,0.401,0,325.2,,82.7
2219.327476,RECENTER,reincorporando por posicion lateral,25,-0.72,-6.85,PISTA,OK,0,848.0,848.0,421.0,781.6,229.4,1,0.750,222.5,1,0.575,169.5,1,0.890,0.787,5,0,1,VERDE,187.6,115.6,0.401,0,325.2,,46.4
2219.428048,RECENTER,reincorporando por posicion lateral,24,-4.72,-7.14,PISTA,OK,0,837.5,837.5,412.5,782.3,227.1,1,0.806,230.5,1,0.644,173.8,1,0.904,0.787,5,0,1,VERDE,187.6,115.6,0.401,0,325.2,,79.1
2219.528823,RECENTER,reincorporando por posicion lateral,24,-0.72,-7.44,PISTA,OK,0,829.0,829.0,673.6,782.4,250.4,1,0.861,242.0,1,0.726,180.0,1,0.932,0.243,5,0,1,VERDE,187.6,115.6,0.401,0,325.2,,53.8
2219.629018,RECENTER,reincorporando por posicion lateral,24,-4.72,-7.75,PISTA,OK,0,820.5,820.5,398.0,786.1,240.8,1,0.806,238.2,1,0.671,186.0,1,0.918,0.793,5,0,1,VERDE,187.6,115.6,0.401,0,325.2,,80.9
2219.729264,RECENTER,reincorporando por posicion lateral,24,-0.72,-7.92,PISTA,OK,0,811.0,811.0,4960.0,787.6,235.1,1,0.722,252.0,1,0.658,190.5,1,0.904,0.184,5,0,1,VERDE,187.6,115.6,0.401,0,325.2,,51.5
2219.830073,RECENTER,reincorporando por posicion lateral,24,3.28,-8.29,AZUL,OK,0,802.0,802.0,7246.2,786.1,265.5,1,0.611,257.0,1,0.671,199.5,1,0.877,0.183,5,0,1,VERDE,187.6,115.6,0.401,0,325.2,,81.5
2219.929888,RECENTER,reincorporando por posicion lateral,24,4.29,-8.68,PISTA,OK,0,793.0,793.0,4924.8,785.9,240.0,1,0.806,256.0,1,0.685,205.5,1,0.932,0.185,5,0,1,VERDE,187.6,115.6,0.401,0,325.2,,54.3
2220.030058,RECENTER,reincorporando por posicion lateral,24,0.29,-9.05,PISTA,OK,0,783.5,783.5,372.0,785.7,238.4,1,0.778,260.2,1,0.740,208.8,1,0.932,0.809,5,0,1,VERDE,187.6,115.6,0.401,0,325.2,,81.2
2220.129559,RECENTER,reincorporando por posicion lateral,24,-3.71,-9.24,PISTA,OK,0,775.5,775.5,365.5,783.8,204.4,1,0.806,271.2,1,0.808,218.8,1,0.932,0.812,5,0,1,VERDE,187.6,115.6,0.401,0,325.2,,54.8
2220.230816,RECENTER,reincorporando por posicion lateral,24,-7.71,-9.35,PISTA,OK,0,766.0,766.0,360.5,783.3,208.9,1,0.806,278.5,1,0.753,226.0,1,0.945,0.814,4,0,1,VERDE,187.6,115.6,0.401,0,325.2,,83.5
2220.328938,RECENTER,reincorporando por posicion lateral,24,-11.71,-9.39,PISTA,OK,0,757.5,757.5,352.5,781.5,213.5,1,0.722,279.2,1,0.740,233.5,1,0.904,0.819,4,0,1,VERDE,187.6,115.6,0.401,0,325.2,,53.3
2220.429057,RECENTER,reincorporando por posicion lateral,24,-15.71,-9.54,PISTA,OK,0,747.5,747.5,348.0,780.6,200.7,1,0.861,288.2,1,0.753,240.2,1,0.945,0.820,4,0,1,VERDE,187.6,115.6,0.401,0,325.2,,80.0
2220.528702,RECENTER,reincorporando por posicion lateral,24,-19.71,-9.75,PISTA,OK,0,740.5,740.5,342.5,779.8,203.6,1,0.806,293.0,1,0.808,248.5,1,0.945,0.818,3,0,1,VERDE,187.6,115.6,0.401,0,325.2,,48.8
2220.629885,RECENTER,reincorporando por posicion lateral,24,-20.00,-10.58,PISTA,OK,0,731.5,731.5,336.5,778.5,206.8,1,0.889,306.2,1,0.808,252.5,1,0.959,0.819,3,0,1,VERDE,187.6,115.6,0.401,0,325.2,,83.0
2220.727469,RECENTER,reincorporando por posicion lateral,24,-20.00,-11.33,PISTA,OK,0,726.0,726.0,332.5,777.3,214.2,1,0.833,309.5,1,0.836,260.0,1,0.959,0.820,3,0,1,VERDE,187.6,115.6,0.401,0,325.2,,48.9
2220.827355,RECENTER,reincorporando por posicion lateral,23,-20.00,-13.00,PISTA,OK,0,719.0,719.0,573.8,776.4,217.5,1,0.778,318.5,1,0.767,262.5,1,0.959,0.565,3,0,1,VERDE,187.6,115.6,0.401,0,325.2,,78.9
2220.926127,RECENTER,reincorporando por posicion lateral,23,-20.00,-14.69,PISTA,OK,0,714.5,714.5,327.0,776.0,222.6,1,0.806,326.5,1,0.795,268.5,1,0.945,0.822,3,0,1,VERDE,187.6,115.6,0.401,0,325.2,,48.1
2221.025749,RECENTER,reincorporando por posicion lateral,23,-16.00,-16.20,PISTA,OK,0,711.0,711.0,2328.4,775.6,225.7,1,0.806,338.0,1,0.808,274.0,1,0.945,0.191,3,0,1,VERDE,187.6,115.6,0.401,0,325.2,,81.9
2221.124689,RECENTER,reincorporando por posicion lateral,23,-12.00,-17.03,PISTA,OK,0,708.5,708.5,2587.7,775.8,228.1,1,0.833,347.0,1,0.822,278.5,1,0.904,0.201,3,0,1,VERDE,187.6,115.6,0.401,0,325.2,,46.5
2221.224485,RECENTER,reincorporando por posicion lateral,23,-16.00,-18.75,PISTA,OK,0,708.0,708.0,689.8,777.0,233.0,1,0.861,352.0,1,0.849,284.5,1,0.932,0.304,3,0,1,VERDE,187.6,115.6,0.401,0,325.2,,78.8
2221.323972,CRUISE,reincorporacion verificada,23,-12.00,-20.31,PISTA,OK,0,704.5,704.5,701.7,778.7,237.6,1,0.889,373.0,1,0.822,286.5,1,0.959,0.204,3,0,,,,,,0,325.2,,48.1
2221.423726,CRUISE,crucero centrado por paredes,23,-8.00,-21.58,PISTA,OK,0,704.0,704.0,724.3,778.6,240.6,1,0.889,368.5,1,0.808,291.2,1,0.945,0.206,3,0,,,,,,0,325.2,,81.2
2221.523197,CRUISE,crucero centrado por paredes,23,-4.00,-23.19,PISTA,OK,0,706.5,706.5,763.8,781.2,243.3,1,0.861,380.2,1,0.849,295.0,1,0.932,0.209,3,0,,,,,,0,325.2,,47.4
2221.625043,CRUISE,crucero centrado por paredes,23,0.00,-23.95,PISTA,OK,0,707.5,707.5,766.9,784.5,385.8,1,0.861,406.0,1,0.808,297.8,1,0.918,0.211,3,0,,,,,,0,325.2,,83.9
2221.724098,CRUISE,crucero centrado por paredes,23,4.00,-25.57,PISTA,OK,0,707.0,707.0,1521.6,788.0,284.8,1,0.917,432.2,1,0.836,304.0,1,0.877,0.202,3,0,,,,,,0,325.2,,47.9
2221.824222,CRUISE,crucero centrado por paredes,23,8.00,-26.62,PISTA,OK,0,704.0,704.0,1560.8,788.8,418.5,1,0.944,440.0,1,0.836,309.0,1,0.890,0.199,3,0,,,,,,0,325.2,,77.6
2221.922020,CRUISE,crucero centrado por paredes,23,12.00,-27.27,PISTA,OK,0,697.0,697.0,815.7,788.9,435.6,1,0.917,458.0,1,0.836,315.5,1,0.877,0.209,3,0,,,,,,0,325.2,,47.1
2222.023613,TURN,giro de esquina por IMU y reapertura frontal,23,25.00,-27.41,PISTA,OK,0,689.5,689.5,804.4,786.2,443.2,1,0.889,361.5,1,0.836,324.0,1,0.863,0.210,2,0,,,,,,0,325.2,,82.5
2222.123057,TURN,giro de esquina por IMU y reapertura frontal,23,25.00,-27.28,PISTA,OK,0,684.5,684.5,843.2,781.8,270.7,1,0.889,344.0,1,0.808,330.5,1,0.918,0.214,2,0,,,,,,0,325.2,,45.9
2222.222940,TURN,giro de esquina por IMU y reapertura frontal,23,25.00,-26.97,PISTA,OK,0,667.5,667.5,1523.6,778.2,277.7,1,0.861,339.0,1,0.767,338.0,1,0.890,0.204,2,0,,,,,,0,325.2,,80.6
2222.322006,TURN,giro de esquina por IMU y reapertura frontal,23,25.00,-25.01,PISTA,OK,0,650.5,650.5,802.5,767.0,287.1,1,0.917,347.5,1,0.795,345.0,1,0.890,0.210,1,0,,,,,,0,325.2,,47.5
2222.422271,TURN,giro de esquina por IMU y reapertura frontal,23,25.00,-23.09,PISTA,OK,0,636.5,636.5,787.9,757.3,294.1,1,0.944,344.5,1,0.822,354.5,1,0.863,0.210,1,0,,,,,,0,325.2,,80.6
2222.521728,TURN,giro de esquina por IMU y reapertura frontal,23,25.00,-21.25,PISTA,OK,0,622.5,622.5,1712.2,749.1,302.7,1,0.972,341.5,1,0.849,361.5,1,0.904,0.204,1,0,,,,,,0,325.2,,47.1
2222.621722,TURN,giro de esquina por IMU y reapertura frontal,23,25.00,-20.34,PISTA,OK,0,611.5,611.5,802.2,742.4,310.5,1,0.889,344.0,1,0.877,369.5,1,0.918,0.209,1,0,,,,,,0,325.2,,78.2
2222.722647,TURN,giro de esquina por IMU y reapertura frontal,22,25.00,-18.59,PISTA,OK,0,598.5,598.5,808.0,736.4,322.5,1,0.889,485.0,1,0.849,375.5,1,0.890,0.207,1,0,,,,,,0,325.2,,47.7
2222.822713,TURN,giro de esquina por IMU y reapertura frontal,22,25.00,-16.90,PISTA,OK,0,586.5,586.5,796.9,731.5,337.3,1,0.861,488.5,1,0.890,382.0,1,0.877,0.209,1,0,,,,,,0,325.2,,79.8
2222.920974,TURN,giro de esquina por IMU y reapertura frontal,22,25.00,-15.24,PISTA,OK,0,578.0,578.0,787.5,727.9,347.2,1,0.889,480.5,1,0.890,390.0,1,0.890,0.206,1,0,,,,,,0,325.2,,46.4
2223.022319,TURN,giro de esquina por IMU y reapertura frontal,22,25.00,-13.70,PISTA,OK,0,570.5,570.5,842.9,724.6,357.2,1,0.861,483.8,1,0.808,398.0,1,0.932,0.208,1,0,,,,,,0,325.2,,81.0
2223.121992,TURN,giro de esquina por IMU y reapertura frontal,22,25.00,-12.98,PISTA,OK,0,562.0,562.0,772.5,722.9,364.4,1,0.861,488.8,1,0.890,403.5,1,0.904,0.210,1,0,,,,,,0,325.2,,43.1
2223.222263,TURN,giro de esquina por IMU y reapertura frontal,22,25.00,-11.24,PISTA,OK,0,554.0,554.0,786.4,721.0,377.5,1,0.806,492.2,1,0.904,411.0,1,0.932,0.204,1,0,,,,,,0,325.2,,79.0
2223.324154,TURN,giro de esquina por IMU y reapertura frontal,22,25.00,-9.43,PISTA,OK,0,547.0,547.0,769.0,719.9,388.7,1,0.806,497.0,1,0.904,418.0,1,0.918,0.200,1,0,,,,,,0,325.2,,45.0
2223.423211,TURN,giro de esquina por IMU y reapertura frontal,22,25.00,-7.71,PISTA,OK,0,539.0,539.0,767.4,719.2,399.6,1,0.806,497.5,1,0.904,427.2,1,0.945,0.330,1,0,,,,,,0,325.2,,80.3
2223.522852,TURN,giro de esquina por IMU y reapertura frontal,22,25.00,-6.87,PISTA,OK,0,533.0,533.0,717.3,719.4,406.6,1,0.806,516.5,1,0.877,433.5,1,0.904,0.482,3,0,,,,,,0,325.2,,47.6
2223.624136,TURN,giro de esquina por IMU y reapertura frontal,22,25.00,-4.96,PISTA,OK,0,527.0,527.0,702.4,719.6,421.7,1,0.889,510.2,1,0.959,446.0,1,0.932,0.582,3,0,,,,,,0,325.2,,79.5
2223.723836,TURN,giro de esquina por IMU y reapertura frontal,22,25.00,-3.07,PISTA,OK,0,520.5,520.5,713.9,721.1,430.4,1,0.806,514.5,1,0.918,452.5,1,0.918,0.686,3,0,,,,,,0,325.2,,47.6
2223.822220,TURN,giro de esquina por IMU y reapertura frontal,22,25.00,-2.28,PISTA,OK,0,513.5,513.5,682.7,722.6,460.9,1,0.806,517.2,1,0.932,708.8,1,0.918,0.579,3,0,,,,,,0,325.2,,74.1
2223.922007,TURN,giro de esquina por IMU y reapertura frontal,22,25.00,-0.62,PISTA,OK,0,507.0,507.0,683.6,725.4,461.3,1,0.806,522.5,1,0.918,712.8,1,0.959,0.708,3,0,,,,,,0,325.2,,47.5
2224.023294,TURN,giro de esquina por IMU y reapertura frontal,22,25.00,1.17,PISTA,OK,0,500.0,500.0,685.9,728.3,455.7,1,0.750,521.0,1,0.890,714.8,1,0.918,0.649,3,0,,,,,,0,325.2,,80.1
2224.123088,TURN,giro de esquina por IMU y reapertura frontal,22,25.00,3.04,PISTA,OK,0,495.0,495.0,698.2,732.0,458.8,1,0.667,528.0,1,0.849,717.8,1,0.918,0.674,4,0,,,,,,0,325.2,,48.9
2224.223497,TURN,giro de esquina por IMU y reapertura frontal,21,25.00,4.73,PISTA,OK,0,488.5,488.5,727.9,731.7,456.0,1,0.694,532.0,1,0.890,722.2,1,0.945,0.681,4,0,,,,,,0,325.2,,81.9
2224.324207,TURN,giro de esquina por IMU y reapertura frontal,21,25.00,5.58,PISTA,OK,0,484.0,484.0,815.2,737.7,459.1,1,0.750,537.5,1,0.877,727.2,1,0.959,0.385,4,0,,,,,,0,325.2,,50.9
2224.424367,TURN,giro de esquina por IMU y reapertura frontal,21,25.00,7.28,PISTA,OK,0,480.5,480.5,765.8,746.7,454.6,1,0.694,536.0,1,0.849,731.8,1,0.986,0.381,4,0,,,,,,0,325.2,,77.6
2224.523923,TURN,giro de esquina por IMU y reapertura frontal,21,25.00,8.95,NARANJA,OK,0,475.5,475.5,737.2,747.4,451.6,1,0.639,538.5,1,0.822,734.5,1,0.959,0.655,4,0,,,,,,0,325.2,,49.8
2224.625309,TURN,giro de esquina por IMU y reapertura frontal,21,25.00,9.74,NARANJA,OK,0,471.5,471.5,712.7,751.5,453.1,1,0.722,546.5,1,0.795,741.5,1,0.986,0.724,4,0,,,,,,0,325.2,,83.3
2224.724951,TURN,giro de esquina por IMU y reapertura frontal,21,25.00,11.25,NARANJA,OK,0,466.5,466.5,2475.2,756.2,452.2,1,0.667,545.5,1,0.849,746.0,1,0.973,0.183,4,0,,,,,,0,325.2,,51.2
2224.823131,TURN,giro de esquina por IMU y reapertura frontal,21,25.00,12.99,NARANJA,OK,0,460.5,460.5,644.2,758.9,454.2,1,0.639,554.5,1,0.849,747.8,1,0.973,0.202,4,0,,,,,,0,325.2,,77.0
2224.924254,TURN,giro de esquina por IMU y reapertura frontal,21,25.00,14.62,PISTA,OK,0,456.5,456.5,784.3,764.3,524.6,1,0.750,560.8,1,0.822,755.5,1,1.000,0.545,4,0,,,,,,0,325.2,,50.4
2225.024456,TURN,giro de esquina por IMU y reapertura frontal,21,25.00,15.48,PISTA,OK,0,452.0,452.0,770.8,770.7,545.9,1,0.694,560.0,1,0.822,759.2,1,1.000,0.519,4,0,,,,,,0,325.2,,81.8
2225.124137,TURN,giro de esquina por IMU y reapertura frontal,21,25.00,17.06,PISTA,OK,0,447.5,447.5,1705.2,768.8,518.9,1,0.722,560.5,1,0.808,765.5,1,1.000,0.182,4,0,,,,,,0,325.2,,50.1
2225.225623,TURN,giro de esquina por IMU y reapertura frontal,21,25.00,18.84,PISTA,OK,0,443.5,443.5,702.8,762.2,821.2,1,0.694,565.0,1,0.767,771.0,1,1.000,0.192,3,0,,,,,,0,325.2,,80.7
2225.325275,TURN,giro de esquina por IMU y reapertura frontal,21,25.00,20.55,PISTA,OK,0,441.2,441.2,683.9,748.6,808.1,1,0.750,563.5,1,0.836,776.5,1,1.000,0.188,3,0,,,,,,0,325.2,,50.3
2225.425301,TURN,giro de esquina por IMU y reapertura frontal,21,25.00,22.11,PISTA,OK,0,437.0,437.0,1433.2,738.6,803.2,1,0.806,570.0,1,0.877,782.0,1,1.000,0.174,2,0,,,,,,0,325.2,,82.8
2225.524347,TURN,giro de esquina por IMU y reapertura frontal,21,25.00,22.97,PISTA,OK,0,434.5,434.5,678.4,718.1,784.7,1,0.806,569.0,1,0.822,787.2,1,1.000,0.183,2,0,,,,,,0,325.2,,50.7
2225.624348,TURN,giro de esquina por IMU y reapertura frontal,21,25.00,24.71,PISTA,OK,0,435.5,435.5,681.3,711.3,733.6,1,0.917,570.5,1,0.863,792.2,1,1.000,0.181,2,0,,,,,,0,325.2,,77.8
2225.723580,TURN,giro de esquina por IMU y reapertura frontal,21,25.00,26.39,PISTA,OK,0,433.8,433.8,1312.8,693.4,783.5,1,0.917,571.5,1,0.890,799.5,1,1.000,0.177,2,0,,,,,,0,325.2,,50.5
2225.823540,TURN,giro de esquina por IMU y reapertura frontal,21,25.00,27.91,PISTA,OK,0,432.8,432.8,1253.0,679.9,773.3,1,0.972,573.5,1,0.918,805.5,1,1.000,0.173,2,0,,,,,,0,325.2,,81.2
2225.922181,TURN,giro de esquina por IMU y reapertura frontal,21,25.00,28.72,PISTA,OK,0,434.5,434.5,1199.0,647.1,765.1,1,0.972,573.0,1,0.890,810.0,1,1.000,0.180,1,0,,,,,,0,325.2,,47.9
2226.020630,TURN,giro de esquina por IMU y reapertura frontal,21,25.00,30.42,PISTA,OK,0,431.2,431.2,1127.8,641.2,761.4,1,0.944,573.0,1,0.918,817.0,1,1.000,0.185,1,0,,,,,,0,325.2,,78.9
2226.120929,TURN,giro de esquina por IMU y reapertura frontal,21,25.00,31.99,PISTA,OK,0,434.5,434.5,1116.2,623.0,755.3,1,0.972,573.5,1,0.918,823.0,1,1.000,0.170,1,0,,,,,,0,325.2,,46.6
2226.220782,TURN,giro de esquina por IMU y reapertura frontal,21,25.00,33.50,PISTA,OK,0,438.0,438.0,1073.7,612.3,753.6,1,0.972,570.5,1,0.918,820.0,1,1.000,0.169,1,0,,,,,,0,325.2,,81.4
2226.319971,TURN,giro de esquina por IMU y reapertura frontal,21,25.00,34.22,PISTA,OK,0,439.5,439.5,1055.3,603.2,753.2,1,0.944,571.5,1,0.890,788.0,1,1.000,0.175,1,0,,,,,,0,325.2,,47.1
2226.420087,TURN,giro de esquina por IMU y reapertura frontal,21,25.00,35.72,PISTA,OK,0,439.5,439.5,996.6,585.0,747.5,1,0.944,576.0,1,0.918,752.5,1,1.000,0.169,2,0,,,,,,0,325.2,,76.6
2226.519572,TURN,giro de esquina por IMU y reapertura frontal,21,25.00,37.40,PISTA,OK,0,442.8,442.8,964.7,574.0,586.8,1,0.972,576.8,1,0.945,726.0,1,0.973,0.169,2,0,,,,,,0,325.2,,46.4
2226.619433,TURN,giro de esquina por IMU y reapertura frontal,21,25.00,39.15,PISTA,OK,0,447.5,447.5,956.2,560.3,581.6,1,0.917,577.0,1,0.918,694.0,1,1.000,0.170,2,0,,,,,,0,325.2,,78.2
2226.720442,TURN,giro de esquina por IMU y reapertura frontal,21,25.00,40.88,PISTA,OK,0,452.0,452.0,926.9,549.6,582.9,1,0.944,578.5,1,0.932,675.0,1,1.000,0.173,2,0,,,,,,0,325.2,,46.9
2226.818818,TURN,giro de esquina por IMU y reapertura frontal,21,25.00,41.65,PISTA,OK,0,461.0,461.0,898.4,546.2,584.5,1,0.917,580.0,1,0.932,642.0,1,1.000,0.174,2,0,,,,,,0,325.2,,79.6
2226.919578,TURN,giro de esquina por IMU y reapertura frontal,21,25.00,43.40,PISTA,OK,0,467.0,467.0,220.5,533.0,583.5,1,0.917,580.5,1,0.932,625.0,1,0.973,0.165,2,0,,,,,,0,325.2,,46.8
2227.019901,TURN,giro de esquina por IMU y reapertura frontal,21,25.00,45.18,PISTA,OK,0,471.5,471.5,228.7,526.3,584.1,1,0.972,581.0,1,0.945,599.0,1,0.986,0.166,2,0,,,,,,0,325.2,,80.0
2227.119255,TURN,giro de esquina por IMU y reapertura frontal,21,25.00,46.79,PISTA,OK,0,479.5,479.5,182.6,514.9,583.1,1,0.972,101.0,1,0.959,580.5,1,0.973,0.172,2,0,,,,,,0,325.2,,46.7
2227.219026,TURN,giro de esquina por IMU y reapertura frontal,21,25.00,47.59,PISTA,OK,0,488.0,488.0,184.2,504.5,580.6,1,0.917,96.0,1,0.918,564.0,1,1.000,0.178,2,0,,,,,,0,325.2,,80.1
2227.318834,TURN,giro de esquina por IMU y reapertura frontal,21,25.00,49.23,PISTA,OK,0,490.5,490.5,124.8,503.5,579.1,1,0.889,89.0,1,0.904,549.5,1,0.986,0.186,2,0,,,,,,0,325.2,,42.7
2227.418492,TURN,giro de esquina por IMU y reapertura frontal,22,25.00,50.95,PISTA,OK,0,505.5,505.5,124.2,490.2,581.5,1,0.889,82.0,1,0.904,534.5,1,0.986,0.186,3,0,,,,,,0,325.2,,75.7
2227.519500,TURN,giro de esquina por IMU y reapertura frontal,22,25.00,51.84,PISTA,OK,0,512.5,512.5,99.7,497.5,577.4,1,0.917,72.0,1,0.918,520.5,1,0.986,0.194,3,0,,,,,,0,325.2,,44.9
2227.619609,RECOVERY,retroceso corto de emergencia,0,22.45,53.58,PISTA,OK,0,526.0,526.0,88.7,490.1,574.4,1,0.861,63.0,1,0.863,512.0,1,1.000,0.195,3,0,,,,,,0,325.2,,79.0
2227.719355,RECOVERY,retroceso corto de emergencia,-5,21.53,54.58,PISTA,OK,0,545.0,545.0,714.2,481.3,576.4,1,0.861,62.5,1,0.836,493.0,1,0.986,0.785,4,0,,,,,,0,325.2,,45.6
2227.819608,RECOVERY,retroceso corto de emergencia,-10,21.78,54.47,PISTA,OK,0,545.5,545.5,719.0,478.8,572.2,1,0.917,59.0,1,0.918,494.5,1,0.986,0.825,4,0,,,,,,0,325.2,,80.5
2227.920427,RECOVERY,retroceso corto de emergencia,-15,21.51,54.38,PISTA,OK,0,539.0,539.0,8000.0,480.5,574.6,1,0.889,63.8,1,0.863,494.0,1,0.986,0.786,4,0,,,,,,0,325.2,,48.0
2228.020473,RECOVERY,retroceso corto de emergencia,-20,21.44,53.91,PISTA,OK,0,539.8,539.8,94.1,483.0,577.4,1,0.861,66.0,1,0.904,494.8,1,0.959,0.197,4,0,,,,,,0,325.2,,77.7
2228.120178,RECOVERY,retroceso corto de emergencia,-20,21.74,53.04,PISTA,OK,0,533.5,533.5,750.6,487.2,575.2,1,0.889,69.2,1,0.890,504.0,1,0.973,0.690,4,0,,,,,,0,325.2,,47.7
2228.220114,RECOVERY,retroceso corto de emergencia,-20,21.89,51.78,PISTA,OK,0,522.5,522.5,96.7,490.9,577.8,1,0.917,75.0,1,0.932,512.8,1,0.973,0.197,4,0,,,,,,0,325.2,,80.7
2228.319568,RECOVERY,retroceso corto de emergencia,-20,21.83,50.27,PISTA,OK,0,513.0,513.0,115.7,496.3,579.3,1,0.917,86.5,1,0.904,523.0,1,0.986,0.192,4,0,,,,,,0,325.2,,46.0
2228.419504,RECOVERY,retroceso corto de emergencia,-20,22.00,49.48,PISTA,OK,0,511.0,511.0,119.3,499.7,578.4,1,0.889,90.5,1,0.918,530.5,1,1.000,0.189,4,0,,,,,,0,325.2,,80.0
2228.519241,RECOVERY,retroceso corto de emergencia,-20,22.58,47.36,PISTA,OK,0,497.0,497.0,791.8,508.1,581.9,1,0.917,96.5,1,0.932,548.0,1,0.973,0.501,4,0,,,,,,0,325.2,,47.1
2228.621091,RECOVERY,retroceso corto de emergencia,-20,23.40,46.76,PISTA,OK,0,489.0,489.0,793.5,503.1,582.2,1,0.944,99.0,1,0.959,567.0,1,0.959,0.402,3,0,,,,,,0,325.2,,81.2
2228.720339,CRUISE,recuperacion despejada,0,19.40,45.26,PISTA,OK,0,487.5,487.5,817.5,510.3,580.4,1,0.944,582.5,1,0.932,579.0,1,0.986,0.261,3,0,,,,,,0,325.2,,46.8
2228.821527,TURN,giro de esquina por IMU y reapertura frontal,5,25.00,44.46,PISTA,OK,0,477.0,477.0,841.9,519.1,583.2,1,0.972,581.5,1,0.932,589.0,1,1.000,0.177,3,0,,,,,,0,325.2,,82.9
2228.919293,TURN,giro de esquina por IMU y reapertura frontal,10,25.00,44.60,PISTA,OK,0,475.5,475.5,123.9,522.1,585.1,1,0.944,582.2,1,0.918,593.5,1,0.973,0.190,3,0,,,,,,0,325.2,,45.6
2229.019376,TURN,giro de esquina por IMU y reapertura frontal,15,25.00,44.72,PISTA,OK,0,472.0,472.0,167.6,526.2,584.8,1,0.944,582.2,1,0.945,585.0,1,1.000,0.170,3,0,,,,,,0,325.2,,80.1
2229.119989,TURN,giro de esquina por IMU y reapertura frontal,20,25.00,45.59,PISTA,OK,0,476.5,476.5,817.4,520.8,584.5,1,0.944,104.5,1,0.945,586.5,1,1.000,0.264,3,0,,,,,,0,325.2,,46.9
2229.219922,TURN,giro de esquina por IMU y reapertura frontal,21,25.00,46.88,PISTA,OK,0,485.0,485.0,804.4,513.9,584.1,1,0.944,99.0,1,0.918,579.5,1,0.986,0.314,3,0,,,,,,0,325.2,,81.3
2229.317799,TURN,giro de esquina por IMU y reapertura frontal,21,25.00,47.68,PISTA,OK,0,490.5,490.5,790.1,505.5,582.4,1,0.944,95.8,1,0.945,565.5,1,0.973,0.413,3,0,,,,,,0,325.2,,45.5
2229.419136,TURN,giro de esquina por IMU y reapertura frontal,22,25.00,49.21,PISTA,OK,0,499.5,499.5,783.4,506.1,580.9,1,0.889,91.5,1,0.918,544.0,1,0.959,0.485,2,0,,,,,,0,325.2,,79.6
2229.518774,TURN,giro de esquina por IMU y reapertura frontal,22,25.00,50.84,PISTA,OK,0,509.0,509.0,114.7,503.8,576.9,1,0.889,83.2,1,0.904,536.5,1,1.000,0.189,2,0,,,,,,0,325.2,,45.3
2229.618830,TURN,giro de esquina por IMU y reapertura frontal,22,25.00,52.46,PISTA,OK,0,524.5,524.5,739.3,497.9,574.4,1,0.889,80.0,1,0.904,518.5,1,1.000,0.760,2,0,,,,,,0,325.2,,80.6
2229.719627,TURN,giro de esquina por IMU y reapertura frontal,22,25.00,54.25,PISTA,OK,0,531.0,531.0,124.5,488.9,572.4,1,0.861,71.5,1,0.849,500.5,1,0.986,0.192,2,0,,,,,,0,325.2,,43.8
2229.818047,TURN,giro de esquina por IMU y reapertura frontal,22,25.00,55.05,PISTA,OK,0,546.5,546.5,8000.0,479.6,572.9,1,0.889,60.0,1,0.849,494.0,1,0.986,0.786,4,0,,,,,,0,325.2,,78.5
2229.917662,TURN,giro de esquina por IMU y reapertura frontal,22,25.00,55.69,PISTA,OK,0,552.0,552.0,8000.0,473.0,574.2,1,0.889,62.5,1,0.890,485.5,1,0.959,0.790,4,0,,,,,,0,325.2,,40.9
2230.019115,TURN,giro de esquina por IMU y reapertura frontal,22,25.00,56.32,PISTA,OK,0,559.5,559.5,8000.0,468.2,574.2,1,0.861,62.5,1,0.863,479.5,1,0.973,0.793,4,0,,,,,,0,325.2,,79.0
2230.119021,TURN,giro de esquina por IMU y reapertura frontal,22,25.00,57.04,PISTA,OK,0,559.2,559.2,8000.0,462.3,574.8,1,0.889,63.2,1,0.918,477.2,1,1.000,0.794,4,0,,,,,,0,325.2,,42.9
2230.219171,TURN,giro de esquina por IMU y reapertura frontal,22,25.00,57.72,PISTA,OK,0,559.8,559.8,8000.0,457.9,579.8,1,0.944,62.2,1,0.877,466.5,1,0.986,0.802,4,0,,,,,,0,325.2,,81.1
2230.319964,TURN,giro de esquina por IMU y reapertura frontal,22,25.00,58.22,PISTA,OK,0,569.5,569.5,8000.0,451.8,577.3,1,0.917,63.0,1,0.863,461.0,1,0.973,0.804,4,0,,,,,,0,325.2,,46.6
2230.420121,TURN,giro de esquina por IMU y reapertura frontal,22,25.00,59.21,PISTA,OK,0,574.0,574.0,8000.0,446.6,579.9,1,0.944,61.8,1,0.904,460.0,1,0.973,0.802,4,0,,,,,,0,325.2,,77.0
2230.519691,TURN,giro de esquina por IMU y reapertura frontal,22,25.00,60.21,PISTA,OK,0,584.0,584.0,8000.0,441.2,577.1,1,0.972,64.0,1,0.836,447.0,1,0.986,0.814,4,0,,,,,,0,325.2,,47.1
2230.620983,TURN,giro de esquina por IMU y reapertura frontal,22,25.00,61.17,PISTA,OK,0,595.5,595.5,8000.0,436.3,580.9,1,0.972,63.0,1,0.932,443.5,1,0.986,0.816,4,0,,,,,,0,325.2,,82.0
2230.720833,TURN,giro de esquina por IMU y reapertura frontal,23,25.00,61.57,PISTA,OK,0,611.5,611.5,8000.0,432.0,581.5,1,0.889,62.5,1,0.836,441.0,1,0.959,0.818,4,0,,,,,,0,325.2,,48.4
2230.819111,TURN,giro de esquina por IMU y reapertura frontal,23,25.00,62.49,PISTA,OK,0,617.5,617.5,8000.0,427.8,579.9,1,0.944,61.0,1,0.849,433.0,1,1.000,0.821,4,0,,,,,,0,325.2,,78.4
2230.918803,TURN,giro de esquina por IMU y reapertura frontal,23,25.00,63.44,PISTA,OK,0,622.5,622.5,8000.0,423.8,579.9,1,0.972,60.0,1,0.863,430.5,1,0.973,0.824,5,0,,,,,,0,325.2,,47.4
2231.020520,TURN,giro de esquina por IMU y reapertura frontal,23,25.00,64.58,PISTA,OK,0,636.0,636.0,8000.0,418.8,579.9,1,1.000,58.0,1,0.849,423.0,1,1.000,0.827,5,0,,,,,,0,325.2,,83.5
2231.119822,TURN,giro de esquina por IMU y reapertura frontal,23,25.00,65.69,PISTA,OK,0,649.5,649.5,8000.0,415.3,582.0,1,1.000,58.5,1,0.822,417.0,1,0.959,0.829,5,0,,,,,,0,325.2,,48.5
2231.221142,TURN,giro de esquina por IMU y reapertura frontal,23,25.00,66.21,PISTA,OK,0,666.0,666.0,8000.0,411.8,580.4,1,1.000,55.5,1,0.877,410.5,1,0.945,0.830,5,0,,,,,,0,325.2,,82.9
2231.320852,TURN,giro de esquina por IMU y reapertura frontal,23,25.00,67.75,PISTA,OK,0,693.5,693.5,653.1,407.8,583.6,1,1.000,52.0,1,0.863,405.5,1,0.973,0.678,5,0,,,,,,0,325.2,,42.1
2231.421012,TURN,giro de esquina por IMU y reapertura frontal,24,25.00,69.52,PISTA,OK,0,732.0,732.0,645.3,404.5,590.6,1,0.972,53.0,1,0.836,404.0,1,1.000,0.658,5,0,,,,,,0,325.2,,80.8
2231.519891,TURN,giro de esquina por IMU y reapertura frontal,24,25.00,71.26,PISTA,OK,0,782.0,782.0,639.5,401.4,595.9,1,1.000,53.5,1,0.740,400.0,1,0.986,0.664,5,0,,,,,,0,325.2,,48.3
2231.619959,TURN,giro de esquina por IMU y reapertura frontal,24,25.00,72.24,PISTA,OK,0,799.5,799.5,630.4,399.6,894.1,1,0.972,54.0,1,0.836,398.5,1,0.973,0.650,5,0,,,,,,0,325.2,,82.6
2231.719754,TURN,giro de esquina por IMU y reapertura frontal,24,25.00,74.04,PISTA,OK,0,840.5,840.5,624.3,397.7,911.7,1,0.972,56.2,1,0.836,395.5,1,0.973,0.640,5,0,,,,,,0,325.2,,48.5
2231.819919,TURN,giro de esquina por IMU y reapertura frontal,25,25.00,75.86,PISTA,OK,0,893.5,893.5,611.2,396.3,912.5,1,0.972,55.0,1,0.767,389.0,1,1.000,0.706,5,1,,,,,,0,325.2,,81.8
2231.920601,TURN,giro de esquina por IMU y reapertura frontal,25,25.00,77.66,PISTA,OK,0,960.5,960.5,607.9,396.3,916.6,1,0.972,55.2,1,0.712,389.0,1,0.986,0.735,5,1,,,,,,0,325.2,,47.4
2232.018858,TURN,giro de esquina por IMU y reapertura frontal,25,25.00,78.57,PISTA,OK,0,1017.5,1017.5,595.5,395.9,914.8,1,0.944,56.0,1,0.849,387.0,1,0.945,0.774,5,1,,,,,,0,325.2,,78.7
2232.118152,TURN,giro de esquina por IMU y reapertura frontal,25,25.00,80.68,PISTA,OK,0,1133.5,1256.5,584.7,396.7,842.7,1,0.917,56.8,1,0.836,388.0,1,0.959,0.806,5,1,,,,,,0,325.2,,46.7
2232.217550,TURN,giro de esquina por IMU y reapertura frontal,24,25.00,82.68,PISTA,OK,0,811.0,1495.5,573.6,397.8,781.9,1,0.944,57.5,1,0.849,388.5,1,0.973,0.859,3,1,,,,,,0,325.2,,80.2
2232.316669,TURN,giro de esquina por IMU y reapertura frontal,24,25.00,84.74,PISTA,OK,0,802.5,1336.5,564.5,400.2,733.6,1,1.000,58.2,1,0.781,389.8,1,0.986,0.898,3,1,,,,,,0,325.2,,45.0
2232.416077,TURN,giro de esquina por IMU y reapertura frontal,24,25.00,85.71,PISTA,OK,0,796.5,1843.0,558.5,402.5,695.5,1,0.917,57.0,1,0.822,392.5,1,0.973,0.924,3,1,,,,,,0,325.2,,78.5
2232.515385,TURN,giro de esquina por IMU y reapertura frontal,24,25.00,87.50,PISTA,OK,0,791.5,1843.0,552.6,405.4,671.7,1,0.944,58.2,1,0.836,394.8,1,0.945,0.930,2,1,,,,,,0,325.2,,44.5
2232.616334,TURN,giro de esquina por IMU y reapertura frontal,24,25.00,89.44,PISTA,OK,0,784.5,1846.0,545.9,408.5,641.4,1,0.972,57.0,1,0.836,396.0,1,0.986,0.899,2,1,,,,,,0,325.2,,77.5
2232.715404,TURN,giro de esquina por IMU y reapertura frontal,24,25.00,91.31,PISTA,OK,0,778.0,1833.0,539.9,412.4,622.1,1,0.972,55.5,1,0.808,400.2,1,0.986,0.865,2,1,,,,,,0,325.2,,44.1
2232.814262,TURN,giro de esquina por IMU y reapertura frontal,24,25.00,92.33,PISTA,OK,0,781.0,781.0,536.4,416.6,621.8,1,0.944,57.2,1,0.863,406.0,1,0.973,0.858,2,1,,,,,,0,325.2,,75.3
2232.914412,TURN,giro de esquina por IMU y reapertura frontal,24,25.00,94.14,PISTA,OK,0,771.0,1820.5,532.3,421.4,587.3,1,0.944,56.8,1,0.795,409.0,1,0.973,0.840,2,1,,,,,,0,325.2,,41.5
2233.015186,TURN,giro de esquina por IMU y reapertura frontal,24,25.00,96.04,PISTA,OK,0,767.0,1821.0,528.8,427.4,573.4,1,0.944,56.5,1,0.836,413.0,1,0.973,0.812,2,1,,,,,,0,325.2,,78.0
2233.114954,TURN,giro de esquina por IMU y reapertura frontal,24,25.00,97.82,PISTA,OK,0,760.5,1814.5,524.9,433.0,559.1,1,0.917,57.2,1,0.808,418.5,1,0.959,0.807,2,1,,,,,,0,325.2,,43.4
2233.213291,TURN,giro de esquina por IMU y reapertura frontal,24,25.00,99.67,PISTA,OK,0,755.0,1809.0,518.1,439.2,554.2,1,0.972,56.5,1,0.836,424.0,1,0.986,0.713,2,1,,,,,,0,325.2,,75.9
2233.315128,TURN,giro de esquina por IMU y reapertura frontal,24,25.00,100.63,PISTA,OK,0,750.0,1809.0,519.4,445.9,530.0,1,0.972,56.8,1,0.904,427.5,1,0.986,0.786,2,1,,,,,,0,325.2,,44.9
2233.414207,CRUISE,esquina 1 verificada,24,21.00,102.43,PISTA,OK,1,747.5,1797.5,513.3,453.3,525.3,1,1.000,56.2,1,0.808,434.2,1,1.000,0.722,2,1,,,,,,0,325.2,,77.2
2233.513955,AVOID_APPROACH,pure-pursuit al punto de paso del pilar 15,25,17.00,104.46,PISTA,OK,1,1242.5,1242.5,510.9,461.8,518.1,1,0.972,57.2,1,0.890,440.0,1,0.986,0.732,2,1,15,ROJO,180.2,719.1,0.000,1,325.2,,43.0
2233.614023,AVOID_APPROACH,pure-pursuit al punto de paso del pilar 15,25,13.00,105.37,PISTA,OK,1,1230.5,1230.5,510.7,471.8,511.2,1,1.000,56.2,1,0.836,444.2,1,1.000,0.754,2,1,15,ROJO,207.6,707.6,0.000,1,325.2,,77.1
2233.715130,AVOID_APPROACH,pure-pursuit al punto de paso del pilar 15,25,9.00,107.39,PISTA,OK,1,1224.5,1224.5,513.0,484.3,493.1,1,1.000,56.5,1,0.877,451.5,1,1.000,0.803,2,1,15,ROJO,240.3,692.6,0.000,1,325.2,,44.1
2233.813394,AVOID_APPROACH,pure-pursuit al punto de paso del pilar 15,25,5.00,109.54,PISTA,OK,1,1220.0,1220.0,513.2,497.1,485.8,1,1.000,56.2,1,0.877,457.5,1,1.000,0.811,2,1,15,ROJO,270.4,675.9,0.000,1,325.2,,73.4
2233.914137,AVOID_APPROACH,pure-pursuit al punto de paso del pilar 15,25,1.00,111.51,PISTA,OK,1,914.5,914.5,517.0,511.3,479.2,1,1.000,54.0,1,0.863,464.5,1,1.000,0.862,2,1,15,ROJO,301.4,657.5,0.000,1,325.2,,43.9
2234.014837,AVOID_APPROACH,pure-pursuit al punto de paso del pilar 15,25,-3.00,113.23,PISTA,OK,1,873.5,873.5,513.7,525.3,478.0,1,1.000,55.5,1,0.822,471.0,1,1.000,0.811,2,1,15,ROJO,320.6,642.4,0.000,1,325.2,,77.8
2234.114914,AVOID_APPROACH,pure-pursuit al punto de paso del pilar 15,25,-7.00,113.65,PISTA,OK,1,851.5,851.5,514.7,536.2,479.0,1,1.000,55.8,1,0.890,476.5,1,1.000,0.832,2,1,15,ROJO,337.2,627.9,0.000,1,325.2,,43.5
2234.214791,AVOID_APPROACH,pure-pursuit al punto de paso del pilar 15,24,-11.00,114.31,PISTA,OK,1,834.5,834.5,516.9,544.8,478.2,1,1.000,59.2,1,0.904,479.8,1,1.000,0.866,3,1,15,ROJO,347.3,615.6,0.000,1,325.2,,78.3
2234.314110,AVOID_APPROACH,pure-pursuit al punto de paso del pilar 15,24,-15.00,114.49,PISTA,OK,1,833.2,833.2,515.5,552.6,479.0,1,1.000,66.8,1,0.808,485.0,1,1.000,0.842,3,2,15,ROJO,352.6,605.8,0.000,1,325.2,,42.9
2234.415557,AVOID_APPROACH,pure-pursuit al punto de paso del pilar 15,24,-19.00,114.40,PISTA,OK,1,832.2,832.2,509.9,557.8,484.3,1,1.000,69.5,1,0.849,488.2,1,1.000,0.813,3,2,15,ROJO,354.1,597.1,0.000,1,325.2,,75.9
2234.515229,AVOID_APPROACH,pure-pursuit al punto de paso del pilar 15,24,-20.00,113.77,PISTA,OK,1,834.8,834.8,506.2,572.6,493.1,1,0.972,74.0,1,0.836,491.8,1,0.986,0.505,3,2,15,ROJO,350.1,590.5,0.000,1,325.2,,42.9
2234.615383,AVOID_APPROACH,pure-pursuit al punto de paso del pilar 15,25,-20.00,112.48,PISTA,OK,1,856.5,856.5,490.8,558.8,499.9,1,1.000,80.0,1,0.863,494.0,1,1.000,0.680,4,2,15,ROJO,340.2,587.1,0.000,1,325.2,,78.8
2234.715220,AVOID_APPROACH,pure-pursuit al punto de paso del pilar 15,25,-20.00,111.81,PISTA,OK,1,1146.0,1186.0,493.2,552.8,508.3,1,1.000,86.8,1,0.890,494.5,1,1.000,0.870,5,3,15,ROJO,327.2,586.1,0.000,1,325.2,,45.8
2234.816527,AVOID_APPROACH,pure-pursuit al punto de paso del pilar 15,25,-20.00,110.19,PISTA,OK,1,1139.0,1749.5,487.5,547.2,98.7,1,0.972,91.8,1,0.877,494.2,1,1.000,0.853,5,3,15,ROJO,307.2,586.3,0.000,1,325.2,,73.6
2234.914570,AVOID_APPROACH,pure-pursuit al punto de paso del pilar 15,25,-20.00,108.51,PISTA,OK,1,1130.5,1732.0,475.1,541.5,103.2,1,1.000,100.8,1,0.945,494.5,1,1.000,0.733,5,3,15,ROJO,292.6,585.7,0.000,1,325.2,,44.2
2235.016086,AVOID_APPROACH,pure-pursuit al punto de paso del pilar 15,25,-20.00,106.78,PISTA,OK,1,1123.5,1715.5,477.7,535.8,104.6,1,1.000,108.0,1,0.918,494.5,1,1.000,0.863,5,3,15,ROJO,273.5,584.0,0.000,1,325.2,,79.4
2235.115570,AVOID_APPROACH,pure-pursuit al punto de paso del pilar 15,25,-20.00,104.84,PISTA,OK,1,1114.5,1699.0,474.0,530.7,102.8,1,0.972,115.0,1,0.890,494.2,1,1.000,0.866,5,3,15,ROJO,255.0,582.8,0.000,1,325.2,,44.7
2235.217075,AVOID_APPROACH,pure-pursuit al punto de paso del pilar 15,25,-20.00,103.14,PISTA,OK,1,1685.0,1685.0,471.4,525.7,103.6,1,0.972,121.0,1,0.959,494.2,1,1.000,0.869,5,3,15,ROJO,229.5,583.7,0.000,1,325.2,,80.4
2235.316602,AVOID_APPROACH,pure-pursuit al punto de paso del pilar 15,25,-20.00,102.31,PISTA,OK,1,1669.0,1669.0,468.6,521.1,107.7,1,0.972,131.5,1,0.959,494.0,1,1.000,0.845,5,3,15,ROJO,214.4,581.5,0.000,1,325.2,,44.6
2235.416747,AVOID_APPROACH,pure-pursuit al punto de paso del pilar 15,25,-20.00,100.61,PISTA,OK,1,1661.0,1661.0,466.9,516.2,114.3,1,0.889,139.5,1,0.945,492.0,1,0.973,0.846,5,3,15,ROJO,196.1,577.9,0.000,1,325.2,,76.4
2235.516359,AVOID_APPROACH,pure-pursuit al punto de paso del pilar 15,25,-20.00,98.87,PISTA,OK,1,1649.0,1649.0,465.8,512.0,125.3,1,0.917,147.5,1,0.904,489.5,1,0.986,0.822,5,3,15,ROJO,174.2,574.8,0.000,1,325.2,,45.6
2235.615888,AVOID_APPROACH,pure-pursuit al punto de paso del pilar 15,25,-20.00,97.03,PISTA,OK,1,1639.0,1639.0,471.3,507.8,135.9,1,0.917,155.5,1,0.932,486.5,1,0.986,0.918,5,3,15,ROJO,154.5,572.0,0.000,1,325.2,,78.2
2235.715618,AVOID_APPROACH,pure-pursuit al punto de paso del pilar 15,25,-20.00,96.14,PISTA,OK,1,1629.5,1629.5,470.1,504.0,146.5,1,0.972,164.2,1,0.918,484.8,1,0.986,0.916,5,3,15,ROJO,137.7,567.9,0.000,1,325.2,,43.5
2235.815540,AVOID_APPROACH,pure-pursuit al punto de paso del pilar 15,22,-20.00,94.20,PISTA,OK,1,574.0,1623.0,473.8,500.6,155.9,1,0.972,172.0,1,0.904,482.5,1,1.000,0.874,3,2,15,ROJO,118.5,564.1,0.000,1,325.2,,73.6
2235.916423,AVOID_APPROACH,pure-pursuit al punto de paso del pilar 15,22,-20.00,92.50,PISTA,OK,1,564.5,1612.5,476.7,496.6,165.5,1,0.944,179.8,1,0.932,480.0,1,0.973,0.913,3,2,15,ROJO,97.1,558.3,0.000,1,325.2,,45.5
2236.016408,AVOID_APPROACH,pure-pursuit al punto de paso del pilar 15,22,-20.00,90.98,PISTA,OK,1,557.0,1603.0,478.2,493.0,172.9,1,0.972,186.5,1,0.986,478.2,1,1.000,0.925,3,2,15,ROJO,82.3,553.1,0.000,1,325.2,,78.5
2236.116175,AVOID_APPROACH,pure-pursuit al punto de paso del pilar 15,22,-20.00,89.60,PISTA,OK,1,550.0,1595.0,480.9,490.6,180.9,1,0.917,192.8,1,0.945,476.0,1,0.973,0.916,2,2,15,ROJO,65.8,547.5,0.000,1,325.2,,42.3
2236.215336,AVOID_APPROACH,pure-pursuit al punto de paso del pilar 15,22,-20.00,88.79,PISTA,OK,1,540.5,1588.0,484.4,487.5,189.8,1,0.889,200.8,1,0.945,473.5,1,0.959,0.933,2,2,15,ROJO,48.1,542.1,0.000,1,325.2,,79.4
2236.313955,AVOID_APPROACH,pure-pursuit al punto de paso del pilar 15,22,-20.00,87.32,PISTA,OK,1,536.5,1578.0,488.3,484.8,199.2,1,0.944,209.5,1,0.945,471.0,1,0.986,0.933,2,2,15,ROJO,35.7,536.4,0.000,1,325.2,,39.8
2236.413813,AVOID_APPROACH,pure-pursuit al punto de paso del pilar 15,22,-20.00,85.79,PISTA,OK,1,521.5,1574.0,491.9,481.6,211.1,1,0.917,222.0,1,0.904,468.2,1,0.973,0.938,3,2,15,ROJO,21.6,530.4,0.000,1,325.2,,74.5
2236.512520,AVOID_APPROACH,pure-pursuit al punto de paso del pilar 15,22,-20.00,84.25,PISTA,OK,1,514.5,1564.0,495.9,479.6,220.6,1,0.861,232.0,1,0.945,466.0,1,0.932,0.956,3,3,15,ROJO,12.7,523.7,0.000,1,325.2,,40.7
2236.611058,AVOID_APPROACH,pure-pursuit al punto de paso del pilar 15,22,-18.99,82.67,PISTA,OK,1,506.0,518.5,500.8,476.5,234.0,1,0.861,246.0,1,0.918,462.8,1,0.973,0.943,3,3,15,ROJO,-1.7,515.2,0.099,1,325.2,,75.7
2236.713136,AVOID_APPROACH,pure-pursuit al punto de paso del pilar 15,22,-17.91,81.14,PISTA,OK,1,497.5,1552.5,506.3,474.1,245.8,1,0.861,258.5,1,0.932,460.0,1,0.959,0.936,3,3,15,ROJO,-15.5,505.9,0.201,1,325.2,,42.4
2236.810092,AVOID_APPROACH,pure-pursuit al punto de paso del pilar 15,21,-17.54,80.42,PISTA,OK,1,492.0,1545.5,511.7,471.6,257.7,1,0.778,271.0,1,0.904,457.0,1,0.973,0.914,3,3,15,ROJO,-21.8,497.2,0.298,1,325.2,,74.4
2236.910636,AVOID_APPROACH,pure-pursuit al punto de paso del pilar 15,21,-16.44,78.90,PISTA,OK,1,486.0,1413.5,517.5,469.0,268.2,1,0.889,282.0,1,0.932,456.0,1,0.973,0.918,3,3,15,ROJO,-35.0,488.0,0.398,1,325.2,,41.3
2237.011694,AVOID_APPROACH,pure-pursuit al punto de paso del pilar 25,21,-12.44,77.53,PISTA,OK,1,480.0,1369.0,523.9,467.0,295.8,1,0.833,311.0,1,0.918,455.0,1,0.959,0.911,3,3,25,ROJO,-84.5,473.5,0.000,1,325.2,,73.0
2237.110553,AVOID_APPROACH,pure-pursuit al punto de paso del pilar 25,21,-10.00,76.00,PISTA,OK,1,476.5,1257.0,531.3,465.4,860.4,1,0.833,508.0,1,0.945,453.5,1,0.959,0.923,3,3,25,ROJO,-96.9,465.7,0.000,1,325.2,,41.3
2237.210757,AVOID_APPROACH,pure-pursuit al punto de paso del pilar 25,25,-7.78,74.48,PISTA,OK,1,1161.5,1161.5,539.9,463.8,571.4,1,0.861,510.5,1,0.918,453.5,1,0.986,0.935,3,3,25,ROJO,-116.9,454.9,0.000,1,325.2,,75.8
2237.310923,AVOID_APPROACH,pure-pursuit al punto de paso del pilar 25,25,-6.21,73.85,PISTA,OK,1,1054.0,1054.0,548.4,461.7,558.7,1,0.972,514.8,1,0.986,452.8,1,0.945,0.906,3,3,25,ROJO,-130.5,445.6,0.000,1,325.2,,108.7
2237.412060,AVOID_APPROACH,pure-pursuit al punto de paso del pilar 25,25,-4.48,72.20,PISTA,OK,1,1002.5,1002.5,558.2,459.9,560.7,1,0.944,521.0,1,0.973,453.0,1,0.959,0.908,3,3,25,ROJO,-145.0,434.1,0.000,1,325.2,,73.9
2237.510378,AVOID_APPROACH,pure-pursuit al punto de paso del pilar 25,25,-2.72,70.54,PISTA,OK,1,936.5,936.5,569.7,457.7,558.7,1,0.972,527.5,1,0.986,449.5,1,0.959,0.910,3,3,25,ROJO,-158.9,421.8,0.000,1,325.2,,40.2
2237.609591,AVOID_APPROACH,pure-pursuit al punto de paso del pilar 25,25,-1.30,69.08,PISTA,OK,1,887.0,887.0,579.5,455.2,558.3,1,0.944,532.5,1,0.973,452.2,1,0.945,0.898,4,3,25,ROJO,-169.7,408.8,0.000,1,325.2,,74.3
2237.710977,AVOID_APPROACH,pure-pursuit al punto de paso del pilar 25,25,-0.33,68.60,PISTA,OK,1,863.5,863.5,588.6,452.8,552.9,1,0.972,536.8,1,0.973,449.8,1,0.945,0.893,4,3,25,ROJO,-176.7,398.3,0.000,1,325.2,,40.2
2237.810578,AVOID_APPROACH,pure-pursuit al punto de paso del pilar 25,24,0.66,67.51,PISTA,OK,1,812.0,812.0,597.2,450.5,550.9,1,0.972,542.2,1,0.986,449.5,1,0.959,0.896,3,2,25,ROJO,-183.4,387.8,0.000,1,325.2,,73.9
2237.910492,AVOID_APPROACH,pure-pursuit al punto de paso del pilar 25,24,1.65,66.69,PISTA,OK,1,790.5,790.5,606.4,447.8,547.8,1,0.861,546.5,1,0.932,448.0,1,0.945,0.894,3,2,25,ROJO,-189.8,375.0,0.000,1,325.2,,108.0
2238.011405,AVOID_APPROACH,pure-pursuit al punto de paso del pilar 25,24,2.94,65.93,PISTA,OK,1,761.5,761.5,614.6,445.0,547.6,1,0.917,552.5,1,0.959,442.5,1,0.904,0.889,3,2,25,ROJO,-197.6,362.7,0.000,1,325.2,,73.6
2238.111607,AVOID_APPROACH,pure-pursuit al punto de paso del pilar 25,24,3.34,65.27,PISTA,OK,1,745.0,745.0,623.4,442.3,546.0,1,0.944,558.0,1,0.973,445.5,1,0.932,0.944,3,2,25,ROJO,-199.6,351.9,0.000,1,325.2,,41.5
2238.212182,AVOID_APPROACH,pure-pursuit al punto de paso del pilar 25,24,3.97,65.04,PISTA,OK,1,735.0,735.0,628.7,439.2,548.6,1,0.944,561.0,1,0.973,442.2,1,0.918,0.912,3,2,25,ROJO,-202.8,343.1,0.000,1,325.2,,77.6
2238.310506,AVOID_APPROACH,pure-pursuit al punto de paso del pilar 25,23,4.49,64.75,PISTA,OK,1,711.2,711.2,635.3,435.6,552.5,1,0.917,565.5,1,0.959,437.0,1,0.932,0.928,3,2,25,ROJO,-205.1,332.4,0.000,1,325.2,,41.3
2238.410636,AVOID_APPROACH,pure-pursuit al punto de paso del pilar 25,23,4.41,64.47,PISTA,OK,1,700.0,700.0,642.1,432.3,553.3,1,0.944,569.5,1,0.973,430.5,1,0.918,0.937,3,2,25,ROJO,-204.1,324.9,0.000,1,325.2,,73.7
2238.510159,AVOID_APPROACH,pure-pursuit al punto de paso del pilar 25,23,4.83,64.19,PISTA,OK,1,686.0,686.0,644.1,428.8,557.8,1,0.917,573.5,1,0.959,429.0,1,0.918,0.896,3,2,25,ROJO,-205.6,315.5,0.000,1,325.2,,40.9
2238.609881,AVOID_APPROACH,pure-pursuit al punto de paso del pilar 25,23,5.01,64.09,PISTA,OK,1,675.0,675.0,650.6,425.7,563.6,1,0.944,576.5,1,0.973,427.0,1,0.945,0.920,3,2,25,ROJO,-205.9,307.1,0.000,1,325.2,,74.2
2238.709282,AVOID_APPROACH,pure-pursuit al punto de paso del pilar 25,23,5.15,64.03,PISTA,OK,1,689.0,689.0,672.5,422.2,559.7,1,0.972,578.8,1,0.986,422.5,1,0.932,0.767,3,2,25,ROJO,-205.9,298.5,0.000,1,325.2,,41.1
2238.809452,AVOID_APPROACH,pure-pursuit al punto de paso del pilar 25,23,5.52,63.90,PISTA,OK,1,662.5,662.5,679.3,418.5,564.8,1,0.972,583.5,1,0.986,423.5,1,0.877,0.765,3,2,25,ROJO,-207.0,289.7,0.000,1,325.2,,72.7
2238.910210,AVOID_APPROACH,pure-pursuit al punto de paso del pilar 25,23,5.62,63.79,PISTA,OK,1,643.5,643.5,663.6,414.5,563.8,1,0.972,586.0,1,0.986,414.2,1,0.890,0.917,3,2,25,ROJO,-206.7,281.0,0.000,1,325.2,,41.3
2239.010175,AVOID_PASS,manteniendo rumbo mientras pasa el pilar 25,23,1.62,63.70,PISTA,OK,1,643.0,643.0,668.1,410.6,568.1,1,0.972,590.5,1,0.986,410.5,1,0.945,0.911,3,2,25,ROJO,-207.6,272.7,0.000,1,0.0,,72.8
2239.110394,AVOID_PASS,manteniendo rumbo mientras pasa el pilar 25,23,0.06,63.64,PISTA,OK,1,637.5,637.5,693.0,407.4,571.4,1,0.944,594.0,1,0.973,412.5,1,0.945,0.766,3,2,25,ROJO,-207.3,264.0,0.000,1,9.2,,41.7
2239.209740,AVOID_PASS,manteniendo rumbo mientras pasa el pilar 25,23,0.11,63.59,PISTA,OK,1,634.0,634.0,693.9,402.8,580.8,1,1.000,596.5,1,1.000,403.0,1,0.904,0.787,3,2,25,ROJO,-205.4,255.8,0.000,1,18.4,,72.1
2239.309849,AVOID_PASS,manteniendo rumbo mientras pasa el pilar 25,23,0.21,63.49,PISTA,OK,1,636.0,636.0,701.2,398.9,580.0,1,0.944,600.5,1,0.973,398.0,1,0.945,0.748,3,2,25,ROJO,-206.1,246.9,0.000,1,27.6,,39.0
2239.410321,AVOID_PASS,manteniendo rumbo mientras pasa el pilar 25,23,0.30,63.40,PISTA,OK,1,632.0,632.0,708.8,395.4,584.1,1,0.972,604.0,1,0.986,396.5,1,0.918,0.725,3,2,25,ROJO,-204.8,238.7,0.000,1,36.8,,72.5
2239.510771,AVOID_PASS,manteniendo rumbo mientras pasa el pilar 25,23,0.46,63.24,PISTA,OK,1,619.0,619.0,717.4,391.4,584.5,1,0.972,607.8,1,0.986,390.0,1,0.904,0.696,3,2,25,ROJO,-205.6,229.9,0.000,1,46.1,,110.1
2239.610347,AVOID_PASS,manteniendo rumbo mientras pasa el pilar 25,23,0.56,63.14,PISTA,OK,1,616.0,616.0,723.3,388.0,589.8,1,0.944,611.2,1,0.973,388.0,1,0.904,0.682,3,2,25,ROJO,-203.8,225.3,0.000,1,55.2,,75.8
2239.710040,AVOID_PASS,manteniendo rumbo mientras pasa el pilar 25,22,0.59,63.11,PISTA,OK,1,600.0,600.0,734.1,384.1,588.2,1,1.000,613.5,1,1.000,384.0,1,0.863,0.639,3,2,25,ROJO,-201.9,217.0,0.000,1,64.4,,40.7
2239.809813,AVOID_PASS,manteniendo rumbo mientras pasa el pilar 25,22,0.66,63.04,PISTA,OK,1,599.0,599.0,740.7,380.1,594.7,1,1.000,618.5,1,1.000,380.0,1,0.890,0.621,3,2,25,ROJO,-203.0,206.1,0.000,1,73.2,,74.9
2239.910268,AVOID_PASS,manteniendo rumbo mientras pasa el pilar 25,22,0.77,62.93,PISTA,OK,1,587.5,587.5,749.4,376.8,599.2,1,1.000,621.8,1,1.000,375.0,1,0.863,0.589,3,2,25,ROJO,-203.6,200.6,0.000,1,82.0,,40.6
2240.009255,AVOID_PASS,manteniendo rumbo mientras pasa el pilar 25,22,0.83,62.87,PISTA,OK,1,575.0,575.0,761.5,373.4,601.1,1,1.000,625.0,1,1.000,372.2,1,0.904,0.510,3,2,25,ROJO,-202.6,192.8,0.000,1,90.7,,73.9
2240.110675,AVOID_PASS,manteniendo rumbo mientras pasa el pilar 25,22,0.82,62.88,PISTA,OK,1,570.5,570.5,765.7,369.2,603.3,1,1.000,627.8,1,1.000,371.0,1,0.904,0.518,3,2,25,ROJO,-204.1,184.3,0.000,1,99.6,,42.2
2240.210054,AVOID_PASS,manteniendo rumbo mientras pasa el pilar 25,22,0.90,62.80,PISTA,OK,1,571.8,571.8,776.3,365.9,603.7,1,1.000,631.5,1,1.000,367.5,1,0.890,0.466,3,2,25,ROJO,-203.4,175.2,0.000,1,108.4,,75.2
2240.309519,AVOID_PASS,manteniendo rumbo mientras pasa el pilar 25,22,1.06,62.64,PISTA,OK,1,571.0,571.0,789.7,362.5,609.0,1,1.000,633.5,1,1.000,365.0,1,0.877,0.417,3,2,25,ROJO,-200.9,171.1,0.000,1,117.1,,41.4
2240.409262,AVOID_PASS,manteniendo rumbo mientras pasa el pilar 25,22,1.15,62.55,PISTA,OK,1,549.0,549.0,779.8,358.6,607.8,1,1.000,638.5,1,0.986,359.0,1,0.877,0.554,3,2,25,ROJO,-201.1,163.6,0.000,1,125.9,,70.4
2240.509002,AVOID_PASS,manteniendo rumbo mientras pasa el pilar 25,22,1.28,62.42,PISTA,OK,1,544.8,544.8,794.9,354.9,613.5,1,1.000,641.5,1,0.973,359.2,1,0.890,0.494,3,2,25,ROJO,-200.3,155.5,0.000,1,134.7,,40.6
2240.608880,AVOID_PASS,manteniendo rumbo mientras pasa el pilar 25,22,1.33,62.37,PISTA,OK,1,541.0,541.0,805.0,351.1,614.4,1,1.000,645.5,1,0.986,350.5,1,0.863,0.444,3,2,25,ROJO,-201.5,146.7,0.000,1,143.5,,72.5
2240.710010,AVOID_PASS,manteniendo rumbo mientras pasa el pilar 25,22,1.47,62.23,PISTA,OK,1,523.0,523.0,730.2,347.4,624.2,1,1.000,650.0,1,1.000,346.5,1,0.863,0.777,3,2,25,ROJO,-200.0,141.0,0.000,1,152.4,,42.1
2240.810058,AVOID_PASS,manteniendo rumbo mientras pasa el pilar 25,22,1.56,62.14,PISTA,OK,1,525.0,525.0,733.2,343.0,619.3,1,1.000,653.5,1,0.973,343.0,1,0.836,0.760,3,2,25,ROJO,-200.0,132.8,0.000,1,161.2,,76.0
2240.909603,AVOID_PASS,manteniendo rumbo mientras pasa el pilar 25,22,1.69,62.01,PISTA,OK,1,519.5,519.5,738.6,339.2,620.9,1,1.000,655.5,1,1.000,338.5,1,0.836,0.780,3,2,25,ROJO,-199.1,124.9,0.000,1,169.9,,41.3
2241.009180,AVOID_PASS,manteniendo rumbo mientras pasa el pilar 25,22,1.74,61.96,PISTA,OK,1,507.0,507.0,741.9,335.3,632.4,1,1.000,658.2,1,0.986,336.5,1,0.863,0.769,4,2,25,ROJO,-198.2,118.2,0.000,1,178.7,,72.4
2241.109164,AVOID_PASS,manteniendo rumbo mientras pasa el pilar 25,22,1.80,61.90,PISTA,OK,1,502.0,502.0,701.9,331.6,630.7,1,1.000,661.0,1,0.959,333.5,1,0.877,0.414,4,2,25,ROJO,-197.9,109.4,0.000,1,187.5,,37.7
2241.208665,AVOID_PASS,manteniendo rumbo mientras pasa el pilar 25,22,1.87,61.83,PISTA,OK,1,501.0,501.0,705.3,327.6,633.2,1,1.000,664.2,1,0.986,324.0,1,0.822,0.419,4,2,25,ROJO,-196.5,102.3,0.000,1,196.3,,73.8
2241.309580,AVOID_PASS,manteniendo rumbo mientras pasa el pilar 25,21,1.97,61.73,PISTA,OK,1,481.0,481.0,693.6,324.1,636.1,1,1.000,669.5,1,1.000,327.5,1,0.849,0.273,4,2,25,ROJO,-196.7,93.1,0.101,1,205.1,,42.2
2241.409408,AVOID_PASS,manteniendo rumbo mientras pasa el pilar 25,21,2.01,61.69,PISTA,OK,1,493.0,493.0,706.7,319.9,639.1,1,1.000,672.2,1,0.973,322.5,1,0.836,0.356,4,2,25,ROJO,-196.7,84.6,0.201,1,213.5,,74.9
2241.507547,AVOID_PASS,manteniendo rumbo mientras pasa el pilar 25,21,2.07,61.63,PISTA,OK,1,470.0,470.0,700.3,316.2,642.2,1,0.972,675.5,1,0.959,318.5,1,0.863,0.276,4,2,25,ROJO,-196.8,76.1,0.299,1,221.8,,39.0
2241.607710,AVOID_PASS,manteniendo rumbo mientras pasa el pilar 25,21,2.13,61.57,PISTA,OK,1,463.5,463.5,716.2,313.1,647.1,1,1.000,679.5,1,1.000,310.5,1,0.808,0.367,4,2,25,ROJO,-196.9,67.5,0.399,1,230.2,,74.0
2241.708562,AVOID_PASS,manteniendo rumbo mientras pasa el pilar 25,21,2.20,61.50,PISTA,OK,1,466.2,466.2,767.8,309.7,643.9,1,1.000,683.5,1,0.973,310.0,1,0.808,0.762,4,2,25,ROJO,-196.9,67.5,0.399,0,238.7,,41.0
2241.808840,AVOID_PASS,manteniendo rumbo mientras pasa el pilar 25,21,2.27,61.43,PISTA,OK,1,453.5,453.5,775.0,306.0,647.5,1,1.000,686.0,1,0.986,311.5,1,0.822,0.784,4,2,25,ROJO,-196.9,67.5,0.399,0,247.1,,73.5
2241.908467,AVOID_PASS,manteniendo rumbo mientras pasa el pilar 25,21,2.34,61.36,PISTA,OK,1,453.0,453.0,778.4,302.5,653.7,1,1.000,690.0,1,0.986,303.0,1,0.822,0.781,4,2,25,ROJO,-196.9,67.5,0.399,0,255.5,,39.9
2242.007863,AVOID_PASS,manteniendo rumbo mientras pasa el pilar 25,21,2.48,61.22,PISTA,OK,1,443.5,443.5,781.9,298.6,656.6,1,1.000,693.5,1,1.000,299.0,1,0.877,0.776,4,2,25,ROJO,-196.9,67.5,0.399,0,263.8,,74.6
2242.108639,AVOID_PASS,manteniendo rumbo mientras pasa el pilar 25,21,2.52,61.18,PISTA,OK,1,433.0,433.0,784.8,295.3,655.7,1,1.000,697.0,1,0.959,297.0,1,0.808,0.761,4,2,25,ROJO,-196.9,67.5,0.399,0,272.3,,41.4
2242.208551,AVOID_PASS,manteniendo rumbo mientras pasa el pilar 25,21,2.63,61.07,PISTA,OK,1,432.8,432.8,791.1,292.0,660.2,1,1.000,699.2,1,0.973,292.2,1,0.808,0.775,4,2,25,ROJO,-196.9,67.5,0.399,0,280.7,,75.4
2242.307998,AVOID_PASS,manteniendo rumbo mientras pasa el pilar 25,21,2.72,60.98,PISTA,OK,1,424.5,424.5,2636.9,288.4,663.9,1,1.000,212.5,1,0.959,287.5,1,0.795,0.188,5,2,25,ROJO,-196.9,67.5,0.399,0,289.0,,39.8
2242.408110,AVOID_PASS,manteniendo rumbo mientras pasa el pilar 25,21,2.83,60.87,PISTA,OK,1,419.0,419.0,2529.1,284.7,669.7,1,1.000,202.0,1,0.959,284.0,1,0.808,0.189,5,2,25,ROJO,-196.9,67.5,0.399,0,297.4,,72.7
2242.507639,AVOID_PASS,manteniendo rumbo mientras pasa el pilar 25,21,2.86,60.84,PISTA,OK,1,409.5,409.5,2509.9,281.2,664.7,1,1.000,178.5,1,0.973,283.5,1,0.767,0.188,4,1,25,ROJO,-196.9,67.5,0.399,0,305.8,,40.2
2242.607444,AVOID_PASS,manteniendo rumbo mientras pasa el pilar 25,21,2.91,60.79,PISTA,OK,1,409.0,409.0,2528.1,277.1,672.5,1,1.000,176.5,1,0.973,277.5,1,0.767,0.185,4,1,25,ROJO,-196.9,67.5,0.399,0,314.2,,74.6
2242.706772,RECENTER,reincorporacion tras 323 mm de sobrepaso estimado,21,6.91,60.73,PISTA,OK,1,394.2,394.2,2415.9,273.6,675.0,1,1.000,177.0,1,0.973,270.5,1,0.753,0.185,4,1,25,ROJO,-196.9,67.5,0.399,0,322.5,,40.0
2242.806577,TURN,giro de esquina por IMU y reapertura frontal,21,25.00,60.61,PISTA,OK,1,391.0,391.0,2426.1,270.1,679.9,1,1.000,176.0,1,0.959,274.0,1,0.753,0.188,4,1,,,,,,0,322.5,,72.8
2242.907807,TURN,giro de esquina por IMU y reapertura frontal,20,25.00,60.01,PISTA,OK,1,376.5,376.5,191.0,266.9,675.0,1,1.000,177.0,1,0.973,271.0,1,0.767,0.821,4,1,,,,,,0,322.5,,40.9
2243.006200,TURN,giro de esquina por IMU y reapertura frontal,20,25.00,59.64,PISTA,OK,1,370.0,370.0,831.3,263.3,675.4,1,1.000,179.0,1,0.945,269.5,1,0.753,0.724,4,0,,,,,,0,322.5,,73.2
2243.106970,TURN,giro de esquina por IMU y reapertura frontal,20,25.00,61.23,PISTA,OK,1,364.5,364.5,835.3,258.5,690.1,1,1.000,177.0,1,0.973,261.5,1,0.808,0.789,4,0,,,,,,0,322.5,,39.4
2243.207030,TURN,giro de esquina por IMU y reapertura frontal,20,25.00,62.71,PISTA,OK,1,374.5,374.5,2465.4,255.4,696.7,1,1.000,173.5,1,0.959,257.5,1,0.726,0.184,5,0,,,,,,0,322.5,,73.9
2243.307672,TURN,giro de esquina por IMU y reapertura frontal,21,25.00,64.26,PISTA,OK,1,391.5,391.5,858.0,252.8,706.9,1,0.972,171.0,1,0.959,253.0,1,0.753,0.851,5,0,,,,,,0,322.5,,39.7
2243.405974,TURN,giro de esquina por IMU y reapertura frontal,21,25.00,65.85,PISTA,OK,1,408.0,408.0,2539.3,250.7,711.0,1,0.944,169.0,1,0.973,254.2,1,0.781,0.182,5,0,,,,,,0,322.5,,71.8
2243.505835,TURN,giro de esquina por IMU y reapertura frontal,21,25.00,66.67,PISTA,OK,1,426.0,426.0,3055.8,248.9,721.3,1,0.889,167.0,1,0.986,248.5,1,0.795,0.181,5,0,,,,,,0,322.5,,38.9
2243.605086,TURN,giro de esquina por IMU y reapertura frontal,21,25.00,68.30,PISTA,OK,1,443.5,443.5,181.5,247.4,739.7,1,0.833,164.5,1,1.000,246.5,1,0.836,0.788,5,0,,,,,,0,322.5,,71.4
2243.706242,TURN,giro de esquina por IMU y reapertura frontal,21,25.00,69.84,PISTA,OK,1,485.0,485.0,184.2,245.8,745.2,1,0.806,162.2,1,1.000,248.0,1,0.808,0.783,5,0,,,,,,0,322.5,,38.9
2243.806346,TURN,giro de esquina por IMU y reapertura frontal,22,25.00,71.54,PISTA,OK,1,496.0,496.0,180.5,245.0,763.0,1,0.750,159.0,1,0.973,241.5,1,0.808,0.779,5,0,,,,,,0,322.5,,71.9
2243.905471,TURN,giro de esquina por IMU y reapertura frontal,22,25.00,73.10,PISTA,OK,1,522.0,522.0,3788.7,244.7,727.5,1,0.694,156.5,1,0.945,242.8,1,0.781,0.178,5,0,,,,,,0,322.5,,38.3
2244.007692,TURN,giro de esquina por IMU y reapertura frontal,22,25.00,74.01,PISTA,OK,1,544.5,544.5,3773.9,244.5,636.1,1,0.722,153.5,1,0.986,240.0,1,0.808,0.179,5,0,,,,,,0,322.5,,73.9
2244.106583,TURN,giro de esquina por IMU y reapertura frontal,23,25.00,75.65,PISTA,OK,1,613.0,613.0,809.8,245.5,638.8,1,0.583,151.2,1,0.932,241.5,1,0.767,0.750,5,0,,,,,,0,322.5,,39.2
2244.205304,TURN,giro de esquina por IMU y reapertura frontal,23,25.00,77.40,PISTA,OK,1,634.5,634.5,816.2,245.9,555.8,1,0.639,147.8,1,0.959,240.2,1,0.781,0.701,6,0,,,,,,0,322.5,,72.5
2244.305152,TURN,giro de esquina por IMU y reapertura frontal,23,25.00,79.18,PISTA,OK,1,708.0,708.0,820.8,246.7,543.8,1,0.583,145.0,1,0.890,241.8,1,0.822,0.655,5,0,,,,,,0,322.5,,106.0
2244.404672,TURN,giro de esquina por IMU y reapertura frontal,24,25.00,81.12,PISTA,OK,1,786.0,786.0,794.5,248.8,520.2,1,0.528,141.5,1,0.877,245.5,1,0.781,0.766,5,0,,,,,,0,322.5,,67.5
2244.505500,TURN,giro de esquina por IMU y reapertura frontal,25,25.00,81.94,PISTA,OK,1,894.5,894.5,784.5,251.1,503.6,1,0.583,138.5,1,0.932,244.5,1,0.795,0.763,5,0,,,,,,0,322.5,,38.9
2244.604199,TURN,giro de esquina por IMU y reapertura frontal,25,25.00,83.73,PISTA,OK,1,989.0,989.0,837.0,252.8,455.0,1,0.639,136.5,1,0.904,247.8,1,0.890,0.367,4,0,,,,,,0,322.5,,71.4
2244.705179,TURN,giro de esquina por IMU y reapertura frontal,25,25.00,85.83,PISTA,OK,1,980.5,980.5,806.1,256.1,441.1,1,0.639,135.5,1,0.822,250.0,1,0.863,0.427,3,0,,,,,,0,322.5,,38.5
2244.805021,TURN,giro de esquina por IMU y reapertura frontal,25,25.00,88.06,PISTA,OK,1,974.5,974.5,762.5,259.4,434.6,1,0.667,132.5,1,0.849,253.5,1,0.890,0.759,4,0,,,,,,0,322.5,,67.6
2244.904947,TURN,giro de esquina por IMU y reapertura frontal,25,25.00,90.07,PISTA,OK,1,965.5,965.5,826.0,263.5,411.6,1,0.639,130.0,1,0.822,259.5,1,0.918,0.261,4,0,,,,,,0,322.5,,39.0
2245.004342,TURN,giro de esquina por IMU y reapertura frontal,25,25.00,91.19,PISTA,OK,1,960.5,960.5,131.6,268.8,398.9,1,0.750,127.5,1,0.822,262.5,1,0.959,0.522,4,0,,,,,,0,322.5,,71.3
2245.105624,TURN,giro de esquina por IMU y reapertura frontal,25,25.00,93.43,PISTA,OK,1,957.0,957.0,120.1,274.1,389.1,1,0.750,125.0,1,0.808,269.0,1,0.959,0.798,4,0,,,,,,0,322.5,,39.2
2245.205264,TURN,giro de esquina por IMU y reapertura frontal,25,25.00,95.58,PISTA,OK,1,949.0,949.0,128.2,280.0,379.7,1,0.722,123.0,1,0.781,274.0,1,0.973,0.279,4,0,,,,,,0,322.5,,70.7
2245.305500,TURN,giro de esquina por IMU y reapertura frontal,25,25.00,97.61,PISTA,OK,1,943.5,943.5,132.6,286.0,370.7,1,0.667,119.2,1,0.808,278.2,1,0.945,0.201,4,0,,,,,,0,322.5,,39.2
2245.405230,TURN,giro de esquina por IMU y reapertura frontal,25,25.00,99.73,PISTA,OK,1,937.0,937.0,8000.0,293.5,366.6,1,0.667,119.0,1,0.726,283.5,1,0.986,0.226,4,0,,,,,,0,322.5,,72.7
2245.503705,TURN,giro de esquina por IMU y reapertura frontal,25,25.00,100.65,PISTA,OK,1,929.5,929.5,143.6,300.9,361.7,1,0.722,117.0,1,0.740,288.0,1,0.986,0.204,4,0,,,,,,0,322.5,,105.1
2245.602961,TURN,giro de esquina por IMU y reapertura frontal,25,25.00,102.83,PISTA,OK,1,926.0,926.0,140.3,309.6,357.2,1,0.611,114.5,1,0.685,294.5,1,0.986,0.200,4,0,,,,,,0,322.5,,69.2
2245.705641,TURN,giro de esquina por IMU y reapertura frontal,25,25.00,104.94,PISTA,OK,1,921.5,921.5,136.1,319.3,350.6,1,0.583,114.5,1,0.685,303.0,1,0.959,0.201,4,0,,,,,,0,322.5,,39.5
2245.804182,TURN,giro de esquina por IMU y reapertura frontal,25,25.00,105.87,PISTA,OK,1,918.0,918.0,136.6,328.4,347.7,1,0.667,113.0,1,0.671,309.5,1,1.000,0.202,4,0,,,,,,0,322.5,,71.3
2245.904606,TURN,giro de esquina por IMU y reapertura frontal,25,25.00,107.81,PISTA,OK,1,918.2,918.2,142.0,338.5,340.4,1,0.667,113.0,1,0.685,314.2,1,1.000,0.203,4,0,,,,,,0,322.5,,38.7
2246.005113,TURN,giro de esquina por IMU y reapertura frontal,25,25.00,109.88,PISTA,OK,1,917.5,917.5,670.5,349.1,341.6,1,0.639,112.0,1,0.644,320.8,1,0.986,0.795,2,0,,,,,,0,322.5,,71.7
2246.103530,TURN,giro de esquina por IMU y reapertura frontal,25,25.00,111.90,PISTA,OK,1,921.2,921.2,590.2,361.5,342.2,1,0.611,113.5,1,0.644,329.2,1,1.000,0.215,3,0,,,,,,0,322.5,,36.6
2246.204401,TURN,giro de esquina por IMU y reapertura frontal,25,25.00,114.08,PISTA,OK,1,922.5,922.5,599.9,375.2,341.6,1,0.556,111.0,1,0.644,337.2,1,1.000,0.212,3,0,,,,,,0,322.5,,72.6
2246.304435,TURN,giro de esquina por IMU y reapertura frontal,25,25.00,116.19,PISTA,OK,1,925.5,925.5,683.9,389.2,339.9,1,0.556,113.0,1,0.658,344.0,1,1.000,0.732,3,0,,,,,,0,322.5,,36.8
2246.403918,CRUISE,esquina 2 verificada,25,21.00,117.27,PISTA,OK,2,934.5,934.5,688.0,405.1,338.3,1,0.583,114.5,1,0.712,351.0,1,0.986,0.814,3,0,,,,,,0,322.5,,71.8
2246.503957,CRUISE,crucero centrado por paredes,25,17.00,119.28,PISTA,OK,2,938.5,938.5,693.5,421.5,339.1,1,0.611,114.0,1,0.726,359.5,1,1.000,0.833,3,0,,,,,,0,322.5,,106.2
2246.603401,AVOID_APPROACH,pure-pursuit al punto de paso del pilar 30,25,21.00,121.34,PISTA,OK,2,955.0,955.0,699.7,441.3,336.7,1,0.639,114.5,1,0.685,367.0,1,1.000,0.836,3,1,30,VERDE,-370.0,506.2,0.000,1,322.5,,69.5
2246.704298,AVOID_APPROACH,pure-pursuit al punto de paso del pilar 30,25,25.00,123.64,PISTA,OK,2,963.5,963.5,708.5,463.8,337.5,1,0.833,116.0,1,0.890,377.0,1,1.000,0.830,2,1,30,VERDE,-343.3,510.9,0.000,1,322.5,,105.8
2246.803482,AVOID_APPROACH,pure-pursuit al punto de paso del pilar 30,25,25.00,124.58,PISTA,OK,2,974.0,974.0,718.2,480.3,340.4,1,0.639,115.5,1,0.712,385.0,1,1.000,0.660,2,1,30,VERDE,-328.5,509.9,0.000,1,322.5,,71.8
2246.903037,AVOID_APPROACH,pure-pursuit al punto de paso del pilar 30,25,25.00,126.32,PISTA,OK,2,982.5,982.5,713.2,493.9,345.7,1,0.694,118.0,1,0.753,391.5,1,1.000,0.759,2,1,30,VERDE,-311.6,511.4,0.000,1,322.5,,37.2
2247.004125,AVOID_APPROACH,pure-pursuit al punto de paso del pilar 30,25,25.00,128.45,PISTA,OK,2,996.5,996.5,721.7,507.8,346.7,1,0.667,118.5,1,0.753,399.0,1,1.000,0.624,2,1,30,VERDE,-295.5,521.7,0.000,1,322.5,,71.1
2247.105543,AVOID_APPROACH,pure-pursuit al punto de paso del pilar 30,25,25.00,130.59,PISTA,OK,2,1006.0,1006.0,731.4,521.1,103.6,1,0.722,118.2,1,0.795,408.5,1,1.000,0.491,2,1,30,VERDE,-270.4,515.0,0.000,1,322.5,,40.0
2247.202928,AVOID_APPROACH,pure-pursuit al punto de paso del pilar 30,25,25.00,131.61,PISTA,OK,2,1026.5,1026.5,742.2,530.6,107.3,1,0.806,120.5,1,0.781,416.5,1,1.000,0.330,2,1,30,VERDE,-249.9,515.7,0.000,1,322.5,,70.1
2247.302843,AVOID_APPROACH,pure-pursuit al punto de paso del pilar 30,25,25.00,133.59,PISTA,OK,2,1044.0,1044.0,754.4,536.2,108.5,1,0.694,123.8,1,0.671,424.5,1,1.000,0.210,2,1,30,VERDE,-228.8,516.2,0.000,1,322.5,,104.4
2247.402659,AVOID_APPROACH,pure-pursuit al punto de paso del pilar 30,25,25.00,135.67,PISTA,OK,2,1066.0,1066.0,768.9,557.5,107.7,1,0.861,124.8,1,0.712,434.0,1,1.000,0.204,2,1,30,VERDE,-209.6,517.6,0.000,1,322.5,,67.3
2247.505176,AVOID_APPROACH,pure-pursuit al punto de paso del pilar 30,25,25.00,137.82,PISTA,OK,2,1082.5,1082.5,624.0,567.2,111.0,1,0.889,128.0,1,0.699,442.0,1,1.000,0.571,2,1,30,VERDE,-187.1,514.4,0.000,1,322.5,,39.5
2247.604093,AVOID_APPROACH,pure-pursuit al punto de paso del pilar 30,25,25.00,138.94,PISTA,OK,2,1114.5,1114.5,815.2,590.4,112.2,1,0.944,129.2,1,0.712,449.5,1,1.000,0.181,2,1,30,VERDE,-166.2,521.4,0.000,1,322.5,,71.0
2247.701592,AVOID_APPROACH,pure-pursuit al punto de paso del pilar 30,25,25.00,140.91,PISTA,OK,2,1151.5,1151.5,832.7,602.5,114.3,1,1.000,131.5,1,0.712,459.5,1,1.000,0.180,2,1,30,VERDE,-144.9,517.7,0.000,1,322.5,,102.7
2247.801533,AVOID_APPROACH,pure-pursuit al punto de paso del pilar 30,22,25.00,142.90,PISTA,OK,2,574.0,1172.5,861.5,630.3,117.1,1,0.944,134.0,1,0.630,468.0,1,1.000,0.178,3,1,30,VERDE,-123.3,515.8,0.000,1,322.5,,69.6
2247.903245,AVOID_APPROACH,pure-pursuit al punto de paso del pilar 30,22,25.00,144.97,PISTA,OK,2,522.0,1209.0,864.7,646.2,119.6,1,1.000,135.5,1,0.616,476.5,1,1.000,0.197,3,1,30,VERDE,-103.1,511.0,0.000,1,322.5,,39.0
2248.002475,AVOID_APPROACH,pure-pursuit al punto de paso del pilar 30,22,25.00,145.89,PISTA,OK,2,506.5,1246.0,902.5,663.7,120.4,1,1.000,138.0,1,0.630,483.5,1,1.000,0.184,3,1,30,VERDE,-89.9,500.8,0.000,1,322.5,,71.1
2248.102662,AVOID_APPROACH,pure-pursuit al punto de paso del pilar 30,21,25.00,147.60,PISTA,OK,2,493.5,1273.0,917.5,682.8,120.0,1,0.944,141.5,1,0.603,491.0,1,1.000,0.201,3,1,30,VERDE,-67.5,502.7,0.000,1,322.5,,105.5
2248.201621,AVOID_APPROACH,pure-pursuit al punto de paso del pilar 30,21,24.82,149.36,PISTA,OK,2,485.5,1313.0,946.8,698.1,122.5,1,1.000,142.5,1,0.575,497.5,1,0.986,0.203,2,1,30,VERDE,-51.5,498.4,0.000,1,322.5,,68.4
2248.302245,AVOID_APPROACH,pure-pursuit al punto de paso del pilar 30,21,23.56,151.07,PISTA,OK,2,480.5,1358.0,980.2,717.7,124.5,1,0.972,144.0,1,0.548,505.5,1,1.000,0.194,2,1,30,VERDE,-35.6,492.2,0.000,1,322.5,,104.6
2248.406223,AVOID_APPROACH,pure-pursuit al punto de paso del pilar 30,21,23.10,152.73,PISTA,OK,2,473.5,1393.0,1040.3,740.9,124.9,1,1.000,146.0,1,0.562,513.5,1,1.000,0.187,2,1,30,VERDE,-26.7,482.2,0.000,1,322.5,,74.8
2248.504230,AVOID_APPROACH,pure-pursuit al punto de paso del pilar 30,21,22.66,153.56,PISTA,OK,2,468.0,490.5,1080.1,757.1,126.1,1,1.000,150.2,1,0.521,520.0,1,0.986,0.189,2,1,30,VERDE,-20.1,477.1,0.000,1,322.5,,39.8
2248.602688,AVOID_APPROACH,pure-pursuit al punto de paso del pilar 30,21,21.84,155.12,PISTA,OK,2,464.5,1409.0,1111.9,783.0,125.1,1,0.972,152.0,1,0.493,527.0,1,1.000,0.203,3,1,30,VERDE,-12.2,477.0,0.000,1,322.5,,70.2
2248.702448,AVOID_APPROACH,pure-pursuit al punto de paso del pilar 30,21,20.71,156.80,PISTA,OK,2,467.5,481.5,1152.5,801.5,126.8,1,0.972,154.8,1,0.507,533.5,1,1.000,0.203,3,1,30,VERDE,1.8,468.8,0.100,1,322.5,,105.1
2248.801985,AVOID_APPROACH,pure-pursuit al punto de paso del pilar 30,21,19.43,158.62,PISTA,OK,2,458.0,1401.0,1225.3,823.8,127.0,1,0.972,155.0,1,0.534,540.0,1,1.000,0.197,3,2,30,VERDE,16.7,460.1,0.199,1,322.5,,70.6
2248.901728,AVOID_APPROACH,pure-pursuit al punto de paso del pilar 30,21,19.07,159.40,PISTA,OK,2,451.5,1392.0,1327.8,848.2,131.5,1,0.972,160.5,1,0.548,547.8,1,0.986,0.208,4,2,30,VERDE,23.0,451.5,0.299,1,322.5,,102.7
2249.001296,AVOID_APPROACH,pure-pursuit al punto de paso del pilar 30,21,17.94,161.03,PISTA,OK,2,447.0,1389.0,1415.9,860.2,132.7,1,0.972,162.0,1,0.589,554.0,1,1.000,0.210,4,2,30,VERDE,35.8,442.3,0.399,1,322.5,,69.1
2249.100983,AVOID_APPROACH,pure-pursuit al punto de paso del pilar 35,21,13.94,162.76,PISTA,OK,2,442.0,2381.5,1442.2,871.5,135.2,1,0.944,165.0,1,0.562,561.5,1,1.000,0.191,4,2,35,VERDE,69.2,448.1,0.000,1,322.5,,102.1
2249.200377,AVOID_APPROACH,pure-pursuit al punto de paso del pilar 35,21,11.93,164.57,PISTA,OK,2,436.0,1381.5,1638.6,875.5,138.4,1,0.972,167.0,1,0.589,569.5,1,1.000,0.187,4,2,35,VERDE,85.9,440.5,0.000,1,322.5,,68.9
2249.300829,AVOID_APPROACH,pure-pursuit al punto de paso del pilar 35,21,9.52,166.16,PISTA,OK,2,454.5,1375.5,2008.7,884.4,138.8,1,1.000,169.5,1,0.616,578.0,1,1.000,0.194,4,2,35,VERDE,107.0,429.4,0.000,1,322.5,,103.2
2249.400202,AVOID_APPROACH,pure-pursuit al punto de paso del pilar 35,25,7.38,167.01,PISTA,OK,2,1372.0,1372.0,2026.5,884.3,143.2,1,1.000,170.8,1,0.671,586.5,1,1.000,0.188,4,2,35,VERDE,124.7,419.5,0.000,1,322.5,,68.6
2249.501603,AVOID_APPROACH,pure-pursuit al punto de paso del pilar 35,25,5.76,168.60,PISTA,OK,2,1366.0,1366.0,2408.1,881.5,147.4,1,0.972,177.0,1,0.712,595.0,1,1.000,0.183,5,2,35,VERDE,137.7,408.9,0.000,1,322.5,,104.5
2249.601373,AVOID_APPROACH,pure-pursuit al punto de paso del pilar 35,25,3.34,170.41,PISTA,OK,2,1357.0,1357.0,2680.0,884.3,153.0,1,0.972,180.5,1,0.808,607.5,1,1.000,0.184,5,2,35,VERDE,155.7,399.4,0.000,1,322.5,,69.9
2249.699943,AVOID_APPROACH,pure-pursuit al punto de paso del pilar 35,25,1.73,171.83,PISTA,OK,2,1349.0,1349.0,625.6,887.8,158.5,1,0.972,187.0,1,0.699,621.0,1,1.000,0.206,5,2,35,VERDE,167.3,387.0,0.000,1,322.5,,102.6
2249.801670,AVOID_APPROACH,pure-pursuit al punto de paso del pilar 35,25,-0.16,172.42,PISTA,OK,2,2309.5,2309.5,628.8,888.6,166.2,1,0.972,194.0,1,0.808,635.0,1,1.000,0.211,5,2,35,VERDE,180.0,372.2,0.000,1,322.5,,70.4
2249.899702,AVOID_APPROACH,pure-pursuit al punto de paso del pilar 35,25,-1.16,173.46,PISTA,OK,2,2299.0,2299.0,643.9,889.0,176.6,1,0.944,201.5,1,0.767,650.0,1,1.000,0.209,4,1,35,VERDE,186.3,360.3,0.000,1,322.5,,103.1
2250.000817,AVOID_APPROACH,pure-pursuit al punto de paso del pilar 35,25,-2.10,174.14,PISTA,OK,2,2288.5,2288.5,606.4,886.2,185.0,1,0.972,208.5,1,0.740,660.5,1,1.000,0.212,4,1,35,VERDE,191.7,346.0,0.000,1,322.5,,69.7
2250.101111,AVOID_APPROACH,pure-pursuit al punto de paso del pilar 35,25,-2.51,174.55,PISTA,OK,2,1607.0,1607.0,615.8,887.3,194.6,1,0.917,220.0,1,0.767,672.5,1,1.000,0.207,4,1,35,VERDE,193.8,336.9,0.000,1,322.5,,104.1
2250.200620,AVOID_APPROACH,pure-pursuit al punto de paso del pilar 35,25,-2.93,174.71,PISTA,OK,2,1600.5,1600.5,620.3,889.7,203.4,1,0.972,225.2,1,0.781,682.0,1,1.000,0.206,4,1,35,VERDE,195.6,324.8,0.000,1,322.5,,70.3
2250.300786,AVOID_APPROACH,pure-pursuit al punto de paso del pilar 35,25,-3.83,174.93,PISTA,OK,2,1587.0,1587.0,565.2,891.3,212.9,1,0.944,233.0,1,0.836,692.5,1,0.986,0.211,5,1,35,VERDE,200.2,316.0,0.000,1,322.5,,104.0
2250.399822,AVOID_APPROACH,pure-pursuit al punto de paso del pilar 35,25,-4.53,175.12,PISTA,OK,2,1586.5,1586.5,560.3,891.7,223.2,1,0.972,245.0,1,0.849,706.0,1,1.000,0.201,5,1,35,VERDE,203.2,305.3,0.000,1,322.5,,69.1
2250.500487,AVOID_APPROACH,pure-pursuit al punto de paso del pilar 35,25,-4.66,175.16,PISTA,OK,2,2238.0,2238.0,283.5,891.4,232.8,1,0.889,255.0,1,0.795,718.5,1,0.986,0.803,5,1,35,VERDE,203.2,296.9,0.000,1,322.5,,104.0
2250.600846,AVOID_APPROACH,pure-pursuit al punto de paso del pilar 35,25,-5.06,175.13,PISTA,OK,2,1564.5,1564.5,276.5,891.8,243.0,1,0.944,263.0,1,0.849,725.5,1,1.000,0.802,5,1,35,VERDE,204.3,285.5,0.000,1,322.5,,69.2
2250.700964,AVOID_PASS,manteniendo rumbo mientras pasa el pilar 35,25,-1.06,175.10,PISTA,OK,2,1548.0,1548.0,252.5,892.3,251.7,1,0.944,270.5,1,0.849,738.5,1,1.000,0.799,5,1,35,VERDE,199.3,276.5,0.000,1,0.0,,103.2
2250.800464,AVOID_PASS,manteniendo rumbo mientras pasa el pilar 35,25,0.12,174.98,PISTA,OK,2,1540.0,1540.0,241.5,892.2,262.2,1,0.972,281.0,1,0.863,748.0,1,1.000,0.802,4,1,35,VERDE,198.8,266.5,0.000,1,10.0,,69.1
2250.900477,AVOID_PASS,manteniendo rumbo mientras pasa el pilar 35,25,0.20,174.90,PISTA,OK,2,1529.5,1529.5,230.0,891.5,272.2,1,0.972,289.0,1,0.890,758.0,1,1.000,0.803,4,1,35,VERDE,199.2,258.1,0.000,1,20.0,,104.0
2251.001793,AVOID_PASS,manteniendo rumbo mientras pasa el pilar 35,25,-1.27,174.83,PISTA,OK,2,1522.5,1522.5,222.0,891.5,281.3,1,0.972,297.5,1,0.890,767.5,1,1.000,0.802,4,1,35,VERDE,200.6,250.9,0.000,1,30.1,,70.3
2251.099181,AVOID_PASS,manteniendo rumbo mientras pasa el pilar 35,25,-2.99,174.80,PISTA,OK,2,2179.5,2179.5,213.0,892.0,291.3,1,0.972,307.5,1,0.890,776.5,1,1.000,0.801,4,1,35,VERDE,198.5,241.1,0.000,1,39.8,,100.4
2251.200478,AVOID_PASS,manteniendo rumbo mientras pasa el pilar 35,25,-5.20,174.79,PISTA,OK,2,1503.5,1503.5,201.5,890.9,301.0,1,0.972,316.5,1,0.918,785.0,1,1.000,0.800,4,1,35,VERDE,197.3,231.7,0.000,1,50.0,,69.9
2251.297939,AVOID_PASS,manteniendo rumbo mientras pasa el pilar 35,25,-7.00,174.73,PISTA,OK,2,1495.0,1495.0,192.0,891.1,309.7,1,0.972,327.0,1,0.904,797.5,1,1.000,0.804,4,1,35,VERDE,196.3,223.7,0.000,1,59.7,,101.6
2251.396345,AVOID_PASS,manteniendo rumbo mientras pasa el pilar 35,25,-7.07,174.68,PISTA,OK,2,1482.5,1482.5,191.5,890.0,321.5,1,0.972,338.5,1,0.918,806.0,1,1.000,0.804,5,1,35,VERDE,198.8,213.7,0.000,1,69.5,,62.2
2251.496345,AVOID_PASS,manteniendo rumbo mientras pasa el pilar 35,25,-8.54,174.53,PISTA,OK,2,1478.0,1478.0,183.5,889.7,330.1,1,0.944,348.0,1,0.904,817.5,1,1.000,0.804,6,2,35,VERDE,197.2,204.3,0.000,1,79.5,,100.2
2251.596382,AVOID_PASS,manteniendo rumbo mientras pasa el pilar 35,25,-9.35,174.20,PISTA,OK,2,1467.5,1467.5,178.5,889.9,341.0,1,0.944,358.5,1,0.932,828.0,1,1.000,0.804,5,2,35,VERDE,195.6,196.9,0.000,1,89.5,,66.4
2251.695112,AVOID_PASS,manteniendo rumbo mientras pasa el pilar 35,25,-10.84,173.97,AZUL,OK,2,1455.0,1455.0,170.5,888.4,351.9,1,0.944,370.0,1,0.918,834.5,1,1.000,0.806,5,2,35,VERDE,196.8,188.3,0.000,1,99.4,,85.1
2251.794891,AVOID_PASS,manteniendo rumbo mientras pasa el pilar 35,25,-11.66,173.48,AZUL,OK,2,2117.5,2117.5,165.5,888.0,362.4,1,0.972,381.0,1,0.932,844.0,1,1.000,0.807,5,2,35,VERDE,192.3,179.1,0.000,1,109.4,,63.9
2251.894441,AVOID_PASS,manteniendo rumbo mientras pasa el pilar 35,25,-12.17,172.89,PISTA,OK,2,2108.0,2108.0,162.0,886.9,373.3,1,0.972,392.5,1,0.863,848.5,1,1.000,0.807,5,2,35,VERDE,188.9,173.1,0.000,1,119.3,,87.6
2251.995385,AVOID_PASS,manteniendo rumbo mientras pasa el pilar 35,25,-8.17,172.02,PISTA,OK,2,2098.5,2098.5,292.0,885.7,384.7,1,0.972,404.5,1,0.890,857.0,1,1.000,0.218,5,2,35,VERDE,187.1,164.7,0.000,1,129.4,,65.2
2252.094081,AVOID_PASS,manteniendo rumbo mientras pasa el pilar 35,25,-4.17,171.60,PISTA,OK,2,2091.0,2091.0,284.9,885.1,796.6,1,0.944,968.0,1,0.877,863.0,1,1.000,0.224,5,2,35,VERDE,181.0,161.4,0.000,1,139.3,,81.4
2252.193718,AVOID_PASS,manteniendo rumbo mientras pasa el pilar 35,25,-8.17,170.59,PISTA,OK,2,2081.0,2081.0,150.0,883.4,798.7,1,0.972,973.5,1,0.863,868.5,1,1.000,0.807,5,2,35,VERDE,176.2,154.9,0.000,1,149.3,,63.1
2252.295077,AVOID_PASS,manteniendo rumbo mientras pasa el pilar 35,25,-12.17,169.64,PISTA,OK,2,2072.5,2072.5,147.5,881.5,797.0,1,0.972,979.5,1,0.863,873.0,1,1.000,0.790,5,2,35,VERDE,173.6,147.6,0.101,1,159.4,,86.0
2252.395065,AVOID_PASS,manteniendo rumbo mientras pasa el pilar 35,25,-16.17,168.85,PISTA,OK,2,1113.0,2062.0,132.0,880.8,801.1,1,0.972,986.5,1,0.849,873.5,1,1.000,0.792,6,2,35,VERDE,172.4,139.0,0.201,1,169.4,,64.5
2252.494088,AVOID_PASS,manteniendo rumbo mientras pasa el pilar 35,25,-12.17,168.45,PISTA,OK,2,1097.5,2053.0,484.1,878.6,807.7,1,1.000,987.5,1,0.863,872.2,1,1.000,0.204,6,2,35,VERDE,170.6,131.3,0.300,1,179.3,,87.0
2252.594651,AVOID_PASS,manteniendo rumbo mientras pasa el pilar 35,25,-16.17,167.41,PISTA,OK,2,1084.0,2046.0,139.5,877.5,813.0,1,0.972,998.5,1,0.836,874.2,1,1.000,0.793,6,2,35,VERDE,168.2,124.3,0.401,1,189.4,,64.9
2252.693436,AVOID_PASS,manteniendo rumbo mientras pasa el pilar 35,25,-12.17,165.93,PISTA,OK,2,1075.5,2037.5,223.9,878.5,804.6,1,0.972,280.5,1,0.808,872.2,1,1.000,0.219,6,2,35,VERDE,168.2,124.3,0.401,0,199.2,,87.3
2252.795382,AVOID_PASS,manteniendo rumbo mientras pasa el pilar 35,25,-8.17,165.29,PISTA,OK,2,1066.0,2030.5,222.9,877.4,808.1,1,1.000,1011.5,1,0.767,874.8,1,1.000,0.216,6,2,35,VERDE,168.2,124.3,0.401,0,209.4,,64.4
2252.894469,AVOID_PASS,manteniendo rumbo mientras pasa el pilar 35,25,-4.17,163.75,PISTA,OK,2,1055.5,2027.5,201.7,879.0,808.1,1,0.972,165.0,1,0.808,876.8,1,1.000,0.222,6,2,35,VERDE,168.2,124.3,0.401,0,219.4,,86.4
2252.994755,AVOID_PASS,manteniendo rumbo mientras pasa el pilar 35,25,-0.17,162.20,PISTA,OK,2,1045.0,1938.0,192.1,881.2,801.1,1,1.000,143.5,1,0.781,880.5,1,1.000,0.219,6,2,35,VERDE,168.2,124.3,0.401,0,229.4,,64.9
2253.094584,AVOID_PASS,manteniendo rumbo mientras pasa el pilar 35,25,-0.12,160.66,PISTA,OK,2,1034.5,1799.0,185.6,883.5,802.4,1,0.972,145.5,1,0.658,883.0,1,1.000,0.217,6,2,35,VERDE,168.2,124.3,0.401,0,239.4,,87.4
2253.194359,AVOID_PASS,manteniendo rumbo mientras pasa el pilar 35,25,-4.12,159.77,PISTA,OK,2,1026.5,1715.5,156.2,884.1,799.3,1,0.972,145.0,1,0.712,888.5,1,1.000,0.826,6,2,35,VERDE,168.2,124.3,0.401,0,249.3,,61.2
2253.293304,AVOID_PASS,manteniendo rumbo mientras pasa el pilar 35,25,-7.72,159.48,PISTA,OK,2,1016.5,1028.5,161.2,883.4,806.0,1,1.000,146.0,1,0.836,887.0,1,0.986,0.788,6,2,35,VERDE,168.2,124.3,0.401,0,259.2,,86.4
2253.393060,AVOID_PASS,manteniendo rumbo mientras pasa el pilar 35,25,-6.71,158.96,PISTA,OK,2,1007.5,1007.5,163.6,881.3,811.4,1,1.000,151.0,1,0.918,888.0,1,1.000,0.801,6,2,35,VERDE,168.2,124.3,0.401,0,269.2,,63.3
2253.493000,AVOID_PASS,manteniendo rumbo mientras pasa el pilar 35,25,-4.55,158.39,NARANJA,OK,2,995.0,995.0,169.2,879.8,818.3,1,0.972,155.0,1,0.945,879.0,1,1.000,0.772,5,1,35,VERDE,168.2,124.3,0.401,0,279.2,,85.4
2253.592509,AVOID_PASS,manteniendo rumbo mientras pasa el pilar 35,25,-2.06,157.61,NARANJA,OK,2,979.5,1609.5,175.3,880.4,824.5,1,1.000,159.5,1,0.959,886.2,1,1.000,0.741,6,1,35,VERDE,168.2,124.3,0.401,0,289.2,,57.4
2253.692418,AVOID_PASS,manteniendo rumbo mientras pasa el pilar 35,25,0.04,157.28,PISTA,OK,2,969.5,987.5,180.6,881.0,828.6,1,0.972,163.0,1,0.904,882.2,1,1.000,0.706,7,2,35,VERDE,168.2,124.3,0.401,0,299.1,,82.5
2253.791684,AVOID_PASS,manteniendo rumbo mientras pasa el pilar 35,25,2.50,156.49,PISTA,OK,2,960.5,990.0,186.2,881.9,827.3,1,1.000,166.0,1,0.877,886.0,1,1.000,0.752,6,2,35,VERDE,168.2,124.3,0.401,0,309.1,,60.5
2253.894145,AVOID_PASS,manteniendo rumbo mientras pasa el pilar 35,25,5.73,155.82,PISTA,OK,2,953.0,1503.0,193.8,882.7,833.1,1,1.000,171.5,1,0.877,886.8,1,1.000,0.693,4,2,35,VERDE,168.2,124.3,0.401,0,319.3,,83.8
2253.992610,RECENTER,reincorporacion tras 329 mm de sobrepaso estimado,25,1.73,155.05,PISTA,OK,2,941.0,1456.0,199.0,883.1,837.6,1,1.000,176.5,1,0.890,887.5,1,1.000,0.761,4,2,35,VERDE,168.2,124.3,0.401,0,329.2,,63.7
2254.092367,RECENTER,reincorporando por posicion lateral,25,-2.27,154.95,PISTA,OK,2,934.0,1430.0,202.4,880.9,841.3,1,1.000,179.0,1,0.863,883.5,1,1.000,0.810,4,2,35,VERDE,168.2,124.3,0.401,0,329.2,,82.1
2254.191719,RECENTER,reincorporando por posicion lateral,25,-6.27,155.02,PISTA,OK,2,925.0,1409.5,205.5,871.3,852.3,1,0.972,181.5,1,0.918,121.0,1,1.000,0.804,3,2,35,VERDE,168.2,124.3,0.401,0,329.2,,62.6
2254.291314,RECENTER,reincorporando por posicion lateral,25,-10.27,155.06,PISTA,OK,2,915.0,1421.0,208.7,862.6,858.9,1,1.000,185.0,1,0.945,113.0,1,1.000,0.810,3,2,35,VERDE,168.2,124.3,0.401,0,329.2,,81.6
2254.391473,RECENTER,reincorporando por posicion lateral,25,-14.27,155.02,PISTA,OK,2,905.0,1411.5,212.1,856.9,869.5,1,1.000,188.5,1,0.959,113.0,1,0.973,0.800,3,2,35,VERDE,168.2,124.3,0.401,0,329.2,,59.2
2254.490474,RECENTER,reincorporando por posicion lateral,25,-10.27,154.99,PISTA,OK,2,894.5,1449.0,216.3,740.3,877.3,1,1.000,191.0,1,0.973,111.0,1,0.959,0.215,3,2,35,VERDE,168.2,124.3,0.401,0,329.2,,78.5
2254.590668,RECENTER,reincorporando por posicion lateral,25,-6.27,154.24,PISTA,OK,2,887.0,1398.0,223.3,741.5,884.3,1,0.944,196.5,1,0.973,107.0,1,0.973,0.215,4,2,35,VERDE,168.2,124.3,0.401,0,329.2,,59.6
2254.691886,RECENTER,reincorporando por posicion lateral,25,-2.27,152.98,PISTA,OK,2,878.0,1372.0,232.8,736.1,884.7,1,0.972,202.5,1,0.959,101.5,1,0.959,0.215,4,2,35,VERDE,168.2,124.3,0.401,0,329.2,,83.4
2254.791752,RECENTER,reincorporando por posicion lateral,25,-6.27,151.76,PISTA,OK,2,870.0,1326.5,243.1,814.7,885.1,1,1.000,208.5,1,0.973,97.0,1,0.973,0.505,4,2,35,VERDE,168.2,124.3,0.401,0,329.2,,63.3
2254.891627,RECENTER,reincorporando por posicion lateral,25,-10.27,151.22,PISTA,OK,2,860.5,1264.5,251.1,811.4,887.6,1,0.972,213.5,1,0.973,92.5,1,0.973,0.503,3,1,35,VERDE,168.2,124.3,0.401,0,329.2,,81.8
2254.990986,RECENTER,reincorporando por posicion lateral,25,-6.27,150.39,PISTA,OK,2,856.0,1237.5,258.7,713.6,201.5,1,0.944,218.5,1,0.959,95.5,1,0.973,0.213,3,1,35,VERDE,168.2,124.3,0.401,0,329.2,,61.7
2255.090374,RECENTER,reincorporando por posicion lateral,25,-2.27,149.43,PISTA,OK,2,852.0,1221.0,266.4,710.1,210.2,1,0.972,225.0,1,0.973,96.0,1,0.959,0.216,3,1,35,VERDE,168.2,124.3,0.401,0,329.2,,79.6
2255.190499,RECENTER,reincorporando por posicion lateral,25,1.73,148.21,PISTA,OK,2,1189.0,1189.0,278.2,708.3,207.2,1,1.000,231.0,1,0.973,95.0,1,0.973,0.217,3,1,35,VERDE,168.2,124.3,0.401,0,329.2,,60.6
2255.291354,RECENTER,reincorporando por posicion lateral,25,5.73,147.73,PISTA,OK,2,1148.5,1148.5,290.0,696.9,209.3,1,1.000,239.5,1,1.000,96.5,1,0.904,0.215,4,1,35,VERDE,168.2,124.3,0.401,0,329.2,,82.1
2255.391419,RECENTER,reincorporando por posicion lateral,25,9.73,146.74,PISTA,OK,2,1109.0,1109.0,300.2,691.3,213.8,1,1.000,245.5,1,0.986,98.5,1,0.945,0.213,4,1,35,VERDE,168.2,124.3,0.401,0,329.2,,62.3
2255.491637,RECENTER,reincorporando por posicion lateral,25,13.73,146.18,PISTA,OK,2,1088.0,1088.0,308.0,689.5,218.7,1,0.972,251.0,1,0.986,101.2,1,0.959,0.212,4,1,35,VERDE,168.2,124.3,0.401,0,329.2,,79.3
2255.591661,RECENTER,reincorporando por posicion lateral,25,16.89,146.11,PISTA,OK,2,1075.0,1075.0,313.4,685.9,224.4,1,0.972,254.8,1,0.959,106.5,1,0.904,0.213,4,1,35,VERDE,168.2,124.3,0.401,0,329.2,,60.7
2255.692624,RECENTER,reincorporando por posicion lateral,25,12.89,146.38,PISTA,OK,2,1079.5,1079.5,317.2,870.9,227.3,1,0.972,259.0,1,0.986,111.5,1,0.945,0.828,5,1,35,VERDE,168.2,124.3,0.401,0,329.2,,82.2
2255.792973,RECENTER,reincorporando por posicion lateral,25,8.89,147.34,PISTA,OK,2,1086.5,1086.5,315.6,853.7,232.2,1,0.972,261.5,1,0.986,120.0,1,0.945,0.895,5,1,35,VERDE,168.2,124.3,0.401,0,329.2,,63.7
2255.893074,RECENTER,reincorporando por posicion lateral,25,4.89,148.57,PISTA,OK,2,1111.5,1111.5,312.8,835.2,235.9,1,0.944,262.2,1,0.973,127.5,1,0.959,0.935,4,1,35,VERDE,168.2,124.3,0.401,0,329.2,,84.7
2255.993384,RECENTER,reincorporando por posicion lateral,24,0.89,149.86,PISTA,OK,2,764.0,1131.0,309.8,820.3,247.0,1,0.972,263.5,1,0.973,135.5,1,0.945,0.944,4,1,35,VERDE,168.2,124.3,0.401,0,329.2,,64.6
2256.094415,RECENTER,reincorporando por posicion lateral,24,-3.11,150.43,PISTA,OK,2,751.5,1170.5,307.5,806.6,249.8,1,0.944,264.5,1,0.973,144.0,1,0.932,0.936,4,1,35,VERDE,168.2,124.3,0.401,0,329.2,,86.0
2256.194416,RECENTER,reincorporando por posicion lateral,24,-7.11,151.72,PISTA,OK,2,738.0,1186.0,306.6,796.4,254.3,1,0.944,266.5,1,0.986,153.5,1,0.945,0.932,4,1,35,VERDE,168.2,124.3,0.401,0,329.2,,62.7
2256.294314,RECENTER,reincorporando por posicion lateral,24,-11.11,152.35,PISTA,OK,2,730.0,1206.0,308.5,788.2,152.4,1,0.917,269.5,1,0.959,159.5,1,0.945,0.913,4,1,35,VERDE,168.2,124.3,0.401,0,329.2,,100.2
2256.394420,RECENTER,reincorporando por posicion lateral,23,-15.11,152.47,PISTA,OK,2,720.0,1206.0,313.1,782.5,156.7,1,0.972,273.8,1,0.973,170.0,1,0.959,0.879,4,1,35,VERDE,168.2,124.3,0.401,0,329.2,,64.8
2256.495500,RECENTER,reincorporando por posicion lateral,23,-19.11,152.05,PISTA,OK,2,711.0,1207.0,318.6,778.4,144.4,1,0.917,276.0,1,0.973,176.0,1,0.973,0.875,3,1,35,VERDE,168.2,124.3,0.401,0,329.2,,86.4
2256.594412,RECENTER,reincorporando por posicion lateral,23,-20.00,151.58,PISTA,OK,2,704.5,1178.5,326.3,777.2,151.1,1,0.889,282.5,1,0.973,183.0,1,0.945,0.861,3,1,35,VERDE,168.2,124.3,0.401,0,329.2,,66.2
2256.693383,RECENTER,reincorporando por posicion lateral,23,-20.00,150.60,PISTA,OK,2,702.5,1162.0,336.4,775.5,153.6,1,0.944,287.5,1,0.986,186.0,1,0.959,0.837,3,1,35,VERDE,168.2,124.3,0.401,0,329.2,,93.8
2256.794840,RECENTER,reincorporando por posicion lateral,23,-20.00,149.09,PISTA,OK,2,701.5,1127.0,348.5,777.5,157.3,1,0.972,293.5,1,1.000,191.0,1,0.973,0.808,3,1,35,VERDE,168.2,124.3,0.401,0,329.2,,65.4
2256.894213,RECENTER,reincorporando por posicion lateral,25,-20.00,147.48,PISTA,OK,2,1091.0,1091.0,362.1,780.8,161.4,1,0.944,303.5,1,0.986,196.0,1,0.973,0.754,3,1,35,VERDE,168.2,124.3,0.401,0,329.2,,100.0
2256.995117,RECENTER,reincorporando por posicion lateral,25,-20.00,145.87,PISTA,OK,2,1044.0,1044.0,385.4,784.8,166.7,1,0.944,310.0,1,1.000,203.0,1,0.959,0.420,3,1,35,VERDE,168.2,124.3,0.401,0,329.2,,67.0
2257.095509,RECENTER,reincorporando por posicion lateral,25,-20.00,144.95,PISTA,OK,2,999.5,999.5,407.2,787.7,171.6,1,0.972,318.5,1,0.986,206.0,1,0.945,0.323,3,1,35,VERDE,168.2,124.3,0.401,0,329.2,,84.9
2257.193669,RECENTER,reincorporando por posicion lateral,25,-20.00,143.17,PISTA,OK,2,962.5,962.5,410.7,788.4,174.1,1,0.944,327.0,1,0.973,211.5,1,0.973,0.654,2,1,35,VERDE,168.2,124.3,0.401,0,329.2,,65.8
2257.293471,RECENTER,reincorporando por posicion lateral,25,-20.00,141.39,PISTA,OK,2,920.5,920.5,428.0,789.3,180.6,1,0.972,334.0,1,1.000,219.0,1,0.945,0.622,2,1,35,VERDE,168.2,124.3,0.401,0,329.2,,85.1
2257.394653,RECENTER,reincorporando por posicion lateral,25,-20.00,139.77,PISTA,OK,2,888.5,888.5,447.3,788.4,183.1,1,0.944,341.2,1,1.000,223.0,1,0.959,0.570,2,1,35,VERDE,168.2,124.3,0.401,0,329.2,,65.8
2257.494187,RECENTER,reincorporando por posicion lateral,25,-17.40,138.88,PISTA,OK,2,871.0,871.0,469.3,787.7,186.8,1,0.972,349.5,1,1.000,228.0,1,0.959,0.445,2,1,35,VERDE,168.2,124.3,0.401,0,329.2,,99.7
2257.593992,RECENTER,reincorporando por posicion lateral,24,-14.51,137.14,PISTA,OK,2,831.0,831.0,491.7,783.4,191.7,1,0.944,357.5,1,1.000,233.5,1,0.945,0.303,2,1,35,VERDE,168.2,124.3,0.401,0,329.2,,65.8
2257.693693,RECENTER,reincorporando por posicion lateral,24,-10.51,135.29,PISTA,OK,2,794.0,794.0,516.7,790.9,196.6,1,0.944,365.5,1,1.000,238.5,1,0.945,0.282,2,1,35,VERDE,168.2,124.3,0.401,0,329.2,,85.2
2257.793158,RECENTER,reincorporando por posicion lateral,24,-6.51,133.54,PISTA,OK,2,775.0,775.0,543.7,783.8,201.1,1,0.944,372.0,1,1.000,243.0,1,0.918,0.211,2,1,35,VERDE,168.2,124.3,0.401,0,329.2,,65.3
2257.893013,CRUISE,reincorporacion verificada,24,-2.51,131.57,PISTA,OK,2,735.5,735.5,564.5,787.7,206.0,1,0.917,378.0,1,1.000,247.5,1,0.904,0.204,2,1,,,,,,0,329.2,,85.6
2257.992552,AVOID_APPROACH,pure-pursuit al punto de paso del pilar 42,23,1.49,130.65,PISTA,OK,2,713.0,713.0,585.3,773.1,208.5,1,0.889,386.0,1,0.973,252.0,1,0.918,0.200,2,1,42,VERDE,-379.3,495.5,0.000,1,329.2,,64.9
2258.091399,AVOID_APPROACH,pure-pursuit al punto de paso del pilar 42,23,5.49,129.08,PISTA,OK,2,689.5,689.5,601.1,791.7,213.4,1,0.889,392.8,1,1.000,256.0,1,0.904,0.196,2,1,42,VERDE,-393.8,478.4,0.000,1,329.2,,86.5
2258.190301,AVOID_APPROACH,pure-pursuit al punto de paso del pilar 42,23,9.49,128.14,PISTA,OK,2,672.0,672.0,610.0,776.3,217.5,1,0.944,399.0,1,1.000,260.5,1,0.945,0.194,2,1,42,VERDE,-398.3,469.8,0.000,1,329.2,,60.7
2258.289959,AVOID_APPROACH,pure-pursuit al punto de paso del pilar 42,23,13.49,127.67,PISTA,OK,2,658.5,658.5,609.8,779.9,223.2,1,0.944,406.5,1,0.986,265.5,1,0.945,0.192,2,1,42,VERDE,-402.8,456.4,0.000,1,329.2,,82.2
2258.387135,AVOID_APPROACH,pure-pursuit al punto de paso del pilar 42,23,17.49,127.72,PISTA,OK,2,650.5,650.5,623.3,789.9,227.7,1,0.972,413.0,1,0.986,273.0,1,0.945,0.191,2,1,42,VERDE,-402.1,449.3,0.000,1,329.2,,58.6
2258.488117,AVOID_APPROACH,pure-pursuit al punto de paso del pilar 42,23,21.49,128.01,PISTA,OK,2,644.0,644.0,620.4,768.7,231.0,1,0.944,419.8,1,1.000,279.0,1,0.918,0.216,2,1,42,VERDE,-397.1,442.3,0.000,1,329.2,,76.8
2258.585761,AVOID_APPROACH,pure-pursuit al punto de paso del pilar 42,23,25.00,128.73,PISTA,OK,2,644.5,644.5,627.4,763.9,236.7,1,0.972,425.0,1,1.000,288.0,1,0.904,0.253,2,1,42,VERDE,-391.1,438.0,0.000,1,329.2,,56.9
2258.687426,AVOID_APPROACH,pure-pursuit al punto de paso del pilar 42,23,25.00,129.26,PISTA,OK,2,638.2,638.2,631.1,762.8,241.6,1,0.889,430.0,1,1.000,295.0,1,0.904,0.279,2,1,42,VERDE,-382.0,436.5,0.000,1,329.2,,82.8
2258.786415,AVOID_APPROACH,pure-pursuit al punto de paso del pilar 42,23,25.00,130.57,PISTA,OK,2,639.8,639.8,628.7,740.7,250.3,1,0.972,434.5,1,1.000,302.5,1,0.959,0.345,2,1,42,VERDE,-367.1,438.5,0.000,1,329.2,,58.0
2258.884610,AVOID_APPROACH,pure-pursuit al punto de paso del pilar 42,23,25.00,132.25,PISTA,OK,2,649.0,649.0,626.1,738.0,262.0,1,0.889,437.2,1,1.000,309.0,1,0.918,0.407,2,1,42,VERDE,-352.9,440.4,0.000,1,329.2,,77.4
2258.984711,AVOID_APPROACH,pure-pursuit al punto de paso del pilar 42,23,25.00,134.01,PISTA,OK,2,657.5,657.5,620.6,721.4,273.9,1,0.917,442.0,1,1.000,317.5,1,0.918,0.480,2,1,42,VERDE,-333.1,446.7,0.000,1,329.2,,57.0
2259.087540,AVOID_APPROACH,pure-pursuit al punto de paso del pilar 42,23,25.00,135.88,PISTA,OK,2,667.5,667.5,612.7,717.4,281.5,1,0.944,443.8,1,1.000,325.0,1,0.945,0.589,2,1,42,VERDE,-319.0,446.5,0.000,1,329.2,,83.5
2259.186346,AVOID_APPROACH,pure-pursuit al punto de paso del pilar 42,23,25.00,136.74,PISTA,OK,2,677.8,677.8,607.3,696.2,294.9,1,0.917,445.2,1,1.000,334.0,1,0.932,0.620,2,1,42,VERDE,-302.2,448.9,0.000,1,329.2,,57.9
2259.290200,AVOID_APPROACH,pure-pursuit al punto de paso del pilar 42,23,25.00,138.54,PISTA,OK,2,693.0,693.0,601.2,694.9,306.5,1,0.944,447.5,1,1.000,341.0,1,0.932,0.711,2,1,42,VERDE,-284.6,451.7,0.000,1,329.2,,78.8
2259.388853,AVOID_APPROACH,pure-pursuit al punto de paso del pilar 42,23,25.00,140.17,PISTA,OK,2,706.0,706.0,585.3,686.1,315.4,1,0.944,447.2,1,1.000,348.0,1,0.973,0.835,2,1,42,VERDE,-269.1,452.2,0.000,1,329.2,,57.2
2259.490237,AVOID_APPROACH,pure-pursuit al punto de paso del pilar 42,24,25.00,142.07,PISTA,OK,2,729.0,729.0,579.4,674.7,326.4,1,0.944,449.0,1,1.000,354.8,1,0.932,0.822,2,1,42,VERDE,-251.2,453.2,0.000,1,329.2,,82.7
2259.589769,AVOID_APPROACH,pure-pursuit al punto de paso del pilar 42,24,25.00,142.98,PISTA,OK,2,741.0,741.0,569.1,662.8,336.6,1,0.972,450.2,1,1.000,363.0,1,0.973,0.859,3,1,42,VERDE,-237.3,451.9,0.000,1,329.2,,62.0
2259.690003,AVOID_APPROACH,pure-pursuit al punto de paso del pilar 42,24,25.00,144.84,PISTA,OK,2,757.0,757.0,559.3,648.5,346.7,1,0.944,450.2,1,1.000,369.0,1,0.959,0.832,3,1,42,VERDE,-215.8,453.7,0.000,1,329.2,,75.8
2259.789792,AVOID_APPROACH,pure-pursuit al punto de paso del pilar 42,24,25.00,146.64,PISTA,OK,2,784.0,784.0,551.2,635.1,358.4,1,0.972,450.5,1,1.000,379.0,1,0.959,0.787,3,1,42,VERDE,-198.3,452.4,0.000,1,329.2,,60.3
2259.889202,AVOID_APPROACH,pure-pursuit al punto de paso del pilar 42,24,25.00,148.55,PISTA,OK,2,817.0,817.0,537.3,622.4,366.6,1,0.972,448.5,1,1.000,385.5,1,0.959,0.834,3,1,42,VERDE,-180.1,450.7,0.000,1,329.2,,80.2
2259.989310,AVOID_APPROACH,pure-pursuit al punto de paso del pilar 42,24,25.00,150.40,PISTA,OK,2,829.0,829.0,531.0,612.7,417.4,1,0.944,448.5,1,0.986,625.5,1,0.973,0.778,3,1,42,VERDE,-164.3,448.3,0.000,1,329.2,,61.3
2260.088944,AVOID_APPROACH,pure-pursuit al punto de paso del pilar 42,25,25.00,152.25,PISTA,OK,2,868.5,868.5,514.3,602.9,423.1,1,1.000,448.0,1,1.000,614.5,1,0.959,0.928,3,1,42,VERDE,-145.8,445.6,0.000,1,329.2,,80.2
2260.190810,AVOID_APPROACH,pure-pursuit al punto de paso del pilar 42,25,25.00,153.15,PISTA,OK,2,907.5,907.5,513.7,593.7,434.6,1,1.000,446.8,1,1.000,599.5,1,0.959,0.735,3,1,42,VERDE,-127.4,443.3,0.000,1,329.2,,62.1
2260.290075,AVOID_APPROACH,pure-pursuit al punto de paso del pilar 42,25,25.00,155.27,PISTA,OK,2,945.0,945.0,522.7,586.1,440.3,1,0.972,444.8,1,0.986,588.0,1,0.959,0.293,3,1,42,VERDE,-111.5,439.4,0.000,1,329.2,,82.8
2260.390114,AVOID_APPROACH,pure-pursuit al punto de paso del pilar 42,21,25.00,157.30,PISTA,OK,2,447.5,989.0,514.1,579.7,449.3,1,0.972,443.8,1,0.986,583.0,1,0.973,0.222,3,1,42,VERDE,-93.2,435.1,0.000,1,329.2,,61.2
2260.489294,AVOID_APPROACH,pure-pursuit al punto de paso del pilar 42,21,25.00,159.39,PISTA,OK,2,436.0,1043.5,504.9,574.0,461.2,1,0.944,440.0,1,0.973,573.0,1,0.973,0.221,3,1,42,VERDE,-73.2,429.9,0.000,1,329.2,,82.9
2260.589065,AVOID_APPROACH,pure-pursuit al punto de paso del pilar 42,21,25.00,160.24,PISTA,OK,2,429.0,1098.0,493.3,570.3,464.9,1,0.972,438.5,1,0.986,568.5,1,0.973,0.223,3,1,42,VERDE,-59.8,426.7,0.000,1,329.2,,62.3
2260.690085,AVOID_APPROACH,pure-pursuit al punto de paso del pilar 42,21,25.00,161.76,PISTA,OK,2,419.5,1151.0,462.6,567.3,470.6,1,0.972,437.0,1,0.986,562.5,1,0.986,0.866,3,1,42,VERDE,-42.7,422.6,0.000,1,329.2,,79.1
2260.789519,AVOID_APPROACH,pure-pursuit al punto de paso del pilar 42,21,25.00,163.49,PISTA,OK,2,415.0,1208.5,455.3,565.2,478.4,1,0.972,434.5,1,0.986,558.5,1,0.973,0.849,3,1,42,VERDE,-31.3,417.1,0.000,1,329.2,,62.6
2260.887809,AVOID_APPROACH,pure-pursuit al punto de paso del pilar 42,21,25.00,165.17,PISTA,OK,2,408.0,1268.5,456.1,563.5,484.9,1,0.972,433.0,1,0.986,557.8,1,0.986,0.910,3,1,42,VERDE,-18.5,411.7,0.000,1,329.2,,81.1
2260.987105,AVOID_APPROACH,pure-pursuit al punto de paso del pilar 42,21,25.00,165.99,PISTA,OK,2,402.0,417.0,450.8,562.2,497.2,1,0.944,431.0,1,0.986,552.0,1,0.986,0.911,3,1,42,VERDE,-14.4,404.2,0.000,1,329.2,,60.4
2261.089262,AVOID_APPROACH,pure-pursuit al punto de paso del pilar 42,21,24.92,167.70,PISTA,OK,2,398.0,1428.5,445.8,561.2,512.0,1,0.917,429.5,1,0.973,551.5,1,0.945,0.910,4,1,42,VERDE,-6.2,398.6,0.000,1,329.2,,79.8
2261.186257,AVOID_APPROACH,pure-pursuit al punto de paso del pilar 42,21,23.93,169.42,PISTA,OK,2,400.5,1420.0,440.9,562.0,511.6,1,0.944,427.0,1,0.986,551.2,1,0.945,0.897,4,1,42,VERDE,5.8,390.5,0.097,1,329.2,,59.6
2261.287084,AVOID_APPROACH,pure-pursuit al punto de paso del pilar 42,21,23.69,170.25,PISTA,OK,2,391.5,1415.5,436.6,562.1,534.5,1,0.944,424.0,1,0.973,551.5,1,0.973,0.892,3,2,42,VERDE,11.4,381.9,0.198,1,329.2,,80.5
2261.387344,AVOID_APPROACH,pure-pursuit al punto de paso del pilar 42,21,22.81,171.86,PISTA,OK,2,386.5,1409.5,431.8,562.8,541.9,1,0.972,421.0,1,0.959,550.8,1,0.973,0.905,3,2,42,VERDE,22.1,373.0,0.298,1,329.2,,61.0
2261.488675,AVOID_APPROACH,pure-pursuit al punto de paso del pilar 42,21,21.87,173.54,PISTA,OK,2,381.5,1405.5,427.3,563.9,553.3,1,0.944,418.5,1,0.959,552.2,1,1.000,0.889,3,2,42,VERDE,33.1,363.6,0.399,1,329.2,,78.6
2261.586921,AVOID_APPROACH,pure-pursuit al punto de paso del pilar 48,20,17.87,175.09,PISTA,OK,2,374.0,1400.0,423.3,565.9,563.2,1,0.972,415.0,1,1.000,554.5,1,0.973,0.893,3,2,48,VERDE,62.2,374.0,0.000,1,329.2,,58.8
2261.685202,AVOID_APPROACH,pure-pursuit al punto de paso del pilar 48,20,15.53,176.81,PISTA,OK,2,371.0,1394.0,419.0,568.5,576.3,1,0.889,412.0,1,0.945,555.5,1,0.945,0.882,3,2,48,VERDE,77.0,367.2,0.000,1,329.2,,77.6
2261.785959,AVOID_APPROACH,pure-pursuit al punto de paso del pilar 48,25,13.48,177.58,PISTA,OK,2,1388.5,1388.5,414.3,571.3,856.8,1,0.917,407.0,1,0.945,558.5,1,0.986,0.873,3,2,48,VERDE,93.1,358.4,0.000,1,329.2,,54.3
2261.886106,AVOID_APPROACH,pure-pursuit al punto de paso del pilar 48,25,11.24,179.38,PISTA,OK,2,1383.5,1383.5,410.1,575.5,827.3,1,0.917,405.0,1,0.932,561.8,1,0.973,0.893,3,2,48,VERDE,109.7,348.9,0.000,1,329.2,,73.3
2261.983666,AVOID_APPROACH,pure-pursuit al punto de paso del pilar 48,25,8.93,181.35,PISTA,OK,2,1381.0,1381.0,405.5,580.3,828.2,1,0.889,398.5,1,0.986,567.5,1,0.945,0.864,3,2,48,VERDE,125.3,341.8,0.000,1,329.2,,56.0
2262.085084,AVOID_APPROACH,pure-pursuit al punto de paso del pilar 48,25,5.93,183.48,PISTA,OK,2,1373.0,1373.0,401.1,587.2,772.1,1,0.889,394.5,1,0.959,574.0,1,0.973,0.866,3,2,48,VERDE,144.6,331.6,0.000,1,329.2,,80.7
2262.184520,AVOID_APPROACH,pure-pursuit al punto de paso del pilar 48,25,3.48,185.38,PISTA,OK,2,1366.0,1366.0,396.1,593.3,752.8,1,0.889,387.5,1,0.932,577.8,1,0.973,0.863,3,2,48,VERDE,159.8,316.7,0.000,1,329.2,,52.1
2262.285892,AVOID_APPROACH,pure-pursuit al punto de paso del pilar 48,25,2.12,186.38,PISTA,OK,2,1357.0,1357.0,390.9,601.9,731.5,1,1.000,383.5,1,0.973,585.5,1,1.000,0.871,3,2,48,VERDE,167.8,303.6,0.000,1,329.2,,80.7
2262.385314,AVOID_APPROACH,pure-pursuit al punto de paso del pilar 48,25,-0.03,187.73,PISTA,OK,2,1347.0,1347.0,388.5,609.5,720.9,1,0.944,379.2,1,0.986,590.0,1,0.986,0.879,2,1,48,VERDE,179.2,289.7,0.000,1,329.2,,58.3
2262.484323,AVOID_PASS,manteniendo rumbo mientras pasa el pilar 48,25,0.00,188.70,PISTA,OK,2,1338.0,1338.0,384.8,615.2,716.3,1,0.944,375.0,1,0.959,594.2,1,0.986,0.868,2,1,48,VERDE,181.6,276.1,0.000,1,0.0,,78.2
2262.583494,AVOID_PASS,manteniendo rumbo mientras pasa el pilar 48,25,-0.38,189.08,PISTA,OK,2,1330.0,1330.0,381.4,621.4,710.6,1,0.944,372.2,1,0.945,599.5,1,1.000,0.884,2,2,48,VERDE,191.1,267.0,0.000,1,9.9,,52.8
2262.683872,AVOID_PASS,manteniendo rumbo mientras pasa el pilar 48,25,-0.88,189.58,PISTA,OK,2,1321.5,1321.5,378.6,625.6,704.5,1,0.972,367.0,1,0.973,602.0,1,1.000,0.889,2,2,48,VERDE,191.1,255.4,0.000,1,20.0,,77.8
2262.784615,AVOID_PASS,manteniendo rumbo mientras pasa el pilar 48,25,-1.31,190.01,PISTA,OK,2,1315.0,1315.0,375.8,629.7,713.1,1,0.944,367.0,1,0.932,604.5,1,1.000,0.883,2,2,48,VERDE,198.7,243.9,0.000,1,30.0,,57.1
2262.884884,AVOID_PASS,manteniendo rumbo mientras pasa el pilar 48,25,-1.65,190.35,PISTA,OK,2,1304.0,1304.0,373.4,633.9,704.9,1,0.944,364.8,1,0.932,608.5,1,1.000,0.886,2,2,48,VERDE,200.4,236.8,0.000,1,40.1,,79.6
2262.983828,AVOID_PASS,manteniendo rumbo mientras pasa el pilar 48,25,-1.80,190.50,PISTA,OK,2,1296.0,1296.0,370.0,637.4,710.2,1,0.917,360.5,1,0.918,611.2,1,0.986,0.892,2,2,48,VERDE,196.3,225.0,0.000,1,50.0,,53.7
2263.083076,AVOID_PASS,manteniendo rumbo mientras pasa el pilar 48,25,-2.10,190.80,PISTA,OK,2,1287.5,1287.5,367.4,640.9,714.5,1,0.972,356.8,1,0.918,614.2,1,1.000,0.884,2,2,48,VERDE,203.8,212.9,0.000,1,59.9,,78.2
2263.183052,AVOID_PASS,manteniendo rumbo mientras pasa el pilar 48,25,-2.31,191.01,PISTA,OK,2,1278.5,1278.5,364.4,644.4,711.0,1,0.944,355.5,1,0.932,618.0,1,0.986,0.882,2,2,48,VERDE,202.4,204.7,0.000,1,69.9,,56.5
2263.284578,AVOID_PASS,manteniendo rumbo mientras pasa el pilar 48,25,-2.55,191.25,PISTA,OK,2,1269.0,1269.0,361.5,648.6,714.3,1,1.000,352.0,1,0.973,619.5,1,1.000,0.883,2,2,48,VERDE,206.2,194.7,0.000,1,80.0,,81.0
2263.384221,AVOID_PASS,manteniendo rumbo mientras pasa el pilar 48,25,-2.71,191.41,PISTA,OK,2,1262.0,1262.0,358.3,651.6,718.8,1,1.000,350.5,1,0.959,623.2,1,1.000,0.880,2,2,48,VERDE,202.9,184.0,0.000,1,90.0,,57.4
2263.483814,AVOID_PASS,manteniendo rumbo mientras pasa el pilar 48,25,-2.76,191.46,PISTA,OK,2,1252.0,1252.0,355.3,655.5,709.0,1,0.944,346.0,1,0.932,626.0,1,0.986,0.877,2,2,48,VERDE,206.0,175.7,0.000,1,99.9,,79.1
2263.582538,AVOID_PASS,manteniendo rumbo mientras pasa el pilar 48,25,-2.91,191.61,PISTA,OK,2,1242.0,1242.0,353.0,658.8,718.8,1,0.944,344.0,1,0.945,629.0,1,1.000,0.867,2,2,48,VERDE,205.2,167.7,0.000,1,109.8,,54.1
2263.682983,AVOID_PASS,manteniendo rumbo mientras pasa el pilar 48,25,-3.03,191.73,PISTA,OK,2,1234.0,1234.0,349.1,662.2,718.6,1,0.917,340.0,1,0.945,631.2,1,0.986,0.874,2,2,48,VERDE,205.5,157.3,0.000,1,119.9,,79.9
2263.783141,AVOID_PASS,manteniendo rumbo mientras pasa el pilar 48,25,-3.09,191.79,PISTA,OK,2,1224.5,1224.5,346.6,664.9,717.8,1,0.944,338.0,1,0.932,634.0,1,0.986,0.867,2,2,48,VERDE,204.8,148.1,0.000,1,129.9,,56.0
2263.884412,AVOID_PASS,manteniendo rumbo mientras pasa el pilar 48,25,-3.17,191.87,PISTA,OK,2,1218.5,1218.5,344.0,667.0,726.6,1,0.944,333.5,1,0.932,637.2,1,0.986,0.850,2,2,48,VERDE,204.0,140.0,0.000,1,140.0,,81.2
2263.983899,AVOID_PASS,manteniendo rumbo mientras pasa el pilar 48,25,-3.21,191.91,PISTA,OK,2,1208.0,1208.0,341.1,669.4,722.9,1,0.917,333.5,1,0.890,640.2,1,0.986,0.834,2,2,48,VERDE,204.1,129.9,0.099,1,150.0,,57.1
2264.085719,AVOID_PASS,manteniendo rumbo mientras pasa el pilar 48,25,-3.22,191.92,PISTA,OK,2,1198.0,1198.0,338.0,673.0,729.0,1,0.972,330.0,1,0.863,642.5,1,1.000,0.860,2,2,48,VERDE,203.2,121.0,0.000,1,160.1,,79.4
2264.185547,AVOID_PASS,manteniendo rumbo mientras pasa el pilar 48,25,-3.25,191.95,PISTA,OK,2,1189.5,1189.5,334.9,675.7,730.3,1,0.944,327.0,1,0.945,646.0,1,0.986,0.837,2,2,48,VERDE,203.3,110.9,0.100,1,170.1,,59.6
2264.286527,AVOID_PASS,manteniendo rumbo mientras pasa el pilar 48,25,-3.22,191.92,PISTA,OK,2,1181.0,1181.0,332.7,678.8,729.0,1,0.944,325.8,1,0.932,648.5,1,0.986,0.832,2,2,48,VERDE,203.2,101.0,0.201,1,180.2,,80.7
2264.385599,AVOID_PASS,manteniendo rumbo mientras pasa el pilar 48,25,-3.21,191.91,PISTA,OK,2,1171.0,1171.0,329.7,680.9,736.8,1,0.917,320.0,1,0.918,651.5,1,1.000,0.824,2,2,48,VERDE,203.2,91.1,0.300,1,190.1,,59.5
2264.486923,AVOID_PASS,manteniendo rumbo mientras pasa el pilar 48,25,-3.19,191.89,PISTA,OK,2,1162.0,1162.0,326.4,683.8,732.9,1,0.972,318.5,1,0.932,653.0,1,0.986,0.821,2,2,48,VERDE,203.2,81.0,0.401,1,200.3,,79.0
2264.586618,AVOID_PASS,manteniendo rumbo mientras pasa el pilar 48,25,-3.16,191.86,PISTA,OK,2,1150.5,1150.5,323.4,686.5,742.6,1,0.972,315.5,1,0.932,655.2,1,1.000,0.822,2,2,48,VERDE,203.2,81.0,0.401,0,210.2,,58.4
2264.689351,AVOID_PASS,manteniendo rumbo mientras pasa el pilar 48,25,-3.11,191.81,PISTA,OK,2,1142.5,1142.5,320.1,689.4,755.7,1,0.889,315.0,1,0.890,658.0,1,0.973,0.812,2,2,48,VERDE,203.2,81.0,0.401,0,220.5,,82.9
2264.785541,AVOID_PASS,manteniendo rumbo mientras pasa el pilar 48,25,-3.08,191.78,PISTA,OK,2,1134.0,1134.0,316.7,692.8,756.5,1,0.917,309.5,1,0.890,661.0,1,1.000,0.821,2,2,48,VERDE,202.0,62.0,0.000,1,230.1,,60.8
2264.886274,AVOID_PASS,manteniendo rumbo mientras pasa el pilar 48,25,-3.09,191.79,PISTA,OK,2,1123.0,1123.0,314.1,695.2,716.6,1,0.917,306.0,1,0.863,664.2,1,1.000,0.797,2,2,48,VERDE,202.0,51.9,0.101,1,240.2,,77.5
2264.985167,AVOID_PASS,manteniendo rumbo mientras pasa el pilar 48,25,-3.06,191.76,PISTA,OK,2,1115.5,1115.5,310.5,698.5,754.8,1,0.917,306.0,1,0.904,666.5,1,1.000,0.803,2,2,48,VERDE,202.0,42.1,0.200,1,250.1,,58.0
2265.088670,AVOID_PASS,manteniendo rumbo mientras pasa el pilar 48,25,-3.06,191.76,PISTA,OK,2,1108.0,1108.0,307.1,701.0,741.7,1,0.944,303.5,1,0.877,668.5,1,1.000,0.785,2,2,48,VERDE,202.0,31.8,0.303,1,260.4,,84.0
2265.186157,AVOID_PASS,manteniendo rumbo mientras pasa el pilar 48,25,-3.05,191.75,PISTA,OK,2,1097.5,1097.5,303.1,704.4,702.4,1,0.917,300.5,1,0.877,671.5,1,0.986,0.756,2,2,48,VERDE,200.4,33.6,0.000,1,270.2,,59.6
2265.286164,AVOID_PASS,manteniendo rumbo mientras pasa el pilar 48,25,-2.99,191.69,PISTA,OK,2,1089.0,1089.0,299.8,707.8,733.3,1,0.861,298.0,1,0.849,208.0,1,0.986,0.733,2,2,48,VERDE,200.4,23.8,0.100,1,280.2,,80.0
2265.385217,AVOID_PASS,manteniendo rumbo mientras pasa el pilar 48,25,-2.97,191.67,PISTA,OK,2,1078.5,1078.5,296.2,710.4,680.3,1,0.972,292.5,1,0.945,194.0,1,0.959,0.698,2,2,48,VERDE,200.7,16.0,0.000,1,290.1,,56.2
2265.487408,AVOID_PASS,manteniendo rumbo mientras pasa el pilar 48,25,-2.93,191.63,PISTA,OK,2,1068.0,1068.0,293.3,713.5,770.0,1,0.917,289.0,1,0.877,192.0,1,0.973,0.681,2,2,48,VERDE,200.6,6.7,0.000,1,300.3,,83.5
2265.585069,AVOID_PASS,manteniendo rumbo mientras pasa el pilar 48,25,-2.91,191.61,PISTA,OK,2,1060.5,1060.5,291.1,716.1,682.4,1,0.917,288.5,1,0.904,196.0,1,0.973,0.687,2,2,48,VERDE,200.6,-3.0,0.098,1,310.1,,54.3
2265.686243,RECENTER,reincorporacion tras 320 mm de sobrepaso estimado,25,-6.91,191.54,PISTA,OK,2,1049.5,1049.5,288.4,719.2,668.8,1,0.861,286.5,1,0.849,196.0,1,1.000,0.676,2,2,48,VERDE,200.6,-12.9,0.199,1,320.2,,79.1
2265.783966,RECENTER,reincorporando por posicion lateral,25,-10.91,191.51,PISTA,OK,2,1039.5,1039.5,284.7,722.2,666.8,1,0.972,283.5,1,0.890,200.0,1,0.986,0.621,2,2,48,VERDE,200.6,-12.9,0.199,1,320.2,,56.4
2265.885417,RECENTER,reincorporando por posicion lateral,25,-14.91,191.68,PISTA,OK,2,1030.5,1030.5,281.0,728.3,682.7,1,0.917,279.5,1,0.877,199.5,1,0.973,0.599,3,2,48,VERDE,200.6,-12.9,0.199,1,320.2,,82.5
2265.983583,RECENTER,reincorporando por posicion lateral,25,-18.91,191.40,PISTA,OK,2,1021.5,1021.5,278.8,730.4,644.7,1,0.889,278.0,1,0.849,201.0,1,0.973,0.635,3,2,48,VERDE,200.6,-12.9,0.199,1,320.2,,58.5
2266.085311,RECENTER,reincorporando por posicion lateral,25,-20.00,190.73,PISTA,OK,2,1010.5,1010.5,275.5,730.4,626.7,1,0.972,275.0,1,0.904,201.5,1,0.986,0.596,3,2,48,VERDE,200.6,-12.9,0.199,1,320.2,,81.4
2266.184611,RECENTER,reincorporando por posicion lateral,25,-20.00,189.46,PISTA,OK,2,1001.0,1001.0,274.9,724.3,595.9,1,0.917,275.8,1,0.904,203.0,1,0.973,0.637,3,2,48,VERDE,200.6,-12.9,0.199,1,320.2,,57.6
2266.285849,RECENTER,reincorporando por posicion lateral,25,-20.00,187.70,PISTA,OK,2,990.0,990.0,273.9,722.4,592.2,1,0.861,275.5,1,0.836,199.5,1,1.000,0.606,3,2,48,VERDE,200.6,-12.9,0.199,1,320.2,,82.8
2266.383414,RECENTER,reincorporando por posicion lateral,25,-20.00,186.10,PISTA,OK,2,981.5,981.5,271.5,717.4,550.5,1,0.889,277.5,1,0.918,202.0,1,0.959,0.573,3,2,48,VERDE,200.6,-12.9,0.199,1,320.2,,53.5
2266.484771,RECENTER,reincorporando por posicion lateral,25,-20.00,185.22,PISTA,OK,2,972.0,972.0,272.4,712.6,525.1,1,0.833,279.5,1,0.863,199.8,1,0.973,0.591,3,2,48,VERDE,200.6,-12.9,0.199,1,320.2,,82.5
2266.581711,RECENTER,reincorporando por posicion lateral,25,-16.00,183.42,PISTA,OK,2,964.0,964.0,348.2,708.2,516.1,1,0.778,282.5,1,0.822,201.0,1,0.945,0.218,3,2,48,VERDE,200.6,-12.9,0.199,1,320.2,,54.5
2266.679933,RECENTER,reincorporando por posicion lateral,25,-12.00,181.65,PISTA,OK,2,953.5,953.5,384.7,703.3,479.2,1,0.750,284.0,1,0.822,198.5,1,0.918,0.215,3,2,48,VERDE,200.6,-12.9,0.199,1,320.2,,79.5
2266.780163,RECENTER,reincorporando por posicion lateral,25,-8.00,179.75,PISTA,OK,2,940.5,940.5,400.7,698.4,470.6,1,0.750,287.2,1,0.808,197.8,1,0.918,0.215,3,2,48,VERDE,200.6,-12.9,0.199,1,320.2,,54.6
2266.878431,RECENTER,reincorporando por posicion lateral,25,-4.00,178.82,PISTA,OK,2,930.5,930.5,419.0,693.8,440.3,1,0.722,291.0,1,0.781,195.0,1,0.932,0.216,3,2,48,VERDE,200.6,-12.9,0.199,1,320.2,,78.0
2266.977621,RECENTER,reincorporando por posicion lateral,25,0.00,176.92,PISTA,OK,2,922.5,922.5,437.3,676.3,428.4,1,0.833,293.2,1,0.836,194.0,1,0.904,0.215,3,2,48,VERDE,200.6,-12.9,0.199,1,320.2,,49.5
2267.078702,CRUISE,reincorporacion verificada,25,2.40,175.10,PISTA,OK,2,915.0,915.0,481.3,686.2,414.1,1,0.833,298.0,1,0.808,192.8,1,0.890,0.215,3,2,,,,,,0,320.2,,82.2
2267.176626,AVOID_PASS,manteniendo rumbo mientras pasa el pilar 45,25,0.00,174.64,PISTA,OK,2,906.0,906.0,423.4,683.2,408.3,1,0.889,303.8,1,0.836,193.0,1,0.932,0.227,4,2,45,ROJO,-343.8,241.1,0.000,1,0.0,,51.4
2267.276665,AVOID_PASS,manteniendo rumbo mientras pasa el pilar 45,25,0.69,173.95,PISTA,OK,2,897.5,897.5,425.8,682.4,404.9,1,0.833,307.8,1,0.836,193.0,1,0.890,0.229,4,2,45,ROJO,-345.2,226.1,0.000,1,10.0,,78.1
2267.377545,AVOID_PASS,manteniendo rumbo mientras pasa el pilar 45,25,1.06,173.58,PISTA,OK,2,887.0,887.0,422.1,681.2,404.9,1,0.806,310.5,1,0.822,196.5,1,0.863,0.232,4,2,45,ROJO,-347.5,213.6,0.000,1,20.1,,53.1
2267.477909,AVOID_PASS,manteniendo rumbo mientras pasa el pilar 45,25,1.43,173.21,PISTA,OK,2,878.0,878.0,448.6,680.3,405.5,1,0.833,316.8,1,0.753,199.0,1,0.904,0.226,4,2,45,ROJO,-348.8,207.6,0.000,1,30.1,,82.3
2267.577544,AVOID_PASS,manteniendo rumbo mientras pasa el pilar 45,25,1.82,172.82,PISTA,OK,2,869.5,869.5,429.6,679.1,407.9,1,0.889,322.0,1,0.822,202.8,1,0.932,0.229,4,2,45,ROJO,-348.0,194.6,0.000,1,40.1,,52.8
2267.679107,AVOID_PASS,manteniendo rumbo mientras pasa el pilar 45,25,2.00,172.64,PISTA,OK,2,859.5,859.5,422.7,677.7,402.6,1,0.833,327.0,1,0.795,207.2,1,0.932,0.229,4,2,45,ROJO,-349.8,187.1,0.000,1,50.2,,83.6
2267.778848,AVOID_PASS,manteniendo rumbo mientras pasa el pilar 45,25,2.36,172.28,PISTA,OK,2,851.5,851.5,375.0,676.8,402.2,1,0.806,331.8,1,0.781,210.8,1,0.890,0.809,4,2,45,ROJO,-350.7,176.7,0.000,1,60.2,,53.6
2267.879366,AVOID_PASS,manteniendo rumbo mientras pasa el pilar 45,24,2.76,171.88,PISTA,OK,2,841.5,841.5,373.0,675.8,401.0,1,0.917,337.8,1,0.836,214.5,1,0.918,0.806,4,2,45,ROJO,-351.9,166.1,0.000,1,70.3,,82.5
2267.979269,AVOID_PASS,manteniendo rumbo mientras pasa el pilar 45,24,3.17,171.47,PISTA,OK,2,832.0,832.0,451.5,675.0,397.7,1,0.833,346.0,1,0.740,219.5,1,0.945,0.202,4,2,45,ROJO,-353.8,153.5,0.000,1,79.9,,55.0
2268.080801,AVOID_PASS,manteniendo rumbo mientras pasa el pilar 45,24,3.51,171.13,PISTA,OK,2,823.0,823.0,424.4,673.9,405.9,1,0.861,356.2,1,0.795,224.2,1,0.932,0.227,4,2,45,ROJO,-354.0,143.1,0.000,1,89.6,,83.7
2268.180519,AVOID_PASS,manteniendo rumbo mientras pasa el pilar 45,24,3.68,170.96,PISTA,OK,2,812.5,812.5,432.0,671.9,401.8,1,0.833,366.8,1,0.781,229.8,1,0.904,0.225,4,2,45,ROJO,-352.2,130.4,0.000,1,99.2,,56.1
2268.281162,AVOID_PASS,manteniendo rumbo mientras pasa el pilar 45,24,4.04,170.60,PISTA,OK,2,803.5,803.5,6799.1,672.1,392.8,1,0.861,370.0,1,0.767,236.5,1,0.918,0.186,3,2,45,ROJO,-352.7,121.3,0.000,1,108.8,,82.6
2268.380333,AVOID_PASS,manteniendo rumbo mientras pasa el pilar 45,24,4.28,170.36,PISTA,OK,2,794.0,794.0,449.3,666.7,396.1,1,0.917,382.5,1,0.808,239.0,1,0.918,0.218,4,2,45,ROJO,-355.3,114.8,0.000,1,118.4,,55.7
2268.481679,AVOID_PASS,manteniendo rumbo mientras pasa el pilar 45,24,4.51,170.13,PISTA,OK,2,785.0,785.0,552.1,666.2,400.0,1,0.917,379.5,1,0.822,245.5,1,0.945,0.191,4,2,45,ROJO,-354.2,105.1,0.000,1,128.1,,83.0
2268.579473,AVOID_PASS,manteniendo rumbo mientras pasa el pilar 45,24,4.62,170.02,PISTA,OK,2,776.5,776.5,488.2,666.3,397.7,1,0.833,383.0,1,0.795,251.5,1,0.932,0.214,4,2,45,ROJO,-353.9,95.5,0.000,1,137.5,,54.8
2268.680843,AVOID_PASS,manteniendo rumbo mientras pasa el pilar 45,24,4.78,169.86,PISTA,OK,2,767.5,767.5,507.3,666.9,395.2,1,0.917,385.8,1,0.781,256.2,1,0.904,0.213,4,2,45,ROJO,-353.7,88.3,0.000,1,147.2,,80.1
2268.780272,AVOID_PASS,manteniendo rumbo mientras pasa el pilar 45,24,4.91,169.73,PISTA,OK,2,758.5,758.5,559.8,666.5,400.0,1,0.889,395.8,1,0.753,262.5,1,0.918,0.204,4,2,45,ROJO,-352.3,80.4,0.000,1,156.8,,53.7
2268.880208,AVOID_PASS,manteniendo rumbo mientras pasa el pilar 45,24,5.05,169.59,PISTA,OK,2,750.0,750.0,552.4,666.0,393.8,1,0.833,397.5,1,0.795,268.0,1,0.904,0.204,4,2,45,ROJO,-354.0,71.4,0.000,1,166.4,,82.0
2268.979107,AVOID_PASS,manteniendo rumbo mientras pasa el pilar 45,24,5.13,169.51,PISTA,OK,2,741.0,741.0,631.4,661.3,400.6,1,0.917,404.0,1,0.795,274.5,1,0.932,0.198,4,2,45,ROJO,-351.5,60.1,0.000,1,175.8,,51.0
2269.079465,AVOID_PASS,manteniendo rumbo mientras pasa el pilar 45,24,5.21,169.43,PISTA,OK,2,732.0,732.0,654.9,665.3,400.4,1,0.917,408.5,1,0.767,281.8,1,0.918,0.202,4,2,45,ROJO,-355.2,56.3,0.000,1,185.5,,80.9
2269.178565,AVOID_PASS,manteniendo rumbo mientras pasa el pilar 45,23,5.28,169.36,AZUL,OK,2,724.5,724.5,633.5,664.8,400.8,1,0.889,415.0,1,0.849,288.2,1,0.904,0.203,4,2,45,ROJO,-355.6,48.2,0.000,1,195.0,,54.4
2269.278147,AVOID_PASS,manteniendo rumbo mientras pasa el pilar 45,23,5.32,169.32,AZUL,OK,2,715.5,715.5,638.3,663.8,398.9,1,0.917,426.2,1,0.753,295.2,1,0.973,0.203,4,2,45,ROJO,-354.3,41.6,0.000,1,204.2,,81.0
2269.377479,AVOID_PASS,manteniendo rumbo mientras pasa el pilar 45,23,5.43,169.21,PISTA,OK,2,704.5,704.5,655.6,662.7,403.0,1,0.861,347.5,1,0.781,303.2,1,0.904,0.209,4,2,45,ROJO,-354.3,33.7,0.000,1,213.3,,52.4
2269.477521,AVOID_PASS,manteniendo rumbo mientras pasa el pilar 45,23,5.48,169.16,PISTA,OK,2,697.5,697.5,664.5,661.4,414.9,1,0.861,344.5,1,0.808,311.0,1,0.890,0.199,4,2,45,ROJO,-353.9,25.8,0.000,1,222.5,,81.8
2269.578266,AVOID_PASS,manteniendo rumbo mientras pasa el pilar 45,23,5.57,169.07,PISTA,OK,2,687.5,687.5,672.5,660.1,404.7,1,0.833,345.5,1,0.781,315.2,1,0.932,0.205,3,1,45,ROJO,-350.3,10.2,0.000,1,231.8,,51.4
2269.676686,AVOID_PASS,manteniendo rumbo mientras pasa el pilar 45,23,5.56,169.08,PISTA,OK,2,680.5,680.5,680.9,659.4,405.3,1,0.778,345.0,1,0.781,323.0,1,0.904,0.200,3,1,45,ROJO,-350.8,3.5,0.000,1,240.8,,80.7
2269.777247,AVOID_PASS,manteniendo rumbo mientras pasa el pilar 45,23,5.57,169.07,PISTA,OK,2,671.5,671.5,680.3,658.6,426.1,1,0.833,343.5,1,0.753,332.0,1,0.932,0.346,3,1,45,ROJO,-349.6,-3.1,0.000,1,250.1,,50.9
2269.877275,AVOID_PASS,manteniendo rumbo mientras pasa el pilar 45,23,5.56,169.08,PISTA,OK,2,664.0,664.0,705.9,657.4,305.1,1,0.778,343.2,1,0.808,337.0,1,0.918,0.383,3,1,45,ROJO,-346.0,-13.7,0.000,1,259.3,,78.8
2269.976602,AVOID_PASS,manteniendo rumbo mientras pasa el pilar 45,23,5.56,169.08,PISTA,OK,2,655.0,655.0,676.8,656.4,306.4,1,0.806,342.2,1,0.795,344.5,1,0.904,0.209,2,1,45,ROJO,-347.7,-19.7,0.000,1,268.4,,50.9
2270.076916,AVOID_PASS,manteniendo rumbo mientras pasa el pilar 45,23,5.49,169.15,PISTA,OK,2,646.0,646.0,720.1,655.7,302.7,1,0.861,343.5,1,0.795,351.0,1,0.959,0.206,2,1,45,ROJO,-344.8,-29.2,0.000,1,277.6,,82.3
2270.175494,AVOID_PASS,manteniendo rumbo mientras pasa el pilar 45,23,5.48,169.16,PISTA,OK,2,638.5,638.5,700.0,654.5,301.7,1,0.917,343.5,1,0.863,356.2,1,0.945,0.212,2,1,45,ROJO,-343.8,-36.4,0.000,1,286.7,,47.6
2270.275512,AVOID_PASS,manteniendo rumbo mientras pasa el pilar 45,23,5.46,169.18,PISTA,OK,2,630.0,630.0,698.0,653.6,300.6,1,0.889,343.5,1,0.836,364.0,1,0.932,0.212,2,1,45,ROJO,-342.7,-44.5,0.000,1,295.9,,79.9
2270.374788,AVOID_PASS,manteniendo rumbo mientras pasa el pilar 45,23,5.41,169.23,PISTA,OK,2,622.5,622.5,722.7,652.5,306.4,1,0.778,343.5,1,0.712,373.2,1,0.904,0.207,2,1,45,ROJO,-341.1,-53.8,0.000,1,305.0,,50.9
2270.474736,AVOID_PASS,manteniendo rumbo mientras pasa el pilar 45,23,5.39,169.25,PISTA,OK,2,613.5,613.5,739.1,651.9,312.9,1,0.833,344.8,1,0.699,381.0,1,0.945,0.206,2,1,45,ROJO,-341.2,-60.6,0.000,1,314.2,,77.7
2270.574542,RECENTER,reincorporacion tras 323 mm de sobrepaso estimado,22,5.31,169.28,PISTA,OK,2,605.5,605.5,730.9,650.2,320.1,1,0.833,345.0,1,0.685,386.2,1,0.945,0.203,2,1,45,ROJO,-339.9,-67.4,0.000,1,323.4,,45.2
2270.675175,TURN,giro de esquina por IMU y reapertura frontal,22,25.00,169.28,PISTA,OK,2,596.5,596.5,743.4,649.7,326.8,1,0.778,346.0,1,0.753,395.0,1,0.877,0.217,2,1,,,,,,0,323.4,,77.7
2270.776210,TURN,giro de esquina por IMU y reapertura frontal,22,25.00,168.80,PISTA,OK,2,588.0,588.0,746.4,648.2,334.6,1,0.833,348.5,1,0.740,401.5,1,0.945,0.340,2,1,,,,,,0,323.4,,51.9
2270.876813,TURN,giro de esquina por IMU y reapertura frontal,22,25.00,169.04,PISTA,OK,2,580.5,580.5,707.7,647.3,339.5,1,0.833,350.0,1,0.658,405.5,1,0.918,0.428,2,1,,,,,,0,323.4,,82.2
2270.976241,TURN,giro de esquina por IMU y reapertura frontal,22,25.00,170.05,PISTA,OK,2,573.5,573.5,728.6,645.6,350.6,1,0.917,348.0,1,0.795,415.8,1,0.945,0.331,2,1,,,,,,0,323.4,,51.9
2271.076261,TURN,giro de esquina por IMU y reapertura frontal,22,25.00,171.67,PISTA,OK,2,567.5,567.5,773.4,646.4,360.8,1,0.889,345.8,1,0.781,424.5,1,0.945,0.329,2,1,,,,,,0,323.4,,78.5
2271.177482,TURN,giro de esquina por IMU y reapertura frontal,22,25.00,173.27,PISTA,OK,2,560.5,560.5,805.4,647.4,374.9,1,0.833,344.8,1,0.740,432.0,1,0.959,0.316,2,1,,,,,,0,323.4,,51.7
2271.277819,TURN,giro de esquina por IMU y reapertura frontal,22,25.00,175.13,PISTA,OK,2,555.5,555.5,743.6,649.4,386.6,1,0.778,342.0,1,0.808,438.0,1,0.918,0.670,2,1,,,,,,0,323.4,,82.7
2271.379278,TURN,giro de esquina por IMU y reapertura frontal,22,25.00,176.91,PISTA,OK,2,548.5,548.5,703.1,650.8,398.8,1,0.722,342.0,1,0.795,446.0,1,0.918,0.816,2,1,,,,,,0,323.4,,49.9
2271.478491,TURN,giro de esquina por IMU y reapertura frontal,22,25.00,178.56,PISTA,OK,2,543.0,543.0,690.5,652.7,408.4,1,0.750,339.0,1,0.808,451.5,1,0.945,0.462,2,1,,,,,,0,323.4,,80.5
2271.578107,TURN,giro de esquina por IMU y reapertura frontal,22,25.00,179.41,PISTA,OK,2,538.0,538.0,659.0,656.1,421.9,1,0.806,336.0,1,0.849,460.5,1,0.945,0.290,2,1,,,,,,0,323.4,,54.3
2271.678314,TURN,giro de esquina por IMU y reapertura frontal,22,25.00,181.14,PISTA,OK,2,531.5,531.5,723.7,658.9,433.1,1,0.722,334.5,1,0.808,465.5,1,0.932,0.204,2,1,,,,,,0,323.4,,82.4
2271.777160,TURN,giro de esquina por IMU y reapertura frontal,22,25.00,182.84,PISTA,OK,2,529.2,529.2,729.3,663.0,443.5,1,0.833,331.0,1,0.753,472.0,1,0.986,0.258,3,1,,,,,,0,323.4,,54.2
2271.877759,TURN,giro de esquina por IMU y reapertura frontal,22,25.00,183.75,PISTA,OK,2,523.5,523.5,711.8,667.8,455.1,1,0.778,327.5,1,0.726,480.5,1,1.000,0.202,3,1,,,,,,0,323.4,,81.9
2271.976930,TURN,giro de esquina por IMU y reapertura frontal,22,25.00,185.43,PISTA,OK,2,519.0,519.0,748.7,670.1,464.8,1,0.778,325.5,1,0.726,488.8,1,0.986,0.196,3,1,,,,,,0,323.4,,51.9
2272.076834,TURN,giro de esquina por IMU y reapertura frontal,22,25.00,187.26,PISTA,OK,2,513.5,513.5,712.6,669.6,477.4,1,0.778,322.8,1,0.726,502.0,1,1.000,0.204,3,1,,,,,,0,323.4,,82.0
2272.176141,TURN,giro de esquina por IMU y reapertura frontal,22,25.00,189.02,PISTA,OK,2,508.0,508.0,716.9,679.3,486.9,1,0.778,318.0,1,0.753,514.5,1,0.986,0.204,3,1,,,,,,0,323.4,,53.6
2272.276676,TURN,giro de esquina por IMU y reapertura frontal,22,25.00,189.96,PISTA,OK,2,500.5,500.5,737.7,690.0,674.8,1,0.750,316.5,1,0.740,672.2,1,0.986,0.198,3,1,,,,,,0,323.4,,82.8
2272.375666,TURN,giro de esquina por IMU y reapertura frontal,22,25.00,191.63,PISTA,OK,2,496.5,496.5,661.5,692.4,691.8,1,0.722,313.0,1,0.753,677.0,1,1.000,0.203,4,1,,,,,,0,323.4,,52.2
2272.476889,TURN,giro de esquina por IMU y reapertura frontal,21,25.00,193.39,PISTA,OK,2,492.5,492.5,707.1,698.1,691.8,1,0.778,310.0,1,0.726,682.5,1,1.000,0.206,4,1,,,,,,0,323.4,,81.6
2272.574612,TURN,giro de esquina por IMU y reapertura frontal,21,25.00,195.13,PISTA,OK,2,488.5,488.5,722.2,704.0,760.2,1,0.833,306.5,1,0.808,687.0,1,1.000,0.206,4,1,,,,,,0,323.4,,51.2
2272.676401,TURN,giro de esquina por IMU y reapertura frontal,21,25.00,195.88,PISTA,OK,2,484.5,484.5,699.2,709.4,749.5,1,0.806,302.0,1,0.767,693.0,1,1.000,0.201,4,1,,,,,,0,323.4,,84.1
2272.775398,TURN,giro de esquina por IMU y reapertura frontal,21,25.00,197.56,PISTA,OK,2,481.0,481.0,685.1,707.1,744.6,1,0.806,299.0,1,0.795,698.0,1,0.986,0.197,4,1,,,,,,0,323.4,,51.9
2272.873721,TURN,giro de esquina por IMU y reapertura frontal,21,25.00,199.15,PISTA,OK,2,480.0,480.0,686.1,701.3,735.6,1,0.889,296.5,1,0.781,703.0,1,1.000,0.196,4,1,,,,,,0,323.4,,76.4
2272.974383,TURN,giro de esquina por IMU y reapertura frontal,21,25.00,200.75,PISTA,OK,2,477.0,477.0,684.5,698.9,727.0,1,0.833,293.0,1,0.753,707.2,1,0.986,0.195,3,1,,,,,,0,323.4,,51.0
2273.074633,TURN,giro de esquina por IMU y reapertura frontal,21,25.00,202.34,PISTA,OK,2,477.5,477.5,675.2,687.9,720.6,1,1.000,291.2,1,0.904,714.0,1,1.000,0.193,3,1,,,,,,0,323.4,,83.2
2273.174474,TURN,giro de esquina por IMU y reapertura frontal,21,25.00,203.05,PISTA,OK,2,477.8,477.8,723.5,674.4,714.7,1,0.944,286.5,1,0.890,720.0,1,1.000,0.191,3,1,,,,,,0,323.4,,51.1
2273.274102,TURN,giro de esquina por IMU y reapertura frontal,21,25.00,204.60,PISTA,OK,2,477.8,477.8,697.8,669.7,709.0,1,0.889,284.5,1,0.849,724.0,1,1.000,0.192,3,1,,,,,,0,323.4,,76.8
2273.373254,TURN,giro de esquina por IMU y reapertura frontal,21,25.00,206.08,PISTA,OK,2,481.0,481.0,1076.0,662.5,705.7,1,0.944,281.0,1,0.904,730.5,1,1.000,0.187,3,1,,,,,,0,323.4,,50.0
2273.473632,TURN,giro de esquina por IMU y reapertura frontal,21,25.00,207.58,PISTA,OK,2,479.2,479.2,1099.5,636.6,699.6,1,0.917,279.0,1,0.849,735.5,1,1.000,0.186,3,1,,,,,,0,323.4,,81.2
2273.574064,TURN,giro de esquina por IMU y reapertura frontal,21,25.00,209.31,PISTA,OK,2,482.8,482.8,1000.6,632.2,694.2,1,0.972,274.5,1,0.918,742.0,1,1.000,0.183,3,1,,,,,,0,323.4,,50.6
2273.672246,TURN,giro de esquina por IMU y reapertura frontal,21,25.00,210.16,PISTA,OK,2,482.2,482.2,993.9,617.2,693.8,1,1.000,272.0,1,0.904,748.0,1,1.000,0.184,2,1,,,,,,0,323.4,,80.8
2273.771727,TURN,giro de esquina por IMU y reapertura frontal,21,25.00,211.76,NARANJA,OK,2,485.8,485.8,683.7,608.3,688.5,1,0.972,266.5,1,0.890,751.5,1,1.000,0.207,3,1,,,,,,0,323.4,,48.7
2273.873091,TURN,giro de esquina por IMU y reapertura frontal,21,25.00,213.42,NARANJA,OK,2,487.0,487.0,866.3,600.2,685.8,1,0.972,264.0,1,0.877,759.2,1,1.000,0.175,3,1,,,,,,0,323.4,,82.1
2273.972645,TURN,giro de esquina por IMU y reapertura frontal,22,25.00,215.13,NARANJA,OK,2,494.5,494.5,582.9,596.3,683.6,1,0.917,260.0,1,0.836,766.0,1,1.000,0.163,3,1,,,,,,0,323.4,,50.2
2274.070994,TURN,giro de esquina por IMU y reapertura frontal,22,25.00,215.94,PISTA,OK,2,500.0,500.0,858.0,583.2,681.1,1,0.944,257.0,1,0.863,761.0,1,1.000,0.181,3,1,,,,,,0,323.4,,78.8
2274.171650,TURN,giro de esquina por IMU y reapertura frontal,22,25.00,217.71,PISTA,OK,2,503.5,503.5,697.6,578.7,681.5,1,0.861,251.0,1,0.808,728.0,1,1.000,0.375,3,1,,,,,,0,323.4,,48.6
2274.271777,TURN,giro de esquina por IMU y reapertura frontal,22,25.00,219.49,PISTA,OK,2,508.8,508.8,787.1,564.3,680.5,1,0.917,249.5,1,0.822,710.0,1,1.000,0.180,3,1,,,,,,0,323.4,,82.9
2274.371488,TURN,giro de esquina por IMU y reapertura frontal,22,25.00,221.15,PISTA,OK,2,519.5,519.5,488.0,565.6,680.3,1,0.861,245.5,1,0.808,679.5,1,1.000,0.169,3,1,,,,,,0,323.4,,48.9
2274.471555,TURN,giro de esquina por IMU y reapertura frontal,22,25.00,222.03,PISTA,OK,2,528.0,528.0,813.6,557.4,680.7,1,0.917,241.0,1,0.822,662.5,1,1.000,0.179,3,1,,,,,,0,323.4,,78.9
2274.572723,TURN,giro de esquina por IMU y reapertura frontal,22,25.00,223.66,PISTA,OK,2,538.0,538.0,789.2,550.8,680.5,1,0.861,236.5,1,0.795,637.0,1,0.986,0.181,3,1,,,,,,0,323.4,,50.9
2274.673033,TURN,giro de esquina por IMU y reapertura frontal,22,25.00,225.33,PISTA,OK,2,541.5,541.5,756.5,542.1,683.6,1,0.833,232.5,1,0.795,620.0,1,0.986,0.207,3,1,,,,,,0,323.4,,77.7
2274.773153,TURN,giro de esquina por IMU y reapertura frontal,22,25.00,227.11,PISTA,OK,2,553.0,553.0,738.8,535.3,684.0,1,0.806,228.0,1,0.753,594.0,1,1.000,0.357,3,1,,,,,,0,323.4,,50.7
2274.873588,TURN,giro de esquina por IMU y reapertura frontal,22,25.00,228.79,PISTA,OK,2,565.5,565.5,723.8,536.6,653.9,1,0.861,225.0,1,0.822,584.0,1,0.986,0.531,3,1,,,,,,0,323.4,,78.5
2274.974635,TURN,giro de esquina por IMU y reapertura frontal,22,25.00,229.54,PISTA,OK,2,571.5,571.5,714.4,532.3,635.8,1,0.917,221.0,1,0.822,567.5,1,0.986,0.483,5,1,,,,,,0,323.4,,50.5
2275.074633,TURN,giro de esquina por IMU y reapertura frontal,22,25.00,231.38,PISTA,OK,2,589.5,589.5,703.7,530.3,633.4,1,0.778,216.0,1,0.795,560.0,1,1.000,0.565,5,1,,,,,,0,323.4,,76.9
2275.174209,TURN,giro de esquina por IMU y reapertura frontal,22,25.00,233.06,PISTA,OK,2,597.5,597.5,696.2,523.4,631.9,1,0.917,212.0,1,0.795,546.0,1,0.986,0.763,6,1,,,,,,0,323.4,,50.3
2275.275643,TURN,giro de esquina por IMU y reapertura frontal,23,25.00,234.82,PISTA,OK,2,612.0,612.0,687.3,516.4,631.6,1,0.889,208.0,1,0.808,541.0,1,0.973,0.726,6,1,,,,,,0,323.4,,83.1
2275.375163,TURN,giro de esquina por IMU y reapertura frontal,23,25.00,236.50,PISTA,OK,2,629.0,629.0,685.0,508.1,630.5,1,0.917,203.0,1,0.822,518.0,1,1.000,0.634,6,1,,,,,,0,323.4,,51.6
2275.473444,TURN,giro de esquina por IMU y reapertura frontal,23,25.00,237.44,PISTA,OK,2,648.0,648.0,666.9,500.8,634.2,1,0.944,199.5,1,0.849,513.0,1,1.000,0.679,6,1,,,,,,0,323.4,,79.7
2275.574128,TURN,giro de esquina por IMU y reapertura frontal,23,25.00,239.21,PISTA,OK,2,673.5,673.5,652.0,492.3,629.0,1,0.917,194.0,1,0.822,498.5,1,0.986,0.692,5,0,,,,,,0,323.4,,51.3
2275.674148,TURN,giro de esquina por IMU y reapertura frontal,23,25.00,241.06,PISTA,OK,2,700.5,700.5,646.4,485.3,629.4,1,0.917,192.0,1,0.836,491.5,1,0.973,0.641,5,0,,,,,,0,323.4,,81.3
2275.774839,TURN,giro de esquina por IMU y reapertura frontal,23,25.00,242.93,PISTA,OK,2,714.5,714.5,619.7,480.2,626.9,1,0.944,186.0,1,0.849,487.0,1,1.000,0.758,5,0,,,,,,0,323.4,,51.9
2275.873271,TURN,giro de esquina por IMU y reapertura frontal,24,25.00,243.77,PISTA,OK,2,752.5,752.5,620.5,475.4,624.6,1,0.917,182.0,1,0.836,479.0,1,0.973,0.685,5,1,,,,,,0,323.4,,79.0
2275.972584,TURN,giro de esquina por IMU y reapertura frontal,24,25.00,245.69,PISTA,OK,2,775.5,775.5,607.9,470.2,619.2,1,0.889,178.0,1,0.863,472.5,1,0.973,0.709,5,1,,,,,,0,323.4,,49.5
2276.073787,TURN,giro de esquina por IMU y reapertura frontal,24,25.00,247.75,PISTA,OK,2,826.0,826.0,601.4,465.4,620.1,1,0.917,175.2,1,0.849,464.5,1,1.000,0.689,4,1,,,,,,0,323.4,,82.3
2276.171464,CRUISE,esquina 3 verificada,25,21.00,249.57,PISTA,OK,3,866.0,866.0,596.0,461.9,612.9,1,0.944,170.0,1,0.836,462.2,1,0.973,0.681,5,1,,,,,,0,323.4,,48.9
2276.271293,CRUISE,crucero centrado por paredes,25,17.00,250.46,PISTA,OK,3,916.5,916.5,582.5,459.9,611.0,1,0.972,166.0,1,0.877,455.5,1,0.986,0.671,5,1,,,,,,0,323.4,,81.2
2276.372313,CRUISE,crucero centrado por paredes,25,13.00,252.70,PISTA,OK,3,974.0,974.0,573.0,457.3,602.7,1,1.000,159.5,1,0.904,452.5,1,0.973,0.694,5,1,,,,,,0,323.4,,51.1
2276.470643,CRUISE,crucero centrado por paredes,25,12.78,254.86,PISTA,OK,3,1089.5,1089.5,555.5,455.3,594.7,1,0.972,155.5,1,0.836,448.0,1,1.000,0.758,5,1,,,,,,0,323.4,,78.5
2276.569977,CRUISE,crucero centrado por paredes,25,15.18,257.08,PISTA,OK,3,1161.0,1537.0,547.4,455.8,605.8,1,0.972,150.5,1,0.795,446.5,1,0.986,0.766,5,1,,,,,,0,323.4,,48.4
2276.671247,CRUISE,crucero centrado por paredes,25,15.73,258.05,PISTA,OK,3,1319.0,1319.0,535.5,456.5,616.0,1,0.972,146.5,1,0.808,446.0,1,0.986,0.828,5,1,,,,,,0,323.4,,81.8
2276.770657,AVOID_APPROACH,pure-pursuit al punto de paso del pilar 54,25,19.73,259.75,PISTA,OK,3,1330.0,1330.0,526.5,458.2,629.5,1,1.000,142.5,1,0.836,448.2,1,0.986,0.798,5,1,54,VERDE,-290.4,896.4,0.000,1,323.4,,48.1
2276.869015,AVOID_APPROACH,pure-pursuit al punto de paso del pilar 54,25,23.73,261.40,PISTA,OK,3,1579.0,1579.0,518.3,459.6,816.3,1,1.000,138.0,1,0.836,450.2,1,0.986,0.748,5,1,54,VERDE,-269.7,891.4,0.000,1,323.4,,77.8
2276.969947,AVOID_APPROACH,pure-pursuit al punto de paso del pilar 54,25,25.00,262.97,PISTA,OK,3,1613.0,1613.0,509.9,461.7,818.7,1,0.944,135.0,1,0.795,451.5,1,0.973,0.672,5,1,54,VERDE,-255.9,885.7,0.000,1,323.4,,49.4
2277.070028,AVOID_APPROACH,pure-pursuit al punto de paso del pilar 54,25,24.45,263.87,PISTA,OK,3,1931.0,1931.0,506.0,463.7,776.6,1,0.972,131.5,1,0.836,450.5,1,1.000,0.726,4,1,54,VERDE,-224.3,886.9,0.000,1,323.4,,81.5
2277.169650,AVOID_APPROACH,pure-pursuit al punto de paso del pilar 54,25,22.74,265.66,PISTA,OK,3,1924.0,1924.0,620.5,466.5,743.4,1,0.972,129.5,1,0.822,455.5,1,0.973,0.215,4,1,54,VERDE,-192.6,886.4,0.000,1,323.4,,47.9
2277.269837,AVOID_APPROACH,pure-pursuit al punto de paso del pilar 54,25,21.07,267.43,PISTA,OK,3,903.5,1916.5,594.9,470.2,713.9,1,0.972,125.5,1,0.808,460.5,1,0.986,0.214,4,1,54,VERDE,-161.7,884.2,0.000,1,323.4,,78.3
2277.369885,AVOID_APPROACH,pure-pursuit al punto de paso del pilar 54,25,19.34,269.73,PISTA,OK,3,886.5,1909.5,587.3,474.4,687.7,1,0.972,122.5,1,0.863,464.0,1,0.986,0.215,4,1,54,VERDE,-129.9,880.1,0.000,1,323.4,,46.9
2277.471220,AVOID_APPROACH,pure-pursuit al punto de paso del pilar 54,25,17.40,271.85,PISTA,OK,3,880.5,1905.0,573.9,479.1,671.7,1,1.000,119.0,1,0.877,467.2,1,1.000,0.216,3,1,54,VERDE,-95.4,875.6,0.000,1,323.4,,81.6
2277.571196,AVOID_APPROACH,pure-pursuit al punto de paso del pilar 54,25,15.36,272.78,PISTA,OK,3,872.5,1901.5,569.7,485.3,636.5,1,0.972,116.5,1,0.877,472.8,1,0.986,0.216,3,1,54,VERDE,-60.4,871.7,0.000,1,323.4,,47.8
2277.671310,AVOID_APPROACH,pure-pursuit al punto de paso del pilar 54,25,13.31,274.76,PISTA,OK,3,865.5,1892.5,558.3,492.2,625.0,1,0.972,112.0,1,0.877,478.0,1,0.986,0.216,3,1,54,VERDE,-26.1,867.0,0.000,1,323.4,,78.6
2277.772453,AVOID_APPROACH,pure-pursuit al punto de paso del pilar 54,25,11.45,276.84,PISTA,OK,3,860.5,860.5,548.1,500.1,599.6,1,1.000,108.0,1,0.945,484.0,1,1.000,0.217,1,1,54,VERDE,5.4,857.2,0.101,1,323.4,,50.8
2277.872567,AVOID_APPROACH,pure-pursuit al punto de paso del pilar 54,25,10.90,278.81,PISTA,OK,3,857.5,1482.0,511.2,509.1,591.8,1,0.972,105.0,1,0.932,491.2,1,0.986,0.224,1,1,54,VERDE,13.6,858.3,0.000,1,323.4,,80.9
2277.972215,AVOID_APPROACH,pure-pursuit al punto de paso del pilar 54,25,9.43,280.60,PISTA,OK,3,847.5,1475.0,509.0,518.3,586.5,1,0.972,102.0,1,0.890,496.8,1,0.973,0.258,1,1,54,VERDE,38.1,848.8,0.000,1,323.4,,51.6
2278.071734,AVOID_APPROACH,pure-pursuit al punto de paso del pilar 54,24,7.53,281.38,PISTA,OK,3,841.0,1466.0,505.0,528.0,583.2,1,0.972,101.0,1,0.890,504.5,1,0.986,0.336,1,1,54,VERDE,68.0,839.8,0.000,1,323.4,,80.3
2278.171252,AVOID_APPROACH,pure-pursuit al punto de paso del pilar 54,24,5.76,283.31,PISTA,OK,3,831.0,1458.0,504.1,537.8,572.2,1,0.972,99.0,1,0.932,511.8,1,0.986,0.337,1,1,54,VERDE,95.5,827.3,0.000,1,323.4,,48.8
2278.272608,AVOID_APPROACH,pure-pursuit al punto de paso del pilar 54,24,3.80,285.23,PISTA,OK,3,822.5,971.5,499.2,550.2,562.3,1,1.000,98.0,1,0.918,518.0,1,1.000,0.412,1,1,54,VERDE,124.9,814.6,0.000,1,323.4,,81.4
2278.372051,AVOID_APPROACH,pure-pursuit al punto de paso del pilar 54,24,2.05,286.84,PISTA,OK,3,815.0,932.0,484.1,562.5,558.3,1,0.972,95.0,1,0.890,524.5,1,0.986,0.573,1,1,54,VERDE,150.3,801.1,0.000,1,323.4,,51.4
2278.470703,AVOID_APPROACH,pure-pursuit al punto de paso del pilar 54,24,0.38,287.41,PISTA,OK,3,802.5,891.0,452.6,572.6,554.2,1,1.000,101.0,1,0.836,529.5,1,1.000,0.848,1,1,54,VERDE,173.8,785.9,0.000,1,323.4,,79.4
2278.571086,AVOID_APPROACH,pure-pursuit al punto de paso del pilar 54,25,-1.05,288.26,PISTA,OK,3,860.0,860.0,442.7,581.9,560.3,1,1.000,102.0,1,0.849,535.0,1,1.000,0.768,2,1,54,VERDE,193.2,774.3,0.000,1,323.4,,49.7
2278.671114,AVOID_APPROACH,pure-pursuit al punto de paso del pilar 54,24,-1.80,289.02,PISTA,OK,3,839.0,839.0,438.3,590.8,553.3,1,1.000,105.0,1,0.849,541.0,1,1.000,0.761,2,1,54,VERDE,202.9,761.2,0.000,1,323.4,,79.9
2278.770663,AVOID_APPROACH,pure-pursuit al punto de paso del pilar 54,24,-2.60,289.51,PISTA,OK,3,831.0,831.0,437.3,598.0,554.6,1,1.000,108.8,1,0.904,546.0,1,1.000,0.783,2,1,54,VERDE,213.0,750.3,0.000,1,323.4,,49.0
2278.870259,AVOID_APPROACH,pure-pursuit al punto de paso del pilar 54,24,-3.13,289.67,PISTA,OK,3,800.0,800.0,443.7,604.1,560.7,1,1.000,114.5,1,0.918,549.5,1,1.000,0.793,2,1,54,VERDE,219.4,739.1,0.000,1,323.4,,80.0
2278.969775,AVOID_APPROACH,pure-pursuit al punto de paso del pilar 54,24,-3.57,289.94,PISTA,OK,3,785.5,785.5,543.4,609.5,563.8,1,1.000,117.8,1,0.904,554.0,1,1.000,0.218,2,1,54,VERDE,224.5,728.6,0.000,1,323.4,,48.8
2279.069735,AVOID_APPROACH,pure-pursuit al punto de paso del pilar 54,24,-4.17,290.11,PISTA,OK,3,803.0,803.0,536.3,615.3,127.0,1,0.972,120.5,1,0.890,558.5,1,1.000,0.219,2,1,54,VERDE,231.5,720.0,0.000,1,323.4,,80.5
2279.170552,AVOID_APPROACH,pure-pursuit al punto de paso del pilar 54,24,-3.63,290.16,PISTA,OK,3,768.0,768.0,525.8,620.2,128.1,1,0.917,128.5,1,0.863,563.5,1,1.000,0.218,2,1,54,VERDE,224.1,710.9,0.000,1,323.4,,49.9
2279.270740,AVOID_APPROACH,pure-pursuit al punto de paso del pilar 54,24,-3.95,290.16,PISTA,OK,3,774.0,774.0,514.7,625.3,113.5,1,0.917,135.5,1,0.849,566.0,1,1.000,0.219,2,1,54,VERDE,227.4,701.0,0.000,1,323.4,,79.6
2279.368463,AVOID_APPROACH,pure-pursuit al punto de paso del pilar 54,24,-4.21,290.16,PISTA,OK,3,758.5,758.5,499.8,629.0,118.8,1,0.917,143.5,1,0.849,571.0,1,1.000,0.220,2,1,54,VERDE,230.0,691.5,0.000,1,323.4,,43.0
2279.469555,AVOID_APPROACH,pure-pursuit al punto de paso del pilar 54,24,-4.16,290.12,PISTA,OK,3,752.5,752.5,489.8,633.3,122.9,1,0.917,149.0,1,0.890,575.0,1,1.000,0.220,2,1,54,VERDE,228.6,682.0,0.000,1,323.4,,76.0
2279.569224,AVOID_APPROACH,pure-pursuit al punto de paso del pilar 54,24,-4.16,290.05,PISTA,OK,3,748.5,748.5,482.6,636.9,129.4,1,0.917,156.5,1,0.877,578.5,1,1.000,0.220,2,1,54,VERDE,228.0,673.0,0.000,1,323.4,,48.3
2279.669165,AVOID_APPROACH,pure-pursuit al punto de paso del pilar 54,24,-4.32,290.02,PISTA,OK,3,738.5,738.5,467.3,640.8,136.0,1,0.944,163.0,1,0.932,582.0,1,1.000,0.223,2,1,54,VERDE,229.0,662.9,0.000,1,323.4,,80.2
2279.768292,AVOID_APPROACH,pure-pursuit al punto de paso del pilar 54,24,-4.30,289.93,PISTA,OK,3,752.0,752.0,450.8,643.7,142.5,1,0.972,171.5,1,0.945,586.0,1,1.000,0.225,2,1,54,VERDE,228.2,654.5,0.000,1,323.4,,44.7
2279.868148,AVOID_APPROACH,pure-pursuit al punto de paso del pilar 54,24,-4.36,289.88,PISTA,OK,3,731.0,731.0,429.1,647.6,148.7,1,0.972,179.5,1,0.959,589.0,1,1.000,0.330,2,1,54,VERDE,228.1,644.9,0.000,1,323.4,,73.1
2279.967669,AVOID_APPROACH,pure-pursuit al punto de paso del pilar 54,24,-4.20,289.84,PISTA,OK,3,742.2,742.2,438.2,650.9,156.5,1,0.917,185.5,1,0.959,591.8,1,0.973,0.225,2,1,54,VERDE,225.8,637.1,0.000,1,323.4,,48.1
2280.067549,AVOID_APPROACH,pure-pursuit al punto de paso del pilar 54,23,-4.17,289.77,PISTA,OK,3,717.0,717.0,433.3,655.2,164.6,1,0.972,192.5,1,0.986,596.5,1,1.000,0.225,2,1,54,VERDE,224.8,629.1,0.000,1,323.4,,79.3
2280.167569,AVOID_APPROACH,pure-pursuit al punto de paso del pilar 54,23,-4.61,289.74,PISTA,OK,3,705.5,705.5,427.7,658.8,172.4,1,1.000,202.0,1,0.945,598.5,1,1.000,0.225,2,1,54,VERDE,229.0,619.8,0.000,1,323.4,,47.3
2280.266561,AVOID_APPROACH,pure-pursuit al punto de paso del pilar 54,23,-4.27,289.71,PISTA,OK,3,702.0,702.0,424.8,662.2,181.6,1,0.972,211.0,1,0.932,602.2,1,1.000,0.224,2,1,54,VERDE,224.7,611.5,0.000,1,323.4,,79.2
2280.366496,AVOID_APPROACH,pure-pursuit al punto de paso del pilar 54,23,-4.33,289.67,PISTA,OK,3,701.0,701.0,420.9,666.4,190.7,1,0.944,216.5,1,0.973,606.0,1,1.000,0.223,1,1,54,VERDE,224.7,602.7,0.000,1,323.4,,44.4
2280.467669,AVOID_APPROACH,pure-pursuit al punto de paso del pilar 54,23,-4.44,289.58,PISTA,OK,3,693.0,693.0,418.5,670.4,199.2,1,0.944,226.0,1,0.945,611.0,1,1.000,0.221,1,1,54,VERDE,225.2,594.3,0.000,1,323.4,,77.4
2280.565545,AVOID_APPROACH,pure-pursuit al punto de paso del pilar 54,23,-4.63,289.53,PISTA,OK,3,708.0,708.0,412.1,673.0,207.7,1,0.972,233.5,1,0.959,614.0,1,1.000,0.222,1,1,54,VERDE,226.5,585.9,0.000,1,323.4,,44.9
2280.667180,AVOID_APPROACH,pure-pursuit al punto de paso del pilar 54,23,-4.48,289.42,PISTA,OK,3,681.0,681.0,404.9,675.8,217.6,1,1.000,243.5,1,0.959,617.5,1,1.000,0.222,1,1,54,VERDE,224.2,577.4,0.000,1,323.4,,80.8
2280.766264,AVOID_APPROACH,pure-pursuit al punto de paso del pilar 54,23,-4.41,289.37,PISTA,OK,3,682.8,682.8,399.9,679.4,225.0,1,0.944,250.0,1,0.945,620.5,1,1.000,0.222,1,1,54,VERDE,222.9,569.4,0.000,1,323.4,,45.0
2280.866068,AVOID_APPROACH,pure-pursuit al punto de paso del pilar 54,23,-4.16,289.24,PISTA,OK,3,679.0,679.0,393.5,682.2,232.1,1,0.972,257.5,1,0.973,623.0,1,0.986,0.222,1,1,54,VERDE,219.8,561.4,0.000,1,323.4,,73.9
2280.965419,AVOID_APPROACH,pure-pursuit al punto de paso del pilar 54,23,-4.56,289.14,PISTA,OK,3,667.5,667.5,390.7,685.0,243.3,1,0.972,265.5,1,0.986,626.2,1,1.000,0.222,1,1,54,VERDE,223.0,551.9,0.000,1,323.4,,45.4
2281.065214,AVOID_APPROACH,pure-pursuit al punto de paso del pilar 54,23,-4.21,289.03,PISTA,OK,3,664.5,664.5,383.6,688.0,250.8,1,0.972,273.5,1,0.973,629.5,1,1.000,0.222,1,1,54,VERDE,219.1,544.2,0.000,1,323.4,,79.3
2281.166206,AVOID_APPROACH,pure-pursuit al punto de paso del pilar 54,23,-4.37,288.95,PISTA,OK,3,668.5,668.5,380.9,691.0,260.4,1,0.972,281.5,1,0.973,632.5,1,1.000,0.222,1,1,54,VERDE,220.2,538.2,0.000,1,323.4,,44.0
2281.266181,AVOID_APPROACH,pure-pursuit al punto de paso del pilar 54,23,-4.35,288.85,PISTA,OK,3,648.5,648.5,374.7,695.8,269.2,1,0.944,288.5,1,0.973,636.5,1,0.986,0.222,3,1,54,VERDE,219.2,528.7,0.000,1,323.4,,80.0
2281.364403,AVOID_APPROACH,pure-pursuit al punto de paso del pilar 54,23,-4.32,288.80,PISTA,OK,3,649.5,649.5,368.2,698.9,277.7,1,0.944,296.0,1,0.973,639.5,1,1.000,0.223,3,2,54,VERDE,218.4,520.8,0.000,1,323.4,,42.0
2281.464305,AVOID_APPROACH,pure-pursuit al punto de paso del pilar 54,23,-4.42,288.70,PISTA,OK,3,676.5,676.5,365.8,700.3,285.6,1,0.972,306.5,1,0.973,642.0,1,1.000,0.223,3,2,54,VERDE,218.6,512.0,0.000,1,323.4,,78.0
2281.565003,AVOID_APPROACH,pure-pursuit al punto de paso del pilar 54,23,-4.29,288.64,PISTA,OK,3,643.5,643.5,359.1,703.0,295.0,1,0.972,313.0,1,0.959,645.5,1,1.000,0.223,3,2,54,VERDE,216.8,504.0,0.000,1,323.4,,44.6
2281.665059,AVOID_APPROACH,pure-pursuit al punto de paso del pilar 54,23,-4.43,288.59,PISTA,OK,3,651.0,651.0,354.1,706.2,304.0,1,0.944,322.0,1,0.932,649.5,1,1.000,0.221,3,2,54,VERDE,217.4,495.8,0.000,1,323.4,,78.4
2281.763632,AVOID_APPROACH,pure-pursuit al punto de paso del pilar 54,23,-4.40,288.48,PISTA,OK,3,627.0,627.0,348.9,709.7,312.4,1,0.972,325.5,1,0.959,650.2,1,1.000,0.225,3,2,54,VERDE,216.5,487.2,0.000,1,323.4,,41.0
2281.862995,AVOID_APPROACH,pure-pursuit al punto de paso del pilar 54,23,-4.40,288.37,PISTA,OK,3,633.0,633.0,346.7,712.7,321.0,1,0.944,329.5,1,0.918,655.0,1,1.000,0.221,3,2,54,VERDE,215.9,479.6,0.000,1,323.4,,75.2
2281.964552,AVOID_APPROACH,pure-pursuit al punto de paso del pilar 54,23,-4.34,288.25,PISTA,OK,3,629.0,629.0,337.3,715.0,331.4,1,0.972,318.0,1,0.959,658.0,1,1.000,0.226,3,2,54,VERDE,214.7,470.9,0.000,1,323.4,,41.8
2282.063675,AVOID_APPROACH,pure-pursuit al punto de paso del pilar 54,23,-3.95,288.18,PISTA,OK,3,612.0,612.0,333.8,718.0,338.6,1,0.944,316.0,1,0.945,659.5,1,1.000,0.226,3,2,54,VERDE,211.0,463.7,0.000,1,323.4,,77.3
2282.163468,AVOID_APPROACH,pure-pursuit al punto de paso del pilar 54,23,-3.85,288.04,PISTA,OK,3,612.0,612.0,330.0,720.9,695.1,1,0.917,309.0,1,0.945,664.0,1,0.986,0.226,3,2,54,VERDE,209.6,454.6,0.000,1,323.4,,44.6
2282.263534,AVOID_APPROACH,pure-pursuit al punto de paso del pilar 54,22,-4.01,287.94,PISTA,OK,3,608.0,608.0,326.7,722.9,700.0,1,0.972,306.5,1,0.918,665.8,1,1.000,0.226,3,2,54,VERDE,210.3,446.8,0.000,1,323.4,,76.1
2282.365039,AVOID_APPROACH,pure-pursuit al punto de paso del pilar 54,22,-4.23,287.83,PISTA,OK,3,597.0,597.0,322.3,726.5,700.8,1,0.972,302.0,1,0.945,668.8,1,1.000,0.226,3,2,54,VERDE,211.4,437.8,0.000,1,323.4,,45.8
2282.465294,AVOID_APPROACH,pure-pursuit al punto de paso del pilar 54,22,-3.89,287.72,PISTA,OK,3,592.2,592.2,319.4,728.5,701.2,1,1.000,300.2,1,0.932,671.2,1,1.000,0.226,3,2,54,VERDE,208.3,430.4,0.000,1,323.4,,77.8
2282.566277,AVOID_APPROACH,pure-pursuit al punto de paso del pilar 54,22,-4.16,287.67,PISTA,OK,3,588.0,588.0,315.1,731.1,707.7,1,0.972,295.2,1,0.959,675.0,1,0.986,0.226,2,2,54,VERDE,209.9,424.5,0.000,1,323.4,,46.8
2282.666491,AVOID_APPROACH,pure-pursuit al punto de paso del pilar 54,22,-3.85,287.56,PISTA,OK,3,581.0,581.0,310.6,734.1,705.3,1,1.000,292.5,1,0.932,678.5,1,1.000,0.228,2,2,54,VERDE,207.0,416.4,0.000,1,323.4,,75.4
2282.766243,AVOID_APPROACH,pure-pursuit al punto de paso del pilar 54,22,-3.86,287.44,PISTA,OK,3,578.5,578.5,294.5,736.6,713.9,1,1.000,286.5,1,0.945,680.2,1,1.000,0.735,2,2,54,VERDE,206.5,408.1,0.000,1,323.4,,47.6
2282.865789,AVOID_APPROACH,pure-pursuit al punto de paso del pilar 54,25,-4.03,287.38,PISTA,OK,3,1058.0,1503.5,291.3,738.4,710.2,1,1.000,285.0,1,0.918,683.5,1,1.000,0.751,2,2,54,VERDE,207.3,401.5,0.000,1,323.4,,79.6
2282.965430,AVOID_APPROACH,pure-pursuit al punto de paso del pilar 54,22,-3.89,287.31,PISTA,OK,3,585.5,585.5,288.2,741.7,721.3,1,0.972,283.5,1,0.890,687.0,1,1.000,0.764,2,2,54,VERDE,205.7,393.3,0.000,1,323.4,,45.9
2283.065352,AVOID_APPROACH,pure-pursuit al punto de paso del pilar 54,25,-3.72,287.19,PISTA,OK,3,1040.5,1487.5,285.0,744.5,719.6,1,0.972,282.0,1,0.932,689.5,1,0.986,0.755,2,2,54,VERDE,204.1,385.7,0.000,1,323.4,,76.2
2283.164799,AVOID_APPROACH,pure-pursuit al punto de paso del pilar 54,25,-4.01,287.08,PISTA,OK,3,1031.5,1479.0,280.6,746.9,729.5,1,1.000,271.5,1,0.904,692.0,1,1.000,0.764,2,2,54,VERDE,205.6,379.1,0.000,1,323.4,,45.7
2283.264326,AVOID_APPROACH,pure-pursuit al punto de paso del pilar 54,25,-3.86,286.96,PISTA,OK,3,1023.0,1470.5,277.5,749.4,729.0,1,1.000,271.5,1,0.932,694.2,1,1.000,0.763,2,2,54,VERDE,204.0,370.4,0.000,1,323.4,,77.3
2283.365886,AVOID_APPROACH,pure-pursuit al punto de paso del pilar 54,25,-3.45,286.79,PISTA,OK,3,1011.0,1461.0,273.9,752.6,734.4,1,0.944,270.0,1,0.890,698.8,1,1.000,0.781,2,2,54,VERDE,200.7,361.1,0.000,1,323.4,,43.9
2283.463902,AVOID_APPROACH,pure-pursuit al punto de paso del pilar 54,25,-3.63,286.74,PISTA,OK,3,1003.0,1451.5,270.0,755.7,737.6,1,0.972,263.5,1,0.932,702.0,1,1.000,0.780,2,2,54,VERDE,201.3,350.6,0.000,1,323.4,,77.7
2283.564967,AVOID_APPROACH,pure-pursuit al punto de paso del pilar 54,25,-3.65,286.57,PISTA,OK,3,993.5,1443.5,266.2,758.3,745.8,1,1.000,261.5,1,0.945,704.5,1,1.000,0.782,2,2,54,VERDE,200.8,341.8,0.000,1,323.4,,46.1
2283.663020,AVOID_APPROACH,pure-pursuit al punto de paso del pilar 54,25,-3.30,286.41,PISTA,OK,3,985.5,1434.0,262.7,761.1,757.7,1,0.972,262.5,1,0.890,707.0,1,1.000,0.776,2,2,54,VERDE,198.3,334.5,0.000,1,323.4,,77.0
2283.764404,AVOID_APPROACH,pure-pursuit al punto de paso del pilar 54,25,-2.92,286.27,PISTA,OK,3,973.0,1421.5,259.5,763.7,752.0,1,1.000,257.5,1,0.890,711.0,1,1.000,0.765,2,2,54,VERDE,195.6,325.8,0.000,1,323.4,,41.9
2283.864373,AVOID_APPROACH,pure-pursuit al punto de paso del pilar 54,25,-2.98,286.23,PISTA,OK,3,965.5,1411.5,255.9,765.6,761.0,1,0.944,254.0,1,0.877,713.8,1,0.986,0.762,2,2,54,VERDE,195.5,317.1,0.000,1,323.4,,79.3
2283.963849,AVOID_APPROACH,pure-pursuit al punto de paso del pilar 54,25,-3.21,286.11,PISTA,OK,3,957.0,1401.0,252.0,769.2,763.9,1,0.944,248.5,1,0.836,718.0,1,1.000,0.785,2,2,54,VERDE,196.2,307.8,0.000,1,323.4,,45.4
2284.062355,AVOID_APPROACH,pure-pursuit al punto de paso del pilar 54,25,-2.94,285.97,PISTA,OK,3,945.5,1394.0,248.5,771.4,772.5,1,0.972,247.5,1,0.849,720.5,1,1.000,0.773,2,2,54,VERDE,194.4,300.0,0.000,1,323.4,,74.6
2284.162287,AVOID_APPROACH,pure-pursuit al punto de paso del pilar 54,25,-3.06,285.89,PISTA,OK,3,937.0,1386.0,245.0,774.6,765.1,1,1.000,241.0,1,0.986,723.0,1,1.000,0.768,2,2,54,VERDE,194.6,290.6,0.000,1,323.4,,43.6
2284.260080,AVOID_APPROACH,pure-pursuit al punto de paso del pilar 54,25,-2.77,285.84,PISTA,OK,3,926.5,1378.5,241.7,777.1,774.5,1,0.972,239.0,1,0.808,725.2,1,1.000,0.779,2,2,54,VERDE,192.7,284.2,0.000,1,323.4,,75.0
2284.360608,AVOID_PASS,manteniendo rumbo mientras pasa el pilar 54,25,0.00,285.68,PISTA,OK,3,920.5,1367.5,238.7,780.4,774.5,1,1.000,236.5,1,0.904,729.2,1,1.000,0.760,2,2,54,VERDE,192.7,273.7,0.000,1,0.0,,109.5
2284.459726,AVOID_PASS,manteniendo rumbo mientras pasa el pilar 54,25,0.13,285.55,PISTA,OK,3,909.5,1357.5,235.2,782.8,783.9,1,0.944,233.5,1,0.877,732.5,1,0.986,0.767,2,2,54,VERDE,194.5,267.5,0.000,1,9.9,,72.4
2284.561122,AVOID_PASS,manteniendo rumbo mientras pasa el pilar 54,25,0.24,285.44,PISTA,OK,3,900.0,1349.5,231.3,784.2,790.1,1,0.972,227.0,1,0.836,733.2,1,1.000,0.769,2,2,54,VERDE,192.2,254.4,0.000,1,20.1,,40.8
2284.661269,AVOID_PASS,manteniendo rumbo mientras pasa el pilar 54,25,-0.03,285.37,PISTA,OK,3,883.0,883.0,228.3,787.1,794.6,1,0.972,225.5,1,0.877,738.0,1,1.000,0.751,2,2,54,VERDE,193.1,248.1,0.000,1,30.1,,74.2
2284.760103,AVOID_PASS,manteniendo rumbo mientras pasa el pilar 54,25,-0.72,285.24,PISTA,OK,3,879.5,1329.5,224.1,790.0,799.5,1,1.000,222.0,1,0.890,740.0,1,1.000,0.757,2,2,54,VERDE,193.8,237.8,0.000,1,39.9,,41.6
2284.860284,AVOID_PASS,manteniendo rumbo mientras pasa el pilar 54,25,-1.36,285.15,PISTA,OK,3,872.5,1320.5,220.3,793.1,804.8,1,0.972,217.0,1,0.808,744.5,1,1.000,0.748,2,2,54,VERDE,190.6,232.0,0.000,1,50.0,,74.8
2284.960436,AVOID_PASS,manteniendo rumbo mientras pasa el pilar 54,25,-1.78,285.04,PISTA,OK,3,863.0,1312.5,217.7,795.8,809.7,1,0.972,216.5,1,0.849,746.2,1,1.000,0.776,2,2,54,VERDE,190.4,223.3,0.000,1,60.0,,40.9
2285.061993,AVOID_PASS,manteniendo rumbo mientras pasa el pilar 54,25,-2.36,284.98,PISTA,OK,3,848.0,848.0,214.5,798.8,812.0,1,0.944,213.5,1,0.863,749.2,1,1.000,0.764,2,2,54,VERDE,187.8,212.3,0.000,1,70.1,,77.8
2285.161475,AVOID_PASS,manteniendo rumbo mientras pasa el pilar 54,25,-3.08,284.97,PISTA,OK,3,842.5,1292.5,210.8,802.1,588.2,1,1.000,211.0,1,0.863,752.5,1,1.000,0.763,2,2,54,VERDE,192.6,204.6,0.000,1,80.1,,42.1
2285.261983,AVOID_PASS,manteniendo rumbo mientras pasa el pilar 54,24,-3.66,284.86,PISTA,OK,3,827.0,827.0,207.4,805.2,578.7,1,0.944,208.0,1,0.808,754.8,1,1.000,0.764,2,2,54,VERDE,193.1,196.6,0.000,1,90.1,,74.8
2285.363444,AVOID_PASS,manteniendo rumbo mientras pasa el pilar 54,24,-4.16,284.78,PISTA,OK,3,819.5,819.5,204.6,808.1,601.1,1,0.917,205.0,1,0.822,758.0,1,1.000,0.750,2,2,54,VERDE,192.7,187.0,0.000,1,99.9,,45.2
2285.465279,AVOID_PASS,manteniendo rumbo mientras pasa el pilar 54,24,-4.68,284.73,PISTA,OK,3,810.5,810.5,201.8,810.9,611.8,1,0.944,200.0,1,0.712,762.0,1,1.000,0.798,2,2,54,VERDE,190.5,179.7,0.000,1,109.7,,79.1
2285.564834,AVOID_PASS,manteniendo rumbo mientras pasa el pilar 54,24,-5.09,284.57,PISTA,OK,3,801.5,801.5,199.2,814.0,583.6,1,0.917,198.5,1,0.808,764.0,1,1.000,0.772,2,2,54,VERDE,188.5,170.9,0.000,1,119.2,,46.8
2285.662899,AVOID_PASS,manteniendo rumbo mientras pasa el pilar 54,24,-5.64,284.54,PISTA,OK,3,788.0,788.0,196.3,815.2,546.8,1,0.917,194.5,1,0.795,765.5,1,1.000,0.764,2,2,54,VERDE,188.4,161.5,0.098,1,128.6,,78.3
2285.764943,AVOID_PASS,manteniendo rumbo mientras pasa el pilar 54,24,-6.24,284.41,PISTA,OK,3,781.5,781.5,192.9,816.5,532.0,1,0.917,190.0,1,0.753,768.5,1,1.000,0.759,2,2,54,VERDE,188.0,152.2,0.200,1,138.4,,40.0
2285.863881,AVOID_PASS,manteniendo rumbo mientras pasa el pilar 54,24,-6.73,284.28,PISTA,OK,3,772.5,772.5,190.1,818.3,548.8,1,0.861,185.5,1,0.740,771.2,1,1.000,0.750,2,2,54,VERDE,187.7,143.1,0.299,1,147.9,,74.2
2285.963654,AVOID_PASS,manteniendo rumbo mientras pasa el pilar 54,24,-7.11,284.07,PISTA,OK,3,760.5,760.5,187.6,813.8,532.7,1,0.889,182.5,1,0.712,774.2,1,1.000,0.681,2,2,54,VERDE,187.2,134.2,0.399,1,157.5,,45.8
2286.063953,AVOID_PASS,manteniendo rumbo mientras pasa el pilar 54,24,-7.66,283.98,PISTA,OK,3,753.5,753.5,184.7,814.2,494.4,1,0.889,185.2,1,0.685,777.2,1,1.000,0.668,2,2,54,VERDE,187.2,134.2,0.399,0,167.1,,79.0
2286.162666,AVOID_PASS,manteniendo rumbo mientras pasa el pilar 54,24,-8.08,283.68,PISTA,OK,3,744.0,1201.5,181.9,822.5,495.6,1,0.889,180.5,1,0.712,779.2,1,0.986,0.736,3,2,54,VERDE,187.2,134.2,0.399,0,176.6,,44.8
2286.262683,AVOID_PASS,manteniendo rumbo mientras pasa el pilar 54,24,-8.45,283.35,PISTA,OK,3,734.5,739.0,179.3,819.4,502.4,1,0.833,177.2,1,0.740,781.2,1,1.000,0.723,3,3,54,VERDE,178.5,116.6,0.000,1,186.2,,77.1
2286.362152,AVOID_PASS,manteniendo rumbo mientras pasa el pilar 54,24,-8.64,282.97,PISTA,OK,3,726.0,731.5,177.5,821.5,487.1,1,0.917,172.5,1,0.658,782.8,1,1.000,0.748,3,3,54,VERDE,177.7,108.2,0.099,1,195.8,,44.4
2286.463185,AVOID_PASS,manteniendo rumbo mientras pasa el pilar 54,23,-9.22,282.72,PISTA,OK,3,714.5,724.0,174.3,822.2,476.3,1,0.833,171.0,1,0.644,785.5,1,1.000,0.760,3,3,54,VERDE,177.2,99.3,0.201,1,205.5,,78.1
2286.561036,AVOID_PASS,manteniendo rumbo mientras pasa el pilar 54,23,-9.10,282.23,PISTA,OK,3,704.5,715.5,173.8,822.5,463.0,1,0.861,171.2,1,0.699,785.5,1,0.986,0.733,3,3,54,VERDE,176.3,91.8,0.298,1,214.5,,41.1
2286.662448,AVOID_PASS,manteniendo rumbo mientras pasa el pilar 54,23,-9.36,281.76,PISTA,OK,3,697.5,710.5,171.7,821.5,456.0,1,0.778,170.8,1,0.740,787.8,1,0.986,0.753,3,3,54,VERDE,175.6,83.9,0.400,1,223.8,,78.3
2286.762032,AVOID_PASS,manteniendo rumbo mientras pasa el pilar 54,23,-9.45,281.22,PISTA,OK,3,688.5,1147.5,170.3,815.9,420.7,1,0.806,169.5,1,0.753,789.5,1,1.000,0.695,3,3,54,VERDE,175.6,83.9,0.400,0,232.9,,45.0
2286.861594,AVOID_PASS,manteniendo rumbo mientras pasa el pilar 54,23,-9.84,280.96,PISTA,OK,3,679.5,1138.0,168.1,822.5,407.1,1,0.722,167.0,1,0.630,790.5,1,0.959,0.777,3,3,54,VERDE,175.6,83.9,0.400,0,242.1,,77.3
2286.962058,AVOID_PASS,manteniendo rumbo mientras pasa el pilar 54,23,-9.81,280.37,PISTA,OK,3,672.5,1129.5,167.3,822.4,369.0,1,0.750,165.8,1,0.685,791.5,1,0.986,0.771,3,3,54,VERDE,175.6,83.9,0.400,0,251.3,,40.0
2287.061073,AVOID_PASS,manteniendo rumbo mientras pasa el pilar 54,23,-9.84,279.77,PISTA,OK,3,662.5,1122.0,166.2,823.4,366.8,1,0.694,162.5,1,0.548,792.2,1,0.959,0.796,3,3,54,VERDE,175.6,83.9,0.400,0,260.5,,73.8
2287.161646,AVOID_PASS,manteniendo rumbo mientras pasa el pilar 54,23,-9.93,279.13,PISTA,OK,3,656.0,1112.0,164.8,823.0,372.7,1,0.667,161.8,1,0.671,792.8,1,0.986,0.798,4,3,54,VERDE,175.6,83.9,0.400,0,269.7,,40.6
2287.260467,AVOID_PASS,manteniendo rumbo mientras pasa el pilar 54,23,-9.94,278.39,PISTA,OK,3,647.0,1104.0,163.7,822.4,345.3,1,0.750,161.0,1,0.726,793.2,1,0.986,0.804,4,3,54,VERDE,175.6,83.9,0.400,0,278.8,,76.4
2287.359888,AVOID_PASS,manteniendo rumbo mientras pasa el pilar 54,23,-10.10,278.09,PISTA,OK,3,639.5,1095.0,162.7,821.6,334.2,1,0.694,158.0,1,0.699,794.2,1,0.973,0.805,4,3,54,VERDE,175.6,83.9,0.400,0,287.9,,42.5
2287.460353,AVOID_PASS,manteniendo rumbo mientras pasa el pilar 54,23,-10.08,277.38,PISTA,OK,3,632.0,1087.0,161.8,822.0,352.2,1,0.667,157.5,1,0.630,793.0,1,0.973,0.830,3,2,54,VERDE,175.6,83.9,0.400,0,297.2,,76.2
2287.559994,AVOID_PASS,manteniendo rumbo mientras pasa el pilar 54,23,-10.05,276.71,PISTA,OK,3,623.5,1076.5,161.1,819.6,324.8,1,0.667,156.0,1,0.616,793.2,1,0.986,0.788,3,1,54,VERDE,175.6,83.9,0.400,0,306.4,,42.2
2287.658238,AVOID_PASS,manteniendo rumbo mientras pasa el pilar 54,23,-10.03,276.03,PISTA,OK,3,615.0,1069.0,160.3,821.8,316.6,1,0.583,158.0,1,0.603,794.0,1,0.959,0.821,3,1,54,VERDE,175.6,83.9,0.400,0,315.4,,67.9
2287.760658,RECENTER,reincorporacion tras 325 mm de sobrepaso estimado,22,-14.03,275.31,PISTA,OK,3,608.0,1060.5,160.3,821.1,311.7,1,0.667,155.5,1,0.616,794.8,1,0.973,0.839,3,1,54,VERDE,175.6,83.9,0.400,0,324.8,,43.1
2287.858878,RECENTER,reincorporando por posicion lateral,22,-18.03,274.93,PISTA,OK,3,597.5,1052.0,159.2,821.6,301.0,1,0.667,155.5,1,0.699,793.5,1,0.973,0.823,3,1,54,VERDE,175.6,83.9,0.400,0,324.8,,71.2
2287.958282,RECENTER,reincorporando por posicion lateral,22,-20.00,274.45,PISTA,OK,3,594.0,1043.0,159.0,821.7,292.8,1,0.694,156.0,1,0.644,147.5,1,0.986,0.821,3,1,54,VERDE,175.6,83.9,0.400,0,324.8,,41.4
2288.059742,RECENTER,reincorporando por posicion lateral,25,-20.00,273.57,PISTA,OK,3,1034.5,1035.0,159.3,821.6,293.7,1,0.722,157.2,1,0.616,141.5,1,0.959,0.844,3,1,54,VERDE,175.6,83.9,0.400,0,324.8,,73.2
2288.158634,RECENTER,reincorporando por posicion lateral,25,-20.00,272.09,PISTA,OK,3,1025.5,1028.0,160.4,820.0,273.2,1,0.722,157.8,1,0.671,138.5,1,0.959,0.817,3,1,54,VERDE,175.6,83.9,0.400,0,324.8,,40.1
2288.259434,RECENTER,reincorporando por posicion lateral,25,-20.00,271.24,PISTA,OK,3,1014.0,1019.5,161.8,817.0,282.3,1,0.583,159.2,1,0.753,136.5,1,0.945,0.789,3,1,54,VERDE,175.6,83.9,0.400,0,324.8,,75.5
2288.360343,RECENTER,reincorporando por posicion lateral,25,-16.00,269.55,PISTA,OK,3,1001.5,1009.5,191.4,814.2,256.4,1,0.833,163.8,1,0.808,133.5,1,0.986,0.220,4,1,54,VERDE,175.6,83.9,0.400,0,324.8,,40.9
2288.461137,RECENTER,reincorporando por posicion lateral,25,-12.00,267.57,PISTA,OK,3,993.5,993.5,207.5,810.6,255.2,1,0.833,166.8,1,0.726,130.5,1,0.986,0.220,4,1,54,VERDE,175.6,83.9,0.400,0,324.8,,73.4
2288.561049,RECENTER,reincorporando por posicion lateral,25,-8.00,265.64,PISTA,OK,3,986.0,986.0,214.7,808.2,255.8,1,0.778,168.5,1,0.726,128.0,1,0.973,0.221,5,1,54,VERDE,175.6,83.9,0.400,0,324.8,,43.4
2288.661209,RECENTER,reincorporando por posicion lateral,25,-4.00,264.63,PISTA,OK,3,978.0,978.0,228.4,804.6,234.3,1,0.778,173.5,1,0.767,125.0,1,0.959,0.219,5,1,54,VERDE,175.6,83.9,0.400,0,324.8,,76.3
2288.762402,RECENTER,reincorporando por posicion lateral,25,0.00,262.81,PISTA,OK,3,967.5,967.5,243.1,800.4,237.1,1,0.889,173.2,1,0.836,122.5,1,0.959,0.219,4,1,54,VERDE,175.6,83.9,0.400,0,324.8,,44.5
2288.860794,RECENTER,reincorporando por posicion lateral,25,4.00,261.05,PISTA,OK,3,960.5,960.5,257.3,797.3,253.7,1,0.722,180.0,1,0.753,120.0,1,0.959,0.216,4,1,54,VERDE,175.6,83.9,0.400,0,324.8,,71.8
2288.961349,RECENTER,reincorporando por posicion lateral,25,4.96,259.98,PISTA,OK,3,951.0,951.0,273.6,793.3,232.2,1,0.861,182.0,1,0.808,118.0,1,0.932,0.217,4,1,54,VERDE,175.6,83.9,0.400,0,324.8,,44.2
2289.061011,RECENTER,reincorporando por posicion lateral,25,5.14,259.62,PISTA,OK,3,940.5,940.5,280.0,791.2,228.4,1,0.833,182.2,1,0.753,117.0,1,0.959,0.216,4,1,54,VERDE,175.6,83.9,0.400,0,324.8,,77.3
2289.159582,RECENTER,reincorporando por posicion lateral,25,5.19,259.52,PISTA,OK,3,932.5,932.5,301.2,789.6,229.2,1,0.778,185.0,1,0.822,117.2,1,0.904,0.218,4,1,54,VERDE,175.6,83.9,0.400,0,324.8,,40.5
2289.259899,RECENTER,reincorporando por posicion lateral,25,5.22,259.46,PISTA,OK,3,922.0,922.0,319.8,786.8,222.8,1,0.806,184.8,1,0.753,118.5,1,0.945,0.218,5,1,54,VERDE,175.6,83.9,0.400,0,324.8,,76.0
2289.359547,RECENTER,reincorporando por posicion lateral,25,5.27,259.35,PISTA,OK,3,913.5,913.5,348.8,784.8,254.8,1,0.750,190.8,1,0.726,122.5,1,0.890,0.217,5,1,54,VERDE,175.6,83.9,0.400,0,324.8,,42.3
2289.458113,RECENTER,reincorporando por posicion lateral,25,5.29,259.32,PISTA,OK,3,904.0,904.0,320.0,782.3,235.3,1,0.833,195.0,1,0.726,126.0,1,0.904,0.219,5,1,54,VERDE,175.6,83.9,0.400,0,324.8,,72.9
2289.558424,RECENTER,reincorporando por posicion lateral,25,5.29,259.31,PISTA,OK,3,895.0,895.0,353.0,773.9,241.6,1,0.833,194.0,1,0.699,129.5,1,0.877,0.218,5,1,54,VERDE,175.6,83.9,0.400,0,324.8,,39.8
2289.658182,RECENTER,reincorporando por posicion lateral,25,5.32,259.27,PISTA,OK,3,885.0,885.0,363.5,778.9,242.9,1,0.722,195.5,1,0.685,134.0,1,0.877,0.222,5,1,54,VERDE,175.6,83.9,0.400,0,324.8,,73.3
2289.756982,RECENTER,reincorporando por posicion lateral,25,5.36,259.18,PISTA,OK,3,876.0,876.0,356.5,761.8,237.3,1,0.833,200.2,1,0.685,138.5,1,0.959,0.206,5,1,54,VERDE,175.6,83.9,0.400,0,324.8,,41.1
2289.857302,RECENTER,reincorporando por posicion lateral,25,5.35,259.20,PISTA,OK,3,867.0,867.0,359.8,761.4,241.0,1,0.806,210.8,1,0.726,143.5,1,0.877,0.206,5,1,54,VERDE,175.6,83.9,0.400,0,324.8,,74.0
2289.956544,RECENTER,reincorporando por posicion lateral,25,5.37,259.17,PISTA,OK,3,858.0,858.0,363.6,765.5,255.2,1,0.778,219.5,1,0.644,148.5,1,0.904,0.215,5,1,54,VERDE,175.6,83.9,0.400,0,324.8,,39.7
2290.054764,RECENTER,reincorporando por posicion lateral,25,5.38,259.13,PISTA,OK,3,847.5,847.5,370.6,767.6,243.3,1,0.806,233.0,1,0.616,152.5,1,0.918,0.219,5,1,54,VERDE,175.6,83.9,0.400,0,324.8,,72.4
2290.156682,RECENTER,reincorporando por posicion lateral,24,5.38,259.14,PISTA,OK,3,839.5,839.5,388.5,769.5,244.7,1,0.750,238.2,1,0.575,159.2,1,0.932,0.212,5,1,54,VERDE,175.6,83.9,0.400,0,324.8,,40.4
2290.255105,RECENTER,reincorporando por posicion lateral,24,5.38,259.13,PISTA,OK,3,829.5,829.5,388.5,773.6,250.5,1,0.833,243.2,1,0.699,165.0,1,0.932,0.205,5,1,54,VERDE,175.6,83.9,0.400,0,324.8,,70.3
2290.356785,RECENTER,reincorporando por posicion lateral,24,5.38,259.13,PISTA,OK,3,820.5,820.5,403.9,774.0,241.2,1,0.917,247.5,1,0.712,172.0,1,0.959,0.215,4,1,54,VERDE,175.6,83.9,0.400,0,324.8,,40.4
2290.455139,RECENTER,reincorporando por posicion lateral,24,5.38,259.15,PISTA,OK,3,811.0,811.0,419.8,773.7,246.6,1,0.806,247.5,1,0.699,178.2,1,0.945,0.209,4,1,54,VERDE,175.6,83.9,0.400,0,324.8,,71.4
2290.554241,RECENTER,reincorporando por posicion lateral,24,5.37,259.16,PISTA,OK,3,800.5,800.5,457.9,773.8,204.8,1,0.806,262.0,1,0.658,184.8,1,0.959,0.214,4,1,54,VERDE,175.6,83.9,0.400,0,324.8,,105.7
2290.655937,RECENTER,reincorporando por posicion lateral,24,5.37,259.16,AZUL,OK,3,791.5,791.5,503.2,773.6,180.6,1,0.806,259.5,1,0.671,192.5,1,0.959,0.210,4,1,54,VERDE,175.6,83.9,0.400,0,324.8,,73.2
2290.756933,RECENTER,reincorporando por posicion lateral,24,5.35,259.21,PISTA,OK,3,782.5,782.5,519.1,772.6,186.8,1,0.861,280.5,1,0.767,197.5,1,0.959,0.212,4,1,54,VERDE,175.6,83.9,0.400,0,324.8,,38.8
2290.855458,RECENTER,reincorporando por posicion lateral,24,5.36,259.19,PISTA,OK,3,773.5,773.5,552.3,771.1,194.8,1,0.750,278.8,1,0.644,206.0,1,0.945,0.213,4,1,54,VERDE,175.6,83.9,0.400,0,324.8,,72.6
2290.956933,CRUISE,reincorporacion verificada,24,5.36,259.18,PISTA,OK,3,762.5,762.5,548.9,770.1,194.6,1,0.833,300.8,1,0.726,214.0,1,0.973,0.211,4,1,,,,,,0,324.8,,39.4
2291.057054,AVOID_PASS,manteniendo rumbo mientras pasa el pilar 63,24,1.36,259.21,PISTA,OK,3,754.5,754.5,570.3,769.3,184.3,1,0.889,285.2,1,0.740,222.0,1,0.973,0.209,4,1,63,ROJO,-273.9,260.9,0.000,1,0.0,,74.2
2291.156698,AVOID_PASS,manteniendo rumbo mientras pasa el pilar 63,24,-0.03,259.24,PISTA,OK,3,747.0,747.0,610.5,768.1,188.6,1,0.833,304.0,1,0.699,230.2,1,0.959,0.204,4,1,63,ROJO,-273.4,251.9,0.000,1,9.6,,40.3
2291.258996,AVOID_PASS,manteniendo rumbo mientras pasa el pilar 63,24,-0.01,259.22,PISTA,OK,3,737.5,737.5,616.0,767.3,197.4,1,0.861,306.2,1,0.740,238.8,1,0.986,0.210,4,1,63,ROJO,-270.3,245.7,0.000,1,19.4,,76.8
2291.357853,AVOID_PASS,manteniendo rumbo mientras pasa el pilar 63,24,0.03,259.18,PISTA,OK,3,727.0,727.0,642.8,766.1,205.6,1,0.806,318.0,1,0.767,246.5,1,0.973,0.211,3,1,63,ROJO,-269.6,236.2,0.000,1,28.9,,42.2
2291.457820,AVOID_PASS,manteniendo rumbo mientras pasa el pilar 63,23,0.04,259.17,PISTA,OK,3,719.5,719.5,645.4,765.0,212.6,1,0.889,321.0,1,0.795,254.0,1,0.973,0.214,3,1,63,ROJO,-269.3,228.5,0.000,1,38.5,,74.4
2291.558682,AVOID_PASS,manteniendo rumbo mientras pasa el pilar 63,23,0.09,259.12,PISTA,OK,3,711.5,711.5,704.6,764.3,221.2,1,0.889,328.0,1,0.849,260.0,1,0.973,0.206,3,1,63,ROJO,-268.0,221.3,0.000,1,47.8,,43.3
2291.658774,AVOID_PASS,manteniendo rumbo mientras pasa el pilar 63,23,0.12,259.09,PISTA,OK,3,703.0,703.0,326.0,763.1,227.6,1,0.889,330.0,1,0.795,270.0,1,0.945,0.815,3,1,63,ROJO,-267.1,211.7,0.000,1,57.0,,76.9
2291.756759,AVOID_PASS,manteniendo rumbo mientras pasa el pilar 63,23,0.15,259.06,PISTA,OK,3,693.0,693.0,322.5,762.4,236.7,1,0.889,336.0,1,0.822,277.0,1,0.945,0.816,3,1,63,ROJO,-267.0,203.8,0.000,1,66.0,,108.5
2291.856597,AVOID_PASS,manteniendo rumbo mientras pasa el pilar 63,23,0.17,259.04,PISTA,OK,3,685.5,685.5,751.1,760.7,243.3,1,0.889,359.0,1,0.808,283.5,1,0.959,0.212,3,1,63,ROJO,-266.6,193.8,0.000,1,75.2,,73.3
2291.957406,AVOID_PASS,manteniendo rumbo mientras pasa el pilar 63,23,0.23,258.98,PISTA,OK,3,675.0,675.0,541.7,759.7,251.5,1,0.861,360.5,1,0.836,291.5,1,0.945,0.791,4,1,63,ROJO,-266.3,189.2,0.000,1,84.4,,41.4
2292.055662,AVOID_PASS,manteniendo rumbo mientras pasa el pilar 63,23,0.23,258.98,PISTA,OK,3,667.5,667.5,779.3,758.9,260.1,1,0.861,360.2,1,0.781,299.0,1,0.959,0.209,4,1,63,ROJO,-265.9,180.7,0.000,1,93.5,,73.4
2292.156405,AVOID_PASS,manteniendo rumbo mientras pasa el pilar 63,23,0.25,258.96,PISTA,OK,3,657.5,657.5,802.6,757.6,267.8,1,0.806,367.5,1,0.836,306.0,1,0.945,0.206,4,1,63,ROJO,-264.1,168.6,0.000,1,102.7,,40.1
2292.256189,AVOID_PASS,manteniendo rumbo mientras pasa el pilar 63,23,0.34,258.87,PISTA,OK,3,651.0,651.0,794.1,756.7,276.8,1,0.833,371.0,1,0.849,315.0,1,0.932,0.206,4,1,63,ROJO,-264.1,164.8,0.000,1,111.9,,73.2
2292.355410,AVOID_PASS,manteniendo rumbo mientras pasa el pilar 63,23,0.39,258.82,PISTA,OK,3,641.0,641.0,290.5,755.5,284.3,1,0.861,384.2,1,0.822,322.5,1,0.945,0.816,4,1,63,ROJO,-263.8,152.1,0.000,1,121.1,,38.6
2292.455091,AVOID_PASS,manteniendo rumbo mientras pasa el pilar 63,23,0.39,258.82,PISTA,OK,3,634.0,634.0,284.5,754.6,292.3,1,0.917,387.0,1,0.877,331.8,1,0.973,0.818,4,1,63,ROJO,-263.3,149.2,0.000,1,130.2,,69.9
2292.554434,AVOID_PASS,manteniendo rumbo mientras pasa el pilar 63,23,0.44,258.77,PISTA,OK,3,626.5,626.5,280.5,753.7,301.7,1,0.861,398.0,1,0.808,338.5,1,0.932,0.816,4,1,63,ROJO,-260.2,136.6,0.000,1,139.4,,38.1
2292.652467,AVOID_PASS,manteniendo rumbo mientras pasa el pilar 63,23,0.49,258.72,PISTA,OK,3,618.0,618.0,589.9,753.1,308.2,1,0.861,407.5,1,0.808,346.5,1,0.945,0.771,4,1,63,ROJO,-259.7,131.9,0.000,1,148.4,,69.5
2292.753811,AVOID_PASS,manteniendo rumbo mientras pasa el pilar 63,22,0.50,258.71,PISTA,OK,3,608.5,608.5,604.2,751.6,318.4,1,0.778,413.5,1,0.822,355.2,1,0.918,0.484,4,1,63,ROJO,-259.1,126.1,0.000,1,157.7,,105.9
2292.853140,AVOID_PASS,manteniendo rumbo mientras pasa el pilar 63,22,0.53,258.68,PISTA,OK,3,600.5,600.5,268.5,750.4,326.2,1,0.833,422.5,1,0.863,362.2,1,0.945,0.816,4,1,63,ROJO,-257.0,116.0,0.000,1,166.4,,70.3
2292.953839,AVOID_PASS,manteniendo rumbo mientras pasa el pilar 63,22,0.55,258.66,PISTA,OK,3,593.0,593.0,265.5,749.4,333.7,1,0.833,429.0,1,0.904,369.8,1,0.932,0.817,4,1,63,ROJO,-258.2,107.5,0.000,1,175.3,,37.9
2293.053163,AVOID_PASS,manteniendo rumbo mientras pasa el pilar 63,22,0.58,258.63,PISTA,OK,3,583.5,583.5,669.7,748.4,338.5,1,0.778,441.2,1,0.863,375.5,1,0.945,0.361,4,1,63,ROJO,-257.0,99.5,0.000,1,184.0,,71.7
2293.154253,AVOID_PASS,manteniendo rumbo mientras pasa el pilar 63,22,0.61,258.60,PISTA,OK,3,576.0,576.0,641.4,747.0,349.6,1,0.833,449.0,1,0.877,385.2,1,0.918,0.562,4,1,63,ROJO,-255.9,93.4,0.000,1,192.9,,38.6
2293.254608,AVOID_PASS,manteniendo rumbo mientras pasa el pilar 63,22,0.62,258.59,PISTA,OK,3,569.0,569.0,657.8,746.5,357.7,1,0.806,456.5,1,0.836,393.5,1,0.932,0.371,2,1,63,ROJO,-254.8,89.3,0.000,1,201.8,,73.0
2293.354612,AVOID_PASS,manteniendo rumbo mientras pasa el pilar 63,22,0.68,258.53,PISTA,OK,3,560.0,560.0,672.1,745.4,366.2,1,0.889,459.5,1,0.932,400.0,1,0.945,0.380,2,1,63,ROJO,-252.7,79.0,0.000,1,210.6,,36.8
2293.455928,AVOID_PASS,manteniendo rumbo mientras pasa el pilar 63,22,0.69,258.52,PISTA,OK,3,551.5,551.5,679.7,743.9,370.2,1,0.806,472.5,1,0.877,407.0,1,0.932,0.432,2,1,63,ROJO,-249.4,74.3,0.000,1,219.5,,72.3
2293.555818,AVOID_PASS,manteniendo rumbo mientras pasa el pilar 63,22,0.74,258.47,PISTA,OK,3,543.5,543.5,674.5,743.0,383.3,1,0.833,479.0,1,0.932,417.0,1,0.945,0.449,2,1,63,ROJO,-249.4,67.7,0.000,1,228.3,,40.9
2293.655967,AVOID_PASS,manteniendo rumbo mientras pasa el pilar 63,22,0.84,258.37,PISTA,OK,3,535.0,535.0,670.1,742.0,388.7,1,0.917,484.0,1,0.918,423.5,1,0.959,0.461,2,1,63,ROJO,-248.6,60.4,0.000,1,237.1,,74.2
2293.755944,AVOID_PASS,manteniendo rumbo mientras pasa el pilar 63,22,0.83,258.38,PISTA,OK,3,527.0,527.0,724.3,740.8,397.4,1,0.889,493.0,1,0.904,431.0,1,0.918,0.208,2,1,63,ROJO,-249.7,54.9,0.000,1,245.9,,40.0
2293.857688,AVOID_PASS,manteniendo rumbo mientras pasa el pilar 63,22,0.88,258.33,PISTA,OK,3,519.5,519.5,699.2,740.0,405.6,1,0.889,496.0,1,0.904,438.8,1,0.945,0.445,2,1,63,ROJO,-249.6,48.3,0.000,1,254.8,,76.2
2293.957377,AVOID_PASS,manteniendo rumbo mientras pasa el pilar 63,22,0.95,258.26,PISTA,OK,3,512.0,512.0,699.8,738.9,413.7,1,0.889,506.5,1,0.890,448.5,1,0.918,0.300,2,1,63,ROJO,-249.5,40.7,0.000,1,263.6,,42.4
2294.057373,AVOID_PASS,manteniendo rumbo mientras pasa el pilar 63,22,0.95,258.26,PISTA,OK,3,502.5,502.5,702.0,737.7,422.5,1,0.861,516.5,1,0.863,455.5,1,0.904,0.302,2,1,63,ROJO,-248.2,29.9,0.000,1,272.4,,74.0
2294.159384,AVOID_PASS,manteniendo rumbo mientras pasa el pilar 63,22,0.97,258.24,PISTA,OK,3,494.0,494.0,750.3,736.6,428.0,1,0.889,245.0,1,0.890,463.5,1,0.932,0.815,2,1,63,ROJO,-248.4,23.5,0.000,1,281.4,,42.1
2294.256684,AVOID_PASS,manteniendo rumbo mientras pasa el pilar 63,21,1.00,258.21,PISTA,OK,3,485.5,485.5,783.4,735.1,435.8,1,0.861,243.0,1,0.904,469.0,1,0.932,0.210,2,1,63,ROJO,-248.4,15.8,0.000,1,290.0,,74.3
2294.356158,AVOID_PASS,manteniendo rumbo mientras pasa el pilar 63,21,1.03,258.18,PISTA,OK,3,479.0,479.0,733.6,734.1,444.1,1,0.889,242.0,1,0.945,477.0,1,0.918,0.201,2,1,63,ROJO,-249.5,10.0,0.000,1,298.3,,41.2
2294.457366,AVOID_PASS,manteniendo rumbo mientras pasa el pilar 63,21,1.03,258.18,PISTA,OK,3,471.0,471.0,703.1,732.8,452.9,1,0.861,242.0,1,0.863,484.0,1,0.932,0.209,2,1,63,ROJO,-249.2,4.8,0.000,1,306.8,,75.6
2294.556949,AVOID_PASS,manteniendo rumbo mientras pasa el pilar 63,21,1.04,258.17,PISTA,OK,3,463.5,463.5,721.1,731.7,458.4,1,0.944,243.0,1,0.890,493.5,1,0.945,0.203,2,1,63,ROJO,-248.5,-4.4,0.000,1,315.2,,41.8
2294.654955,RECENTER,reincorporacion tras 323 mm de sobrepaso estimado,21,5.04,258.13,NARANJA,OK,3,456.5,456.5,736.5,730.4,465.3,1,0.944,242.8,1,0.890,500.0,1,0.959,0.206,2,1,63,ROJO,-248.3,-12.1,0.000,1,323.4,,73.8
2294.757565,TURN,giro de esquina por IMU y reapertura frontal,21,25.00,258.04,NARANJA,OK,3,448.0,448.0,694.7,729.7,476.6,1,0.917,241.5,1,0.890,507.0,1,0.959,0.207,2,1,,,,,,0,323.4,,42.8
2294.855894,TURN,giro de esquina por IMU y reapertura frontal,21,25.00,258.02,NARANJA,OK,3,441.5,441.5,670.1,728.6,483.1,1,0.917,244.0,1,0.918,516.0,1,0.959,0.212,3,1,,,,,,0,323.4,,75.3
2294.955702,TURN,giro de esquina por IMU y reapertura frontal,21,25.00,257.27,NARANJA,OK,3,432.5,432.5,2568.0,728.2,486.5,1,0.917,245.8,1,0.932,522.2,1,0.932,0.191,3,1,,,,,,0,323.4,,40.3
2295.055118,TURN,giro de esquina por IMU y reapertura frontal,21,25.00,259.21,NARANJA,OK,3,425.0,425.0,3358.4,725.4,499.9,1,0.889,242.0,1,0.959,530.2,1,0.945,0.186,3,1,,,,,,0,323.4,,72.7
2295.154229,TURN,giro de esquina por IMU y reapertura frontal,21,25.00,260.76,PISTA,OK,3,419.0,419.0,688.5,724.5,510.3,1,0.889,240.5,1,0.904,540.5,1,0.945,0.208,3,1,,,,,,0,323.4,,39.0
2295.252195,TURN,giro de esquina por IMU y reapertura frontal,21,25.00,261.45,PISTA,OK,3,413.0,413.0,734.6,724.1,518.6,1,0.861,237.5,1,0.918,548.5,1,0.945,0.208,3,1,,,,,,0,323.4,,71.5
2295.353484,TURN,giro de esquina por IMU y reapertura frontal,21,25.00,263.10,PISTA,OK,3,407.5,407.5,725.7,724.6,566.6,1,0.833,232.0,1,0.904,712.5,1,0.932,0.213,3,1,,,,,,0,323.4,,37.2
2295.454956,TURN,giro de esquina por IMU y reapertura frontal,21,25.00,264.70,PISTA,OK,3,400.0,400.0,723.1,724.7,567.4,1,0.806,229.5,1,0.877,712.8,1,0.932,0.209,3,1,,,,,,0,323.4,,74.0
2295.552518,TURN,giro de esquina por IMU y reapertura frontal,21,25.00,266.35,PISTA,OK,3,395.5,395.5,683.2,727.1,566.7,1,0.833,227.0,1,0.877,715.0,1,0.945,0.208,3,1,,,,,,0,323.4,,37.4
2295.652325,TURN,giro de esquina por IMU y reapertura frontal,21,25.00,267.91,PISTA,OK,3,390.0,390.0,641.5,727.8,565.2,1,0.806,222.5,1,0.822,717.2,1,0.945,0.507,4,1,,,,,,0,323.4,,70.4
2295.753248,TURN,giro de esquina por IMU y reapertura frontal,21,25.00,268.74,PISTA,OK,3,383.5,383.5,605.8,730.8,565.3,1,0.861,221.8,1,0.890,720.0,1,0.959,0.223,4,1,,,,,,0,323.4,,38.1
2295.851983,TURN,giro de esquina por IMU y reapertura frontal,20,25.00,270.26,PISTA,OK,3,377.5,377.5,652.4,733.2,565.3,1,0.861,218.0,1,0.863,723.5,1,0.973,0.573,4,1,,,,,,0,323.4,,69.9
2295.953211,TURN,giro de esquina por IMU y reapertura frontal,20,25.00,271.92,PISTA,OK,3,373.0,373.0,632.6,733.4,564.2,1,0.806,214.5,1,0.904,727.2,1,0.986,0.523,4,1,,,,,,0,323.4,,38.6
2296.054429,TURN,giro de esquina por IMU y reapertura frontal,20,25.00,272.68,PISTA,OK,3,368.5,368.5,647.5,736.3,561.4,1,0.778,212.5,1,0.849,729.2,1,0.973,0.820,4,1,,,,,,0,323.4,,73.7
2296.153187,TURN,giro de esquina por IMU y reapertura frontal,20,25.00,274.09,PISTA,OK,3,363.5,363.5,679.2,739.3,558.2,1,0.778,210.0,1,0.849,734.8,1,0.973,0.717,4,1,,,,,,0,323.4,,39.4
2296.255024,TURN,giro de esquina por IMU y reapertura frontal,20,25.00,275.67,PISTA,OK,3,359.5,359.5,590.2,744.4,556.7,1,0.806,207.5,1,0.863,738.5,1,0.973,0.827,4,1,,,,,,0,323.4,,72.8
2296.354530,TURN,giro de esquina por IMU y reapertura frontal,20,25.00,277.22,PISTA,OK,3,358.2,358.2,614.2,746.7,553.0,1,0.778,203.0,1,0.863,743.5,1,0.986,0.753,3,1,,,,,,0,323.4,,39.3
2296.454731,TURN,giro de esquina por IMU y reapertura frontal,20,25.00,278.78,PISTA,OK,3,352.0,352.0,646.7,746.7,550.1,1,0.778,201.5,1,0.877,747.5,1,0.973,0.559,3,1,,,,,,0,323.4,,72.3
2296.555838,TURN,giro de esquina por IMU y reapertura frontal,20,25.00,279.48,PISTA,OK,3,347.5,347.5,627.9,742.6,549.9,1,0.750,197.0,1,0.877,752.0,1,0.973,0.193,3,1,,,,,,0,323.4,,41.5
2296.655832,TURN,giro de esquina por IMU y reapertura frontal,20,25.00,281.07,PISTA,OK,3,344.0,344.0,655.5,743.7,547.6,1,0.806,195.0,1,0.877,756.5,1,0.986,0.394,4,1,,,,,,0,323.4,,74.9
2296.755553,TURN,giro de esquina por IMU y reapertura frontal,20,25.00,282.55,PISTA,OK,3,339.5,339.5,718.1,733.4,547.2,1,0.861,192.0,1,0.890,761.0,1,1.000,0.195,4,1,,,,,,0,323.4,,41.2
2296.855224,TURN,giro de esquina por IMU y reapertura frontal,20,25.00,284.17,PISTA,OK,3,333.5,333.5,713.6,733.1,542.7,1,0.806,188.5,1,0.863,765.5,1,1.000,0.196,4,1,,,,,,0,323.4,,75.3
2296.954380,TURN,giro de esquina por IMU y reapertura frontal,20,25.00,285.70,PISTA,OK,3,331.0,331.0,603.5,711.4,541.5,1,0.833,187.8,1,0.863,771.5,1,1.000,0.684,4,1,,,,,,0,323.4,,40.7
2297.054941,TURN,giro de esquina por IMU y reapertura frontal,20,25.00,286.50,PISTA,OK,3,326.0,326.0,2089.6,686.5,541.0,1,0.833,184.5,1,0.877,774.8,1,1.000,0.170,4,1,,,,,,0,323.4,,74.2
2297.155005,TURN,giro de esquina por IMU y reapertura frontal,20,25.00,288.11,PISTA,OK,3,322.0,322.0,2007.7,680.9,540.0,1,0.806,180.5,1,0.904,781.0,1,0.986,0.171,3,1,,,,,,0,323.4,,41.6
2297.253592,TURN,giro de esquina por IMU y reapertura frontal,20,25.00,289.57,PISTA,OK,3,318.5,318.5,594.5,633.2,807.7,1,0.778,178.5,1,0.863,786.0,1,0.986,0.545,3,1,,,,,,0,323.4,,73.9
2297.354921,TURN,giro de esquina por IMU y reapertura frontal,20,25.00,291.07,PISTA,OK,3,317.5,317.5,620.7,632.8,806.5,1,0.833,176.0,1,0.863,792.0,1,1.000,0.636,3,1,,,,,,0,323.4,,40.9
2297.453955,TURN,giro de esquina por IMU y reapertura frontal,20,25.00,291.79,PISTA,OK,3,315.5,315.5,616.2,631.0,798.7,1,0.889,175.5,1,0.918,797.0,1,1.000,0.704,3,1,,,,,,0,323.4,,72.2
2297.552821,TURN,giro de esquina por IMU y reapertura frontal,20,25.00,293.38,PISTA,OK,3,310.5,310.5,146.1,547.8,788.4,1,0.972,173.8,1,0.945,802.0,1,1.000,0.181,3,1,,,,,,0,323.4,,38.4
2297.652468,TURN,giro de esquina por IMU y reapertura frontal,20,25.00,294.86,PISTA,OK,3,312.5,312.5,142.8,526.2,781.1,1,1.000,169.5,1,0.932,754.5,1,0.986,0.180,3,1,,,,,,0,323.4,,72.7
2297.753049,TURN,giro de esquina por IMU y reapertura frontal,20,25.00,296.32,PISTA,OK,3,309.8,309.8,742.1,520.9,776.1,1,1.000,166.5,1,0.932,689.0,1,0.973,0.555,3,1,,,,,,0,323.4,,39.2
2297.852498,TURN,giro de esquina por IMU y reapertura frontal,20,25.00,297.77,PISTA,OK,3,308.2,308.2,1493.9,502.5,772.5,1,1.000,165.5,1,0.932,661.0,1,0.959,0.170,3,1,,,,,,0,323.4,,72.2
2297.950984,TURN,giro de esquina por IMU y reapertura frontal,20,25.00,298.59,PISTA,OK,3,310.0,310.0,143.0,493.6,766.3,1,1.000,163.0,1,0.973,638.5,1,0.973,0.178,4,1,,,,,,0,323.4,,35.6
2298.050320,TURN,giro de esquina por IMU y reapertura frontal,20,25.00,300.23,PISTA,OK,3,310.5,310.5,135.4,490.2,763.4,1,1.000,159.5,1,0.918,623.5,1,0.973,0.177,4,1,,,,,,0,323.4,,70.8
2298.151518,TURN,giro de esquina por IMU y reapertura frontal,20,25.00,301.77,PISTA,OK,3,310.5,310.5,149.3,458.3,756.9,1,0.972,158.5,1,0.959,558.5,1,0.959,0.184,3,0,,,,,,0,323.4,,38.4
2298.254880,TURN,giro de esquina por IMU y reapertura frontal,20,25.00,303.25,PISTA,OK,3,314.8,314.8,181.7,443.1,681.0,1,0.972,158.2,1,0.932,549.0,1,0.973,0.264,3,0,,,,,,0,323.4,,75.6
2298.353083,TURN,giro de esquina por IMU y reapertura frontal,20,25.00,304.07,PISTA,OK,3,316.8,316.8,139.2,426.0,674.3,1,0.972,156.0,1,0.959,529.0,1,0.973,0.186,4,0,,,,,,0,323.4,,37.3
2298.452987,TURN,giro de esquina por IMU y reapertura frontal,20,25.00,305.58,PISTA,OK,3,315.2,315.2,134.9,403.0,676.5,1,0.972,153.5,1,0.932,519.5,1,0.918,0.190,5,0,,,,,,0,323.4,,72.6
2298.554597,TURN,giro de esquina por IMU y reapertura frontal,20,25.00,307.07,PISTA,OK,3,317.8,317.8,130.4,398.1,675.2,1,0.972,152.0,1,0.945,485.5,1,0.959,0.190,5,0,,,,,,0,323.4,,39.1
2298.653275,TURN,giro de esquina por IMU y reapertura frontal,20,25.00,308.49,PISTA,OK,3,317.5,317.5,133.4,381.5,675.4,1,0.944,149.5,1,0.904,465.5,1,0.932,0.192,6,0,,,,,,0,323.4,,73.7
2298.753385,TURN,giro de esquina por IMU y reapertura frontal,20,25.00,309.97,PISTA,OK,3,323.5,323.5,123.8,378.3,672.7,1,0.972,148.0,1,0.945,452.0,1,0.945,0.195,6,0,,,,,,0,323.4,,38.6
2298.854341,TURN,giro de esquina por IMU y reapertura frontal,20,25.00,310.67,PISTA,OK,3,331.0,331.0,120.6,373.9,672.4,1,1.000,147.0,1,0.932,437.0,1,0.959,0.197,6,0,,,,,,0,323.4,,74.7
2298.954098,TURN,giro de esquina por IMU y reapertura frontal,20,25.00,312.10,PISTA,OK,3,332.5,332.5,114.4,384.0,673.3,1,1.000,144.0,1,0.918,430.0,1,0.945,0.201,6,0,,,,,,0,323.4,,40.4
2299.054035,TURN,giro de esquina por IMU y reapertura frontal,20,25.00,313.67,PISTA,OK,3,338.5,338.5,181.6,378.0,671.1,1,1.000,144.0,1,0.932,413.5,1,0.932,0.613,6,0,,,,,,0,323.4,,69.5
2299.153181,TURN,giro de esquina por IMU y reapertura frontal,20,25.00,314.46,PISTA,OK,3,346.0,346.0,181.0,370.5,666.5,1,0.944,141.5,1,0.904,397.5,1,0.932,0.510,5,0,,,,,,0,323.4,,39.6
2299.253264,TURN,giro de esquina por IMU y reapertura frontal,20,25.00,315.92,PISTA,OK,3,351.5,351.5,918.7,367.6,666.9,1,1.000,138.0,1,0.932,387.0,1,0.932,0.454,6,0,,,,,,0,323.4,,73.9
2299.352484,TURN,giro de esquina por IMU y reapertura frontal,20,25.00,317.39,PISTA,OK,3,354.0,354.0,905.4,360.3,660.9,1,1.000,136.5,1,0.918,376.5,1,0.918,0.582,6,0,,,,,,0,323.4,,39.5
2299.451954,TURN,giro de esquina por IMU y reapertura frontal,20,25.00,318.79,PISTA,OK,3,361.2,361.2,892.8,354.0,659.5,1,0.972,135.0,1,0.904,364.5,1,0.904,0.625,7,0,,,,,,0,323.4,,69.3
2299.551777,TURN,giro de esquina por IMU y reapertura frontal,20,25.00,320.15,PISTA,OK,3,361.5,361.5,847.7,347.8,657.7,1,1.000,135.2,1,0.918,359.5,1,0.904,0.494,7,0,,,,,,0,323.4,,38.9
2299.652566,TURN,giro de esquina por IMU y reapertura frontal,20,25.00,321.58,PISTA,OK,3,366.0,366.0,825.3,341.1,653.8,1,0.972,134.5,1,0.959,350.0,1,0.877,0.518,7,0,,,,,,0,323.4,,73.6
2299.751127,TURN,giro de esquina por IMU y reapertura frontal,21,25.00,322.33,PISTA,OK,3,389.0,389.0,853.0,335.6,653.6,1,0.972,133.0,1,0.932,346.2,1,0.918,0.811,7,0,,,,,,0,323.4,,37.6
2299.849907,TURN,giro de esquina por IMU y reapertura frontal,21,25.00,323.76,PISTA,OK,3,393.0,393.0,834.9,329.7,646.2,1,0.972,131.5,1,0.945,345.0,1,0.932,0.814,7,0,,,,,,0,323.4,,65.3
2299.951458,TURN,giro de esquina por IMU y reapertura frontal,21,25.00,325.37,PISTA,OK,3,395.5,395.5,818.9,323.6,641.2,1,0.972,132.8,1,0.959,329.0,1,0.918,0.823,6,0,,,,,,0,323.4,,38.7
2300.050908,TURN,giro de esquina por IMU y reapertura frontal,21,25.00,326.92,PISTA,OK,3,414.5,414.5,765.8,318.8,639.2,1,1.000,131.5,1,0.959,324.0,1,0.945,0.614,6,0,,,,,,0,323.4,,72.0
2300.150976,TURN,giro de esquina por IMU y reapertura frontal,21,25.00,327.67,PISTA,OK,3,427.0,427.0,745.0,314.3,632.4,1,0.972,128.5,1,0.945,313.0,1,0.932,0.622,6,0,,,,,,0,323.4,,38.4
2300.251192,TURN,giro de esquina por IMU y reapertura frontal,21,25.00,329.34,PISTA,OK,3,443.0,443.0,800.5,309.2,635.3,1,0.972,128.0,1,0.945,317.5,1,0.918,0.713,5,0,,,,,,0,323.4,,71.7
2300.352480,TURN,giro de esquina por IMU y reapertura frontal,21,25.00,330.86,PISTA,OK,3,460.5,460.5,730.0,305.5,643.9,1,0.972,127.2,1,0.973,307.0,1,0.877,0.656,5,0,,,,,,0,323.4,,39.0
2300.452080,TURN,giro de esquina por IMU y reapertura frontal,21,25.00,332.54,PISTA,OK,3,470.0,470.0,780.9,302.0,811.8,1,0.944,127.5,1,0.918,304.0,1,0.890,0.689,4,0,,,,,,0,323.4,,68.5
2300.553414,TURN,giro de esquina por IMU y reapertura frontal,21,25.00,334.16,PISTA,OK,3,490.0,490.0,771.7,298.9,821.2,1,0.972,125.5,1,0.973,300.2,1,0.918,0.676,4,0,,,,,,0,323.4,,40.9
2300.653612,TURN,giro de esquina por IMU y reapertura frontal,22,25.00,334.96,PISTA,OK,3,508.0,508.0,747.9,296.4,831.4,1,0.972,125.8,1,0.932,296.5,1,0.932,0.870,4,0,,,,,,0,323.4,,71.8
2300.754076,TURN,giro de esquina por IMU y reapertura frontal,22,25.00,336.69,PISTA,OK,3,534.0,534.0,736.7,294.1,842.5,1,0.972,125.0,1,0.932,292.5,1,0.890,0.851,4,0,,,,,,0,323.4,,41.4
2300.853646,TURN,giro de esquina por IMU y reapertura frontal,22,25.00,338.47,PISTA,OK,3,572.5,572.5,725.7,292.4,839.2,1,0.972,126.5,1,0.959,288.2,1,0.836,0.856,4,0,,,,,,0,323.4,,74.6
2300.954869,TURN,giro de esquina por IMU y reapertura frontal,22,25.00,340.04,PISTA,OK,3,594.5,594.5,716.5,291.9,845.8,1,1.000,125.2,1,0.973,284.5,1,0.945,0.846,4,0,,,,,,0,323.4,,107.0
2301.053221,TURN,giro de esquina por IMU y reapertura frontal,23,25.00,340.82,PISTA,OK,3,645.5,645.5,708.1,290.4,854.7,1,0.972,125.0,1,0.959,286.0,1,0.863,0.853,4,0,,,,,,0,323.4,,73.8
2301.154296,TURN,giro de esquina por IMU y reapertura frontal,23,25.00,343.52,PISTA,OK,3,654.5,654.5,699.6,290.9,870.5,1,0.917,125.0,1,0.945,284.5,1,0.877,0.866,4,1,,,,,,0,323.4,,38.6
2301.253795,TURN,giro de esquina por IMU y reapertura frontal,23,25.00,344.34,PISTA,OK,3,713.5,713.5,691.4,291.0,690.5,1,0.972,124.8,1,0.932,280.5,1,0.904,0.868,4,1,,,,,,0,323.4,,75.6
2301.354463,TURN,giro de esquina por IMU y reapertura frontal,24,25.00,346.18,PISTA,OK,3,791.5,791.5,683.0,291.6,654.1,1,0.917,124.0,1,0.945,283.0,1,0.932,0.877,4,1,,,,,,0,323.4,,39.4
2301.451293,CRUISE,esquina 4 verificada,25,21.00,347.13,PISTA,OK,4,847.0,1055.5,675.3,292.3,620.9,1,0.889,122.0,1,0.932,282.8,1,0.918,0.873,3,1,,,,,,0,323.4,,72.2
2301.550927,AVOID_APPROACH,pure-pursuit al punto de paso del pilar 73,25,25.00,349.06,PISTA,OK,4,896.5,1259.0,668.9,294.4,586.5,1,0.944,124.0,1,0.986,284.5,1,0.918,0.877,3,1,73,VERDE,-427.2,773.8,0.000,1,323.4,,37.4
2301.650038,AVOID_APPROACH,pure-pursuit al punto de paso del pilar 73,25,25.00,351.26,PISTA,OK,4,1068.0,1068.0,656.5,297.1,547.2,1,0.889,122.5,1,0.959,285.8,1,0.945,0.754,3,1,73,VERDE,-399.9,778.9,0.000,1,323.4,,71.2
2301.751243,AVOID_APPROACH,pure-pursuit al punto de paso del pilar 73,25,25.00,353.30,PISTA,OK,4,1857.5,1857.5,649.2,299.3,530.4,1,0.917,123.0,1,0.918,289.2,1,0.959,0.797,3,1,73,VERDE,-367.3,791.6,0.000,1,323.4,,39.0
2301.850772,AVOID_APPROACH,pure-pursuit al punto de paso del pilar 73,25,25.00,355.28,PISTA,OK,4,1253.0,1253.0,643.9,303.6,509.5,1,0.778,124.0,1,0.945,294.0,1,0.890,0.795,3,1,73,VERDE,-338.1,790.0,0.000,1,323.4,,72.2
2301.948972,AVOID_APPROACH,pure-pursuit al punto de paso del pilar 73,25,25.00,356.33,PISTA,OK,4,1841.5,1841.5,635.9,307.3,493.5,1,0.889,125.0,1,0.932,298.5,1,0.932,0.745,3,1,73,VERDE,-316.3,790.7,0.000,1,323.4,,103.7
2302.048260,AVOID_APPROACH,pure-pursuit al punto de paso del pilar 73,25,25.00,358.32,PISTA,OK,4,1834.0,1834.0,631.0,311.5,129.0,1,0.861,127.8,1,0.973,305.0,1,0.904,0.753,3,1,73,VERDE,-281.2,792.5,0.000,1,323.4,,69.7
2302.149721,AVOID_APPROACH,pure-pursuit al punto de paso del pilar 73,25,25.00,360.33,PISTA,OK,4,1830.5,1830.5,625.8,316.8,131.1,1,0.889,128.5,1,0.959,309.2,1,0.932,0.725,3,1,73,VERDE,-246.2,801.4,0.000,1,323.4,,104.6
2302.249351,AVOID_APPROACH,pure-pursuit al punto de paso del pilar 73,25,25.00,362.39,PISTA,OK,4,1827.5,1827.5,620.9,322.5,135.1,1,0.861,129.5,1,0.918,315.2,1,0.945,0.713,3,1,73,VERDE,-225.3,793.7,0.000,1,323.4,,69.2
2302.349647,AVOID_APPROACH,pure-pursuit al punto de paso del pilar 73,25,25.00,364.37,PISTA,OK,4,1820.0,1820.0,623.5,328.6,131.1,1,0.889,128.5,1,0.945,320.2,1,0.932,0.804,3,1,73,VERDE,-194.8,793.1,0.000,1,323.4,,105.3
2302.450503,AVOID_APPROACH,pure-pursuit al punto de paso del pilar 73,25,23.23,365.41,PISTA,OK,4,1812.5,1812.5,619.6,335.4,130.2,1,0.944,132.0,1,0.959,325.0,1,0.986,0.791,4,1,73,VERDE,-160.9,791.7,0.000,1,323.4,,71.9
2302.550823,AVOID_APPROACH,pure-pursuit al punto de paso del pilar 73,24,21.85,367.26,PISTA,OK,4,796.0,1805.5,607.9,342.0,130.4,1,0.944,133.0,1,0.945,329.0,1,1.000,0.663,4,1,73,VERDE,-136.8,787.5,0.000,1,323.4,,106.8
2302.654324,AVOID_APPROACH,pure-pursuit al punto de paso del pilar 73,24,20.10,369.16,PISTA,OK,4,789.5,1798.5,604.5,349.9,125.3,1,0.972,135.5,1,0.959,337.0,1,0.986,0.657,4,1,73,VERDE,-108.2,784.8,0.000,1,323.4,,75.5
2302.752578,AVOID_APPROACH,pure-pursuit al punto de paso del pilar 73,24,18.07,371.28,PISTA,OK,4,780.0,1794.8,602.5,358.2,124.7,1,0.972,137.5,1,0.945,341.0,1,1.000,0.665,4,1,73,VERDE,-76.2,782.3,0.000,1,323.4,,107.1
2302.852139,AVOID_APPROACH,pure-pursuit al punto de paso del pilar 73,24,16.33,372.30,PISTA,OK,4,774.0,1788.0,613.3,367.6,126.8,1,0.944,140.5,1,0.918,348.5,1,0.986,0.822,4,1,73,VERDE,-48.2,775.7,0.000,1,323.4,,73.1
2302.952661,AVOID_APPROACH,pure-pursuit al punto de paso del pilar 73,24,14.21,374.22,PISTA,OK,4,766.0,1789.0,611.1,378.2,125.2,1,0.889,143.8,1,0.890,354.5,1,0.986,0.806,3,1,73,VERDE,-15.9,769.8,0.000,1,323.4,,107.4
2303.051756,AVOID_APPROACH,pure-pursuit al punto de paso del pilar 73,24,12.37,376.32,PISTA,OK,4,768.5,768.5,678.5,389.5,121.6,1,0.917,145.5,1,0.877,360.5,1,1.000,0.256,3,1,73,VERDE,12.3,760.3,0.099,1,323.4,,69.0
2303.151642,AVOID_APPROACH,pure-pursuit al punto de paso del pilar 73,24,11.69,378.66,PISTA,OK,4,758.0,1371.5,700.9,402.8,122.1,1,0.917,147.8,1,0.904,368.8,1,1.000,0.222,3,1,73,VERDE,21.6,761.0,0.000,1,323.4,,104.2
2303.251352,AVOID_APPROACH,pure-pursuit al punto de paso del pilar 73,24,9.54,379.84,PISTA,OK,4,750.5,1356.5,695.9,417.7,124.7,1,0.944,152.2,1,0.904,377.5,1,1.000,0.225,3,1,73,VERDE,52.8,751.3,0.000,1,323.4,,73.7
2303.351561,AVOID_APPROACH,pure-pursuit al punto de paso del pilar 73,24,7.59,381.97,PISTA,OK,4,740.5,1348.0,685.3,433.8,128.2,1,0.944,154.8,1,0.932,385.0,1,0.986,0.324,3,1,73,VERDE,80.2,741.1,0.000,1,323.4,,36.7
2303.452398,AVOID_APPROACH,pure-pursuit al punto de paso del pilar 73,24,5.24,383.57,PISTA,OK,4,733.5,950.5,680.2,448.6,131.9,1,0.972,160.5,1,0.932,393.8,1,1.000,0.392,3,1,73,VERDE,112.1,729.2,0.000,1,323.4,,74.9
2303.550010,AVOID_APPROACH,pure-pursuit al punto de paso del pilar 73,24,3.49,385.52,PISTA,OK,4,730.0,896.0,690.6,463.9,135.2,1,0.972,164.2,1,0.918,398.2,1,1.000,0.328,3,1,73,VERDE,135.3,717.2,0.000,1,323.4,,104.6
2303.651771,AVOID_APPROACH,pure-pursuit al punto de paso del pilar 73,25,1.36,386.39,PISTA,OK,4,872.0,872.0,671.7,482.5,138.4,1,0.972,168.5,1,0.890,408.5,1,1.000,0.505,3,1,73,VERDE,162.3,702.8,0.000,1,323.4,,73.9
2303.751058,AVOID_APPROACH,pure-pursuit al punto de paso del pilar 73,25,0.26,387.48,PISTA,OK,4,844.0,844.0,650.5,496.8,141.7,1,0.972,173.0,1,0.918,416.0,1,1.000,0.683,3,1,73,VERDE,175.8,690.3,0.000,1,323.4,,39.5
2303.848834,AVOID_APPROACH,pure-pursuit al punto de paso del pilar 73,24,-1.12,388.52,PISTA,OK,4,826.5,826.5,640.8,510.6,149.1,1,0.972,180.5,1,0.945,424.0,1,1.000,0.757,3,1,73,VERDE,192.2,677.4,0.000,1,323.4,,70.5
2303.948726,AVOID_APPROACH,pure-pursuit al punto de paso del pilar 73,24,-2.24,389.26,PISTA,OK,4,803.5,803.5,628.4,523.8,153.2,1,1.000,185.2,1,0.973,431.0,1,1.000,0.852,3,1,73,VERDE,205.0,665.8,0.000,1,323.4,,104.9
2304.052697,AVOID_APPROACH,pure-pursuit al punto de paso del pilar 73,24,-2.97,389.71,PISTA,OK,4,783.5,783.5,624.6,534.8,160.1,1,0.972,194.0,1,0.945,437.0,1,1.000,0.844,3,1,73,VERDE,213.0,655.1,0.000,1,323.4,,74.5
2304.147732,AVOID_APPROACH,pure-pursuit al punto de paso del pilar 73,24,-3.37,389.90,PISTA,OK,4,774.5,774.5,619.1,544.6,165.9,1,0.972,201.8,1,0.945,443.8,1,1.000,0.846,3,1,73,VERDE,216.9,643.0,0.000,1,323.4,,102.2
2304.246811,AVOID_APPROACH,pure-pursuit al punto de paso del pilar 73,24,-3.88,390.08,PISTA,OK,4,758.0,758.0,611.3,554.0,177.4,1,1.000,211.0,1,0.945,448.5,1,1.000,0.875,3,1,73,VERDE,222.0,633.2,0.000,1,323.4,,68.9
2304.348205,AVOID_APPROACH,pure-pursuit al punto de paso del pilar 73,24,-3.98,390.16,PISTA,OK,4,751.0,751.0,605.5,560.8,186.6,1,0.972,220.0,1,0.932,454.0,1,1.000,0.864,3,1,73,VERDE,222.3,623.6,0.000,1,323.4,,104.5
2304.448161,AVOID_APPROACH,pure-pursuit al punto de paso del pilar 73,24,-4.28,390.15,PISTA,OK,4,742.0,742.0,601.1,568.6,196.3,1,0.944,228.5,1,0.945,461.0,1,1.000,0.837,3,1,73,VERDE,224.9,614.1,0.000,1,323.4,,69.1
2304.545821,AVOID_APPROACH,pure-pursuit al punto de paso del pilar 73,24,-3.73,390.11,PISTA,OK,4,729.0,729.0,595.6,575.1,205.2,1,0.944,237.0,1,0.932,465.5,1,1.000,0.835,3,1,73,VERDE,218.6,607.0,0.000,1,323.4,,102.3
2304.646693,AVOID_APPROACH,pure-pursuit al punto de paso del pilar 73,24,-3.96,390.04,PISTA,OK,4,729.5,729.5,593.0,580.7,214.7,1,0.944,245.5,1,0.918,469.5,1,1.000,0.787,3,1,73,VERDE,220.3,597.2,0.000,1,323.4,,67.5
2304.747080,AVOID_APPROACH,pure-pursuit al punto de paso del pilar 73,23,-4.18,390.03,PISTA,OK,4,724.0,724.0,584.5,587.3,223.4,1,1.000,253.0,1,0.986,475.5,1,1.000,0.814,3,1,73,VERDE,222.0,588.8,0.000,1,323.4,,104.1
2304.847239,AVOID_APPROACH,pure-pursuit al punto de paso del pilar 73,23,-4.33,390.02,PISTA,OK,4,720.5,720.5,578.2,593.1,232.6,1,0.972,260.5,1,0.973,480.0,1,1.000,0.803,2,1,73,VERDE,222.9,580.2,0.000,1,323.4,,70.0
2304.946485,AVOID_APPROACH,pure-pursuit al punto de paso del pilar 73,23,-4.16,389.95,PISTA,OK,4,708.5,708.5,573.8,598.3,242.2,1,0.972,269.0,1,0.973,485.0,1,1.000,0.773,2,1,73,VERDE,220.6,571.9,0.000,1,323.4,,101.7
2305.047855,AVOID_APPROACH,pure-pursuit al punto de paso del pilar 73,23,-4.11,389.93,PISTA,OK,4,698.5,698.5,566.6,604.9,249.7,1,1.000,275.0,1,0.973,491.0,1,1.000,0.779,2,1,73,VERDE,219.5,563.2,0.000,1,323.4,,70.1
2305.147787,AVOID_APPROACH,pure-pursuit al punto de paso del pilar 73,23,-4.53,389.87,PISTA,OK,4,692.0,692.0,550.3,610.7,259.9,1,0.972,284.5,1,0.959,496.0,1,1.000,0.899,3,1,73,VERDE,223.0,554.8,0.000,1,323.4,,104.0
2305.247762,AVOID_APPROACH,pure-pursuit al punto de paso del pilar 73,23,-4.35,389.84,PISTA,OK,4,688.5,688.5,555.8,616.6,265.2,1,0.944,290.2,1,0.932,499.5,1,1.000,0.764,3,2,73,VERDE,220.6,546.2,0.000,1,323.4,,65.6
2305.349249,AVOID_APPROACH,pure-pursuit al punto de paso del pilar 73,23,-4.38,389.79,PISTA,OK,4,685.5,685.5,550.2,621.9,274.3,1,0.944,298.0,1,0.932,505.8,1,1.000,0.737,3,2,73,VERDE,220.3,538.3,0.000,1,323.4,,104.7
2305.449285,AVOID_APPROACH,pure-pursuit al punto de paso del pilar 73,23,-4.28,389.73,PISTA,OK,4,674.0,674.0,532.8,626.1,284.2,1,0.944,306.5,1,0.932,511.0,1,1.000,0.848,3,2,73,VERDE,218.7,529.9,0.000,1,323.4,,72.3
2305.549260,AVOID_APPROACH,pure-pursuit al punto de paso del pilar 73,23,-4.23,389.60,PISTA,OK,4,672.5,672.5,525.7,632.3,292.7,1,0.917,313.5,1,0.945,516.0,1,1.000,0.865,3,2,73,VERDE,217.6,521.9,0.000,1,323.4,,105.1
2305.650444,AVOID_APPROACH,pure-pursuit al punto de paso del pilar 73,23,-4.24,389.49,PISTA,OK,4,666.0,666.0,520.5,635.3,302.5,1,0.944,324.0,1,0.973,521.0,1,1.000,0.802,3,2,73,VERDE,217.0,513.3,0.000,1,323.4,,72.6
2305.750695,AVOID_APPROACH,pure-pursuit al punto de paso del pilar 73,23,-4.71,389.45,PISTA,OK,4,661.0,661.0,512.7,640.3,309.5,1,0.972,331.0,1,0.945,525.5,1,1.000,0.812,3,2,73,VERDE,220.5,503.7,0.000,1,323.4,,39.8
2305.851510,AVOID_APPROACH,pure-pursuit al punto de paso del pilar 73,23,-4.09,389.32,PISTA,OK,4,647.5,647.5,520.8,646.0,319.0,1,0.944,339.5,1,0.959,530.0,1,1.000,0.618,3,2,73,VERDE,214.5,497.1,0.000,1,323.4,,75.1
2305.949477,AVOID_APPROACH,pure-pursuit al punto de paso del pilar 73,23,-4.37,389.19,PISTA,OK,4,641.8,641.8,516.3,650.9,327.6,1,0.944,346.5,1,0.945,534.5,1,1.000,0.584,3,2,73,VERDE,216.3,488.9,0.000,1,323.4,,38.7
2306.049095,AVOID_APPROACH,pure-pursuit al punto de paso del pilar 73,23,-4.46,389.09,PISTA,OK,4,643.0,643.0,510.5,654.7,337.6,1,0.944,355.0,1,0.945,539.5,1,1.000,0.546,3,2,73,VERDE,216.4,479.5,0.000,1,323.4,,70.4
2306.149119,AVOID_APPROACH,pure-pursuit al punto de paso del pilar 73,23,-4.21,389.07,PISTA,OK,4,631.5,631.5,503.3,660.0,346.7,1,0.944,364.5,1,0.959,544.5,1,1.000,0.553,3,2,73,VERDE,213.8,472.6,0.000,1,323.4,,105.1
2306.248154,AVOID_APPROACH,pure-pursuit al punto de paso del pilar 73,23,-4.05,388.98,PISTA,OK,4,632.0,632.0,496.7,668.2,356.6,1,0.972,375.0,1,0.959,548.5,1,1.000,0.616,3,2,73,VERDE,211.9,464.8,0.000,1,323.4,,68.8
2306.346125,AVOID_APPROACH,pure-pursuit al punto de paso del pilar 73,23,-4.09,388.92,PISTA,OK,4,625.0,625.0,489.4,667.9,508.7,1,0.944,473.5,1,0.959,552.5,1,1.000,0.504,3,2,73,VERDE,211.5,455.3,0.000,1,323.4,,102.7
2306.445248,AVOID_APPROACH,pure-pursuit al punto de paso del pilar 73,23,-4.17,388.82,PISTA,OK,4,631.5,631.5,486.9,673.7,509.9,1,0.944,467.5,1,0.973,558.0,1,1.000,0.463,3,2,73,VERDE,211.6,447.1,0.000,1,323.4,,64.3
2306.546200,AVOID_APPROACH,pure-pursuit al punto de paso del pilar 73,22,-4.09,388.72,PISTA,OK,4,608.0,608.0,478.8,678.2,515.0,1,0.944,460.5,1,0.932,561.2,1,1.000,0.488,3,2,73,VERDE,210.4,438.8,0.000,1,323.4,,103.4
2306.644811,AVOID_APPROACH,pure-pursuit al punto de paso del pilar 73,22,-4.56,388.69,PISTA,OK,4,609.0,609.0,468.4,684.1,521.4,1,0.972,462.0,1,0.973,568.0,1,1.000,0.566,3,2,73,VERDE,213.3,430.3,0.000,1,323.4,,66.7
2306.745039,AVOID_APPROACH,pure-pursuit al punto de paso del pilar 73,22,-4.29,388.60,PISTA,OK,4,596.0,596.0,464.4,687.7,523.8,1,0.972,447.5,1,0.932,570.5,1,1.000,0.493,3,2,73,VERDE,210.7,422.8,0.000,1,323.4,,101.3
2306.844671,AVOID_APPROACH,pure-pursuit al punto de paso del pilar 73,22,-4.23,388.50,PISTA,OK,4,588.2,588.2,452.6,692.0,530.8,1,0.972,441.0,1,0.959,574.8,1,1.000,0.616,3,2,73,VERDE,209.8,416.1,0.000,1,323.4,,68.2
2306.944574,AVOID_APPROACH,pure-pursuit al punto de paso del pilar 73,22,-4.31,388.38,PISTA,OK,4,589.0,589.0,445.0,695.6,532.9,1,1.000,435.5,1,0.973,579.0,1,1.000,0.620,3,2,73,VERDE,209.7,407.3,0.000,1,323.4,,101.2
2307.044766,AVOID_APPROACH,pure-pursuit al punto de paso del pilar 73,22,-4.19,388.31,PISTA,OK,4,578.0,578.0,432.0,699.5,537.0,1,1.000,429.5,1,0.959,584.0,1,1.000,0.738,3,2,73,VERDE,208.4,400.9,0.000,1,323.4,,67.5
2307.144122,AVOID_APPROACH,pure-pursuit al punto de paso del pilar 73,22,-4.11,388.20,PISTA,OK,4,576.0,576.0,426.1,705.1,541.5,1,1.000,425.5,1,0.945,588.5,1,1.000,0.744,3,2,73,VERDE,207.2,392.2,0.000,1,323.4,,101.7
2307.244633,AVOID_APPROACH,pure-pursuit al punto de paso del pilar 73,22,-4.28,388.08,PISTA,OK,4,573.0,573.0,421.1,709.0,545.4,1,1.000,418.8,1,0.986,592.0,1,1.000,0.737,3,2,73,VERDE,207.8,385.4,0.000,1,323.4,,67.3
2307.345691,AVOID_APPROACH,pure-pursuit al punto de paso del pilar 73,22,-4.05,387.95,PISTA,OK,4,559.5,559.5,414.9,715.3,552.1,1,0.972,413.0,1,0.986,597.5,1,0.986,0.770,3,2,73,VERDE,205.7,376.5,0.000,1,323.4,,103.3
2307.446872,AVOID_APPROACH,pure-pursuit al punto de paso del pilar 73,22,-4.36,387.88,PISTA,OK,4,559.5,559.5,409.9,717.1,557.8,1,1.000,407.0,1,1.000,601.0,1,1.000,0.734,3,2,73,VERDE,207.2,369.4,0.000,1,323.4,,66.1
2307.547224,AVOID_APPROACH,pure-pursuit al punto de paso del pilar 73,22,-4.33,387.81,PISTA,OK,4,557.0,557.0,406.5,722.6,556.6,1,1.000,404.8,1,0.959,605.5,1,1.000,0.727,3,2,73,VERDE,206.4,362.0,0.000,1,323.4,,103.3
2307.647703,AVOID_APPROACH,pure-pursuit al punto de paso del pilar 73,22,-3.83,387.72,PISTA,OK,4,547.5,547.5,399.6,726.4,566.0,1,1.000,394.5,1,0.973,611.0,1,1.000,0.742,3,2,73,VERDE,202.7,353.6,0.000,1,323.4,,71.3
2307.746949,AVOID_APPROACH,pure-pursuit al punto de paso del pilar 73,22,-3.70,387.65,PISTA,OK,4,538.0,538.0,393.8,730.4,568.5,1,1.000,396.0,1,0.945,614.5,1,1.000,0.749,3,2,73,VERDE,201.3,345.7,0.000,1,323.4,,104.7
2307.847322,AVOID_APPROACH,pure-pursuit al punto de paso del pilar 73,22,-3.80,387.56,PISTA,OK,4,538.0,538.0,389.7,738.6,573.4,1,1.000,385.5,1,0.959,619.2,1,1.000,0.781,3,2,73,VERDE,201.4,338.0,0.000,1,323.4,,68.4
2307.948459,AVOID_APPROACH,pure-pursuit al punto de paso del pilar 73,22,-3.52,387.50,PISTA,OK,4,528.0,528.0,382.4,740.3,576.3,1,1.000,388.0,1,0.945,622.5,1,1.000,0.757,3,2,73,VERDE,199.3,330.8,0.000,1,323.4,,38.1
2308.047573,AVOID_APPROACH,pure-pursuit al punto de paso del pilar 73,22,-3.47,387.41,PISTA,OK,4,524.5,524.5,377.7,747.7,578.3,1,1.000,378.0,1,0.959,627.0,1,1.000,0.820,3,2,73,VERDE,198.6,323.0,0.000,1,323.4,,72.0
2308.147066,AVOID_APPROACH,pure-pursuit al punto de paso del pilar 73,22,-3.52,387.31,PISTA,OK,4,513.5,513.5,370.7,748.5,585.7,1,1.000,370.0,1,0.932,631.5,1,1.000,0.778,2,2,73,VERDE,198.5,316.3,0.000,1,323.4,,104.6
2308.247505,AVOID_APPROACH,pure-pursuit al punto de paso del pilar 73,22,-3.80,387.23,PISTA,OK,4,512.5,512.5,366.3,752.9,589.4,1,1.000,363.5,1,0.959,636.0,1,1.000,0.764,2,2,73,VERDE,199.5,308.3,0.000,1,323.4,,66.6
2308.346087,AVOID_APPROACH,pure-pursuit al punto de paso del pilar 73,22,-3.69,387.16,PISTA,OK,4,516.5,516.5,360.5,756.3,596.8,1,1.000,366.5,1,0.945,638.5,1,1.000,0.751,2,2,73,VERDE,198.4,301.2,0.000,1,323.4,,102.2
2308.445328,AVOID_APPROACH,pure-pursuit al punto de paso del pilar 73,21,-3.96,387.02,PISTA,OK,4,491.5,491.5,368.7,754.5,604.1,1,1.000,359.0,1,0.959,644.0,1,1.000,0.242,2,2,73,VERDE,199.2,292.6,0.000,1,323.4,,66.2
2308.544852,AVOID_APPROACH,pure-pursuit al punto de paso del pilar 73,21,-3.67,386.90,PISTA,OK,4,489.0,489.0,349.6,766.8,604.1,1,1.000,348.5,1,0.973,648.5,1,1.000,0.767,2,2,73,VERDE,197.4,286.4,0.000,1,323.4,,101.6
2308.648636,AVOID_PASS,manteniendo rumbo mientras pasa el pilar 73,21,0.00,386.79,PISTA,OK,4,486.5,486.5,344.3,772.0,603.3,1,1.000,345.5,1,0.918,651.8,1,1.000,0.817,2,2,73,VERDE,197.7,278.4,0.000,1,0.0,,70.1
2308.742060,AVOID_PASS,manteniendo rumbo mientras pasa el pilar 73,21,0.05,386.74,PISTA,OK,4,477.5,477.5,339.8,773.3,612.7,1,1.000,342.0,1,0.945,656.5,1,1.000,0.758,2,2,73,VERDE,197.2,272.8,0.000,1,7.8,,99.5
2308.843939,AVOID_PASS,manteniendo rumbo mientras pasa el pilar 73,21,0.19,386.60,PISTA,OK,4,478.0,478.0,333.3,774.7,615.2,1,1.000,335.5,1,0.904,658.2,1,1.000,0.769,2,2,73,VERDE,195.7,265.0,0.000,1,16.4,,67.6
2308.943575,AVOID_PASS,manteniendo rumbo mientras pasa el pilar 73,21,0.24,386.55,PISTA,OK,4,473.5,473.5,329.2,781.6,620.9,1,1.000,327.5,1,0.932,662.0,1,1.000,0.829,2,2,73,VERDE,195.1,258.1,0.000,1,24.8,,101.7
2309.042993,AVOID_PASS,manteniendo rumbo mientras pasa el pilar 73,21,0.29,386.50,PISTA,OK,4,465.0,465.0,324.8,788.1,625.4,1,1.000,326.0,1,0.918,667.2,1,1.000,0.846,2,2,73,VERDE,195.2,251.1,0.000,1,33.1,,63.5
2309.140916,AVOID_PASS,manteniendo rumbo mientras pasa el pilar 73,21,0.30,386.49,PISTA,OK,4,458.5,458.5,319.4,789.3,626.0,1,1.000,320.5,1,0.918,671.0,1,1.000,0.798,2,2,73,VERDE,194.6,244.4,0.000,1,41.4,,98.3
2309.241669,AVOID_PASS,manteniendo rumbo mientras pasa el pilar 73,21,0.36,386.43,PISTA,OK,4,452.0,452.0,314.4,776.0,634.4,1,1.000,314.5,1,0.904,675.0,1,1.000,0.591,2,2,73,VERDE,195.6,236.2,0.000,1,49.8,,65.6
2309.341533,AVOID_PASS,manteniendo rumbo mientras pasa el pilar 73,21,0.40,386.39,PISTA,OK,4,447.5,447.5,310.5,804.1,640.2,1,1.000,316.5,1,0.904,678.5,1,1.000,0.880,2,2,73,VERDE,194.9,228.9,0.000,1,58.2,,85.2
2309.439611,AVOID_PASS,manteniendo rumbo mientras pasa el pilar 73,21,0.45,386.34,PISTA,OK,4,443.5,443.5,305.7,805.4,641.2,1,1.000,312.5,1,0.932,681.8,1,1.000,0.866,2,2,73,VERDE,195.9,221.6,0.000,1,66.4,,57.7
2309.541130,AVOID_PASS,manteniendo rumbo mientras pasa el pilar 73,21,0.47,386.32,PISTA,OK,4,440.5,440.5,300.7,809.6,641.0,1,1.000,308.0,1,0.890,687.0,1,1.000,0.922,3,2,73,VERDE,193.4,215.5,0.000,1,75.0,,82.9
2309.640844,AVOID_PASS,manteniendo rumbo mientras pasa el pilar 73,21,0.52,386.27,PISTA,OK,4,431.0,431.0,296.7,812.9,651.2,1,1.000,299.0,1,0.904,691.0,1,1.000,0.912,3,2,73,VERDE,194.0,209.3,0.000,1,83.3,,65.6
2309.740827,AVOID_PASS,manteniendo rumbo mientras pasa el pilar 73,21,0.57,386.22,PISTA,OK,4,429.0,429.0,292.6,817.0,650.8,1,1.000,296.0,1,0.890,695.5,1,1.000,0.891,4,2,73,VERDE,195.2,201.6,0.000,1,91.7,,85.5
2309.841760,AVOID_PASS,manteniendo rumbo mientras pasa el pilar 73,21,0.64,386.15,PISTA,OK,4,422.5,422.5,287.8,821.3,657.8,1,1.000,286.0,1,0.849,698.5,1,1.000,0.907,5,2,73,VERDE,193.9,194.4,0.000,1,100.2,,65.8
2309.942843,AVOID_PASS,manteniendo rumbo mientras pasa el pilar 73,21,0.68,386.11,PISTA,OK,4,421.2,421.2,282.5,825.4,660.2,1,1.000,277.5,1,0.849,701.5,1,1.000,0.911,5,2,73,VERDE,195.3,186.6,0.000,1,108.7,,86.5
2310.042204,AVOID_PASS,manteniendo rumbo mientras pasa el pilar 73,21,0.75,386.04,PISTA,OK,4,399.5,399.5,278.0,830.3,663.3,1,1.000,282.0,1,0.918,704.8,1,1.000,0.910,5,2,73,VERDE,194.5,178.5,0.000,1,117.1,,66.0
2310.143258,AVOID_PASS,manteniendo rumbo mientras pasa el pilar 73,25,0.83,385.96,PISTA,OK,4,958.0,1479.0,273.1,835.0,671.7,1,1.000,274.5,1,0.863,711.5,1,1.000,0.927,5,2,73,VERDE,195.6,170.8,0.000,1,125.5,,83.5
2310.243098,AVOID_PASS,manteniendo rumbo mientras pasa el pilar 73,25,0.90,385.89,PISTA,OK,4,1187.0,1187.0,268.8,837.8,677.8,1,1.000,272.0,1,0.890,714.5,1,1.000,0.905,5,2,73,VERDE,197.9,164.2,0.000,1,135.5,,67.1
2310.343286,AVOID_PASS,manteniendo rumbo mientras pasa el pilar 73,25,1.02,385.77,PISTA,OK,4,1349.2,1349.2,262.7,842.0,681.9,1,1.000,264.5,1,0.890,720.0,1,1.000,0.913,5,2,73,VERDE,195.2,155.5,0.000,1,145.6,,102.0
2310.448866,AVOID_PASS,manteniendo rumbo mientras pasa el pilar 73,25,1.05,385.74,PISTA,OK,4,1339.5,1339.5,256.7,847.8,681.5,1,1.000,259.5,1,0.932,724.5,1,1.000,0.898,5,2,73,VERDE,193.9,150.1,0.000,1,156.1,,72.1
2310.544303,AVOID_PASS,manteniendo rumbo mientras pasa el pilar 73,25,1.08,385.71,PISTA,OK,4,1330.0,1330.0,251.7,853.1,689.3,1,1.000,251.0,1,0.849,729.5,1,1.000,0.891,5,2,73,VERDE,193.8,140.7,0.095,1,165.7,,101.6
2310.642633,AVOID_PASS,manteniendo rumbo mientras pasa el pilar 73,25,1.16,385.63,PISTA,OK,4,1322.5,1322.5,245.8,860.8,693.8,1,1.000,244.0,1,0.890,733.5,1,1.000,0.906,5,2,73,VERDE,192.8,131.2,0.000,1,175.5,,67.2
2310.743107,AVOID_PASS,manteniendo rumbo mientras pasa el pilar 73,25,1.21,385.58,PISTA,OK,4,1314.5,1314.5,240.7,862.0,694.0,1,1.000,245.0,1,0.849,739.0,1,1.000,0.837,5,2,73,VERDE,192.7,121.3,0.100,1,185.5,,101.6
2310.843431,AVOID_PASS,manteniendo rumbo mientras pasa el pilar 73,25,1.24,385.55,PISTA,OK,4,1305.5,1305.5,235.6,867.7,701.6,1,1.000,237.5,1,0.863,742.5,1,1.000,0.842,5,2,73,VERDE,192.6,111.4,0.201,1,195.6,,68.1
2310.940503,AVOID_PASS,manteniendo rumbo mientras pasa el pilar 73,25,1.25,385.52,PISTA,OK,4,1295.0,1295.0,229.9,777.3,709.4,1,1.000,225.0,1,0.849,748.5,1,1.000,0.215,5,2,73,VERDE,192.5,101.8,0.298,1,205.3,,97.4
2311.041480,AVOID_PASS,manteniendo rumbo mientras pasa el pilar 73,25,0.23,385.45,PISTA,OK,4,1285.0,1285.0,224.5,780.3,709.4,1,1.000,227.2,1,0.822,751.5,1,1.000,0.216,3,2,73,VERDE,192.4,91.9,0.399,1,215.4,,65.3
2311.141354,AVOID_PASS,manteniendo rumbo mientras pasa el pilar 73,25,-0.79,385.37,PISTA,OK,4,1277.0,1277.0,219.2,789.2,718.4,1,1.000,215.5,1,0.795,757.5,1,1.000,0.217,3,2,73,VERDE,192.4,91.9,0.399,0,225.4,,100.5
2311.240646,AVOID_PASS,manteniendo rumbo mientras pasa el pilar 73,25,-1.81,385.27,PISTA,OK,4,1270.5,1270.5,213.8,795.9,718.0,1,1.000,221.0,1,0.795,761.2,1,1.000,0.231,3,2,73,VERDE,192.4,91.9,0.399,0,235.3,,64.8
2311.338775,AVOID_PASS,manteniendo rumbo mientras pasa el pilar 73,25,-2.80,385.23,PISTA,OK,4,1256.5,1256.5,208.8,819.0,727.8,1,1.000,221.0,1,0.781,767.0,1,1.000,0.355,3,2,73,VERDE,192.4,91.9,0.399,0,245.1,,84.4
2311.439625,AVOID_PASS,manteniendo rumbo mientras pasa el pilar 73,25,-3.88,385.15,PISTA,OK,4,1251.5,1251.5,203.2,829.4,730.7,1,1.000,201.0,1,0.822,771.0,1,1.000,0.377,1,1,73,VERDE,192.4,91.9,0.399,0,255.2,,64.6
2311.538500,AVOID_PASS,manteniendo rumbo mientras pasa el pilar 73,25,-4.72,385.06,PISTA,OK,4,1241.5,1241.5,198.9,821.4,731.1,1,1.000,207.0,1,0.671,776.8,1,1.000,0.303,1,1,73,VERDE,192.4,91.9,0.399,0,265.1,,85.3
2311.639108,AVOID_PASS,manteniendo rumbo mientras pasa el pilar 73,25,-5.73,384.96,PISTA,OK,4,1236.0,1236.0,193.7,852.7,737.2,1,1.000,196.5,1,0.740,781.0,1,1.000,0.468,1,1,73,VERDE,192.4,91.9,0.399,0,275.1,,62.3
2311.739065,AVOID_PASS,manteniendo rumbo mientras pasa el pilar 73,25,-6.73,384.93,PISTA,OK,4,1227.0,1227.0,188.7,913.1,745.4,1,1.000,189.0,1,0.726,785.0,1,1.000,0.852,1,1,73,VERDE,192.4,91.9,0.399,0,285.1,,83.1
2311.839989,AVOID_PASS,manteniendo rumbo mientras pasa el pilar 73,25,-7.77,384.87,PISTA,OK,4,1212.0,1212.0,183.6,917.3,746.7,1,1.000,178.0,1,0.685,790.2,1,1.000,0.858,1,1,73,VERDE,192.4,91.9,0.399,0,295.2,,62.9
2311.939538,AVOID_PASS,manteniendo rumbo mientras pasa el pilar 73,25,-8.62,384.70,PISTA,OK,4,1204.5,1204.5,179.1,921.0,747.9,1,1.000,182.5,1,0.671,234.0,1,0.986,0.818,0,0,73,VERDE,192.4,91.9,0.399,0,305.2,,86.4
2312.040126,AVOID_PASS,manteniendo rumbo mientras pasa el pilar 73,25,-9.73,384.42,PISTA,OK,4,1195.0,1195.0,173.2,826.8,755.3,1,1.000,168.0,1,0.685,206.0,1,0.973,0.265,1,0,73,VERDE,192.4,91.9,0.399,0,315.2,,62.6
2312.142552,RECENTER,reincorporacion tras 325 mm de sobrepaso estimado,25,-12.05,384.01,PISTA,OK,4,1184.5,1184.5,169.3,823.1,758.9,1,0.972,166.8,1,0.644,188.5,1,0.973,0.228,1,0,73,VERDE,192.4,91.9,0.399,0,325.5,,88.8
2312.241384,RECENTER,reincorporando por posicion lateral,25,-11.94,383.78,PISTA,OK,4,1173.5,1173.5,163.6,835.0,777.4,1,1.000,163.5,1,0.658,179.0,1,0.986,0.293,1,0,73,VERDE,192.4,91.9,0.399,0,325.5,,63.7
2312.340926,RECENTER,reincorporando por posicion lateral,25,-15.94,383.13,PISTA,OK,4,1162.5,1162.5,159.3,922.6,779.8,1,0.972,154.5,1,0.603,175.0,1,0.973,0.835,1,0,73,VERDE,192.4,91.9,0.399,0,325.5,,100.3
2312.444693,RECENTER,reincorporando por posicion lateral,25,-19.94,382.30,PISTA,OK,4,1148.0,1148.0,154.8,924.3,790.9,1,1.000,151.0,1,0.616,173.5,1,0.986,0.881,1,0,73,VERDE,192.4,91.9,0.399,0,325.5,,69.0
2312.542303,RECENTER,reincorporando por posicion lateral,25,-20.00,381.35,PISTA,OK,4,1131.5,1131.5,151.4,917.1,796.2,1,0.972,144.0,1,0.658,174.0,1,0.973,0.826,1,0,73,VERDE,192.4,91.9,0.399,0,325.5,,101.6
2312.642275,RECENTER,reincorporando por posicion lateral,25,-20.00,379.79,PISTA,OK,4,1118.5,1118.5,148.5,915.2,800.3,1,0.917,146.5,1,0.671,172.0,1,0.973,0.859,1,0,73,VERDE,192.4,91.9,0.399,0,325.5,,67.1
2312.743326,RECENTER,reincorporando por posicion lateral,25,-20.00,378.89,PISTA,OK,4,1100.0,1100.0,146.6,908.0,823.2,1,0.861,146.0,1,0.562,172.0,1,0.986,0.877,1,0,73,VERDE,192.4,91.9,0.399,0,325.5,,102.1
2312.843092,RECENTER,reincorporando por posicion lateral,25,-20.00,377.15,PISTA,OK,4,1085.0,1085.0,144.0,905.0,486.6,1,0.917,144.5,1,0.493,169.0,1,0.986,0.871,2,0,73,VERDE,192.4,91.9,0.399,0,325.5,,68.0
2312.942844,RECENTER,reincorporando por posicion lateral,25,-20.00,375.31,PISTA,OK,4,1067.5,1067.5,143.0,895.6,474.2,1,0.778,139.0,1,0.658,166.0,1,0.973,0.869,2,0,73,VERDE,192.4,91.9,0.399,0,325.5,,102.1
2313.041918,RECENTER,reincorporando por posicion lateral,25,-20.00,373.65,PISTA,OK,4,1055.0,1055.0,141.8,885.7,394.4,1,0.778,143.0,1,0.548,164.0,1,1.000,0.814,2,0,73,VERDE,192.4,91.9,0.399,0,325.5,,67.0
2313.141923,RECENTER,reincorporando por posicion lateral,25,-16.00,371.91,PISTA,OK,4,1040.5,1040.5,120.4,879.0,369.8,1,0.778,139.2,1,0.603,161.0,1,0.973,0.218,2,0,73,VERDE,192.4,91.9,0.399,0,325.5,,100.9
2313.241626,RECENTER,reincorporando por posicion lateral,25,-12.00,370.98,PISTA,OK,4,1028.5,1028.5,125.5,871.1,342.0,1,0.750,141.0,1,0.671,157.0,1,0.973,0.218,1,0,73,VERDE,192.4,91.9,0.399,0,325.5,,66.5
2313.340724,RECENTER,reincorporando por posicion lateral,25,-8.00,369.18,PISTA,OK,4,1017.5,1017.5,136.4,862.4,314.6,1,0.639,140.0,1,0.548,156.0,1,0.945,0.222,1,0,73,VERDE,192.4,91.9,0.399,0,325.5,,93.9
2313.440417,RECENTER,reincorporando por posicion lateral,25,-4.00,367.20,PISTA,OK,4,1008.5,1008.5,152.7,854.5,354.0,1,0.472,139.8,1,0.575,154.0,1,0.918,0.221,1,0,73,VERDE,192.4,91.9,0.399,0,325.5,,64.3
2313.539450,RECENTER,reincorporando por posicion lateral,25,-2.64,365.19,PISTA,OK,4,998.5,998.5,143.2,846.5,272.0,1,0.639,140.8,1,0.562,153.0,1,0.918,0.224,1,0,73,VERDE,192.4,91.9,0.399,0,325.5,,99.3
2313.639142,RECENTER,reincorporando por posicion lateral,25,-2.29,364.49,PISTA,OK,4,988.0,988.0,167.7,839.0,274.8,1,0.639,140.8,1,0.630,152.5,1,0.945,0.221,1,0,73,VERDE,192.4,91.9,0.399,0,325.5,,64.5
2313.737030,RECENTER,reincorporando por posicion lateral,25,-1.74,363.38,PISTA,OK,4,977.0,977.0,183.9,833.1,257.0,1,0.639,140.5,1,0.575,153.2,1,0.945,0.219,1,0,73,VERDE,192.4,91.9,0.399,0,325.5,,84.0
2313.838062,RECENTER,reincorporando por posicion lateral,25,-1.25,362.39,PISTA,OK,4,964.5,964.5,188.0,819.8,251.1,1,0.694,140.0,1,0.644,155.2,1,0.904,0.220,1,0,73,VERDE,192.4,91.9,0.399,0,325.5,,63.4
2313.938553,RECENTER,reincorporando por posicion lateral,25,-0.81,361.52,PISTA,OK,4,956.0,956.0,203.5,820.8,271.3,1,0.639,141.0,1,0.616,156.2,1,0.918,0.219,1,0,73,VERDE,192.4,91.9,0.399,0,325.5,,87.3
2314.037368,RECENTER,reincorporando por posicion lateral,25,-0.62,361.14,PISTA,OK,4,945.5,945.5,210.1,816.3,255.1,1,0.694,144.5,1,0.616,157.8,1,0.918,0.223,2,0,73,VERDE,192.4,91.9,0.399,0,325.5,,63.2
2314.137113,RECENTER,reincorporando por posicion lateral,25,-0.23,360.35,PISTA,OK,4,935.5,935.5,217.1,814.7,247.5,1,0.694,148.0,1,0.575,159.0,1,0.904,0.222,2,0,73,VERDE,192.4,91.9,0.399,0,325.5,,84.0
2314.238356,RECENTER,reincorporando por posicion lateral,25,0.15,359.60,PISTA,OK,4,926.0,926.0,234.8,814.3,234.2,1,0.806,153.5,1,0.589,160.8,1,0.918,0.222,2,0,73,VERDE,192.4,91.9,0.399,0,325.5,,63.0
2314.338230,RECENTER,reincorporando por posicion lateral,25,0.53,358.83,PISTA,OK,4,915.5,915.5,236.1,813.5,245.5,1,0.611,162.0,1,0.548,163.2,1,0.849,0.224,2,0,73,VERDE,192.4,91.9,0.399,0,325.5,,87.5
2314.436654,RECENTER,reincorporando por posicion lateral,25,0.87,358.17,PISTA,OK,4,905.5,905.5,256.4,813.6,227.2,1,0.778,163.0,1,0.603,165.0,1,0.890,0.221,2,0,73,VERDE,192.4,91.9,0.399,0,325.5,,61.7
2314.537919,RECENTER,reincorporando por posicion lateral,25,1.03,357.83,PISTA,OK,4,897.5,897.5,239.8,818.7,222.0,1,0.778,165.0,1,0.493,167.2,1,0.918,0.226,2,0,73,VERDE,192.4,91.9,0.399,0,325.5,,86.3
2314.638475,RECENTER,reincorporando por posicion lateral,25,1.40,357.10,PISTA,OK,4,888.5,888.5,260.3,814.0,224.3,1,0.750,169.0,1,0.589,172.5,1,0.890,0.222,2,0,73,VERDE,192.4,91.9,0.399,0,325.5,,62.3
2314.738966,RECENTER,reincorporando por posicion lateral,25,1.70,356.51,PISTA,OK,4,877.5,877.5,279.0,813.7,210.9,1,0.722,178.0,1,0.548,177.2,1,0.918,0.221,2,0,73,VERDE,192.4,91.9,0.399,0,325.5,,88.1
2314.840076,RECENTER,reincorporando por posicion lateral,25,2.00,355.91,PISTA,OK,4,869.5,869.5,289.0,802.2,221.8,1,0.694,175.0,1,0.616,180.8,1,0.904,0.202,2,0,73,VERDE,192.4,91.9,0.399,0,325.5,,60.8
2314.941724,RECENTER,reincorporando por posicion lateral,25,2.28,355.34,PISTA,OK,4,860.5,860.5,282.5,806.5,197.8,1,0.667,184.5,1,0.589,184.5,1,0.918,0.218,2,0,73,VERDE,192.4,91.9,0.399,0,325.5,,96.5
2315.041024,RECENTER,reincorporando por posicion lateral,25,2.38,355.15,PISTA,OK,4,851.5,851.5,301.6,807.0,221.2,1,0.833,199.2,1,0.630,187.8,1,0.959,0.218,2,0,73,VERDE,192.4,91.9,0.399,0,325.5,,66.1
2315.139219,RECENTER,reincorporando por posicion lateral,24,2.61,354.68,PISTA,OK,4,841.5,841.5,334.7,808.1,219.3,1,0.778,200.8,1,0.658,191.2,1,0.959,0.212,2,0,73,VERDE,192.4,91.9,0.399,0,325.5,,99.4
2315.242950,RECENTER,reincorporando por posicion lateral,24,2.84,354.22,PISTA,OK,4,832.0,832.0,317.0,807.5,209.7,1,0.778,204.5,1,0.671,199.2,1,0.932,0.215,3,0,73,VERDE,192.4,91.9,0.399,0,325.5,,69.6
2315.340546,RECENTER,reincorporando por posicion lateral,24,2.93,354.04,AZUL,OK,4,822.5,822.5,343.2,808.2,204.8,1,0.806,215.5,1,0.658,202.5,1,0.932,0.214,3,0,73,VERDE,192.4,91.9,0.399,0,325.5,,101.3
2315.439641,RECENTER,reincorporando por posicion lateral,24,3.09,353.72,PISTA,OK,4,812.5,812.5,367.0,808.8,227.6,1,0.694,224.0,1,0.644,210.2,1,0.890,0.213,3,0,73,VERDE,192.4,91.9,0.399,0,325.5,,65.7
2315.539246,RECENTER,reincorporando por posicion lateral,24,3.27,353.36,PISTA,OK,4,803.5,803.5,417.3,812.9,213.1,1,0.694,220.8,1,0.603,217.5,1,0.890,0.207,3,0,73,VERDE,192.4,91.9,0.399,0,325.5,,86.9
2315.639013,RECENTER,reincorporando por posicion lateral,24,3.40,353.09,PISTA,OK,4,793.5,793.5,439.7,813.6,207.7,1,0.722,227.2,1,0.671,224.5,1,0.904,0.205,3,0,73,VERDE,192.4,91.9,0.399,0,325.5,,65.6
2315.740150,RECENTER,reincorporando por posicion lateral,24,3.56,352.78,PISTA,OK,4,785.0,785.0,456.8,813.4,213.5,1,0.694,233.5,1,0.671,231.0,1,0.890,0.207,3,0,73,VERDE,192.4,91.9,0.399,0,325.5,,88.5
2315.838101,RECENTER,reincorporando por posicion lateral,24,3.63,352.63,PISTA,OK,4,776.0,776.0,461.8,813.1,210.3,1,0.639,243.5,1,0.699,237.2,1,0.863,0.209,3,0,73,VERDE,192.4,91.9,0.399,0,325.5,,65.0
2315.937386,RECENTER,reincorporando por posicion lateral,24,3.77,352.35,PISTA,OK,4,767.0,767.0,497.0,813.3,218.5,1,0.778,250.5,1,0.685,242.2,1,0.932,0.207,3,0,73,VERDE,192.4,91.9,0.399,0,325.5,,86.2
2316.038440,RECENTER,reincorporando por posicion lateral,24,3.91,352.07,PISTA,OK,4,758.0,758.0,547.6,812.6,210.7,1,0.722,257.2,1,0.753,252.0,1,0.932,0.195,3,0,73,VERDE,192.4,91.9,0.399,0,325.5,,64.3
2316.136417,RECENTER,reincorporando por posicion lateral,24,-0.09,351.78,PISTA,OK,4,748.5,748.5,834.0,811.6,216.4,1,0.583,258.0,1,0.671,257.5,1,0.932,0.814,3,0,73,VERDE,192.4,91.9,0.399,0,325.5,,84.9
2316.235411,CRUISE,reincorporacion verificada,24,-4.09,351.64,PISTA,OK,4,739.0,739.0,827.0,811.4,225.2,1,0.694,265.5,1,0.699,264.5,1,0.959,0.816,3,0,,,,,,0,325.5,,61.0
2316.336580,CRUISE,crucero centrado por paredes,24,-0.09,351.48,PISTA,OK,4,731.0,731.0,602.1,810.7,232.7,1,0.667,271.5,1,0.740,270.5,1,0.918,0.202,3,0,,,,,,0,325.5,,82.5
2316.434979,CRUISE,crucero centrado por paredes,23,3.91,351.15,PISTA,OK,4,721.5,721.5,5590.9,809.9,235.7,1,0.750,280.5,1,0.740,278.5,1,0.945,0.184,3,0,,,,,,0,325.5,,59.3
2316.535099,CRUISE,crucero centrado por paredes,23,-0.09,350.73,PISTA,OK,4,714.5,714.5,787.0,810.2,235.3,1,0.806,285.5,1,0.863,284.5,1,0.945,0.817,3,0,,,,,,0,325.5,,82.8
2316.636224,CRUISE,crucero centrado por paredes,23,3.91,350.60,PISTA,OK,4,704.5,704.5,10057.1,809.1,251.6,1,0.778,294.0,1,0.808,290.0,1,0.945,0.185,3,0,,,,,,0,325.5,,62.2
2316.736380,CRUISE,crucero centrado por paredes,23,-0.09,350.47,PISTA,OK,4,696.0,696.0,685.8,808.3,244.9,1,0.750,305.5,1,0.781,299.0,1,0.945,0.416,3,0,,,,,,0,325.5,,80.4
2316.837134,TURN,giro de esquina por IMU y reapertura frontal,23,25.00,350.25,PISTA,OK,4,687.0,687.0,757.1,807.5,252.5,1,0.833,309.0,1,0.863,307.2,1,0.932,0.617,3,0,,,,,,0,325.5,,61.9
2316.936849,TURN,giro de esquina por IMU y reapertura frontal,23,25.00,349.64,PISTA,OK,4,680.0,680.0,862.7,806.2,258.9,1,0.778,320.0,1,0.808,312.2,1,0.932,0.254,3,0,,,,,,0,325.5,,84.9
2317.036546,TURN,giro de esquina por IMU y reapertura frontal,23,25.00,349.01,PISTA,OK,4,672.0,672.0,916.1,806.7,263.4,1,0.861,330.5,1,0.863,318.5,1,0.959,0.196,2,0,,,,,,0,325.5,,63.4
2317.137518,TURN,giro de esquina por IMU y reapertura frontal,23,25.00,350.65,PISTA,OK,4,662.0,662.0,881.3,804.1,275.3,1,0.861,334.0,1,0.849,325.8,1,0.973,0.295,2,0,,,,,,0,325.5,,84.8
2317.237786,TURN,giro de esquina por IMU y reapertura frontal,23,25.00,352.57,PISTA,OK,4,656.5,656.5,646.7,805.5,285.5,1,0.861,338.2,1,0.836,337.0,1,0.959,0.208,2,0,,,,,,0,325.5,,63.7
2317.337268,TURN,giro de esquina por IMU y reapertura frontal,23,25.00,354.45,PISTA,OK,4,650.0,650.0,653.1,806.5,295.3,1,0.889,344.2,1,0.877,343.0,1,0.973,0.208,2,0,,,,,,0,325.5,,85.6
2317.438753,TURN,giro de esquina por IMU y reapertura frontal,23,25.00,356.24,PISTA,OK,4,644.5,644.5,629.8,809.0,306.7,1,0.806,345.0,1,0.836,352.0,1,0.959,0.212,2,0,,,,,,0,325.5,,64.7
2317.539082,TURN,giro de esquina por IMU y reapertura frontal,23,25.00,357.19,PISTA,OK,4,637.5,637.5,644.8,812.0,315.0,1,0.806,350.8,1,0.808,358.0,1,0.959,0.205,2,0,,,,,,0,325.5,,86.9
2317.638704,TURN,giro de esquina por IMU y reapertura frontal,23,25.00,358.93,PISTA,OK,4,631.0,631.0,621.5,816.0,318.5,1,0.833,357.5,1,0.822,366.0,1,0.973,0.208,2,0,,,,,,0,325.5,,63.7
2317.740107,TURN,giro de esquina por IMU y reapertura frontal,23,25.00,360.59,PISTA,OK,4,628.0,628.0,582.9,820.0,318.5,1,0.778,360.8,1,0.849,374.0,1,0.945,0.211,2,0,,,,,,0,325.5,,96.2
2317.840317,TURN,giro de esquina por IMU y reapertura frontal,23,25.00,362.43,PISTA,OK,4,623.0,623.0,696.9,825.8,319.7,1,0.806,362.5,1,0.863,382.0,1,0.986,0.202,2,0,,,,,,0,325.5,,68.0
2317.940139,TURN,giro de esquina por IMU y reapertura frontal,23,25.00,364.26,NARANJA,OK,4,617.5,617.5,777.0,824.9,321.2,1,0.833,367.2,1,0.863,389.0,1,1.000,0.789,2,0,,,,,,0,325.5,,101.6
2318.039406,TURN,giro de esquina por IMU y reapertura frontal,23,25.00,365.21,NARANJA,OK,4,612.0,612.0,698.6,838.3,318.3,1,0.750,367.5,1,0.781,396.5,1,1.000,0.195,2,0,,,,,,0,325.5,,67.0
2318.138932,TURN,giro de esquina por IMU y reapertura frontal,22,25.00,366.90,NARANJA,OK,4,604.5,604.5,679.3,846.3,324.1,1,0.722,374.2,1,0.781,403.0,1,0.986,0.200,3,0,,,,,,0,325.5,,100.6
2318.238377,TURN,giro de esquina por IMU y reapertura frontal,22,25.00,368.75,NARANJA,OK,4,599.5,599.5,669.9,845.2,326.1,1,0.639,380.0,1,0.726,416.0,1,0.973,0.199,3,0,,,,,,0,325.5,,63.4
2318.339663,TURN,giro de esquina por IMU y reapertura frontal,22,25.00,370.46,PISTA,OK,4,595.0,595.0,659.7,850.3,326.6,1,0.667,381.0,1,0.767,429.0,1,0.986,0.200,3,0,,,,,,0,325.5,,88.3
2318.438551,TURN,giro de esquina por IMU y reapertura frontal,22,25.00,371.21,PISTA,OK,4,591.0,591.0,660.8,860.8,325.4,1,0.667,383.8,1,0.767,440.0,1,0.986,0.192,3,0,,,,,,0,325.5,,64.9
2318.538025,TURN,giro de esquina por IMU y reapertura frontal,22,25.00,372.90,PISTA,OK,4,587.0,587.0,675.0,868.5,327.3,1,0.667,388.5,1,0.822,448.5,1,0.986,0.198,3,0,,,,,,0,325.5,,94.3
2318.638590,TURN,giro de esquina por IMU y reapertura frontal,22,25.00,374.57,PISTA,OK,4,582.5,582.5,673.1,868.8,327.1,1,0.667,390.0,1,0.781,851.0,1,0.986,0.195,3,0,,,,,,0,325.5,,64.4
2318.737809,TURN,giro de esquina por IMU y reapertura frontal,22,25.00,376.41,PISTA,OK,4,578.5,578.5,623.6,866.0,329.5,1,0.694,393.2,1,0.781,857.8,1,1.000,0.196,3,0,,,,,,0,325.5,,86.2
2318.835569,TURN,giro de esquina por IMU y reapertura frontal,22,25.00,377.31,PISTA,OK,4,576.2,576.2,642.3,861.0,330.7,1,0.722,399.5,1,0.836,863.8,1,1.000,0.194,3,0,,,,,,0,325.5,,62.9
2318.935390,TURN,giro de esquina por IMU y reapertura frontal,22,25.00,379.02,PISTA,OK,4,574.5,574.5,1071.7,851.5,328.1,1,0.722,400.5,1,0.822,869.5,1,1.000,0.183,3,0,,,,,,0,325.5,,81.2
2319.034307,TURN,giro de esquina por IMU y reapertura frontal,22,25.00,380.75,PISTA,OK,4,574.0,574.0,1035.5,839.6,330.7,1,0.806,403.8,1,0.863,875.0,1,1.000,0.207,3,0,,,,,,0,325.5,,60.0
2319.134213,TURN,giro de esquina por IMU y reapertura frontal,22,25.00,382.40,PISTA,OK,4,573.0,573.0,987.6,826.3,861.7,1,0.806,408.0,1,0.863,879.2,1,1.000,0.206,3,0,,,,,,0,325.5,,82.2
2319.235475,TURN,giro de esquina por IMU y reapertura frontal,22,25.00,383.30,PISTA,OK,4,572.2,572.2,944.9,815.2,852.3,1,0.833,409.0,1,0.890,886.5,1,1.000,0.205,2,0,,,,,,0,325.5,,62.5
2319.335205,TURN,giro de esquina por IMU y reapertura frontal,22,25.00,385.00,PISTA,OK,4,573.2,573.2,903.0,797.5,851.1,1,0.889,411.0,1,0.890,891.0,1,1.000,0.206,2,0,,,,,,0,325.5,,84.0
2319.433651,TURN,giro de esquina por IMU y reapertura frontal,22,25.00,386.77,PISTA,OK,4,578.0,578.0,867.3,785.0,845.4,1,0.917,415.2,1,0.918,897.0,1,1.000,0.205,2,0,,,,,,0,325.5,,60.4
2319.533911,TURN,giro de esquina por IMU y reapertura frontal,22,25.00,388.54,PISTA,OK,4,576.8,576.8,833.8,771.6,833.1,1,0.944,418.5,1,0.918,903.5,1,1.000,0.204,2,0,,,,,,0,325.5,,82.9
2319.635353,TURN,giro de esquina por IMU y reapertura frontal,22,25.00,390.21,PISTA,OK,4,581.8,581.8,804.3,754.2,827.8,1,0.972,418.2,1,0.945,910.0,1,1.000,0.205,2,0,,,,,,0,325.5,,60.3
2319.734490,TURN,giro de esquina por IMU y reapertura frontal,22,25.00,391.06,PISTA,OK,4,584.0,584.0,776.6,746.2,827.3,1,1.000,422.8,1,0.945,916.0,1,1.000,0.206,2,0,,,,,,0,325.5,,83.5
2319.834337,TURN,giro de esquina por IMU y reapertura frontal,22,25.00,392.79,PISTA,OK,4,593.5,593.5,751.1,721.2,820.8,1,0.972,423.2,1,0.959,923.0,1,1.000,0.207,2,0,,,,,,0,325.5,,61.4
2319.935799,TURN,giro de esquina por IMU y reapertura frontal,22,25.00,394.55,PISTA,OK,4,596.5,596.5,729.2,714.5,815.9,1,0.944,430.8,1,0.959,931.0,1,1.000,0.209,2,0,,,,,,0,325.5,,83.6
2320.036112,TURN,giro de esquina por IMU y reapertura frontal,22,25.00,396.16,PISTA,OK,4,599.5,599.5,708.1,704.2,813.8,1,0.944,430.5,1,0.945,924.5,1,1.000,0.210,1,0,,,,,,0,325.5,,63.3
2320.136154,TURN,giro de esquina por IMU y reapertura frontal,23,25.00,397.91,PISTA,OK,4,613.0,613.0,688.1,705.7,812.2,1,0.944,434.5,1,0.959,884.0,1,1.000,0.210,2,0,,,,,,0,325.5,,85.5
2320.236267,TURN,giro de esquina por IMU y reapertura frontal,23,25.00,398.84,PISTA,OK,4,618.5,618.5,668.7,690.6,811.0,1,0.917,435.2,1,0.945,861.5,1,1.000,0.210,2,0,,,,,,0,325.5,,64.7
2320.337190,TURN,giro de esquina por IMU y reapertura frontal,23,25.00,400.59,PISTA,OK,4,630.0,630.0,650.9,689.9,811.6,1,0.944,436.5,1,0.959,839.0,1,1.000,0.212,2,0,,,,,,0,325.5,,83.6
2320.437764,TURN,giro de esquina por IMU y reapertura frontal,23,25.00,402.58,PISTA,OK,4,640.5,640.5,633.5,676.6,809.7,1,0.917,438.0,1,0.959,786.5,1,0.986,0.213,2,0,,,,,,0,325.5,,65.0
2320.537178,TURN,giro de esquina por IMU y reapertura frontal,23,25.00,404.46,PISTA,OK,4,651.5,651.5,616.9,667.4,811.6,1,0.889,439.8,1,0.918,767.5,1,1.000,0.214,2,0,,,,,,0,325.5,,85.5
2320.638261,TURN,giro de esquina por IMU y reapertura frontal,23,25.00,406.25,PISTA,OK,4,658.5,658.5,602.2,661.4,811.8,1,0.861,441.0,1,0.932,740.5,1,0.986,0.227,2,0,,,,,,0,325.5,,65.8
2320.736216,TURN,giro de esquina por IMU y reapertura frontal,23,25.00,407.21,PISTA,OK,4,680.0,680.0,589.0,651.4,816.1,1,0.917,442.2,1,0.959,723.0,1,1.000,0.401,2,0,,,,,,0,325.5,,84.2
2320.836418,TURN,giro de esquina por IMU y reapertura frontal,23,25.00,408.96,PISTA,OK,4,693.5,693.5,576.1,647.1,819.2,1,0.861,442.5,1,0.918,697.0,1,0.986,0.583,2,0,,,,,,0,325.5,,64.6
2320.937148,TURN,giro de esquina por IMU y reapertura frontal,23,25.00,410.91,PISTA,OK,4,708.5,708.5,563.0,646.1,585.9,1,0.833,444.0,1,0.918,684.5,1,0.986,0.769,2,0,,,,,,0,325.5,,84.8
2321.034924,TURN,giro de esquina por IMU y reapertura frontal,24,25.00,411.83,PISTA,OK,4,733.5,733.5,551.9,640.6,579.2,1,0.861,444.8,1,0.918,667.5,1,1.000,0.875,2,0,,,,,,0,325.5,,63.1
2321.134339,TURN,giro de esquina por IMU y reapertura frontal,24,25.00,413.62,PISTA,OK,4,750.0,750.0,541.3,630.6,566.4,1,0.917,445.5,1,0.918,649.5,1,0.986,0.924,3,0,,,,,,0,325.5,,77.9
2321.235224,TURN,giro de esquina por IMU y reapertura frontal,24,25.00,415.63,PISTA,OK,4,774.5,774.5,530.6,621.1,566.4,1,0.889,444.5,1,0.945,636.0,1,0.986,0.907,3,0,,,,,,0,325.5,,62.2
2321.334390,TURN,giro de esquina por IMU y reapertura frontal,24,25.00,417.56,PISTA,OK,4,805.0,805.0,521.3,610.3,569.2,1,0.833,444.2,1,0.904,623.5,1,1.000,0.903,3,0,,,,,,0,325.5,,81.5
2321.434335,CRUISE,esquina 5 verificada,24,21.00,418.59,PISTA,OK,5,825.5,825.5,511.7,600.2,568.1,1,0.861,442.5,1,0.932,611.5,1,0.986,0.882,2,0,,,,,,0,325.5,,61.8
2321.534471,CRUISE,crucero centrado por paredes,25,17.00,420.42,PISTA,OK,5,866.0,866.0,501.8,590.7,567.4,1,0.917,442.2,1,0.918,596.5,1,0.986,0.872,2,0,,,,,,0,325.5,,80.3
2321.633831,CRUISE,crucero centrado por paredes,25,13.00,422.52,PISTA,OK,5,899.5,899.5,491.8,582.0,567.5,1,0.889,440.0,1,0.877,589.0,1,1.000,0.868,2,0,,,,,,0,325.5,,60.9
2321.733850,AVOID_APPROACH,pure-pursuit al punto de paso del pilar 90,25,9.00,424.80,PISTA,OK,5,961.0,961.0,478.9,572.7,561.3,1,0.917,435.5,1,0.904,574.0,1,1.000,0.844,2,1,90,ROJO,-221.5,795.4,0.000,1,325.5,,82.1
2321.835840,AVOID_APPROACH,pure-pursuit al punto de paso del pilar 90,25,5.00,427.23,PISTA,OK,5,1023.0,1023.0,466.9,565.9,561.7,1,0.833,434.0,1,0.849,565.5,1,1.000,0.814,2,1,90,ROJO,-183.4,793.3,0.000,1,325.5,,59.9
2321.935895,AVOID_APPROACH,pure-pursuit al punto de paso del pilar 90,24,1.00,428.25,PISTA,OK,5,805.5,1099.5,456.8,560.0,557.6,1,0.889,431.5,1,0.863,560.0,1,1.000,0.793,2,1,90,ROJO,-150.8,788.7,0.000,1,325.5,,85.6
2322.035119,AVOID_APPROACH,pure-pursuit al punto de paso del pilar 90,24,-3.00,430.15,PISTA,OK,5,790.0,1172.0,451.4,555.7,560.6,1,0.917,430.5,1,0.904,548.5,1,0.986,0.774,2,1,90,ROJO,-124.4,782.7,0.000,1,325.5,,63.4
2322.135491,AVOID_APPROACH,pure-pursuit al punto de paso del pilar 90,24,-5.08,431.26,PISTA,OK,5,778.0,1231.0,449.8,552.6,565.0,1,0.889,431.5,1,0.863,544.5,1,1.000,0.779,2,1,90,ROJO,-110.1,774.2,0.000,1,325.5,,81.0
2322.236677,AVOID_APPROACH,pure-pursuit al punto de paso del pilar 90,24,-5.44,431.75,PISTA,OK,5,768.5,1262.5,449.1,550.3,571.1,1,0.917,431.2,1,0.890,546.0,1,1.000,0.750,2,1,90,ROJO,-106.3,763.7,0.000,1,325.5,,61.7
2322.336756,AVOID_APPROACH,pure-pursuit al punto de paso del pilar 90,24,-5.52,431.74,PISTA,OK,5,758.0,1264.5,451.9,548.3,576.8,1,0.944,434.0,1,0.904,539.5,1,0.986,0.764,2,1,90,ROJO,-106.1,754.8,0.000,1,325.5,,85.5
2322.437265,AVOID_APPROACH,pure-pursuit al punto de paso del pilar 90,24,-5.38,431.69,PISTA,OK,5,750.5,1250.0,454.0,546.3,587.3,1,0.889,434.2,1,0.890,537.0,1,1.000,0.798,2,1,90,ROJO,-108.7,746.7,0.000,1,325.5,,64.8
2322.535947,AVOID_APPROACH,pure-pursuit al punto de paso del pilar 90,24,-5.55,431.57,PISTA,OK,5,741.5,1252.0,456.6,544.4,596.1,1,0.917,436.5,1,0.877,538.2,1,0.986,0.817,2,1,90,ROJO,-107.4,736.6,0.000,1,325.5,,98.9
2322.636174,AVOID_APPROACH,pure-pursuit al punto de paso del pilar 90,24,-5.39,431.43,PISTA,OK,5,734.5,1234.5,459.7,541.6,607.9,1,0.833,441.0,1,0.863,534.5,1,1.000,0.791,1,1,90,ROJO,-110.3,728.1,0.000,1,325.5,,64.7
2322.735692,AVOID_APPROACH,pure-pursuit al punto de paso del pilar 90,23,-5.09,431.29,PISTA,OK,5,725.5,1279.0,462.9,540.3,616.4,1,0.944,444.0,1,0.904,532.5,1,1.000,0.806,1,1,90,ROJO,-115.1,718.0,0.000,1,325.5,,85.0
2322.835852,AVOID_APPROACH,pure-pursuit al punto de paso del pilar 90,23,-5.08,431.19,PISTA,OK,5,717.0,1228.5,465.6,537.2,629.1,1,0.889,445.5,1,0.890,529.5,1,1.000,0.827,2,1,90,ROJO,-116.0,709.4,0.000,1,325.5,,64.2
2322.934452,AVOID_APPROACH,pure-pursuit al punto de paso del pilar 90,23,-5.01,431.03,PISTA,OK,5,708.0,1228.0,467.8,535.2,635.4,1,0.889,447.2,1,0.877,527.8,1,0.986,0.814,2,1,90,ROJO,-117.7,698.6,0.000,1,325.5,,82.3
2323.034164,AVOID_APPROACH,pure-pursuit al punto de paso del pilar 90,23,-5.08,430.87,PISTA,OK,5,699.0,1197.0,470.0,532.9,643.1,1,0.889,448.5,1,0.863,524.8,1,1.000,0.813,2,1,90,ROJO,-117.7,689.5,0.000,1,325.5,,62.0
2323.133746,AVOID_APPROACH,pure-pursuit al punto de paso del pilar 90,23,-4.83,430.67,PISTA,OK,5,692.0,1165.5,473.6,530.3,654.8,1,0.889,451.8,1,0.877,521.5,1,0.986,0.823,2,1,90,ROJO,-121.5,680.3,0.000,1,325.5,,81.8
2323.233118,AVOID_APPROACH,pure-pursuit al punto de paso del pilar 90,23,-4.67,430.48,PISTA,OK,5,683.5,1182.5,482.5,528.2,662.5,1,0.972,454.0,1,0.918,522.0,1,0.986,0.902,2,1,90,ROJO,-124.2,671.2,0.000,1,325.5,,57.4
2323.336650,AVOID_APPROACH,pure-pursuit al punto de paso del pilar 90,23,-4.47,430.28,PISTA,OK,5,675.0,1158.5,485.3,526.3,675.1,1,0.917,457.0,1,0.918,520.2,1,0.986,0.908,2,1,90,ROJO,-127.2,662.2,0.000,1,325.5,,84.4
2323.432301,AVOID_APPROACH,pure-pursuit al punto de paso del pilar 90,23,-4.41,430.19,PISTA,OK,5,669.5,1149.0,488.4,524.0,679.9,1,0.889,455.8,1,0.932,515.5,1,1.000,0.903,2,1,90,ROJO,-128.7,653.2,0.000,1,325.5,,61.8
2323.532199,AVOID_APPROACH,pure-pursuit al punto de paso del pilar 90,23,-4.49,430.01,PISTA,OK,5,664.0,1142.0,491.5,521.7,693.6,1,0.917,461.0,1,0.918,517.8,1,0.973,0.892,2,1,90,ROJO,-128.3,646.4,0.000,1,325.5,,75.6
2323.631431,AVOID_APPROACH,pure-pursuit al punto de paso del pilar 90,23,-4.25,429.84,PISTA,OK,5,656.0,1112.5,494.0,519.5,700.0,1,0.889,464.0,1,0.904,513.5,1,0.986,0.893,2,1,90,ROJO,-131.6,638.3,0.000,1,325.5,,59.6
2323.731193,AVOID_APPROACH,pure-pursuit al punto de paso del pilar 90,25,-3.94,429.70,PISTA,OK,5,1122.5,1421.5,497.2,517.7,706.3,1,0.917,465.0,1,0.932,514.5,1,0.959,0.902,3,1,90,ROJO,-135.8,627.0,0.000,1,325.5,,80.0
2323.830929,AVOID_APPROACH,pure-pursuit al punto de paso del pilar 90,25,-4.04,429.52,PISTA,OK,5,1092.0,1092.0,499.4,515.2,716.6,1,0.917,466.8,1,0.932,507.5,1,0.986,0.896,3,1,90,ROJO,-135.2,619.8,0.000,1,325.5,,59.0
2323.932085,AVOID_APPROACH,pure-pursuit al punto de paso del pilar 90,25,-3.74,429.43,PISTA,OK,5,1119.5,1119.5,503.7,513.1,730.2,1,0.917,470.2,1,0.932,505.5,1,0.945,0.902,3,1,90,ROJO,-139.1,609.3,0.000,1,325.5,,80.8
2324.028869,AVOID_APPROACH,pure-pursuit al punto de paso del pilar 90,25,-4.09,429.30,PISTA,OK,5,1068.5,1068.5,506.7,510.7,739.4,1,0.861,472.5,1,0.904,504.0,1,0.973,0.896,3,1,90,ROJO,-136.0,602.6,0.000,1,325.5,,57.6
2324.131389,AVOID_APPROACH,pure-pursuit al punto de paso del pilar 90,25,-3.61,429.13,PISTA,OK,5,1061.5,1061.5,509.8,507.8,752.0,1,0.889,475.5,1,0.918,502.0,1,0.986,0.893,3,1,90,ROJO,-141.8,589.6,0.000,1,325.5,,79.2
2324.231414,AVOID_APPROACH,pure-pursuit al punto de paso del pilar 90,25,-3.57,428.90,PISTA,OK,5,1056.5,1056.5,513.0,504.9,759.9,1,0.889,478.5,1,0.932,498.0,1,0.945,0.889,3,1,90,ROJO,-142.8,580.9,0.000,1,325.5,,57.1
2324.330427,AVOID_APPROACH,pure-pursuit al punto de paso del pilar 90,25,-3.54,428.73,PISTA,OK,5,1040.0,1040.0,516.5,502.4,770.2,1,0.861,481.5,1,0.904,498.0,1,0.986,0.900,3,1,90,ROJO,-143.7,570.8,0.000,1,325.5,,78.9
2324.429864,AVOID_APPROACH,pure-pursuit al punto de paso del pilar 90,25,-3.52,428.61,PISTA,OK,5,1046.0,1046.0,521.1,499.1,782.3,1,0.861,484.0,1,0.918,494.5,1,0.945,0.903,3,1,90,ROJO,-144.4,562.8,0.000,1,325.5,,59.1
2324.532312,AVOID_APPROACH,pure-pursuit al punto de paso del pilar 90,25,-3.19,428.41,PISTA,OK,5,1030.0,1030.0,524.3,496.5,795.9,1,0.917,487.5,1,0.945,491.5,1,0.959,0.891,3,1,90,ROJO,-148.2,551.1,0.000,1,325.5,,78.1
2324.631965,AVOID_APPROACH,pure-pursuit al punto de paso del pilar 90,25,-3.36,428.21,PISTA,OK,5,1002.5,1002.5,527.9,493.9,804.2,1,0.917,491.0,1,0.959,489.0,1,0.986,0.897,3,1,90,ROJO,-147.1,542.2,0.000,1,325.5,,60.1
2324.732511,AVOID_APPROACH,pure-pursuit al punto de paso del pilar 90,25,-3.02,428.09,PISTA,OK,5,991.5,991.5,531.7,491.3,521.4,1,0.917,493.2,1,0.959,485.5,1,0.986,0.888,3,1,90,ROJO,-151.0,530.9,0.000,1,325.5,,80.7
2324.832421,AVOID_APPROACH,pure-pursuit al punto de paso del pilar 90,25,-2.66,427.93,PISTA,OK,5,997.5,997.5,534.8,489.1,530.0,1,0.833,496.2,1,0.918,483.5,1,0.959,0.896,3,1,90,ROJO,-154.7,521.4,0.000,1,325.5,,61.0
2324.932681,AVOID_APPROACH,pure-pursuit al punto de paso del pilar 90,25,-2.77,427.77,PISTA,OK,5,962.5,962.5,537.9,485.9,529.2,1,0.917,498.5,1,0.959,482.0,1,0.918,0.880,3,1,90,ROJO,-154.2,511.5,0.000,1,325.5,,76.2
2325.032694,AVOID_APPROACH,pure-pursuit al punto de paso del pilar 90,25,-2.81,427.58,PISTA,OK,5,980.0,980.0,542.8,482.8,533.3,1,0.889,502.0,1,0.945,478.0,1,0.973,0.888,3,1,90,ROJO,-154.3,502.8,0.000,1,325.5,,62.1
2325.134545,AVOID_APPROACH,pure-pursuit al punto de paso del pilar 90,25,-2.65,427.43,PISTA,OK,5,953.0,953.0,546.3,480.0,532.4,1,0.889,505.5,1,0.945,475.0,1,0.973,0.880,3,1,90,ROJO,-156.2,492.9,0.000,1,325.5,,83.8
2325.232641,AVOID_APPROACH,pure-pursuit al punto de paso del pilar 90,25,-2.75,427.37,PISTA,OK,5,959.0,959.0,549.1,477.1,533.7,1,0.917,508.5,1,0.945,473.0,1,1.000,0.883,3,1,90,ROJO,-155.8,482.8,0.000,1,325.5,,62.6
2325.333029,AVOID_APPROACH,pure-pursuit al punto de paso del pilar 90,25,-2.61,427.21,PISTA,OK,5,945.5,945.5,553.5,474.4,542.3,1,0.917,512.5,1,0.959,469.0,1,0.959,0.875,3,1,90,ROJO,-157.4,473.6,0.000,1,325.5,,78.9
2325.431886,AVOID_APPROACH,pure-pursuit al punto de paso del pilar 90,25,-2.43,427.03,PISTA,OK,5,908.5,908.5,556.6,471.6,541.0,1,0.944,515.0,1,0.973,469.0,1,0.945,0.886,3,1,90,ROJO,-159.3,463.2,0.000,1,325.5,,60.8
2325.529853,AVOID_APPROACH,pure-pursuit al punto de paso del pilar 90,25,-2.61,426.95,PISTA,OK,5,927.0,927.0,560.5,468.4,541.9,1,0.972,518.0,1,0.986,466.0,1,0.959,0.873,3,1,90,ROJO,-158.3,454.9,0.000,1,325.5,,78.8
2325.630244,AVOID_APPROACH,pure-pursuit al punto de paso del pilar 90,25,-2.20,426.76,PISTA,OK,5,912.0,912.0,564.7,465.9,544.3,1,0.944,522.0,1,0.973,461.0,1,0.959,0.882,3,1,90,ROJO,-162.0,443.1,0.000,1,325.5,,58.9
2325.729991,AVOID_APPROACH,pure-pursuit al punto de paso del pilar 90,25,-1.99,426.53,PISTA,OK,5,889.5,889.5,568.4,462.3,550.9,1,0.944,524.5,1,0.973,458.5,1,0.945,0.872,3,1,90,ROJO,-164.0,432.5,0.000,1,325.5,,76.6
2325.827826,AVOID_APPROACH,pure-pursuit al punto de paso del pilar 90,25,-1.88,426.35,PISTA,OK,5,878.5,878.5,570.8,459.5,548.4,1,0.944,528.5,1,0.973,455.0,1,0.959,0.880,3,1,90,ROJO,-165.1,424.1,0.000,1,325.5,,57.2
2325.929158,AVOID_APPROACH,pure-pursuit al punto de paso del pilar 90,25,-1.95,426.25,PISTA,OK,5,877.5,877.5,576.7,456.1,547.6,1,1.000,530.5,1,1.000,452.0,1,0.959,0.875,3,1,90,ROJO,-164.8,416.4,0.000,1,325.5,,83.0
2326.028318,AVOID_APPROACH,pure-pursuit al punto de paso del pilar 90,25,-1.64,426.06,PISTA,OK,5,863.5,863.5,580.4,453.6,551.7,1,1.000,535.2,1,1.000,450.0,1,0.945,0.868,3,1,90,ROJO,-167.4,404.6,0.000,1,325.5,,57.6
2326.126718,AVOID_APPROACH,pure-pursuit al punto de paso del pilar 90,25,-1.98,425.92,PISTA,OK,5,857.5,857.5,584.4,450.2,562.8,1,0.972,537.0,1,0.986,447.0,1,0.945,0.868,3,1,90,ROJO,-165.3,397.5,0.000,1,325.5,,75.1
2326.227415,AVOID_APPROACH,pure-pursuit al punto de paso del pilar 90,24,-1.61,425.77,PISTA,OK,5,840.5,840.5,588.3,447.3,554.6,1,1.000,539.8,1,1.000,443.0,1,0.932,0.869,3,1,90,ROJO,-168.2,385.5,0.000,1,325.5,,54.5
2326.327939,AVOID_APPROACH,pure-pursuit al punto de paso del pilar 90,24,-1.36,425.68,PISTA,OK,5,831.0,831.0,591.6,444.3,561.5,1,0.972,542.8,1,0.986,441.5,1,0.932,0.870,3,1,90,ROJO,-170.1,376.3,0.000,1,325.5,,80.6
2326.427476,AVOID_APPROACH,pure-pursuit al punto de paso del pilar 90,25,-1.50,425.52,PISTA,OK,5,843.0,843.0,604.5,440.9,560.3,1,1.000,547.0,1,1.000,437.0,1,0.918,0.867,3,1,90,ROJO,-169.4,367.2,0.000,1,325.5,,56.7
2326.527917,AVOID_APPROACH,pure-pursuit al punto de paso del pilar 90,24,-1.53,425.38,PISTA,OK,5,819.0,819.0,617.5,437.7,563.6,1,0.944,549.0,1,0.986,436.0,1,0.932,0.706,3,1,90,ROJO,-169.4,357.8,0.000,1,325.5,,79.0
2326.628722,AVOID_APPROACH,pure-pursuit al punto de paso del pilar 90,24,-1.35,425.20,PISTA,OK,5,805.5,805.5,618.2,434.4,568.5,1,1.000,553.0,1,1.000,433.0,1,0.945,0.779,3,1,90,ROJO,-170.8,348.4,0.000,1,325.5,,57.6
2326.728965,AVOID_APPROACH,pure-pursuit al punto de paso del pilar 90,24,-1.18,425.09,PISTA,OK,5,783.0,783.0,625.0,431.5,566.4,1,1.000,555.2,1,1.000,427.0,1,0.945,0.732,2,1,90,ROJO,-172.0,338.1,0.000,1,325.5,,79.6
2326.829886,AVOID_APPROACH,pure-pursuit al punto de paso del pilar 90,24,-0.99,424.96,PISTA,OK,5,782.0,782.0,612.0,427.0,569.3,1,0.972,561.0,1,0.986,423.0,1,0.932,0.858,3,1,90,ROJO,-173.3,329.5,0.000,1,325.5,,59.2
2326.931044,AVOID_APPROACH,pure-pursuit al punto de paso del pilar 90,24,-1.15,424.76,PISTA,OK,5,786.0,786.0,632.5,424.0,573.4,1,0.972,563.5,1,0.986,421.0,1,0.945,0.785,3,1,90,ROJO,-172.6,320.4,0.000,1,325.5,,78.1
2327.029740,AVOID_APPROACH,pure-pursuit al punto de paso del pilar 90,24,-1.18,424.64,PISTA,OK,5,755.5,755.5,636.8,420.9,579.6,1,0.972,566.0,1,0.986,416.0,1,0.890,0.777,3,1,90,ROJO,-172.6,310.9,0.000,1,325.5,,58.5
2327.130291,AVOID_APPROACH,pure-pursuit al punto de paso del pilar 90,24,-0.54,424.51,PISTA,OK,5,733.0,733.0,640.5,417.6,572.2,1,0.972,570.0,1,0.986,416.0,1,0.918,0.800,3,1,90,ROJO,-176.2,301.5,0.000,1,325.5,,80.9
2327.231042,AVOID_APPROACH,pure-pursuit al punto de paso del pilar 90,24,-0.81,424.32,PISTA,OK,5,745.5,745.5,647.4,414.8,577.1,1,0.972,574.0,1,0.986,410.5,1,0.918,0.765,3,1,90,ROJO,-174.9,292.6,0.000,1,325.5,,58.0
2327.334219,AVOID_APPROACH,pure-pursuit al punto de paso del pilar 90,24,-0.68,424.27,PISTA,OK,5,738.0,738.0,647.4,411.7,585.3,1,1.000,575.8,1,1.000,408.5,1,0.918,0.823,3,1,90,ROJO,-175.6,283.9,0.000,1,325.5,,83.8
2327.428776,AVOID_PASS,manteniendo rumbo mientras pasa el pilar 90,23,0.00,424.16,PISTA,OK,5,721.5,721.5,654.8,408.2,586.5,1,1.000,579.5,1,1.000,408.2,1,0.918,0.779,3,1,90,ROJO,-175.6,274.8,0.000,1,0.0,,58.9
2327.531530,AVOID_PASS,manteniendo rumbo mientras pasa el pilar 90,23,0.15,424.01,PISTA,OK,5,719.5,719.5,669.5,405.1,591.4,1,1.000,582.5,1,1.000,402.0,1,0.904,0.568,3,1,90,ROJO,-175.4,265.1,0.000,1,9.5,,80.7
2327.629546,AVOID_PASS,manteniendo rumbo mientras pasa el pilar 90,23,0.30,423.86,PISTA,OK,5,703.0,703.0,675.2,401.9,586.9,1,0.944,586.5,1,0.973,399.5,1,0.945,0.585,3,1,90,ROJO,-176.7,256.0,0.000,1,18.5,,59.5
2327.727610,AVOID_PASS,manteniendo rumbo mientras pasa el pilar 90,23,0.40,423.76,PISTA,OK,5,704.5,704.5,681.9,398.9,589.8,1,0.944,589.5,1,0.973,394.2,1,0.918,0.550,3,1,90,ROJO,-175.6,247.7,0.000,1,27.5,,78.4
2327.828166,AVOID_PASS,manteniendo rumbo mientras pasa el pilar 90,23,0.44,423.72,PISTA,OK,5,697.0,697.0,685.6,395.6,595.3,1,0.917,591.8,1,0.959,396.2,1,0.918,0.581,3,1,90,ROJO,-175.8,239.3,0.000,1,36.7,,58.8
2327.926358,AVOID_PASS,manteniendo rumbo mientras pasa el pilar 90,23,0.59,423.57,PISTA,OK,5,685.0,685.0,688.1,392.1,597.6,1,0.972,596.5,1,0.986,386.5,1,0.890,0.634,3,1,90,ROJO,-176.1,231.4,0.000,1,45.8,,72.2
2328.025536,AVOID_PASS,manteniendo rumbo mientras pasa el pilar 90,23,0.72,423.44,PISTA,OK,5,670.0,670.0,693.7,388.5,597.2,1,0.972,599.0,1,0.986,387.0,1,0.918,0.623,3,1,90,ROJO,-176.8,222.4,0.000,1,54.9,,55.1
2328.126450,AVOID_PASS,manteniendo rumbo mientras pasa el pilar 90,23,0.84,423.32,PISTA,OK,5,687.5,687.5,699.9,385.3,604.9,1,0.944,602.0,1,0.973,381.0,1,0.890,0.603,3,1,90,ROJO,-176.0,213.8,0.000,1,64.2,,79.6
2328.224369,AVOID_PASS,manteniendo rumbo mientras pasa el pilar 90,23,0.90,423.26,PISTA,OK,5,662.0,662.0,709.8,382.5,603.3,1,0.944,605.5,1,0.973,378.0,1,0.904,0.534,3,1,90,ROJO,-176.4,204.9,0.000,1,73.2,,55.4
2328.325565,AVOID_PASS,manteniendo rumbo mientras pasa el pilar 90,23,1.08,423.08,PISTA,OK,5,652.0,652.0,709.7,378.6,608.2,1,0.972,610.5,1,0.986,375.0,1,0.863,0.607,3,1,90,ROJO,-174.6,198.7,0.000,1,82.5,,73.8
2328.425234,AVOID_PASS,manteniendo rumbo mientras pasa el pilar 90,23,1.09,423.07,PISTA,OK,5,643.5,643.5,723.6,375.2,610.7,1,0.944,612.5,1,0.973,372.0,1,0.877,0.483,3,1,90,ROJO,-176.4,190.9,0.000,1,91.7,,54.7
2328.525744,AVOID_PASS,manteniendo rumbo mientras pasa el pilar 90,23,1.34,422.82,PISTA,OK,5,639.5,639.5,736.4,371.9,607.2,1,0.972,617.0,1,0.986,369.5,1,0.890,0.419,3,1,90,ROJO,-174.6,183.5,0.000,1,100.9,,80.5
2328.625296,AVOID_PASS,manteniendo rumbo mientras pasa el pilar 90,23,1.42,422.74,PISTA,OK,5,623.0,623.0,745.8,369.1,611.5,1,0.972,619.0,1,0.986,365.5,1,0.904,0.381,3,1,90,ROJO,-175.6,174.9,0.000,1,110.1,,54.1
2328.726997,AVOID_PASS,manteniendo rumbo mientras pasa el pilar 90,23,1.48,422.68,PISTA,OK,5,618.5,618.5,757.7,365.2,618.1,1,0.972,621.0,1,0.986,360.0,1,0.849,0.306,3,1,90,ROJO,-174.2,169.6,0.000,1,119.4,,78.3
2328.826238,AVOID_PASS,manteniendo rumbo mientras pasa el pilar 90,23,1.58,422.58,PISTA,OK,5,618.8,618.8,760.3,362.1,619.3,1,1.000,625.8,1,1.000,358.5,1,0.877,0.336,3,1,90,ROJO,-173.1,159.9,0.000,1,128.6,,55.9
2328.929420,AVOID_PASS,manteniendo rumbo mientras pasa el pilar 90,23,1.70,422.46,PISTA,OK,5,622.0,622.0,762.5,358.9,618.1,1,1.000,628.8,1,1.000,358.0,1,0.877,0.431,3,1,90,ROJO,-172.6,152.5,0.000,1,138.1,,83.9
2329.027667,AVOID_PASS,manteniendo rumbo mientras pasa el pilar 90,23,1.78,422.38,PISTA,OK,5,616.5,616.5,772.1,354.9,620.5,1,1.000,632.5,1,1.000,353.5,1,0.890,0.392,3,1,90,ROJO,-174.5,141.2,0.000,1,147.1,,54.6
2329.128567,AVOID_PASS,manteniendo rumbo mientras pasa el pilar 90,22,1.80,422.36,PISTA,OK,5,588.5,588.5,785.5,351.3,621.7,1,1.000,635.0,1,1.000,351.0,1,0.836,0.331,3,1,90,ROJO,-173.1,134.0,0.000,1,156.4,,81.6
2329.227673,AVOID_PASS,manteniendo rumbo mientras pasa el pilar 90,22,1.89,422.27,PISTA,OK,5,576.5,576.5,699.9,348.1,626.7,1,1.000,638.2,1,0.986,346.5,1,0.836,0.746,3,1,90,ROJO,-173.3,125.0,0.099,1,165.1,,57.8
2329.329303,AVOID_PASS,manteniendo rumbo mientras pasa el pilar 90,22,2.00,422.16,PISTA,OK,5,569.5,569.5,703.4,345.0,626.7,1,1.000,641.8,1,0.986,343.5,1,0.822,0.741,3,1,90,ROJO,-173.6,115.7,0.201,1,174.0,,82.7
2329.429014,AVOID_PASS,manteniendo rumbo mientras pasa el pilar 90,22,2.06,422.10,PISTA,OK,5,580.0,580.0,705.4,341.2,637.3,1,1.000,645.8,1,0.986,340.0,1,0.849,0.721,3,1,90,ROJO,-173.7,106.7,0.300,1,182.8,,56.8
2329.528605,AVOID_PASS,manteniendo rumbo mientras pasa el pilar 90,22,2.11,422.05,PISTA,OK,5,565.0,565.0,679.6,337.8,639.8,1,1.000,648.5,1,0.973,333.0,1,0.808,0.473,3,1,90,ROJO,-173.8,97.8,0.400,1,191.6,,82.1
2329.627985,AVOID_PASS,manteniendo rumbo mientras pasa el pilar 90,22,2.26,421.90,PISTA,OK,5,555.0,555.0,680.1,334.0,637.3,1,0.972,652.0,1,0.973,331.0,1,0.795,0.450,3,1,90,ROJO,-173.8,97.8,0.400,0,200.3,,58.3
2329.727958,AVOID_PASS,manteniendo rumbo mientras pasa el pilar 90,22,2.36,421.80,PISTA,OK,5,545.5,545.5,683.0,330.5,643.9,1,1.000,656.0,1,0.973,329.0,1,0.849,0.434,3,1,90,ROJO,-173.8,97.8,0.400,0,209.1,,79.9
2329.827536,AVOID_PASS,manteniendo rumbo mientras pasa el pilar 90,22,2.43,421.73,PISTA,OK,5,543.5,543.5,685.4,327.5,642.2,1,0.972,658.0,1,0.959,329.5,1,0.849,0.430,3,1,90,ROJO,-173.8,97.8,0.400,0,217.9,,57.1
2329.928350,AVOID_PASS,manteniendo rumbo mientras pasa el pilar 90,22,2.54,421.62,PISTA,OK,5,534.0,534.0,687.3,323.9,643.4,1,0.944,660.8,1,0.986,321.5,1,0.863,0.413,3,1,90,ROJO,-173.8,97.8,0.400,0,226.8,,81.5
2330.026313,AVOID_PASS,manteniendo rumbo mientras pasa el pilar 90,22,2.60,421.56,PISTA,OK,5,532.0,532.0,691.1,320.4,650.4,1,1.000,663.5,1,0.986,322.5,1,0.781,0.430,3,1,90,ROJO,-173.8,97.8,0.400,0,235.4,,57.4
2330.125523,AVOID_PASS,manteniendo rumbo mientras pasa el pilar 90,22,2.61,421.55,PISTA,OK,5,513.5,513.5,704.1,316.7,652.5,1,1.000,666.8,1,0.986,317.0,1,0.808,0.513,3,1,90,ROJO,-173.8,97.8,0.400,0,244.1,,77.0
2330.224929,AVOID_PASS,manteniendo rumbo mientras pasa el pilar 90,22,2.65,421.51,PISTA,OK,5,524.0,524.0,712.4,313.8,659.4,1,0.972,669.8,1,0.973,315.5,1,0.836,0.558,3,1,90,ROJO,-173.8,97.8,0.400,0,252.9,,56.4
2330.324737,AVOID_PASS,manteniendo rumbo mientras pasa el pilar 90,22,2.75,421.41,PISTA,OK,5,500.5,500.5,760.0,310.3,656.6,1,1.000,675.0,1,0.973,312.0,1,0.808,0.882,4,1,90,ROJO,-173.8,97.8,0.400,0,261.6,,80.2
2330.423711,AVOID_PASS,manteniendo rumbo mientras pasa el pilar 90,22,2.78,421.38,PISTA,OK,5,506.5,506.5,764.3,306.9,656.1,1,0.972,677.5,1,1.000,307.0,1,0.795,0.885,3,0,90,ROJO,-173.8,97.8,0.400,0,270.4,,54.7
2330.524083,AVOID_PASS,manteniendo rumbo mientras pasa el pilar 90,22,2.81,421.35,PISTA,OK,5,497.5,497.5,767.7,303.9,662.7,1,0.972,679.8,1,0.986,304.5,1,0.795,0.880,3,0,90,ROJO,-173.8,97.8,0.400,0,279.2,,76.7
2330.623213,AVOID_PASS,manteniendo rumbo mientras pasa el pilar 90,21,2.90,421.26,PISTA,OK,5,488.5,488.5,774.1,300.4,659.4,1,0.972,184.0,1,0.959,299.0,1,0.808,0.894,3,0,90,ROJO,-173.8,97.8,0.400,0,287.9,,52.1
2330.722735,AVOID_PASS,manteniendo rumbo mientras pasa el pilar 90,21,2.97,421.19,PISTA,OK,5,479.0,479.0,779.5,296.8,669.7,1,0.972,166.5,1,0.945,297.5,1,0.808,0.901,3,0,90,ROJO,-173.8,97.8,0.400,0,296.3,,80.6
2330.822373,AVOID_PASS,manteniendo rumbo mientras pasa el pilar 90,21,2.99,421.17,PISTA,OK,5,477.5,477.5,821.6,293.5,676.2,1,0.972,151.5,1,0.959,292.5,1,0.795,0.681,3,0,90,ROJO,-173.8,97.8,0.400,0,304.6,,54.0
2330.922523,AVOID_PASS,manteniendo rumbo mientras pasa el pilar 90,21,3.05,421.11,PISTA,OK,5,475.0,475.0,2440.0,290.3,676.6,1,0.972,148.5,1,0.932,293.5,1,0.767,0.186,4,0,90,ROJO,-173.8,97.8,0.400,0,313.1,,75.5
2331.023343,RECENTER,reincorporacion tras 322 mm de sobrepaso estimado,21,2.30,421.00,PISTA,OK,5,461.0,461.0,154.8,287.3,679.9,1,0.972,147.0,1,0.945,289.5,1,0.808,0.826,4,0,90,ROJO,-173.8,97.8,0.400,0,321.5,,54.0
2331.123834,TURN,giro de esquina por IMU y reapertura frontal,21,25.00,420.93,PISTA,OK,5,452.5,452.5,2587.0,283.4,680.9,1,0.972,149.0,1,0.945,283.5,1,0.781,0.185,4,0,,,,,,0,321.5,,81.4
2331.223337,TURN,giro de esquina por IMU y reapertura frontal,21,25.00,420.92,PISTA,OK,5,452.0,452.0,2620.2,280.5,680.7,1,0.972,149.5,1,0.959,280.0,1,0.795,0.184,4,0,,,,,,0,321.5,,48.8
2331.324760,TURN,giro de esquina por IMU y reapertura frontal,21,25.00,420.48,PISTA,OK,5,425.0,425.0,2573.1,278.8,678.7,1,1.000,153.0,1,0.959,280.0,1,0.808,0.187,4,0,,,,,,0,321.5,,80.6
2331.424356,TURN,giro de esquina por IMU y reapertura frontal,21,25.00,421.50,PISTA,OK,5,423.0,423.0,2649.5,274.2,686.0,1,1.000,151.5,1,0.986,273.5,1,0.808,0.183,4,0,,,,,,0,321.5,,56.2
2331.524525,TURN,giro de esquina por IMU y reapertura frontal,21,25.00,423.20,PISTA,OK,5,448.5,448.5,2660.9,271.9,694.6,1,0.944,149.5,1,0.973,270.5,1,0.781,0.183,4,0,,,,,,0,321.5,,81.7
2331.625512,TURN,giro de esquina por IMU y reapertura frontal,21,25.00,424.77,PISTA,OK,5,465.0,465.0,2741.7,268.8,701.6,1,0.917,147.0,1,0.986,265.0,1,0.836,0.184,3,0,,,,,,0,321.5,,56.0
2331.726568,TURN,giro de esquina por IMU y reapertura frontal,22,25.00,425.63,PISTA,OK,5,497.5,497.5,2969.4,267.2,713.5,1,0.861,145.0,1,0.973,268.0,1,0.836,0.181,3,0,,,,,,0,321.5,,82.1
2331.825355,TURN,giro de esquina por IMU y reapertura frontal,22,25.00,427.23,PISTA,OK,5,499.0,499.0,806.5,265.9,732.7,1,0.861,142.0,1,0.945,264.0,1,0.808,0.792,3,0,,,,,,0,321.5,,57.1
2331.925598,TURN,giro de esquina por IMU y reapertura frontal,22,25.00,429.02,PISTA,OK,5,528.0,528.0,3307.1,265.0,736.4,1,0.806,140.0,1,0.959,258.5,1,0.822,0.181,3,0,,,,,,0,321.5,,81.0
2332.024786,TURN,giro de esquina por IMU y reapertura frontal,22,25.00,430.76,PISTA,OK,5,561.5,561.5,3179.5,263.9,761.8,1,0.694,136.5,1,0.945,261.0,1,0.795,0.180,3,0,,,,,,0,321.5,,52.5
2332.124515,TURN,giro de esquina por IMU y reapertura frontal,22,25.00,432.45,PISTA,OK,5,600.0,600.0,4525.0,264.0,768.8,1,0.694,132.5,1,0.973,258.5,1,0.795,0.180,3,0,,,,,,0,321.5,,81.5
2332.225311,TURN,giro de esquina por IMU y reapertura frontal,23,25.00,433.36,PISTA,OK,5,693.0,693.0,789.5,264.4,730.5,1,0.639,130.0,1,0.918,258.5,1,0.795,0.775,4,0,,,,,,0,321.5,,54.4
2332.323784,TURN,giro de esquina por IMU y reapertura frontal,23,25.00,435.22,PISTA,OK,5,682.0,682.0,5088.9,264.8,616.4,1,0.694,127.0,1,0.973,258.0,1,0.795,0.178,4,0,,,,,,0,321.5,,80.7
2332.422751,TURN,giro de esquina por IMU y reapertura frontal,24,25.00,436.14,PISTA,OK,5,732.0,732.0,775.0,266.1,573.0,1,0.556,126.0,1,0.945,259.8,1,0.822,0.774,4,0,,,,,,0,321.5,,50.9
2332.522686,TURN,giro de esquina por IMU y reapertura frontal,25,25.00,437.98,PISTA,OK,5,991.0,991.0,771.1,267.7,534.5,1,0.611,122.5,1,0.904,260.8,1,0.849,0.638,4,0,,,,,,0,321.5,,75.6
2332.621489,TURN,giro de esquina por IMU y reapertura frontal,25,25.00,439.91,PISTA,OK,5,982.5,982.5,762.0,269.7,514.0,1,0.611,121.5,1,0.863,262.5,1,0.836,0.770,4,0,,,,,,0,321.5,,51.4
2332.721205,TURN,giro de esquina por IMU y reapertura frontal,25,25.00,441.98,PISTA,OK,5,976.0,976.0,754.0,272.4,482.9,1,0.667,121.0,1,0.918,264.8,1,0.849,0.767,3,0,,,,,,0,321.5,,81.0
2332.820437,TURN,giro de esquina por IMU y reapertura frontal,25,25.00,444.05,PISTA,OK,5,968.5,968.5,748.0,275.4,470.6,1,0.667,119.0,1,0.849,269.5,1,0.863,0.769,3,0,,,,,,0,321.5,,50.3
2332.920618,TURN,giro de esquina por IMU y reapertura frontal,25,25.00,445.14,PISTA,OK,5,961.0,961.0,738.5,279.3,454.2,1,0.556,116.0,1,0.767,271.8,1,0.877,0.768,3,0,,,,,,0,321.5,,82.4
2333.020256,TURN,giro de esquina por IMU y reapertura frontal,25,25.00,447.17,PISTA,OK,5,956.5,956.5,113.7,283.4,441.9,1,0.583,115.0,1,0.740,275.2,1,0.904,0.683,3,0,,,,,,0,321.5,,51.1
2333.120727,TURN,giro de esquina por IMU y reapertura frontal,25,25.00,449.17,PISTA,OK,5,948.5,948.5,117.1,288.1,418.6,1,0.694,113.0,1,0.712,281.5,1,0.959,0.405,3,0,,,,,,0,321.5,,82.3
2333.221533,TURN,giro de esquina por IMU y reapertura frontal,25,25.00,451.35,PISTA,OK,5,946.0,946.0,128.9,293.8,413.7,1,0.639,109.5,1,0.753,286.0,1,0.973,0.200,3,0,,,,,,0,321.5,,53.7
2333.321940,TURN,giro de esquina por IMU y reapertura frontal,25,25.00,453.33,PISTA,OK,5,938.0,938.0,127.9,300.0,402.2,1,0.500,110.0,1,0.712,292.0,1,0.945,0.204,3,0,,,,,,0,321.5,,82.3
2333.421530,TURN,giro de esquina por IMU y reapertura frontal,25,25.00,454.38,PISTA,OK,5,932.0,932.0,646.5,306.6,395.7,1,0.667,108.5,1,0.712,298.5,1,0.973,0.778,3,0,,,,,,0,321.5,,51.0
2333.522990,TURN,giro de esquina por IMU y reapertura frontal,25,25.00,456.41,PISTA,OK,5,924.5,924.5,649.2,313.7,400.8,1,0.556,108.5,1,0.685,302.5,1,0.986,0.751,4,0,,,,,,0,321.5,,82.6
2333.622810,TURN,giro de esquina por IMU y reapertura frontal,25,25.00,458.62,PISTA,OK,5,919.0,919.0,644.4,321.6,380.9,1,0.556,106.0,1,0.699,309.5,1,0.973,0.212,4,0,,,,,,0,321.5,,54.2
2333.723684,TURN,giro de esquina por IMU y reapertura frontal,25,25.00,460.67,PISTA,OK,5,913.5,913.5,648.2,329.5,375.6,1,0.556,107.0,1,0.658,314.8,1,0.986,0.657,4,0,,,,,,0,321.5,,82.4
2333.822777,TURN,giro de esquina por IMU y reapertura frontal,25,25.00,461.66,PISTA,OK,5,911.2,911.2,648.8,339.0,369.8,1,0.583,106.8,1,0.753,321.5,1,0.959,0.677,4,0,,,,,,0,321.5,,55.4
2333.924193,TURN,giro de esquina por IMU y reapertura frontal,25,25.00,463.77,PISTA,OK,5,908.0,908.0,607.8,348.8,367.4,1,0.611,107.5,1,0.699,327.5,1,1.000,0.210,4,0,,,,,,0,321.5,,78.3
2334.022129,TURN,giro de esquina por IMU y reapertura frontal,25,25.00,465.70,PISTA,OK,5,904.5,904.5,600.9,359.4,366.6,1,0.639,109.0,1,0.699,335.0,1,0.986,0.211,3,0,,,,,,0,321.5,,51.9
2334.122420,TURN,giro de esquina por IMU y reapertura frontal,25,25.00,467.88,PISTA,OK,5,907.0,907.0,615.2,370.9,364.5,1,0.639,110.8,1,0.726,341.5,1,1.000,0.213,3,0,,,,,,0,321.5,,81.4
2334.223092,TURN,giro de esquina por IMU y reapertura frontal,25,25.00,469.96,PISTA,OK,5,908.2,908.2,610.5,383.4,358.0,1,0.611,112.0,1,0.740,348.2,1,0.986,0.211,3,0,,,,,,0,321.5,,51.9
2334.322985,TURN,giro de esquina por IMU y reapertura frontal,25,25.00,471.02,PISTA,OK,5,912.5,912.5,611.9,397.2,358.8,1,0.611,111.5,1,0.726,356.0,1,1.000,0.211,3,0,,,,,,0,321.5,,81.2
2334.422564,TURN,giro de esquina por IMU y reapertura frontal,25,25.00,473.19,PISTA,OK,5,914.0,914.0,630.2,411.4,358.0,1,0.611,113.0,1,0.753,361.8,1,1.000,0.211,3,0,,,,,,0,321.5,,55.4
2334.521963,TURN,giro de esquina por IMU y reapertura frontal,25,25.00,475.32,PISTA,OK,5,922.0,922.0,666.2,427.5,101.6,1,0.639,115.0,1,0.767,370.0,1,1.000,0.724,2,0,,,,,,0,321.5,,80.1
2334.621455,TURN,giro de esquina por IMU y reapertura frontal,25,25.00,477.29,PISTA,OK,5,931.0,931.0,668.0,443.0,101.1,1,0.694,117.5,1,0.808,377.0,1,1.000,0.889,2,0,,,,,,0,321.5,,52.9
2334.719761,CRUISE,esquina 6 verificada,25,21.00,478.35,PISTA,OK,6,934.5,934.5,672.9,460.1,355.1,1,0.639,118.0,1,0.740,385.5,1,1.000,0.866,2,1,,,,,,0,321.5,,78.4
2334.820250,AVOID_APPROACH,pure-pursuit al punto de paso del pilar 101,25,25.00,480.36,PISTA,OK,6,947.0,947.0,677.8,478.3,104.5,1,0.694,120.5,1,0.808,394.0,1,1.000,0.859,2,1,101,VERDE,-340.4,488.0,0.000,1,321.5,,53.5
2334.918247,AVOID_APPROACH,pure-pursuit al punto de paso del pilar 101,25,25.00,482.56,PISTA,OK,6,957.5,957.5,684.5,500.8,104.6,1,0.750,121.0,1,0.808,401.5,1,1.000,0.846,2,1,101,VERDE,-321.6,488.7,0.000,1,321.5,,79.0
2335.017513,AVOID_APPROACH,pure-pursuit al punto de paso del pilar 101,25,25.00,484.61,PISTA,OK,6,972.0,972.0,695.8,512.3,106.1,1,0.806,122.0,1,0.795,409.0,1,1.000,0.588,2,1,101,VERDE,-306.6,495.9,0.000,1,321.5,,50.3
2335.118649,AVOID_APPROACH,pure-pursuit al punto de paso del pilar 101,25,25.00,485.62,PISTA,OK,6,982.0,982.0,704.2,525.3,105.3,1,0.750,124.5,1,0.712,418.0,1,1.000,0.451,2,1,101,VERDE,-280.7,494.8,0.000,1,321.5,,83.1
2335.216551,AVOID_APPROACH,pure-pursuit al punto de paso del pilar 101,25,25.00,487.57,PISTA,OK,6,996.0,996.0,707.1,535.1,107.3,1,0.778,128.2,1,0.712,426.5,1,1.000,0.373,2,1,101,VERDE,-260.2,495.7,0.000,1,321.5,,49.7
2335.317930,AVOID_APPROACH,pure-pursuit al punto de paso del pilar 101,25,25.00,489.56,PISTA,OK,6,1013.5,1013.5,716.3,547.5,109.4,1,0.833,131.5,1,0.699,434.5,1,1.000,0.254,3,1,101,VERDE,-242.9,493.9,0.000,1,321.5,,80.8
2335.417605,AVOID_APPROACH,pure-pursuit al punto de paso del pilar 101,25,25.00,491.64,PISTA,OK,6,1035.5,1035.5,727.3,562.9,116.1,1,0.833,133.5,1,0.671,442.2,1,1.000,0.208,3,1,101,VERDE,-220.2,497.0,0.000,1,321.5,,49.8
2335.517774,AVOID_APPROACH,pure-pursuit al punto de paso del pilar 101,25,25.00,493.60,PISTA,OK,6,1055.5,1055.5,743.9,571.1,115.5,1,0.861,137.0,1,0.603,451.5,1,1.000,0.192,3,1,101,VERDE,-201.9,502.4,0.000,1,321.5,,81.3
2335.617435,AVOID_APPROACH,pure-pursuit al punto de paso del pilar 101,25,25.00,494.67,PISTA,OK,6,1081.5,1081.5,754.4,593.4,119.6,1,0.944,140.8,1,0.644,459.8,1,1.000,0.203,3,1,101,VERDE,-182.2,499.1,0.000,1,321.5,,49.9
2335.719289,AVOID_APPROACH,pure-pursuit al punto de paso del pilar 101,25,25.00,496.86,PISTA,OK,6,1096.5,1096.5,770.3,608.7,120.0,1,1.000,142.5,1,0.685,468.0,1,1.000,0.208,3,1,101,VERDE,-154.0,498.7,0.000,1,321.5,,80.8
2335.819201,AVOID_APPROACH,pure-pursuit al punto de paso del pilar 101,25,25.00,499.05,PISTA,OK,6,1136.5,1136.5,791.4,626.0,121.0,1,0.972,146.0,1,0.630,478.0,1,1.000,0.197,2,1,101,VERDE,-140.6,491.6,0.000,1,321.5,,50.9
2335.919421,AVOID_APPROACH,pure-pursuit al punto de paso del pilar 101,25,25.00,500.13,PISTA,OK,6,1155.0,1155.0,808.7,642.8,124.1,1,0.972,146.2,1,0.589,487.0,1,1.000,0.206,2,1,101,VERDE,-120.2,487.3,0.000,1,321.5,,80.2
2336.019105,AVOID_APPROACH,pure-pursuit al punto de paso del pilar 101,22,25.00,502.07,PISTA,OK,6,497.0,1197.0,834.8,657.1,125.3,1,0.972,149.8,1,0.507,495.5,1,1.000,0.198,2,1,101,VERDE,-98.8,480.9,0.000,1,321.5,,52.4
2336.120982,AVOID_APPROACH,pure-pursuit al punto de paso del pilar 101,21,25.00,504.02,PISTA,OK,6,480.5,1226.0,860.1,677.5,127.2,1,0.972,155.0,1,0.534,504.5,1,0.986,0.197,2,1,101,VERDE,-76.7,481.0,0.000,1,321.5,,82.0
2336.220290,AVOID_APPROACH,pure-pursuit al punto de paso del pilar 101,21,25.00,505.96,PISTA,OK,6,467.5,1267.5,886.6,697.7,130.7,1,1.000,158.5,1,0.507,513.5,1,0.986,0.197,2,1,101,VERDE,-61.0,480.4,0.000,1,321.5,,54.0
2336.320694,AVOID_APPROACH,pure-pursuit al punto de paso del pilar 101,21,25.00,507.61,PISTA,OK,6,463.5,1322.5,916.8,721.9,130.9,1,1.000,159.8,1,0.493,520.5,1,1.000,0.197,2,1,101,VERDE,-51.6,473.6,0.000,1,321.5,,81.1
2336.419469,AVOID_APPROACH,pure-pursuit al punto de paso del pilar 101,21,24.35,508.46,PISTA,OK,6,456.5,1349.0,947.5,726.0,134.7,1,0.972,162.5,1,0.466,526.2,1,0.986,0.199,2,1,101,VERDE,-32.8,468.0,0.000,1,321.5,,53.7
2336.519315,AVOID_APPROACH,pure-pursuit al punto de paso del pilar 101,21,24.14,510.12,PISTA,OK,6,450.0,1404.0,978.8,755.0,137.0,1,0.972,166.0,1,0.425,532.5,1,1.000,0.200,1,1,101,VERDE,-27.0,459.8,0.000,1,321.5,,78.4
2336.618867,AVOID_APPROACH,pure-pursuit al punto de paso del pilar 101,21,23.49,511.83,PISTA,OK,6,445.0,1395.0,1022.6,773.5,140.9,1,1.000,169.0,1,0.507,540.5,1,1.000,0.199,3,1,101,VERDE,-17.7,452.7,0.000,1,321.5,,52.2
2336.718373,AVOID_APPROACH,pure-pursuit al punto de paso del pilar 101,21,22.90,513.42,PISTA,OK,6,439.5,1390.0,1072.2,796.4,141.5,1,0.972,170.5,1,0.479,547.0,1,0.973,0.197,4,1,101,VERDE,-14.8,458.6,0.000,1,321.5,,80.3
2336.817684,AVOID_APPROACH,pure-pursuit al punto de paso del pilar 101,21,21.89,515.01,PISTA,OK,6,439.0,1382.0,1124.0,814.6,143.8,1,1.000,174.8,1,0.479,553.0,1,1.000,0.205,4,1,101,VERDE,-2.0,450.5,0.099,1,321.5,,48.0
2336.917519,AVOID_APPROACH,pure-pursuit al punto de paso del pilar 101,21,21.54,515.84,PISTA,OK,6,432.5,1374.0,1185.2,833.5,148.9,1,0.972,177.5,1,0.507,560.5,1,1.000,0.207,4,2,101,VERDE,4.5,442.1,0.199,1,321.5,,82.2
2337.016444,AVOID_APPROACH,pure-pursuit al punto de paso del pilar 101,21,20.48,517.47,PISTA,OK,6,428.0,1370.0,1250.2,850.6,150.3,1,0.972,178.5,1,0.575,568.0,1,1.000,0.210,4,2,101,VERDE,17.1,433.5,0.298,1,321.5,,50.6
2337.116354,AVOID_APPROACH,pure-pursuit al punto de paso del pilar 101,21,19.36,519.17,PISTA,OK,6,421.5,1368.5,1344.6,864.7,152.8,1,1.000,182.0,1,0.575,574.5,1,1.000,0.213,4,2,101,VERDE,29.9,424.4,0.398,1,321.5,,81.7
2337.213898,AVOID_APPROACH,pure-pursuit al punto de paso del pilar 105,21,15.36,520.71,PISTA,OK,6,417.0,1373.5,1445.3,866.7,155.9,1,1.000,184.5,1,0.589,581.0,1,1.000,0.214,4,2,105,VERDE,67.0,423.1,0.000,1,321.5,,48.1
2337.315199,AVOID_APPROACH,pure-pursuit al punto de paso del pilar 105,21,13.12,521.55,PISTA,OK,6,411.0,1358.5,1594.0,866.6,157.5,1,0.972,186.2,1,0.589,587.8,1,1.000,0.214,4,2,105,VERDE,82.2,415.4,0.000,1,321.5,,82.9
2337.414378,AVOID_APPROACH,pure-pursuit al punto de paso del pilar 105,21,10.80,523.34,PISTA,OK,6,429.0,1353.0,1799.8,876.1,158.3,1,0.972,188.8,1,0.603,598.0,1,1.000,0.218,4,2,105,VERDE,101.6,406.1,0.000,1,321.5,,47.4
2337.514109,AVOID_APPROACH,pure-pursuit al punto de paso del pilar 105,25,8.88,525.08,PISTA,OK,6,1348.0,1348.0,1978.8,872.2,164.1,1,1.000,192.5,1,0.767,604.5,1,1.000,0.193,4,2,105,VERDE,116.9,397.3,0.000,1,321.5,,81.7
2337.614709,AVOID_APPROACH,pure-pursuit al punto de paso del pilar 105,25,7.05,526.95,PISTA,OK,6,1344.0,1344.0,2307.4,877.1,167.6,1,0.972,195.5,1,0.644,614.5,1,0.986,0.192,4,2,105,VERDE,131.4,384.8,0.000,1,321.5,,48.0
2337.713845,AVOID_APPROACH,pure-pursuit al punto de paso del pilar 105,25,4.59,527.86,PISTA,OK,6,1335.0,1335.0,2529.2,876.9,170.4,1,0.972,202.2,1,0.740,628.5,1,1.000,0.185,4,2,105,VERDE,148.7,377.2,0.000,1,321.5,,80.4
2337.813583,AVOID_APPROACH,pure-pursuit al punto de paso del pilar 105,25,1.96,529.44,PISTA,OK,6,1328.0,1328.0,342.0,877.3,177.8,1,0.972,206.5,1,0.658,640.0,1,0.986,0.800,4,2,105,VERDE,166.5,364.9,0.000,1,321.5,,46.5
2337.915051,AVOID_APPROACH,pure-pursuit al punto de paso del pilar 105,25,0.47,531.01,PISTA,OK,6,1616.5,1616.5,622.5,875.0,184.7,1,0.972,215.5,1,0.671,655.5,1,1.000,0.211,3,2,105,VERDE,176.1,351.0,0.000,1,321.5,,82.2
2338.014904,AVOID_APPROACH,pure-pursuit al punto de paso del pilar 105,25,-1.54,532.14,PISTA,OK,6,1611.5,1611.5,572.2,878.2,194.1,1,1.000,223.0,1,0.726,672.5,1,1.000,0.213,2,1,105,VERDE,188.1,336.3,0.000,1,321.5,,47.6
2338.114973,AVOID_APPROACH,pure-pursuit al punto de paso del pilar 105,25,-1.93,532.56,PISTA,OK,6,1595.0,1595.0,594.0,880.8,203.5,1,1.000,233.0,1,0.740,683.5,1,1.000,0.209,3,1,105,VERDE,189.9,322.4,0.000,1,321.5,,81.9
2338.216229,AVOID_APPROACH,pure-pursuit al punto de paso del pilar 105,25,-2.71,533.14,PISTA,OK,6,1587.0,1587.0,547.2,882.6,211.3,1,0.972,241.0,1,0.781,698.0,1,1.000,0.214,3,1,105,VERDE,193.8,312.1,0.000,1,321.5,,50.9
2338.316526,AVOID_APPROACH,pure-pursuit al punto de paso del pilar 105,25,-3.94,533.37,PISTA,OK,6,1578.0,1578.0,616.1,883.2,223.0,1,0.972,248.5,1,0.836,708.0,1,1.000,0.209,3,1,105,VERDE,199.7,300.1,0.000,1,321.5,,78.8
2338.416483,AVOID_APPROACH,pure-pursuit al punto de paso del pilar 105,25,-4.03,533.62,PISTA,OK,6,1568.5,1568.5,541.4,884.1,230.7,1,0.917,257.5,1,0.753,720.5,1,0.986,0.212,3,1,105,VERDE,199.4,289.3,0.000,1,321.5,,51.2
2338.516519,AVOID_APPROACH,pure-pursuit al punto de paso del pilar 105,25,-4.13,533.72,PISTA,OK,6,1556.5,1556.5,543.2,884.5,239.9,1,0.944,264.2,1,0.877,731.5,1,1.000,0.213,3,1,105,VERDE,199.3,280.8,0.000,1,321.5,,82.3
2338.617346,AVOID_PASS,manteniendo rumbo mientras pasa el pilar 105,25,-0.13,533.69,PISTA,OK,6,1549.5,1549.5,2062.9,884.7,250.3,1,0.917,272.5,1,0.767,742.5,1,1.000,0.201,3,1,105,VERDE,202.7,270.0,0.000,1,0.0,,51.1
2338.717163,AVOID_PASS,manteniendo rumbo mientras pasa el pilar 105,25,0.02,533.67,PISTA,OK,6,1539.0,1539.0,243.0,884.2,258.9,1,0.917,284.5,1,0.808,750.5,1,1.000,0.806,3,1,105,VERDE,198.1,261.5,0.000,1,10.0,,82.5
2338.816400,AVOID_PASS,manteniendo rumbo mientras pasa el pilar 105,25,0.07,533.62,PISTA,OK,6,1535.5,1535.5,232.5,885.0,269.2,1,0.917,290.2,1,0.781,761.5,1,0.986,0.804,3,1,105,VERDE,201.3,253.9,0.000,1,19.9,,50.9
2338.916179,AVOID_PASS,manteniendo rumbo mientras pasa el pilar 105,25,-1.43,533.59,PISTA,OK,6,1521.0,1521.0,222.0,884.9,279.9,1,0.972,300.5,1,0.795,772.0,1,1.000,0.803,3,1,105,VERDE,202.5,244.0,0.000,1,29.9,,81.5
2339.014132,AVOID_PASS,manteniendo rumbo mientras pasa el pilar 105,25,-2.73,533.65,PISTA,OK,6,1513.0,1513.0,215.5,884.6,288.7,1,1.000,310.0,1,0.767,780.0,1,1.000,0.804,3,1,105,VERDE,199.1,234.1,0.000,1,39.7,,48.0
2339.115044,AVOID_PASS,manteniendo rumbo mientras pasa el pilar 105,25,-5.12,533.66,PISTA,OK,6,1503.5,1503.5,203.0,884.6,299.3,1,0.972,318.5,1,0.904,795.5,1,1.000,0.806,3,1,105,VERDE,198.6,224.9,0.000,1,49.8,,82.9
2339.214341,AVOID_PASS,manteniendo rumbo mientras pasa el pilar 105,25,-6.53,533.63,PISTA,OK,6,1498.5,1498.5,195.5,884.7,308.8,1,0.972,326.8,1,0.890,808.0,1,1.000,0.806,3,1,105,VERDE,199.1,215.9,0.000,1,59.7,,48.8
2339.312482,AVOID_PASS,manteniendo rumbo mientras pasa el pilar 105,25,-6.74,533.65,PISTA,OK,6,1479.5,1479.5,194.5,884.4,317.0,1,0.944,335.5,1,0.890,816.5,1,1.000,0.805,4,1,105,VERDE,199.6,205.3,0.000,1,69.5,,79.9
2339.413310,AVOID_PASS,manteniendo rumbo mientras pasa el pilar 105,25,-2.74,533.50,PISTA,OK,6,1473.5,1473.5,510.0,885.4,328.4,1,0.944,345.5,1,0.849,824.0,1,1.000,0.215,4,2,105,VERDE,198.9,197.4,0.000,1,79.6,,48.1
2339.513249,AVOID_PASS,manteniendo rumbo mientras pasa el pilar 105,25,0.37,533.32,AZUL,OK,6,1462.0,1462.0,424.7,884.9,338.4,1,0.944,356.5,1,0.890,834.5,1,1.000,0.222,4,2,105,VERDE,199.8,187.4,0.000,1,89.6,,81.8
2339.611233,AVOID_PASS,manteniendo rumbo mientras pasa el pilar 105,25,-3.63,532.99,AZUL,OK,6,1459.0,1459.0,172.5,883.8,348.9,1,0.944,367.5,1,0.890,842.5,1,1.000,0.794,4,2,105,VERDE,198.7,178.8,0.098,1,99.4,,46.2
2339.711018,AVOID_PASS,manteniendo rumbo mientras pasa el pilar 105,25,-7.63,532.76,PISTA,OK,6,1448.0,1448.0,167.5,883.1,360.7,1,0.917,379.5,1,0.890,850.5,1,1.000,0.807,4,2,105,VERDE,196.0,172.4,0.000,1,109.4,,73.3
2339.812128,AVOID_PASS,manteniendo rumbo mientras pasa el pilar 105,25,-3.63,532.53,PISTA,OK,6,1440.0,1440.0,344.2,877.6,369.0,1,0.972,388.0,1,0.973,861.5,1,1.000,0.215,4,2,105,VERDE,195.3,163.0,0.101,1,119.5,,46.6
2339.912308,AVOID_PASS,manteniendo rumbo mientras pasa el pilar 105,25,0.37,532.44,PISTA,OK,6,1432.0,1432.0,290.5,882.0,380.1,1,0.944,400.5,1,0.918,870.0,1,1.000,0.230,5,2,105,VERDE,192.6,155.9,0.000,1,129.5,,80.3
2340.013382,AVOID_PASS,manteniendo rumbo mientras pasa el pilar 105,25,-3.63,532.06,PISTA,OK,6,1416.0,1416.0,146.5,880.4,390.4,1,0.944,410.5,1,0.918,869.5,1,0.986,0.811,5,2,105,VERDE,189.9,147.8,0.000,1,139.6,,41.4
2340.113366,AVOID_PASS,manteniendo rumbo mientras pasa el pilar 105,25,-7.63,531.66,PISTA,OK,6,1412.0,1412.0,145.0,879.6,401.8,1,0.944,422.5,1,0.904,868.5,1,1.000,0.812,5,2,105,VERDE,186.9,141.8,0.000,1,149.6,,78.7
2340.213070,AVOID_PASS,manteniendo rumbo mientras pasa el pilar 105,25,-11.63,531.49,PISTA,OK,6,1399.5,1399.5,137.0,879.1,410.9,1,0.944,432.0,1,0.918,867.0,1,1.000,0.813,5,2,105,VERDE,184.7,133.3,0.000,1,159.6,,48.0
2340.313343,AVOID_PASS,manteniendo rumbo mientras pasa el pilar 105,25,-7.63,531.37,PISTA,OK,6,1396.5,1396.5,208.5,878.6,849.5,1,0.944,992.0,1,0.918,867.0,1,1.000,0.227,5,2,105,VERDE,183.8,125.1,0.000,1,169.6,,81.8
2340.413127,AVOID_PASS,manteniendo rumbo mientras pasa el pilar 105,25,-11.63,531.01,PISTA,OK,6,2047.5,2047.5,137.0,875.9,851.9,1,0.944,989.5,1,0.890,867.0,1,1.000,0.790,5,2,105,VERDE,183.0,116.3,0.100,1,179.6,,48.2
2340.514480,AVOID_PASS,manteniendo rumbo mientras pasa el pilar 105,25,-7.63,530.03,PISTA,OK,6,2037.5,2037.5,205.1,879.3,850.7,1,0.972,1002.0,1,0.890,866.5,1,1.000,0.232,5,2,105,VERDE,177.3,111.7,0.000,1,189.7,,81.7
2340.614498,AVOID_PASS,manteniendo rumbo mientras pasa el pilar 105,25,-11.63,529.16,PISTA,OK,6,2028.0,2028.0,123.0,873.6,860.5,1,1.000,1018.0,1,0.918,867.0,1,1.000,0.790,5,2,105,VERDE,175.6,104.4,0.100,1,199.7,,49.5
2340.714438,AVOID_PASS,manteniendo rumbo mientras pasa el pilar 105,25,-15.63,528.25,PISTA,OK,6,2019.0,2019.0,121.0,872.7,860.1,1,1.000,1029.5,1,0.904,867.8,1,1.000,0.789,5,2,105,VERDE,173.9,97.2,0.200,1,209.7,,82.5
2340.815562,AVOID_PASS,manteniendo rumbo mientras pasa el pilar 105,25,-19.63,527.87,PISTA,OK,6,2009.0,2009.0,125.5,871.5,859.3,1,1.000,1048.0,1,0.877,866.0,1,1.000,0.788,5,2,105,VERDE,173.3,88.2,0.301,1,219.8,,48.7
2340.914028,AVOID_PASS,manteniendo rumbo mientras pasa el pilar 105,25,-20.00,527.11,PISTA,OK,6,1999.5,1999.5,123.0,869.9,864.5,1,0.972,1064.0,1,0.836,865.5,1,1.000,0.789,5,2,105,VERDE,172.1,80.7,0.400,1,229.7,,77.8
2341.014532,AVOID_PASS,manteniendo rumbo mientras pasa el pilar 105,25,-20.00,525.89,PISTA,OK,6,1991.5,1991.5,124.0,868.7,864.6,1,1.000,124.0,1,0.890,864.0,1,1.000,0.789,5,2,105,VERDE,172.1,80.7,0.400,0,239.7,,49.6
2341.114496,AVOID_PASS,manteniendo rumbo mientras pasa el pilar 105,25,-18.31,524.07,PISTA,OK,6,1040.0,1984.5,131.0,876.0,858.5,1,1.000,124.0,1,0.945,865.2,1,1.000,0.797,5,2,105,VERDE,155.1,79.8,0.000,1,249.7,,82.1
2341.212138,AVOID_PASS,manteniendo rumbo mientras pasa el pilar 105,25,-17.47,522.40,PISTA,OK,6,1012.5,1981.0,133.5,873.7,854.0,1,1.000,129.0,1,0.973,866.8,1,1.000,0.774,5,2,105,VERDE,152.7,74.5,0.098,1,259.5,,46.5
2341.313183,AVOID_PASS,manteniendo rumbo mientras pasa el pilar 105,25,-14.88,521.50,PISTA,OK,6,1003.0,1977.2,141.7,875.9,851.5,1,0.972,135.0,1,0.945,867.5,1,1.000,0.731,5,2,105,VERDE,151.6,66.8,0.199,1,269.6,,82.6
2341.412574,AVOID_PASS,manteniendo rumbo mientras pasa el pilar 105,25,-12.80,519.71,NARANJA,OK,6,996.0,1975.2,147.3,878.2,847.8,1,0.972,138.5,1,0.959,870.8,1,1.000,0.742,5,2,105,VERDE,149.4,61.6,0.298,1,279.5,,47.4
2341.512252,AVOID_PASS,manteniendo rumbo mientras pasa el pilar 105,25,-9.28,517.78,NARANJA,OK,6,987.5,1835.0,156.4,880.5,843.7,1,1.000,143.0,1,0.959,879.5,1,1.000,0.726,4,2,105,VERDE,147.2,56.6,0.398,1,289.5,,80.5
2341.611353,AVOID_PASS,manteniendo rumbo mientras pasa el pilar 105,25,-5.28,515.92,PISTA,OK,6,977.0,984.0,166.2,881.4,842.1,1,0.972,149.0,1,0.849,879.0,1,1.000,0.774,3,2,105,VERDE,147.2,56.6,0.398,0,299.4,,46.6
2341.709304,AVOID_PASS,manteniendo rumbo mientras pasa el pilar 105,25,-2.23,515.08,PISTA,OK,6,963.5,1587.5,173.3,887.4,836.8,1,1.000,154.5,1,0.877,892.0,1,1.000,0.728,4,2,105,VERDE,147.2,56.6,0.398,0,309.2,,78.7
2341.810205,AVOID_PASS,manteniendo rumbo mientras pasa el pilar 105,25,1.77,513.33,PISTA,OK,6,956.5,974.5,182.5,892.3,834.3,1,0.972,162.0,1,0.890,891.5,1,1.000,0.736,4,3,105,VERDE,147.2,56.6,0.398,0,319.3,,45.1
2341.910308,RECENTER,reincorporacion tras 329 mm de sobrepaso estimado,25,-2.23,511.88,PISTA,OK,6,944.5,1463.0,190.7,895.1,833.1,1,1.000,168.0,1,0.890,902.5,1,1.000,0.770,4,3,105,VERDE,147.2,56.6,0.398,0,329.3,,77.2
2342.007698,RECENTER,reincorporando por posicion lateral,25,-6.23,511.20,PISTA,OK,6,935.5,1412.0,196.8,894.6,838.0,1,1.000,172.0,1,0.918,902.5,1,1.000,0.783,4,3,105,VERDE,147.2,56.6,0.398,0,329.3,,43.0
2342.109142,RECENTER,reincorporando por posicion lateral,25,-10.23,510.99,PISTA,OK,6,926.0,1393.5,201.4,888.9,845.4,1,0.972,176.0,1,0.945,897.5,1,1.000,0.773,4,3,105,VERDE,147.2,56.6,0.398,0,329.3,,77.7
2342.209222,RECENTER,reincorporando por posicion lateral,25,-14.23,510.63,PISTA,OK,6,916.5,1370.0,205.2,882.5,850.7,1,0.917,178.0,1,0.918,125.0,1,0.986,0.798,4,3,105,VERDE,147.2,56.6,0.398,0,329.3,,40.4
2342.308850,RECENTER,reincorporando por posicion lateral,25,-18.23,510.22,PISTA,OK,6,908.0,1385.5,210.8,875.6,857.7,1,1.000,183.0,1,0.932,117.5,1,0.973,0.783,4,3,105,VERDE,147.2,56.6,0.398,0,329.3,,77.7
2342.408705,RECENTER,reincorporando por posicion lateral,25,-20.00,509.56,PISTA,OK,6,898.5,1364.5,216.3,872.5,863.4,1,0.944,185.5,1,0.877,115.5,1,0.986,0.777,3,2,105,VERDE,147.2,56.6,0.398,0,329.3,,42.7
2342.510441,RECENTER,reincorporando por posicion lateral,25,-16.00,508.23,PISTA,OK,6,888.5,1335.0,225.9,720.0,870.3,1,0.944,192.0,1,0.904,111.0,1,0.973,0.216,3,2,105,VERDE,147.2,56.6,0.398,0,329.3,,79.5
2342.610993,RECENTER,reincorporando por posicion lateral,25,-12.00,507.39,PISTA,OK,6,884.5,1291.0,237.0,719.4,871.0,1,0.944,199.0,1,0.973,106.5,1,0.959,0.216,4,2,105,VERDE,147.2,56.6,0.398,0,329.3,,43.2
2342.710283,RECENTER,reincorporando por posicion lateral,25,-8.00,505.60,PISTA,OK,6,886.0,1237.5,250.5,2212.0,187.2,1,1.000,207.0,1,0.986,101.0,1,0.986,0.188,4,2,105,VERDE,147.2,56.6,0.398,0,329.3,,76.9
2342.810116,RECENTER,reincorporando por posicion lateral,25,-4.00,503.73,PISTA,OK,6,1180.5,1180.5,265.9,784.1,192.9,1,0.944,216.0,1,0.959,93.5,1,0.973,0.223,4,2,105,VERDE,147.2,56.6,0.398,0,329.3,,45.8
2342.911598,RECENTER,reincorporando por posicion lateral,25,0.00,502.03,PISTA,OK,6,1125.5,1125.5,281.2,756.4,193.7,1,1.000,224.5,1,1.000,90.0,1,0.973,0.221,3,1,105,VERDE,147.2,56.6,0.398,0,329.3,,81.2
2343.011196,RECENTER,reincorporando por posicion lateral,25,4.00,500.35,PISTA,OK,6,1075.0,1075.0,297.4,735.3,198.6,1,1.000,232.5,1,0.986,83.0,1,0.945,0.219,3,1,105,VERDE,147.2,56.6,0.398,0,329.3,,46.8
2343.111302,RECENTER,reincorporando por posicion lateral,25,8.00,499.92,PISTA,OK,6,1039.0,1039.0,309.7,724.6,204.4,1,0.972,240.0,1,0.932,82.8,1,0.932,0.218,3,1,105,VERDE,147.2,56.6,0.398,0,329.3,,79.8
2343.210122,RECENTER,reincorporando por posicion lateral,25,12.00,499.12,PISTA,OK,6,1011.0,1011.0,321.0,713.0,207.2,1,1.000,246.0,1,0.973,82.5,1,0.959,0.218,3,1,105,VERDE,147.2,56.6,0.398,0,329.3,,46.5
2343.310000,RECENTER,reincorporando por posicion lateral,25,16.00,498.91,PISTA,OK,6,996.0,996.0,329.0,677.0,212.2,1,0.972,250.5,1,0.945,86.0,1,0.945,0.215,3,1,105,VERDE,147.2,56.6,0.398,0,329.3,,76.8
2343.408800,RECENTER,reincorporando por posicion lateral,25,20.00,499.17,PISTA,OK,6,995.0,995.0,334.2,679.7,215.4,1,0.972,253.5,1,0.986,89.0,1,0.918,0.214,3,1,105,VERDE,147.2,56.6,0.398,0,329.3,,42.1
2343.508507,RECENTER,reincorporando por posicion lateral,25,20.12,499.66,PISTA,OK,6,989.0,989.0,336.2,680.1,221.6,1,0.972,261.0,1,0.986,96.0,1,0.918,0.209,4,1,105,VERDE,147.2,56.6,0.398,0,329.3,,78.2
2343.608297,RECENTER,reincorporando por posicion lateral,25,19.61,500.69,PISTA,OK,6,998.0,998.0,335.5,672.2,225.7,1,0.972,264.0,1,0.986,102.5,1,0.890,0.210,4,1,105,VERDE,147.2,56.6,0.398,0,329.3,,42.3
2343.706953,RECENTER,reincorporando por posicion lateral,25,15.61,502.39,PISTA,OK,6,1025.0,1025.0,330.7,886.9,229.6,1,1.000,266.0,1,1.000,108.0,1,0.959,0.794,5,1,105,VERDE,147.2,56.6,0.398,0,329.3,,76.5
2343.806556,RECENTER,reincorporando por posicion lateral,25,11.61,504.06,PISTA,OK,6,1034.0,1034.0,325.9,861.4,234.3,1,1.000,265.0,1,1.000,116.0,1,0.973,0.866,5,1,105,VERDE,147.2,56.6,0.398,0,329.3,,41.7
2343.906884,RECENTER,reincorporando por posicion lateral,25,7.61,504.84,PISTA,OK,6,1068.8,1068.8,319.9,837.5,241.6,1,0.917,267.2,1,0.959,124.0,1,0.959,0.933,4,1,105,VERDE,147.2,56.6,0.398,0,329.3,,76.9
2344.006013,RECENTER,reincorporando por posicion lateral,24,3.61,506.64,PISTA,OK,6,762.0,1113.0,312.5,818.1,245.1,1,0.972,267.2,1,0.986,134.5,1,0.959,0.936,4,1,105,VERDE,147.2,56.6,0.398,0,329.3,,42.4
2344.105679,RECENTER,reincorporando por posicion lateral,24,-0.39,508.41,PISTA,OK,6,748.0,1164.0,308.3,803.2,253.1,1,0.972,267.0,1,0.986,142.0,1,0.986,0.942,4,1,105,VERDE,147.2,56.6,0.398,0,329.3,,76.0
2344.206758,RECENTER,reincorporando por posicion lateral,24,-4.39,510.26,PISTA,OK,6,738.0,1196.5,304.5,789.0,147.4,1,0.972,265.2,1,0.986,153.5,1,0.973,0.944,4,1,105,VERDE,147.2,56.6,0.398,0,329.3,,43.1
2344.307274,RECENTER,reincorporando por posicion lateral,24,-8.39,511.00,PISTA,OK,6,727.5,1223.5,304.9,781.7,146.2,1,0.972,268.5,1,1.000,161.0,1,0.959,0.931,3,1,105,VERDE,147.2,56.6,0.398,0,329.3,,73.0
2344.407086,RECENTER,reincorporando por posicion lateral,23,-12.39,511.12,PISTA,OK,6,719.5,1243.5,307.8,774.8,140.1,1,0.917,271.5,1,0.973,171.0,1,0.959,0.902,3,1,105,VERDE,147.2,56.6,0.398,0,329.3,,42.5
2344.507116,RECENTER,reincorporando por posicion lateral,23,-16.39,511.23,PISTA,OK,6,709.5,1252.0,311.2,770.3,145.4,1,0.944,274.2,1,0.986,177.5,1,0.986,0.895,3,1,105,VERDE,147.2,56.6,0.398,0,329.3,,71.9
2344.608389,RECENTER,reincorporando por posicion lateral,23,-20.00,510.89,PISTA,OK,6,701.5,1240.5,317.2,766.6,153.2,1,0.917,278.2,1,0.986,184.5,1,0.959,0.856,3,1,105,VERDE,147.2,56.6,0.398,0,329.3,,44.5
2344.708728,RECENTER,reincorporando por posicion lateral,23,-20.00,510.07,PISTA,OK,6,693.0,1216.5,324.0,764.9,157.3,1,0.889,282.8,1,0.986,190.5,1,0.945,0.833,3,1,105,VERDE,147.2,56.6,0.398,0,329.3,,79.1
2344.810262,RECENTER,reincorporando por posicion lateral,23,-20.00,508.73,PISTA,OK,6,688.0,1188.0,334.3,765.2,161.8,1,0.944,289.0,1,0.986,196.0,1,0.959,0.842,3,1,105,VERDE,147.2,56.6,0.398,0,329.3,,46.5
2344.911690,RECENTER,reincorporando por posicion lateral,23,-20.00,507.92,PISTA,OK,6,687.2,1133.0,346.2,767.0,166.7,1,0.972,296.0,1,0.973,201.0,1,0.973,0.816,3,1,105,VERDE,147.2,56.6,0.398,0,329.3,,80.1
2345.011454,RECENTER,reincorporando por posicion lateral,25,-20.00,506.23,PISTA,OK,6,1112.0,1112.0,358.4,770.3,172.8,1,0.972,304.0,1,0.986,206.0,1,0.986,0.829,3,1,105,VERDE,147.2,56.6,0.398,0,329.3,,47.7
2345.110992,RECENTER,reincorporando por posicion lateral,25,-20.00,504.49,PISTA,OK,6,1072.5,1072.5,381.5,773.9,174.9,1,0.972,311.5,1,1.000,209.2,1,0.986,0.484,2,1,105,VERDE,147.2,56.6,0.398,0,329.3,,78.5
2345.210459,RECENTER,reincorporando por posicion lateral,25,-20.00,503.56,PISTA,OK,6,1008.5,1008.5,403.7,776.9,179.2,1,0.944,319.5,1,0.973,217.5,1,0.959,0.320,2,1,105,VERDE,147.2,56.6,0.398,0,329.3,,46.9
2345.310299,RECENTER,reincorporando por posicion lateral,25,-20.00,501.70,PISTA,OK,6,977.0,977.0,419.0,780.4,184.7,1,0.972,327.2,1,1.000,223.8,1,0.986,0.431,3,1,105,VERDE,147.2,56.6,0.398,0,329.3,,77.4
2345.408633,RECENTER,reincorporando por posicion lateral,25,-20.00,499.75,PISTA,OK,6,941.5,941.5,425.1,783.7,189.2,1,0.972,335.5,1,1.000,228.5,1,0.959,0.685,3,1,105,VERDE,147.2,56.6,0.398,0,329.3,,41.8
2345.509001,RECENTER,reincorporando por posicion lateral,25,-19.51,497.96,PISTA,OK,6,899.5,899.5,445.0,781.6,193.7,1,0.972,343.0,1,1.000,234.5,1,0.945,0.600,3,1,105,VERDE,147.2,56.6,0.398,0,329.3,,79.0
2345.608497,RECENTER,reincorporando por posicion lateral,25,-16.98,497.06,PISTA,OK,6,867.5,867.5,465.7,781.3,195.2,1,0.944,351.5,1,1.000,237.8,1,0.973,0.554,3,1,105,VERDE,147.2,56.6,0.398,0,329.3,,46.0
2345.706518,RECENTER,reincorporando por posicion lateral,24,-14.17,495.19,PISTA,OK,6,839.5,839.5,489.8,783.6,201.3,1,0.972,358.5,1,1.000,244.8,1,0.986,0.430,3,1,105,VERDE,147.2,56.6,0.398,0,329.3,,74.2
2345.807774,RECENTER,reincorporando por posicion lateral,24,-11.30,493.28,PISTA,OK,6,811.5,811.5,511.6,778.7,205.2,1,0.944,367.5,1,1.000,248.5,1,0.932,0.332,3,1,105,VERDE,147.2,56.6,0.398,0,329.3,,41.0
2345.905255,RECENTER,reincorporando por posicion lateral,24,-7.30,491.58,PISTA,OK,6,776.0,776.0,531.5,780.0,210.5,1,0.944,373.5,1,1.000,254.5,1,0.918,0.272,3,1,105,VERDE,147.2,56.6,0.398,0,329.3,,73.8
2346.006814,CRUISE,reincorporacion verificada,24,-3.30,490.78,PISTA,OK,6,745.5,745.5,557.8,780.6,213.0,1,0.972,380.5,1,1.000,258.5,1,0.932,0.206,3,1,,,,,,0,329.3,,42.4
2346.105187,AVOID_APPROACH,pure-pursuit al punto de paso del pilar 112,23,0.70,488.99,PISTA,OK,6,720.0,720.0,577.5,778.2,217.9,1,0.944,386.5,1,1.000,260.8,1,0.918,0.202,3,1,112,VERDE,-362.1,496.1,0.000,1,329.3,,75.9
2346.203368,AVOID_APPROACH,pure-pursuit al punto de paso del pilar 112,23,4.70,487.36,PISTA,OK,6,697.5,697.5,593.1,784.2,219.1,1,0.944,394.8,1,1.000,266.2,1,0.945,0.198,3,1,112,VERDE,-375.9,478.4,0.000,1,329.3,,40.3
2346.302659,AVOID_APPROACH,pure-pursuit al punto de paso del pilar 112,23,8.70,486.24,PISTA,OK,6,680.0,680.0,604.2,786.6,224.9,1,0.972,399.5,1,1.000,272.0,1,0.932,0.196,3,1,112,VERDE,-384.8,466.1,0.000,1,329.3,,72.6
2346.402174,AVOID_APPROACH,pure-pursuit al punto de paso del pilar 112,23,12.70,486.05,PISTA,OK,6,662.0,662.0,615.5,778.3,231.8,1,0.917,408.2,1,0.986,275.0,1,0.945,0.193,3,1,112,VERDE,-388.6,454.0,0.000,1,329.3,,38.7
2346.502252,AVOID_APPROACH,pure-pursuit al punto de paso del pilar 112,23,16.70,485.77,PISTA,OK,6,657.5,657.5,623.3,779.0,236.3,1,0.944,414.0,1,1.000,284.5,1,0.945,0.213,3,1,112,VERDE,-389.2,445.8,0.000,1,329.3,,73.4
2346.601948,AVOID_APPROACH,pure-pursuit al punto de paso del pilar 112,23,20.70,485.91,PISTA,OK,6,646.5,646.5,617.3,764.4,239.2,1,0.972,421.5,1,0.973,291.0,1,0.918,0.220,2,1,112,VERDE,-386.4,436.6,0.000,1,329.3,,39.5
2346.701265,AVOID_APPROACH,pure-pursuit al punto de paso del pilar 112,23,24.70,486.53,PISTA,OK,6,639.5,639.5,627.9,754.0,244.5,1,0.917,427.0,1,0.986,298.0,1,0.877,0.294,2,1,112,VERDE,-380.6,432.3,0.000,1,329.3,,70.7
2346.803919,AVOID_APPROACH,pure-pursuit al punto de paso del pilar 112,23,25.00,487.43,PISTA,OK,6,640.5,640.5,629.7,746.1,251.1,1,0.972,433.5,1,1.000,306.5,1,0.959,0.313,2,1,112,VERDE,-372.5,428.3,0.000,1,329.3,,40.8
2346.901895,AVOID_APPROACH,pure-pursuit al punto de paso del pilar 112,23,25.00,488.15,PISTA,OK,6,640.0,640.0,628.0,735.8,261.1,1,0.889,437.0,1,1.000,314.5,1,0.904,0.433,2,1,112,VERDE,-359.8,429.8,0.000,1,329.3,,73.2
2347.002391,AVOID_APPROACH,pure-pursuit al punto de paso del pilar 112,23,25.00,489.87,PISTA,OK,6,647.5,647.5,621.7,726.3,270.9,1,0.917,440.5,1,1.000,323.0,1,0.932,0.454,2,1,112,VERDE,-343.4,433.0,0.000,1,329.3,,38.4
2347.101712,AVOID_APPROACH,pure-pursuit al punto de paso del pilar 112,23,25.00,491.48,PISTA,OK,6,657.2,657.2,618.6,721.1,281.6,1,0.917,444.5,1,0.986,328.5,1,0.945,0.508,2,1,112,VERDE,-327.0,436.8,0.000,1,329.3,,69.7
2347.201789,AVOID_APPROACH,pure-pursuit al punto de paso del pilar 112,23,25.00,493.28,PISTA,OK,6,662.5,662.5,615.2,712.1,294.7,1,0.944,446.2,1,1.000,337.0,1,0.918,0.590,2,1,112,VERDE,-311.2,437.9,0.000,1,329.3,,39.6
2347.302045,AVOID_APPROACH,pure-pursuit al punto de paso del pilar 112,23,25.00,494.10,PISTA,OK,6,673.5,673.5,607.9,701.5,305.5,1,0.944,447.5,1,1.000,344.8,1,0.945,0.706,2,1,112,VERDE,-294.0,441.0,0.000,1,329.3,,72.6
2347.401444,AVOID_APPROACH,pure-pursuit al punto de paso del pilar 112,23,25.00,495.96,PISTA,OK,6,694.0,694.0,602.8,690.6,315.0,1,0.944,448.8,1,1.000,350.5,1,0.973,0.711,2,1,112,VERDE,-279.6,441.4,0.000,1,329.3,,106.7
2347.502242,AVOID_APPROACH,pure-pursuit al punto de paso del pilar 112,23,25.00,497.63,PISTA,OK,6,702.5,702.5,593.5,681.5,325.8,1,0.972,450.0,1,1.000,359.0,1,0.945,0.750,2,1,112,VERDE,-263.1,442.3,0.000,1,329.3,,69.8
2347.603397,AVOID_APPROACH,pure-pursuit al punto de paso del pilar 112,23,25.00,499.43,PISTA,OK,6,721.0,721.0,580.1,669.9,334.4,1,0.944,451.0,1,0.986,366.0,1,0.973,0.833,2,1,112,VERDE,-245.7,443.5,0.000,1,329.3,,38.0
2347.702045,AVOID_APPROACH,pure-pursuit al punto de paso del pilar 112,24,25.00,501.22,PISTA,OK,6,736.0,736.0,571.0,658.1,346.3,1,0.972,450.8,1,0.986,373.5,1,0.973,0.846,3,1,112,VERDE,-228.2,443.9,0.000,1,329.3,,73.6
2347.801793,AVOID_APPROACH,pure-pursuit al punto de paso del pilar 112,24,25.00,502.15,PISTA,OK,6,754.0,754.0,562.8,644.9,355.2,1,0.972,452.5,1,1.000,380.5,1,0.945,0.834,3,1,112,VERDE,-211.6,441.6,0.000,1,329.3,,39.9
2347.903414,AVOID_APPROACH,pure-pursuit al punto de paso del pilar 112,24,25.00,504.06,PISTA,OK,6,779.0,779.0,553.6,632.2,367.3,1,0.944,452.2,1,1.000,388.5,1,0.973,0.798,3,1,112,VERDE,-195.6,440.5,0.000,1,329.3,,75.4
2348.004763,AVOID_APPROACH,pure-pursuit al punto de paso del pilar 112,24,25.00,506.06,PISTA,OK,6,801.5,801.5,539.2,619.4,381.8,1,0.972,451.0,1,1.000,401.5,1,0.945,0.839,3,1,112,VERDE,-177.4,440.1,0.000,1,329.3,,38.7
2348.104145,AVOID_APPROACH,pure-pursuit al punto de paso del pilar 112,24,25.00,508.01,PISTA,OK,6,840.5,840.5,532.0,608.2,420.6,1,0.972,450.5,1,1.000,621.5,1,0.932,0.799,3,1,112,VERDE,-160.2,437.9,0.000,1,329.3,,75.5
2348.203920,AVOID_APPROACH,pure-pursuit al punto de paso del pilar 112,25,25.00,509.01,PISTA,OK,6,864.5,864.5,516.2,599.7,425.5,1,1.000,449.5,1,1.000,606.5,1,0.973,0.916,3,1,112,VERDE,-142.5,435.7,0.000,1,329.3,,41.3
2348.302305,AVOID_APPROACH,pure-pursuit al punto de paso del pilar 112,25,25.00,510.93,PISTA,OK,6,903.5,903.5,507.4,591.2,433.7,1,0.972,448.8,1,0.986,596.5,1,0.945,0.908,3,1,112,VERDE,-124.5,433.5,0.000,1,329.3,,72.8
2348.402517,AVOID_APPROACH,pure-pursuit al punto de paso del pilar 112,25,25.00,512.85,PISTA,OK,6,940.5,940.5,497.4,584.2,441.5,1,1.000,447.8,1,1.000,587.0,1,0.973,0.904,3,1,112,VERDE,-106.2,429.3,0.000,1,329.3,,37.7
2348.503536,AVOID_APPROACH,pure-pursuit al punto de paso del pilar 112,21,25.00,514.94,PISTA,OK,6,438.0,986.0,512.0,576.7,453.4,1,0.972,445.5,1,0.986,580.0,1,0.973,0.293,3,1,112,VERDE,-90.2,425.4,0.000,1,329.3,,74.5
2348.605002,AVOID_APPROACH,pure-pursuit al punto de paso del pilar 112,21,25.00,516.85,PISTA,OK,6,426.0,1055.0,513.8,571.5,460.8,1,0.972,442.0,1,0.986,572.0,1,0.959,0.220,3,1,112,VERDE,-73.5,419.4,0.000,1,329.3,,41.9
2348.703105,AVOID_APPROACH,pure-pursuit al punto de paso del pilar 112,21,25.00,517.57,PISTA,OK,6,418.0,1107.0,505.9,567.3,470.2,1,1.000,441.0,1,1.000,566.5,1,0.973,0.219,3,1,112,VERDE,-58.1,415.4,0.000,1,329.3,,74.7
2348.804269,AVOID_APPROACH,pure-pursuit al punto de paso del pilar 112,21,25.00,519.07,PISTA,OK,6,410.5,1182.0,491.9,564.5,472.2,1,0.944,440.0,1,0.973,562.0,1,0.945,0.222,3,1,112,VERDE,-43.4,414.2,0.000,1,329.3,,40.9
2348.904173,AVOID_APPROACH,pure-pursuit al punto de paso del pilar 112,21,25.00,520.62,PISTA,OK,6,403.0,1198.5,459.7,562.3,477.8,1,1.000,438.5,1,1.000,554.5,1,0.986,0.866,3,1,112,VERDE,-32.7,405.4,0.000,1,329.3,,74.7
2349.005322,AVOID_APPROACH,pure-pursuit al punto de paso del pilar 112,21,25.00,522.27,PISTA,OK,6,397.5,1314.0,459.5,560.8,489.4,1,1.000,436.5,1,1.000,552.5,1,0.986,0.900,3,1,112,VERDE,-21.4,400.9,0.000,1,329.3,,39.3
2349.103738,AVOID_APPROACH,pure-pursuit al punto de paso del pilar 112,21,25.00,524.02,PISTA,OK,6,391.5,406.5,453.9,559.3,497.2,1,0.972,434.0,1,0.986,550.5,1,0.932,0.888,3,1,112,VERDE,-14.2,392.9,0.000,1,329.3,,70.5
2349.203626,AVOID_APPROACH,pure-pursuit al punto de paso del pilar 112,21,25.00,525.66,PISTA,OK,6,387.0,1417.0,448.9,558.6,515.2,1,0.944,432.5,1,1.000,548.5,1,0.973,0.893,4,1,112,VERDE,-7.2,387.5,0.000,1,329.3,,40.5
2349.302168,AVOID_APPROACH,pure-pursuit al punto de paso del pilar 112,21,24.72,526.50,PISTA,OK,6,383.0,383.0,444.1,558.7,521.8,1,0.972,430.0,1,0.986,548.5,1,0.973,0.894,4,1,112,VERDE,4.4,379.3,0.099,1,329.3,,74.2
2349.401872,AVOID_APPROACH,pure-pursuit al punto de paso del pilar 112,21,23.87,528.10,PISTA,OK,6,380.0,1405.0,439.4,559.2,529.6,1,0.972,428.0,1,1.000,546.5,1,0.973,0.899,3,2,112,VERDE,15.0,370.6,0.198,1,329.3,,39.3
2349.499193,AVOID_APPROACH,pure-pursuit al punto de paso del pilar 112,20,22.88,529.86,PISTA,OK,6,374.5,1399.0,434.8,560.0,537.8,1,0.944,424.5,1,0.986,546.8,1,0.959,0.893,3,2,112,VERDE,26.3,361.8,0.296,1,329.3,,71.7
2349.601000,AVOID_APPROACH,pure-pursuit al punto de paso del pilar 112,20,22.71,530.62,PISTA,OK,6,369.5,1394.0,429.9,561.4,552.9,1,0.917,420.0,1,0.973,549.0,1,0.973,0.887,3,2,112,VERDE,31.1,353.3,0.397,1,329.3,,39.6
2349.699857,AVOID_APPROACH,pure-pursuit al punto de paso del pilar 118,20,18.71,532.31,PISTA,OK,6,363.0,1389.0,425.8,563.5,593.2,1,0.861,417.5,1,0.945,551.2,1,0.959,0.897,3,2,118,VERDE,64.3,362.8,0.000,1,329.3,,69.5
2349.800904,AVOID_APPROACH,pure-pursuit al punto de paso del pilar 118,20,16.30,533.80,PISTA,OK,6,359.0,1384.0,421.6,565.8,601.3,1,0.861,413.5,1,0.932,553.0,1,0.959,0.894,3,2,118,VERDE,75.1,355.4,0.000,1,329.3,,39.1
2349.898864,AVOID_APPROACH,pure-pursuit al punto de paso del pilar 118,20,14.47,535.48,PISTA,OK,6,356.5,1378.0,417.8,568.6,594.7,1,0.917,410.5,1,0.986,557.0,1,0.959,0.881,3,2,118,VERDE,89.2,347.7,0.000,1,329.3,,71.7
2349.999159,AVOID_APPROACH,pure-pursuit al punto de paso del pilar 118,25,12.75,536.29,PISTA,OK,6,1372.5,1372.5,413.8,572.3,832.7,1,0.944,407.0,1,0.945,560.5,1,0.973,0.897,3,2,118,VERDE,102.2,339.6,0.000,1,329.3,,104.5
2350.098965,AVOID_APPROACH,pure-pursuit al punto de paso del pilar 118,25,10.71,537.86,PISTA,OK,6,1369.0,1369.0,409.3,576.4,813.4,1,0.889,403.0,1,0.973,564.5,1,0.959,0.890,3,2,118,VERDE,116.4,330.9,0.000,1,329.3,,70.2
2350.200612,AVOID_APPROACH,pure-pursuit al punto de paso del pilar 118,25,7.79,539.90,PISTA,OK,6,1364.5,1364.5,404.5,581.6,787.6,1,0.889,396.5,1,0.945,567.5,1,0.973,0.878,3,2,118,VERDE,134.8,323.1,0.000,1,329.3,,107.4
2350.300277,AVOID_APPROACH,pure-pursuit al punto de paso del pilar 118,25,5.99,542.06,PISTA,OK,6,1357.5,1357.5,399.9,588.6,749.1,1,0.889,392.5,1,0.932,574.0,1,0.986,0.859,3,2,118,VERDE,146.6,309.4,0.000,1,329.3,,72.0
2350.401608,AVOID_APPROACH,pure-pursuit al punto de paso del pilar 118,25,3.18,543.05,PISTA,OK,6,1347.5,1347.5,395.3,596.0,732.7,1,0.972,386.5,1,0.945,579.5,1,1.000,0.851,3,2,118,VERDE,162.4,299.2,0.000,1,329.3,,39.9
2350.500381,AVOID_APPROACH,pure-pursuit al punto de paso del pilar 118,25,2.07,544.65,PISTA,OK,6,1340.0,1340.0,391.2,603.9,727.8,1,0.972,382.0,1,0.986,586.0,1,1.000,0.869,2,1,118,VERDE,168.7,284.3,0.000,1,329.3,,72.2
2350.601914,AVOID_PASS,manteniendo rumbo mientras pasa el pilar 118,25,0.00,545.85,PISTA,OK,6,1331.0,1331.0,388.0,611.1,715.1,1,0.917,379.5,1,0.959,590.0,1,0.986,0.876,2,1,118,VERDE,179.9,270.4,0.000,1,0.0,,40.1
2350.701795,AVOID_PASS,manteniendo rumbo mientras pasa el pilar 118,25,-0.86,546.71,PISTA,OK,6,1323.0,1323.0,384.9,617.2,713.1,1,0.861,374.5,1,0.918,595.5,1,0.959,0.870,2,2,118,VERDE,184.5,258.8,0.000,1,10.0,,74.1
2350.801747,AVOID_PASS,manteniendo rumbo mientras pasa el pilar 118,25,-1.47,547.32,PISTA,OK,6,1313.0,1313.0,381.2,622.5,571.6,1,0.944,371.5,1,0.959,599.0,1,0.986,0.883,2,2,118,VERDE,189.0,245.2,0.000,1,20.0,,106.7
2350.901785,AVOID_PASS,manteniendo rumbo mientras pasa el pilar 118,25,-1.67,547.52,PISTA,OK,6,1303.0,1303.0,378.3,627.7,709.4,1,0.917,370.0,1,0.918,603.0,1,1.000,0.894,2,2,118,VERDE,192.0,235.0,0.000,1,30.0,,74.3
2351.002799,AVOID_PASS,manteniendo rumbo mientras pasa el pilar 118,25,-2.07,547.92,PISTA,OK,6,1295.0,1295.0,375.5,631.6,704.9,1,0.917,365.0,1,0.945,606.0,1,0.986,0.875,2,2,118,VERDE,192.4,225.3,0.000,1,40.1,,40.9
2351.102913,AVOID_PASS,manteniendo rumbo mientras pasa el pilar 118,25,-2.33,548.18,PISTA,OK,6,1286.0,1286.0,372.4,636.0,704.7,1,0.917,363.5,1,0.959,609.0,1,1.000,0.881,2,2,118,VERDE,196.7,213.6,0.000,1,50.1,,74.3
2351.203049,AVOID_PASS,manteniendo rumbo mientras pasa el pilar 118,25,-2.57,548.42,PISTA,OK,6,1278.0,1278.0,369.5,639.4,709.8,1,0.972,360.0,1,0.890,612.5,1,1.000,0.885,2,2,118,VERDE,194.4,205.2,0.000,1,60.1,,109.3
2351.302523,AVOID_PASS,manteniendo rumbo mientras pasa el pilar 118,25,-2.75,548.60,PISTA,OK,6,1268.5,1268.5,366.6,642.9,705.9,1,0.944,357.5,1,0.959,614.2,1,1.000,0.888,2,2,118,VERDE,199.4,194.5,0.000,1,70.1,,72.7
2351.402110,AVOID_PASS,manteniendo rumbo mientras pasa el pilar 118,25,-2.82,548.67,PISTA,OK,6,1259.5,1259.5,364.2,646.5,706.1,1,0.972,354.8,1,0.945,618.0,1,1.000,0.876,2,2,118,VERDE,196.6,186.2,0.000,1,80.0,,107.7
2351.501391,AVOID_PASS,manteniendo rumbo mientras pasa el pilar 118,25,-2.96,548.81,PISTA,OK,6,1251.0,1251.0,360.9,649.4,706.1,1,1.000,350.5,1,0.945,620.2,1,1.000,0.878,2,2,118,VERDE,200.2,177.1,0.000,1,89.9,,71.6
2351.602533,AVOID_PASS,manteniendo rumbo mientras pasa el pilar 118,25,-3.09,548.94,PISTA,OK,6,1242.5,1242.5,358.0,652.7,711.0,1,0.917,349.0,1,0.904,623.0,1,0.973,0.870,2,2,118,VERDE,200.5,166.7,0.000,1,100.1,,39.2
2351.702432,AVOID_PASS,manteniendo rumbo mientras pasa el pilar 118,25,-3.16,549.01,PISTA,OK,6,1232.5,1232.5,355.8,654.6,713.3,1,0.944,345.0,1,0.904,625.8,1,1.000,0.865,2,2,118,VERDE,198.4,159.0,0.000,1,110.1,,74.9
2351.801438,AVOID_PASS,manteniendo rumbo mientras pasa el pilar 118,25,-3.20,549.05,PISTA,OK,6,1225.5,1225.5,353.0,658.3,726.2,1,0.889,343.5,1,0.932,629.0,1,0.973,0.867,2,2,118,VERDE,199.5,148.7,0.000,1,120.0,,40.1
2351.899566,AVOID_PASS,manteniendo rumbo mientras pasa el pilar 118,25,-3.21,549.06,PISTA,OK,6,1216.0,1216.0,349.7,661.1,719.8,1,0.944,342.0,1,0.904,630.8,1,1.000,0.868,2,2,118,VERDE,199.0,141.0,0.000,1,129.8,,72.3
2351.998849,AVOID_PASS,manteniendo rumbo mientras pasa el pilar 118,25,-3.23,549.08,PISTA,OK,6,1207.5,1207.5,346.9,663.2,721.3,1,0.944,339.2,1,0.959,634.2,1,0.973,0.847,2,2,118,VERDE,199.0,131.0,0.099,1,139.7,,105.5
2352.101317,AVOID_PASS,manteniendo rumbo mientras pasa el pilar 118,25,-3.22,549.07,PISTA,OK,6,1198.5,1198.5,344.4,665.0,727.0,1,0.889,337.0,1,0.918,637.0,1,0.973,0.827,2,2,118,VERDE,199.0,120.8,0.202,1,149.9,,74.8
2352.197551,AVOID_PASS,manteniendo rumbo mientras pasa el pilar 118,25,-3.19,549.04,PISTA,OK,6,1189.0,1189.0,341.4,667.8,734.8,1,0.972,332.5,1,0.904,639.5,1,0.986,0.827,2,2,118,VERDE,198.9,111.3,0.298,1,159.6,,36.5
2352.297646,AVOID_PASS,manteniendo rumbo mientras pasa el pilar 118,25,-3.17,549.02,PISTA,OK,6,1179.5,1179.5,338.7,671.3,730.3,1,0.944,330.0,1,0.959,642.2,1,0.986,0.825,2,2,118,VERDE,198.9,101.3,0.398,1,169.6,,70.9
2352.396442,AVOID_PASS,manteniendo rumbo mientras pasa el pilar 118,25,-3.14,548.99,PISTA,OK,6,1170.0,1170.0,335.5,673.6,733.1,1,1.000,326.5,1,0.932,644.2,1,1.000,0.823,2,2,118,VERDE,198.9,101.3,0.398,0,179.5,,103.2
2352.496634,AVOID_PASS,manteniendo rumbo mientras pasa el pilar 118,25,-3.14,548.99,PISTA,OK,6,1161.0,1161.0,331.9,676.0,740.9,1,0.944,326.5,1,0.890,648.0,1,0.986,0.809,2,2,118,VERDE,198.9,101.3,0.398,0,189.5,,68.4
2352.596312,AVOID_PASS,manteniendo rumbo mientras pasa el pilar 118,25,-3.13,548.98,PISTA,OK,6,1150.5,1150.5,329.5,679.2,740.5,1,0.972,321.5,1,0.932,650.5,1,1.000,0.821,2,2,118,VERDE,198.9,101.3,0.398,0,199.4,,102.8
2352.698221,AVOID_PASS,manteniendo rumbo mientras pasa el pilar 118,25,-3.09,548.94,PISTA,OK,6,1143.0,1143.0,326.4,681.1,728.2,1,0.917,319.5,1,0.863,652.5,1,1.000,0.815,2,2,118,VERDE,198.9,101.3,0.398,0,209.6,,70.6
2352.797322,AVOID_PASS,manteniendo rumbo mientras pasa el pilar 118,25,-3.08,548.93,PISTA,OK,6,1134.5,1134.5,323.3,684.0,747.9,1,0.944,317.5,1,0.932,655.5,1,1.000,0.805,2,2,118,VERDE,198.9,101.3,0.398,0,219.5,,104.3
2352.897044,AVOID_PASS,manteniendo rumbo mientras pasa el pilar 118,25,-3.06,548.91,PISTA,OK,6,1124.5,1124.5,320.4,687.2,743.6,1,0.972,316.5,1,0.918,656.5,1,1.000,0.806,2,2,118,VERDE,198.9,101.3,0.398,0,229.5,,65.8
2352.999129,AVOID_PASS,manteniendo rumbo mientras pasa el pilar 118,25,-3.02,548.87,PISTA,OK,6,1115.0,1115.0,318.1,690.3,748.1,1,0.917,312.0,1,0.918,659.0,1,1.000,0.779,2,2,118,VERDE,198.9,101.3,0.398,0,239.7,,105.0
2353.098127,AVOID_PASS,manteniendo rumbo mientras pasa el pilar 118,25,-2.98,548.83,PISTA,OK,6,1105.0,1105.0,314.7,693.0,726.2,1,0.944,308.0,1,0.904,662.0,1,0.986,0.784,2,2,118,VERDE,198.9,101.3,0.398,0,249.6,,71.4
2353.198246,AVOID_PASS,manteniendo rumbo mientras pasa el pilar 118,25,-2.97,548.82,PISTA,OK,6,1095.0,1095.0,309.6,696.0,742.0,1,0.889,306.5,1,0.863,665.2,1,1.000,0.747,1,1,118,VERDE,198.9,101.3,0.398,0,259.6,,105.7
2353.299318,AVOID_PASS,manteniendo rumbo mientras pasa el pilar 118,25,-2.92,548.77,PISTA,OK,6,1085.5,1085.5,306.2,699.6,703.2,1,0.889,303.5,1,0.890,210.0,1,0.986,0.740,1,1,118,VERDE,198.9,101.3,0.398,0,269.7,,70.8
2353.399357,AVOID_PASS,manteniendo rumbo mientras pasa el pilar 118,25,-2.85,548.70,PISTA,OK,6,1076.5,1076.5,302.9,702.3,693.4,1,0.917,300.5,1,0.918,188.0,1,0.973,0.688,1,1,118,VERDE,198.9,101.3,0.398,0,279.7,,38.4
2353.499110,AVOID_PASS,manteniendo rumbo mientras pasa el pilar 118,25,-2.81,548.66,PISTA,OK,6,1067.5,1067.5,300.0,705.4,689.1,1,0.917,298.5,1,0.890,187.5,1,0.959,0.650,1,1,118,VERDE,198.9,101.3,0.398,0,289.7,,70.8
2353.598739,AVOID_PASS,manteniendo rumbo mientras pasa el pilar 118,25,-2.78,548.63,PISTA,OK,6,1058.0,1058.0,296.2,708.5,720.6,1,0.889,297.0,1,0.890,188.0,1,1.000,0.637,1,1,118,VERDE,198.9,101.3,0.398,0,299.7,,106.1
2353.698483,AVOID_PASS,manteniendo rumbo mientras pasa el pilar 118,25,-2.75,548.60,PISTA,OK,6,1049.0,1049.0,293.3,711.0,684.0,1,0.917,290.0,1,0.932,189.2,1,0.973,0.644,1,1,118,VERDE,198.9,101.3,0.398,0,309.7,,69.7
2353.799305,AVOID_PASS,manteniendo rumbo mientras pasa el pilar 118,25,-2.74,548.59,PISTA,OK,6,1038.5,1038.5,290.6,713.9,708.4,1,0.861,288.8,1,0.849,190.5,1,0.986,0.612,1,1,118,VERDE,198.9,101.3,0.398,0,319.7,,38.8
2353.897012,RECENTER,reincorporacion tras 330 mm de sobrepaso estimado,25,-6.74,548.55,PISTA,OK,6,1028.5,1028.5,287.6,719.5,687.7,1,0.889,284.5,1,0.849,191.0,1,1.000,0.609,2,1,118,VERDE,198.9,101.3,0.398,0,329.5,,70.2
2353.996813,RECENTER,reincorporando por posicion lateral,25,-10.74,548.56,PISTA,OK,6,1020.0,1020.0,285.0,721.5,693.5,1,0.889,284.5,1,0.863,192.2,1,0.986,0.597,3,1,118,VERDE,198.9,101.3,0.398,0,329.5,,104.5
2354.095785,RECENTER,reincorporando por posicion lateral,25,-14.74,548.72,PISTA,OK,6,1010.0,1010.0,282.5,723.3,647.1,1,0.917,281.5,1,0.904,193.8,1,0.986,0.569,3,1,118,VERDE,198.9,101.3,0.398,0,329.5,,64.3
2354.195273,RECENTER,reincorporando por posicion lateral,25,-18.74,548.29,PISTA,OK,6,1001.5,1001.5,278.2,725.1,629.9,1,0.861,278.5,1,0.849,196.0,1,0.973,0.569,3,1,118,VERDE,198.9,101.3,0.398,0,329.5,,102.3
2354.294814,RECENTER,reincorporando por posicion lateral,25,-20.00,547.79,PISTA,OK,6,991.5,991.5,276.5,725.2,627.9,1,0.917,277.0,1,0.890,197.2,1,0.986,0.600,3,1,118,VERDE,198.9,101.3,0.398,0,329.5,,66.6
2354.392984,RECENTER,reincorporando por posicion lateral,25,-20.00,546.64,PISTA,OK,6,980.0,980.0,274.8,722.8,604.1,1,0.861,277.5,1,0.890,200.5,1,0.986,0.561,3,1,118,VERDE,198.9,101.3,0.398,0,329.5,,100.6
2354.494669,RECENTER,reincorporando por posicion lateral,25,-20.00,544.92,PISTA,OK,6,970.5,970.5,273.7,717.7,566.9,1,0.889,277.0,1,0.890,200.8,1,0.986,0.566,3,1,118,VERDE,198.9,101.3,0.398,0,329.5,,68.6
2354.597240,RECENTER,reincorporando por posicion lateral,25,-20.00,543.17,PISTA,OK,6,960.5,960.5,272.5,712.8,563.3,1,0.778,280.5,1,0.849,200.2,1,0.973,0.565,3,1,118,VERDE,198.9,101.3,0.398,0,329.5,,104.9
2354.693987,RECENTER,reincorporando por posicion lateral,25,-20.00,542.35,PISTA,OK,6,952.0,952.0,273.5,708.1,523.4,1,0.806,280.8,1,0.904,201.5,1,0.959,0.543,3,1,118,VERDE,198.9,101.3,0.398,0,329.5,,67.6
2354.795404,RECENTER,reincorporando por posicion lateral,25,-16.00,540.56,PISTA,OK,6,943.5,943.5,397.1,703.7,498.5,1,0.667,283.5,1,0.822,199.2,1,0.877,0.214,3,1,118,VERDE,198.9,101.3,0.398,0,329.5,,103.5
2354.894802,RECENTER,reincorporando por posicion lateral,25,-12.00,538.88,PISTA,OK,6,932.0,932.0,406.7,699.1,473.9,1,0.750,287.5,1,0.822,199.5,1,0.918,0.215,3,1,118,VERDE,198.9,101.3,0.398,0,329.5,,67.2
2354.995167,RECENTER,reincorporando por posicion lateral,25,-8.00,537.03,PISTA,OK,6,920.0,920.0,425.9,695.4,461.6,1,0.639,290.5,1,0.699,199.5,1,0.877,0.216,3,1,118,VERDE,198.9,101.3,0.398,0,329.5,,103.0
2355.096449,RECENTER,reincorporando por posicion lateral,25,-4.00,535.20,PISTA,OK,6,911.5,911.5,447.4,690.9,456.0,1,0.861,296.2,1,0.808,196.5,1,0.918,0.217,3,1,118,VERDE,198.9,101.3,0.398,0,329.5,,70.1
2355.196440,RECENTER,reincorporando por posicion lateral,25,-8.00,534.35,PISTA,OK,6,902.5,902.5,280.7,686.0,451.4,1,0.806,300.0,1,0.781,198.0,1,0.904,0.486,3,1,118,VERDE,198.9,101.3,0.398,0,329.5,,36.1
2355.296476,RECENTER,reincorporando por posicion lateral,25,-4.00,532.82,PISTA,OK,6,894.5,894.5,436.4,683.5,419.8,1,0.861,306.0,1,0.822,195.0,1,0.890,0.230,4,1,118,VERDE,198.9,101.3,0.398,0,329.5,,69.5
2355.397474,CRUISE,reincorporacion verificada,25,0.00,531.78,PISTA,OK,6,886.0,886.0,447.7,681.0,412.0,1,0.861,312.5,1,0.795,197.8,1,0.918,0.228,4,1,,,,,,0,329.5,,37.6
2355.495490,AVOID_PASS,manteniendo rumbo mientras pasa el pilar 114,25,0.00,530.42,PISTA,OK,6,876.5,876.5,433.8,678.0,403.0,1,0.861,319.5,1,0.795,200.0,1,0.918,0.228,4,1,114,ROJO,-349.3,201.4,0.000,1,0.0,,69.5
2355.597412,AVOID_PASS,manteniendo rumbo mientras pasa el pilar 114,25,0.84,529.58,PISTA,OK,6,868.0,868.0,443.8,676.5,402.0,1,0.889,326.2,1,0.849,199.5,1,0.877,0.228,4,1,114,ROJO,-354.1,192.6,0.000,1,10.2,,38.1
2355.695754,AVOID_PASS,manteniendo rumbo mientras pasa el pilar 114,25,1.19,529.23,PISTA,OK,6,858.0,858.0,433.2,675.0,401.0,1,0.806,329.5,1,0.753,203.0,1,0.904,0.226,3,1,114,ROJO,-355.9,174.5,0.000,1,20.0,,70.0
2355.796761,AVOID_PASS,manteniendo rumbo mientras pasa el pilar 114,25,1.81,528.61,PISTA,OK,6,849.0,849.0,378.5,673.9,395.7,1,0.861,337.8,1,0.795,207.8,1,0.973,0.810,3,1,114,ROJO,-356.9,168.4,0.000,1,30.1,,104.2
2355.896378,AVOID_PASS,manteniendo rumbo mientras pasa el pilar 114,24,2.42,528.00,PISTA,OK,6,840.0,840.0,441.9,673.2,389.9,1,0.917,343.8,1,0.753,211.2,1,0.959,0.206,3,1,114,ROJO,-360.9,155.0,0.000,1,40.1,,69.7
2355.996336,AVOID_PASS,manteniendo rumbo mientras pasa el pilar 114,24,2.69,527.73,PISTA,OK,6,830.5,830.5,429.3,671.6,397.7,1,0.861,354.0,1,0.740,216.8,1,0.932,0.227,3,1,114,ROJO,-361.4,144.7,0.000,1,49.7,,35.8
2356.097334,AVOID_PASS,manteniendo rumbo mientras pasa el pilar 114,24,3.20,527.22,PISTA,OK,6,822.5,822.5,454.2,670.6,396.7,1,0.889,362.5,1,0.822,220.8,1,0.945,0.196,3,1,114,ROJO,-363.1,134.4,0.000,1,59.4,,71.7
2356.196830,AVOID_PASS,manteniendo rumbo mientras pasa el pilar 114,24,3.63,526.79,PISTA,OK,6,812.0,812.0,469.1,669.1,390.3,1,0.833,374.2,1,0.753,224.5,1,0.932,0.196,3,1,114,ROJO,-361.4,119.1,0.000,1,68.9,,37.7
2356.295638,AVOID_PASS,manteniendo rumbo mientras pasa el pilar 114,24,3.97,526.45,PISTA,OK,6,803.0,803.0,464.2,668.2,388.3,1,0.806,381.5,1,0.753,229.0,1,0.904,0.222,3,1,114,ROJO,-363.6,112.4,0.000,1,78.4,,70.8
2356.396820,AVOID_PASS,manteniendo rumbo mientras pasa el pilar 114,24,4.11,526.31,PISTA,OK,6,792.0,792.0,487.7,663.3,389.5,1,0.861,381.5,1,0.795,234.5,1,0.904,0.209,3,1,114,ROJO,-364.0,102.8,0.000,1,88.1,,37.5
2356.493892,AVOID_PASS,manteniendo rumbo mientras pasa el pilar 114,24,4.40,526.02,PISTA,OK,6,786.0,786.0,494.8,663.2,395.9,1,0.889,382.2,1,0.753,242.0,1,0.890,0.210,3,1,114,ROJO,-363.6,94.4,0.000,1,97.5,,68.1
2356.594730,AVOID_PASS,manteniendo rumbo mientras pasa el pilar 114,24,4.62,525.80,PISTA,OK,6,776.5,776.5,553.4,662.8,396.9,1,0.889,386.8,1,0.795,246.8,1,0.904,0.201,3,1,114,ROJO,-364.7,86.0,0.000,1,107.1,,103.5
2356.692314,AVOID_PASS,manteniendo rumbo mientras pasa el pilar 114,24,4.82,525.60,PISTA,OK,6,767.5,767.5,588.8,662.3,394.6,1,0.889,392.5,1,0.808,253.5,1,0.932,0.194,3,1,114,ROJO,-362.7,70.6,0.000,1,116.5,,66.0
2356.792414,AVOID_PASS,manteniendo rumbo mientras pasa el pilar 114,24,4.93,525.49,PISTA,OK,6,757.5,757.5,662.0,661.6,401.2,1,0.917,400.5,1,0.726,257.0,1,0.932,0.195,3,1,114,ROJO,-363.7,65.5,0.000,1,126.1,,87.1
2356.890891,AVOID_PASS,manteniendo rumbo mientras pasa el pilar 114,24,5.11,525.31,PISTA,OK,6,748.0,748.0,606.5,661.3,405.1,1,0.861,407.8,1,0.740,264.2,1,0.890,0.224,3,1,114,ROJO,-366.9,58.4,0.000,1,135.6,,64.1
2356.990779,AVOID_PASS,manteniendo rumbo mientras pasa el pilar 114,24,5.27,525.15,PISTA,OK,6,739.5,739.5,687.5,660.1,398.5,1,0.861,413.5,1,0.781,269.8,1,0.932,0.332,3,1,114,ROJO,-364.6,47.9,0.000,1,145.2,,87.0
2357.091156,AVOID_PASS,manteniendo rumbo mientras pasa el pilar 114,24,5.41,525.01,PISTA,OK,6,731.0,731.0,654.9,660.0,419.5,1,0.861,419.0,1,0.795,277.0,1,0.890,0.202,3,1,114,ROJO,-365.5,41.5,0.000,1,154.8,,63.6
2357.189590,AVOID_PASS,manteniendo rumbo mientras pasa el pilar 114,23,5.53,524.89,AZUL,OK,6,723.0,723.0,704.8,658.6,404.7,1,0.917,430.2,1,0.781,284.0,1,0.973,0.409,3,1,114,ROJO,-364.5,36.9,0.000,1,164.2,,98.6
2357.290141,AVOID_PASS,manteniendo rumbo mientras pasa el pilar 114,23,5.59,524.83,AZUL,OK,6,714.5,714.5,704.2,657.8,404.3,1,0.833,356.0,1,0.781,290.0,1,0.904,0.408,3,1,114,ROJO,-364.9,28.0,0.000,1,173.5,,64.8
2357.389247,AVOID_PASS,manteniendo rumbo mientras pasa el pilar 114,23,5.66,524.76,PISTA,OK,6,705.0,705.0,689.6,656.4,413.5,1,0.806,356.5,1,0.781,295.5,1,0.945,0.361,3,1,114,ROJO,-366.5,21.0,0.000,1,182.6,,85.7
2357.490320,AVOID_PASS,manteniendo rumbo mientras pasa el pilar 114,23,5.70,524.72,PISTA,OK,6,696.0,696.0,708.3,655.0,406.7,1,0.833,355.5,1,0.808,304.0,1,0.904,0.506,3,1,114,ROJO,-362.7,8.8,0.000,1,191.9,,64.9
2357.590651,AVOID_PASS,manteniendo rumbo mientras pasa el pilar 114,23,5.71,524.71,PISTA,OK,6,688.0,688.0,735.0,653.4,412.4,1,0.778,355.5,1,0.781,311.0,1,0.918,0.418,3,1,114,ROJO,-359.9,-1.6,0.000,1,201.1,,87.4
2357.690240,AVOID_PASS,manteniendo rumbo mientras pasa el pilar 114,23,5.72,524.70,PISTA,OK,6,680.5,680.5,736.2,652.4,405.3,1,0.833,356.0,1,0.822,317.0,1,0.918,0.646,2,1,114,ROJO,-360.6,-8.5,0.000,1,210.3,,64.4
2357.791687,AVOID_PASS,manteniendo rumbo mientras pasa el pilar 114,23,5.73,524.69,PISTA,OK,6,671.0,671.0,706.4,651.2,405.3,1,0.833,354.8,1,0.836,323.0,1,0.904,0.257,2,1,114,ROJO,-357.7,-18.1,0.000,1,219.6,,87.9
2357.891413,AVOID_PASS,manteniendo rumbo mientras pasa el pilar 114,23,5.72,524.70,PISTA,OK,6,662.0,662.0,762.1,649.3,296.5,1,0.889,354.0,1,0.890,333.0,1,0.945,0.731,2,1,114,ROJO,-359.5,-25.2,0.000,1,228.8,,65.5
2357.991527,AVOID_PASS,manteniendo rumbo mientras pasa el pilar 114,23,5.71,524.71,PISTA,OK,6,654.0,654.0,689.7,647.9,303.5,1,0.806,353.0,1,0.795,338.5,1,0.918,0.212,2,1,114,ROJO,-355.0,-36.8,0.000,1,238.0,,100.6
2358.092122,AVOID_PASS,manteniendo rumbo mientras pasa el pilar 114,23,5.71,524.71,PISTA,OK,6,646.5,646.5,707.8,646.7,302.5,1,0.806,353.5,1,0.795,344.5,1,0.918,0.207,1,1,114,ROJO,-356.8,-42.7,0.000,1,247.3,,67.2
2358.191089,AVOID_PASS,manteniendo rumbo mientras pasa el pilar 114,23,5.73,524.69,PISTA,OK,6,637.5,637.5,722.3,645.7,293.1,1,0.861,355.8,1,0.753,353.5,1,0.918,0.207,1,1,114,ROJO,-356.3,-51.2,0.000,1,256.4,,99.2
2358.291162,AVOID_PASS,manteniendo rumbo mientras pasa el pilar 114,23,5.72,524.70,PISTA,OK,6,628.0,628.0,703.2,644.2,294.7,1,0.722,353.5,1,0.726,359.8,1,0.877,0.318,1,1,114,ROJO,-352.4,-61.3,0.000,1,265.6,,66.9
2358.392119,AVOID_PASS,manteniendo rumbo mientras pasa el pilar 114,23,5.72,524.70,PISTA,OK,6,620.0,620.0,733.1,642.5,301.9,1,0.861,357.0,1,0.753,368.5,1,0.904,0.285,1,1,114,ROJO,-354.2,-67.7,0.000,1,274.9,,101.3
2358.491950,AVOID_PASS,manteniendo rumbo mientras pasa el pilar 114,23,5.69,524.73,PISTA,OK,6,612.5,612.5,758.3,641.6,306.6,1,0.889,357.0,1,0.753,374.2,1,0.959,0.236,1,1,114,ROJO,-351.8,-77.3,0.000,1,284.1,,65.9
2358.592366,AVOID_PASS,manteniendo rumbo mientras pasa el pilar 114,22,5.68,524.75,PISTA,OK,6,603.0,603.0,735.1,640.2,316.2,1,0.889,359.0,1,0.726,382.5,1,0.959,0.370,1,1,114,ROJO,-350.3,-84.2,0.000,1,293.3,,101.8
2358.692388,AVOID_PASS,manteniendo rumbo mientras pasa el pilar 114,22,5.65,524.77,PISTA,OK,6,595.5,595.5,741.6,639.0,323.6,1,0.861,360.5,1,0.795,388.5,1,0.932,0.451,1,1,114,ROJO,-349.7,-94.6,0.000,1,302.1,,67.9
2358.793364,AVOID_PASS,manteniendo rumbo mientras pasa el pilar 114,22,5.61,524.81,PISTA,OK,6,587.0,587.0,740.8,637.5,330.1,1,0.833,361.5,1,0.726,398.0,1,0.945,0.304,1,1,114,ROJO,-352.0,-98.5,0.000,1,311.0,,102.8
2358.893118,AVOID_PASS,manteniendo rumbo mientras pasa el pilar 114,22,5.56,524.86,PISTA,OK,6,579.5,579.5,737.7,636.6,337.5,1,0.889,363.0,1,0.740,404.5,1,0.945,0.378,1,1,114,ROJO,-348.9,-106.5,0.000,1,319.8,,69.2
2358.993141,RECENTER,reincorporacion tras 329 mm de sobrepaso estimado,22,1.56,524.90,PISTA,OK,6,572.0,572.0,753.6,635.2,344.5,1,0.750,364.2,1,0.712,412.0,1,0.904,0.663,1,1,114,ROJO,-347.7,-115.6,0.000,1,328.6,,100.7
2359.093121,TURN,giro de esquina por IMU y reapertura frontal,22,25.00,524.96,PISTA,OK,6,563.0,563.0,794.1,634.4,353.1,1,0.861,367.2,1,0.753,419.5,1,0.932,0.600,1,1,,,,,,0,328.6,,67.8
2359.192561,TURN,giro de esquina por IMU y reapertura frontal,22,25.00,524.92,PISTA,OK,6,555.0,555.0,791.0,632.8,361.2,1,0.889,369.0,1,0.726,426.0,1,0.945,0.726,1,1,,,,,,0,328.6,,102.1
2359.292104,TURN,giro de esquina por IMU y reapertura frontal,22,25.00,524.49,PISTA,OK,6,547.0,547.0,746.3,632.0,363.3,1,0.861,373.0,1,0.671,432.5,1,0.973,0.298,1,1,,,,,,0,328.6,,66.9
2359.390990,TURN,giro de esquina por IMU y reapertura frontal,22,25.00,525.53,PISTA,OK,6,540.0,540.0,752.5,629.5,370.7,1,0.861,370.2,1,0.740,444.0,1,0.932,0.525,1,1,,,,,,0,328.6,,100.4
2359.490414,TURN,giro de esquina por IMU y reapertura frontal,22,25.00,527.43,PISTA,OK,6,533.5,533.5,765.7,629.3,390.5,1,0.861,370.0,1,0.726,448.0,1,0.959,0.614,1,1,,,,,,0,328.6,,66.3
2359.589280,TURN,giro de esquina por IMU y reapertura frontal,22,25.00,529.29,PISTA,OK,6,526.5,526.5,737.4,629.5,402.9,1,0.806,367.0,1,0.699,455.5,1,0.959,0.582,2,1,,,,,,0,328.6,,99.1
2359.689244,TURN,giro de esquina por IMU y reapertura frontal,22,25.00,530.17,PISTA,OK,6,520.5,520.5,736.3,630.5,415.4,1,0.833,366.5,1,0.767,465.0,1,0.945,0.440,2,1,,,,,,0,328.6,,64.2
2359.788473,TURN,giro de esquina por IMU y reapertura frontal,22,25.00,532.00,PISTA,OK,6,514.0,514.0,706.6,631.8,425.6,1,0.806,365.0,1,0.753,471.0,1,0.945,0.502,2,1,,,,,,0,328.6,,85.6
2359.889433,TURN,giro de esquina por IMU y reapertura frontal,22,25.00,533.71,PISTA,OK,6,509.0,509.0,730.3,633.7,438.8,1,0.722,364.0,1,0.726,479.0,1,0.918,0.516,2,1,,,,,,0,328.6,,63.3
2359.987475,TURN,giro de esquina por IMU y reapertura frontal,22,25.00,535.49,PISTA,OK,6,500.0,500.0,705.6,635.6,450.0,1,0.889,361.8,1,0.781,483.5,1,0.973,0.736,2,1,,,,,,0,328.6,,85.3
2360.088140,TURN,giro de esquina por IMU y reapertura frontal,22,25.00,537.15,PISTA,OK,6,495.0,495.0,684.5,638.5,463.0,1,0.778,360.0,1,0.726,492.0,1,0.959,0.673,2,1,,,,,,0,328.6,,62.3
2360.188753,TURN,giro de esquina por IMU y reapertura frontal,21,25.00,538.04,PISTA,OK,6,489.0,489.0,685.2,641.7,473.7,1,0.833,360.0,1,0.767,498.5,1,0.973,0.533,2,1,,,,,,0,328.6,,85.8
2360.289143,TURN,giro de esquina por IMU y reapertura frontal,21,25.00,539.78,PISTA,OK,6,485.0,485.0,682.5,645.8,482.2,1,0.778,357.5,1,0.712,513.0,1,1.000,0.408,2,1,,,,,,0,328.6,,64.1
2360.388310,TURN,giro de esquina por IMU y reapertura frontal,21,25.00,541.34,PISTA,OK,6,480.5,480.5,685.6,648.7,496.4,1,0.778,355.5,1,0.699,522.8,1,0.959,0.231,2,1,,,,,,0,328.6,,86.2
2360.488978,TURN,giro de esquina por IMU y reapertura frontal,21,25.00,542.98,PISTA,OK,6,476.5,476.5,653.4,647.7,504.5,1,0.722,353.5,1,0.685,530.5,1,0.986,0.256,2,1,,,,,,0,328.6,,63.4
2360.589275,TURN,giro de esquina por IMU y reapertura frontal,21,25.00,544.51,PISTA,OK,6,471.0,471.0,644.1,654.7,597.6,1,0.694,350.0,1,0.671,645.0,1,0.986,0.210,2,1,,,,,,0,328.6,,87.7
2360.690014,TURN,giro de esquina por IMU y reapertura frontal,21,25.00,545.26,PISTA,OK,6,467.5,467.5,664.3,663.0,631.2,1,0.722,349.5,1,0.671,649.5,1,0.986,0.206,2,1,,,,,,0,328.6,,66.4
2360.788992,TURN,giro de esquina por IMU y reapertura frontal,21,25.00,546.90,PISTA,OK,6,462.0,462.0,659.1,668.3,697.6,1,0.694,346.0,1,0.644,653.5,1,1.000,0.208,2,1,,,,,,0,328.6,,99.1
2360.889168,TURN,giro de esquina por IMU y reapertura frontal,21,25.00,548.52,PISTA,OK,6,457.5,457.5,633.3,673.1,665.2,1,0.833,343.0,1,0.740,658.5,1,1.000,0.208,2,1,,,,,,0,328.6,,65.2
2360.989088,TURN,giro de esquina por IMU y reapertura frontal,21,25.00,550.28,PISTA,OK,6,452.0,452.0,686.8,678.8,719.6,1,0.778,341.0,1,0.658,663.5,1,1.000,0.206,2,1,,,,,,0,328.6,,87.6
2361.089606,TURN,giro de esquina por IMU y reapertura frontal,21,25.00,551.85,PISTA,OK,6,448.5,448.5,712.6,680.4,750.8,1,0.750,339.5,1,0.712,667.8,1,1.000,0.199,2,1,,,,,,0,328.6,,65.9
2361.190141,TURN,giro de esquina por IMU y reapertura frontal,21,25.00,553.49,PISTA,OK,6,445.2,445.2,707.6,687.1,749.1,1,0.806,335.5,1,0.699,673.0,1,1.000,0.201,2,1,,,,,,0,328.6,,32.7
2361.290051,TURN,giro de esquina por IMU y reapertura frontal,21,25.00,554.25,PISTA,OK,6,441.0,441.0,700.9,679.1,731.5,1,0.861,335.5,1,0.808,679.0,1,0.986,0.197,2,1,,,,,,0,328.6,,66.2
2361.389405,TURN,giro de esquina por IMU y reapertura frontal,21,25.00,555.95,PISTA,OK,6,439.5,439.5,719.8,675.9,722.1,1,0.972,331.5,1,0.849,684.5,1,1.000,0.193,2,1,,,,,,0,328.6,,99.7
2361.490760,TURN,giro de esquina por IMU y reapertura frontal,21,25.00,557.63,PISTA,OK,6,437.5,437.5,703.5,680.1,717.2,1,1.000,328.5,1,0.904,689.5,1,1.000,0.193,2,1,,,,,,0,328.6,,66.3
2361.591018,TURN,giro de esquina por IMU y reapertura frontal,21,25.00,558.44,PISTA,OK,6,433.5,433.5,732.9,663.9,716.8,1,0.917,328.0,1,0.890,695.0,1,1.000,0.190,2,1,,,,,,0,328.6,,101.5
2361.689840,TURN,giro de esquina por IMU y reapertura frontal,21,25.00,560.09,PISTA,OK,6,434.0,434.0,938.2,637.0,702.8,1,0.944,325.5,1,0.932,701.0,1,1.000,0.194,2,1,,,,,,0,328.6,,66.6
2361.790061,TURN,giro de esquina por IMU y reapertura frontal,21,25.00,561.82,PISTA,OK,6,433.0,433.0,720.1,641.6,695.9,1,0.972,321.5,1,0.904,705.5,1,1.000,0.188,2,1,,,,,,0,328.6,,100.8
2361.890463,TURN,giro de esquina por IMU y reapertura frontal,21,25.00,563.48,PISTA,OK,6,433.0,433.0,880.2,630.4,692.2,1,0.944,316.0,1,0.890,712.5,1,1.000,0.192,3,1,,,,,,0,328.6,,67.1
2361.989921,TURN,giro de esquina por IMU y reapertura frontal,21,25.00,564.29,PISTA,OK,6,433.8,433.8,863.1,610.9,688.9,1,0.917,314.0,1,0.863,718.5,1,1.000,0.191,4,1,,,,,,0,328.6,,87.1
2362.091150,TURN,giro de esquina por IMU y reapertura frontal,21,25.00,565.94,PISTA,OK,6,436.5,436.5,849.2,600.3,680.7,1,0.972,312.0,1,0.904,722.5,1,1.000,0.191,4,1,,,,,,0,328.6,,68.4
2362.190943,TURN,giro de esquina por IMU y reapertura frontal,21,25.00,567.57,NARANJA,OK,6,438.8,438.8,1110.7,589.0,680.3,1,1.000,309.2,1,0.904,729.5,1,1.000,0.182,4,1,,,,,,0,328.6,,101.8
2362.291032,TURN,giro de esquina por IMU y reapertura frontal,21,25.00,569.10,NARANJA,OK,6,437.8,437.8,666.0,576.1,676.2,1,0.944,308.2,1,0.863,736.0,1,1.000,0.635,4,1,,,,,,0,328.6,,66.6
2362.392265,TURN,giro de esquina por IMU y reapertura frontal,21,25.00,569.79,NARANJA,OK,6,444.5,444.5,643.0,574.5,674.6,1,1.000,303.0,1,0.918,741.0,1,1.000,0.379,4,1,,,,,,0,328.6,,35.5
2362.491958,TURN,giro de esquina por IMU y reapertura frontal,21,25.00,571.47,PISTA,OK,6,448.5,448.5,542.3,557.1,670.9,1,1.000,299.0,1,0.918,740.0,1,1.000,0.165,4,1,,,,,,0,328.6,,66.5
2362.591415,TURN,giro de esquina por IMU y reapertura frontal,21,25.00,573.15,PISTA,OK,6,448.5,448.5,553.1,543.8,670.1,1,0.917,297.0,1,0.877,703.5,1,0.986,0.166,4,1,,,,,,0,328.6,,101.4
2362.691366,TURN,giro de esquina por IMU y reapertura frontal,21,25.00,574.67,PISTA,OK,6,454.5,454.5,650.4,542.5,666.6,1,0.861,294.0,1,0.808,679.0,1,1.000,0.187,4,1,,,,,,0,328.6,,67.3
2362.790504,TURN,giro de esquina por IMU y reapertura frontal,21,25.00,575.50,PISTA,OK,6,461.0,461.0,576.7,529.4,666.8,1,0.806,292.0,1,0.795,651.5,1,0.986,0.166,4,1,,,,,,0,328.6,,101.2
2362.888388,TURN,giro de esquina por IMU y reapertura frontal,21,25.00,577.21,PISTA,OK,6,463.2,463.2,901.4,523.6,665.2,1,0.722,289.0,1,0.712,654.0,1,0.986,0.186,4,1,,,,,,0,328.6,,63.6
2362.989058,TURN,giro de esquina por IMU y reapertura frontal,21,25.00,578.88,PISTA,OK,6,467.5,467.5,778.1,514.6,665.2,1,0.861,285.0,1,0.795,613.0,1,0.986,0.403,4,1,,,,,,0,328.6,,88.7
2363.088816,TURN,giro de esquina por IMU y reapertura frontal,21,25.00,580.48,PISTA,OK,6,473.0,473.0,638.9,511.5,665.6,1,0.917,281.0,1,0.849,594.5,1,0.973,0.173,4,1,,,,,,0,328.6,,65.6
2363.187932,TURN,giro de esquina por IMU y reapertura frontal,21,25.00,581.20,PISTA,OK,6,484.5,484.5,844.6,500.0,661.0,1,0.806,279.0,1,0.767,575.5,1,0.986,0.186,4,1,,,,,,0,328.6,,86.3
2363.287816,TURN,giro de esquina por IMU y reapertura frontal,21,25.00,582.89,PISTA,OK,6,487.5,487.5,826.4,495.6,652.4,1,0.833,274.0,1,0.726,561.0,1,1.000,0.268,4,1,,,,,,0,328.6,,64.5
2363.386072,TURN,giro de esquina por IMU y reapertura frontal,22,25.00,584.51,PISTA,OK,6,496.5,496.5,797.7,494.7,646.7,1,0.861,272.0,1,0.781,541.5,1,1.000,0.513,4,1,,,,,,0,328.6,,85.8
2363.486869,TURN,giro de esquina por IMU y reapertura frontal,22,25.00,586.11,PISTA,OK,6,503.0,503.0,779.6,489.3,645.6,1,0.861,269.0,1,0.808,525.0,1,0.986,0.621,4,1,,,,,,0,328.6,,60.4
2363.586472,TURN,giro de esquina por IMU y reapertura frontal,22,25.00,586.96,PISTA,OK,6,518.5,518.5,771.1,488.6,645.1,1,0.833,265.0,1,0.767,517.0,1,1.000,0.639,5,1,,,,,,0,328.6,,86.1
2363.686431,TURN,giro de esquina por IMU y reapertura frontal,22,25.00,588.60,PISTA,OK,6,528.5,528.5,756.5,481.5,647.0,1,0.833,261.5,1,0.781,509.0,1,0.973,0.734,6,1,,,,,,0,328.6,,62.3
2363.787334,TURN,giro de esquina por IMU y reapertura frontal,22,25.00,590.30,PISTA,OK,6,545.0,545.0,747.1,475.1,645.8,1,0.806,257.0,1,0.795,487.5,1,0.973,0.784,6,1,,,,,,0,328.6,,86.2
2363.887285,TURN,giro de esquina por IMU y reapertura frontal,22,25.00,592.06,PISTA,OK,6,558.0,558.0,715.8,467.3,641.3,1,0.889,254.0,1,0.808,480.0,1,0.986,0.783,6,1,,,,,,0,328.6,,63.4
2363.989218,TURN,giro de esquina por IMU y reapertura frontal,22,25.00,592.92,PISTA,OK,6,577.0,577.0,710.8,459.2,641.7,1,0.889,249.5,1,0.808,468.0,1,0.986,0.819,6,1,,,,,,0,328.6,,88.4
2364.087071,TURN,giro de esquina por IMU y reapertura frontal,22,25.00,594.49,PISTA,OK,6,584.5,584.5,714.8,453.1,638.6,1,0.944,244.0,1,0.822,462.5,1,0.986,0.710,6,1,,,,,,0,328.6,,63.9
2364.186400,TURN,giro de esquina por IMU y reapertura frontal,22,25.00,596.24,PISTA,OK,6,599.5,599.5,695.6,446.2,638.6,1,0.917,241.0,1,0.808,453.5,1,1.000,0.765,5,1,,,,,,0,328.6,,85.5
2364.286169,TURN,giro de esquina por IMU y reapertura frontal,23,25.00,597.85,PISTA,OK,6,619.5,619.5,693.9,440.8,633.5,1,0.917,237.5,1,0.863,447.5,1,1.000,0.645,5,1,,,,,,0,328.6,,61.4
2364.387124,TURN,giro de esquina por IMU y reapertura frontal,23,25.00,599.62,PISTA,OK,6,640.5,640.5,968.6,434.7,632.8,1,0.889,234.8,1,0.836,437.0,1,0.973,0.203,5,1,,,,,,0,328.6,,83.6
2364.487366,TURN,giro de esquina por IMU y reapertura frontal,23,25.00,600.41,PISTA,OK,6,678.0,678.0,663.3,429.4,631.8,1,0.917,229.0,1,0.836,431.5,1,0.973,0.739,5,1,,,,,,0,328.6,,60.4
2364.587032,TURN,giro de esquina por IMU y reapertura frontal,23,25.00,602.22,PISTA,OK,6,693.5,693.5,656.6,424.9,625.7,1,0.972,224.5,1,0.863,425.5,1,0.986,0.679,5,1,,,,,,0,328.6,,85.4
2364.688690,TURN,giro de esquina por IMU y reapertura frontal,23,25.00,604.13,PISTA,OK,6,724.5,724.5,647.0,420.7,621.6,1,0.972,221.0,1,0.877,421.5,1,0.973,0.709,5,2,,,,,,0,328.6,,64.9
2364.788217,TURN,giro de esquina por IMU y reapertura frontal,24,25.00,605.99,PISTA,OK,6,757.5,757.5,641.1,417.6,616.4,1,1.000,214.5,1,0.918,416.5,1,0.986,0.681,5,2,,,,,,0,328.6,,99.8
2364.886872,TURN,giro de esquina por IMU y reapertura frontal,24,25.00,607.76,PISTA,OK,6,800.0,800.0,626.6,415.4,612.2,1,1.000,211.5,1,0.918,412.8,1,0.986,0.730,5,2,,,,,,0,328.6,,63.1
2364.987629,CRUISE,esquina 7 verificada,24,21.00,608.56,PISTA,OK,7,835.0,835.0,621.7,413.9,608.2,1,0.972,205.5,1,0.918,411.2,1,0.986,0.691,5,2,,,,,,0,328.6,,83.5
2365.088345,CRUISE,crucero centrado por paredes,25,17.00,610.61,PISTA,OK,7,883.5,883.5,607.6,412.8,616.8,1,0.972,201.5,1,0.877,407.0,1,1.000,0.723,5,2,,,,,,0,328.6,,62.1
2365.187237,CRUISE,crucero centrado por paredes,25,20.83,612.78,PISTA,OK,7,976.0,976.0,603.0,411.9,626.2,1,0.972,196.5,1,0.863,403.5,1,0.986,0.725,5,2,,,,,,0,328.6,,99.1
2365.288572,CRUISE,crucero centrado por paredes,25,23.98,614.85,PISTA,OK,7,1079.5,1079.5,585.6,412.1,828.2,1,1.000,192.0,1,0.767,404.2,1,0.959,0.791,5,2,,,,,,0,328.6,,64.2
2365.388950,CRUISE,crucero centrado por paredes,25,25.00,616.53,PISTA,OK,7,1164.0,1425.0,580.9,413.9,808.9,1,1.000,188.5,1,0.753,404.8,1,0.986,0.797,5,2,,,,,,0,328.6,,101.0
2365.488364,CRUISE,crucero centrado por paredes,25,25.00,617.47,PISTA,OK,7,1367.0,1367.0,575.1,414.7,785.2,1,1.000,184.5,1,0.877,404.5,1,0.959,0.809,5,2,,,,,,0,328.6,,66.3
2365.589307,CRUISE,crucero centrado por paredes,25,24.18,619.51,PISTA,OK,7,1378.0,1378.0,562.9,416.7,751.4,1,1.000,179.5,1,0.808,406.5,1,0.959,0.838,4,2,,,,,,0,328.6,,101.2
2365.687366,AVOID_APPROACH,pure-pursuit al punto de paso del pilar 125,25,25.00,621.60,PISTA,OK,7,1957.5,1957.5,698.0,419.6,714.7,1,0.944,173.5,1,0.808,409.2,1,0.945,0.214,4,2,125,VERDE,-278.1,905.0,0.000,1,328.6,,65.0
2365.786731,AVOID_APPROACH,pure-pursuit al punto de paso del pilar 125,25,24.56,622.61,PISTA,OK,7,1950.0,1950.0,694.3,423.2,683.6,1,1.000,169.5,1,0.836,412.0,1,1.000,0.216,4,2,125,VERDE,-236.9,910.0,0.000,1,328.6,,85.3
2365.887679,AVOID_APPROACH,pure-pursuit al punto de paso del pilar 125,25,22.67,624.67,PISTA,OK,7,1942.0,1942.0,686.1,426.4,651.2,1,1.000,166.5,1,0.836,416.5,1,1.000,0.216,4,2,125,VERDE,-201.3,910.5,0.000,1,328.6,,64.9
2365.985408,AVOID_APPROACH,pure-pursuit al punto de paso del pilar 125,25,20.89,626.83,PISTA,OK,7,927.0,1936.5,684.8,431.4,656.2,1,0.917,161.0,1,0.877,420.5,1,0.959,0.214,4,2,125,VERDE,-167.7,908.2,0.000,1,328.6,,92.4
2366.085403,AVOID_APPROACH,pure-pursuit al punto de paso del pilar 125,25,19.22,628.93,PISTA,OK,7,912.0,1933.5,681.3,436.6,612.3,1,0.972,155.0,1,0.767,426.8,1,0.986,0.215,4,2,125,VERDE,-136.6,905.1,0.000,1,328.6,,62.1
2366.183997,AVOID_APPROACH,pure-pursuit al punto de paso del pilar 125,25,17.23,630.95,PISTA,OK,7,905.0,1928.5,662.6,442.7,592.7,1,0.972,152.5,1,0.918,431.5,1,0.973,0.216,4,2,125,VERDE,-100.4,900.8,0.000,1,328.6,,83.1
2366.283342,AVOID_APPROACH,pure-pursuit al punto de paso del pilar 125,25,15.27,631.86,PISTA,OK,7,897.0,1920.5,509.8,449.5,572.2,1,1.000,147.5,1,0.877,438.0,1,1.000,0.651,4,2,125,VERDE,-65.6,895.9,0.000,1,328.6,,59.6
2366.382948,AVOID_APPROACH,pure-pursuit al punto de paso del pilar 125,25,13.01,634.13,PISTA,OK,7,889.5,1913.5,587.8,457.6,560.7,1,0.972,143.0,1,0.904,444.0,1,0.986,0.222,4,2,125,VERDE,-27.3,892.9,0.000,1,328.6,,74.5
2366.482069,AVOID_APPROACH,pure-pursuit al punto de paso del pilar 125,25,11.13,636.22,PISTA,OK,7,886.2,886.2,582.8,465.9,555.0,1,0.972,138.5,1,0.877,449.5,1,0.986,0.222,4,2,125,VERDE,5.3,883.4,0.099,1,328.6,,59.5
2366.583875,AVOID_APPROACH,pure-pursuit al punto de paso del pilar 125,25,10.46,638.29,PISTA,OK,7,882.5,1515.0,504.2,475.7,538.2,1,1.000,132.5,1,0.890,456.5,1,1.000,0.742,4,2,125,VERDE,15.7,884.5,0.000,1,328.6,,83.0
2366.683224,AVOID_APPROACH,pure-pursuit al punto de paso del pilar 125,25,8.92,640.24,PISTA,OK,7,873.5,1502.5,507.0,486.3,526.3,1,1.000,128.0,1,0.932,463.2,1,1.000,0.819,2,1,125,VERDE,41.6,875.4,0.000,1,328.6,,60.8
2366.781754,AVOID_APPROACH,pure-pursuit al punto de paso del pilar 125,25,7.15,641.10,PISTA,OK,7,864.5,1494.0,506.8,497.2,519.8,1,0.972,123.0,1,0.945,471.0,1,0.986,0.827,2,1,125,VERDE,70.6,863.5,0.000,1,328.6,,79.9
2366.881376,AVOID_APPROACH,pure-pursuit al punto de paso del pilar 125,25,4.96,642.94,PISTA,OK,7,856.0,1485.0,504.6,509.1,518.9,1,1.000,120.0,1,0.959,476.5,1,1.000,0.834,2,1,125,VERDE,105.0,851.7,0.000,1,328.6,,58.5
2366.982976,AVOID_APPROACH,pure-pursuit al punto de paso del pilar 125,25,3.37,644.66,PISTA,OK,7,848.0,998.5,503.9,519.9,512.2,1,1.000,115.0,1,0.973,481.2,1,1.000,0.809,3,1,125,VERDE,129.5,839.9,0.000,1,328.6,,81.0
2367.082496,AVOID_APPROACH,pure-pursuit al punto de paso del pilar 125,24,1.30,646.21,PISTA,OK,7,840.5,942.0,556.2,532.3,511.6,1,1.000,111.5,1,0.945,489.5,1,1.000,0.227,3,1,125,VERDE,160.3,826.8,0.000,1,328.6,,54.9
2367.182533,AVOID_APPROACH,pure-pursuit al punto de paso del pilar 125,25,-0.29,646.70,PISTA,OK,7,914.0,914.0,540.6,544.1,507.5,1,1.000,110.5,1,0.945,497.0,1,1.000,0.443,3,1,125,VERDE,183.1,810.5,0.000,1,328.6,,80.8
2367.283724,AVOID_APPROACH,pure-pursuit al punto de paso del pilar 125,25,-1.29,647.65,PISTA,OK,7,882.0,882.0,533.1,554.8,513.2,1,1.000,112.0,1,0.918,503.5,1,1.000,0.478,3,1,125,VERDE,196.9,796.7,0.000,1,328.6,,61.5
2367.383748,AVOID_APPROACH,pure-pursuit al punto de paso del pilar 125,25,-1.96,648.38,PISTA,OK,7,856.0,856.0,518.8,563.5,513.4,1,1.000,111.0,1,0.932,509.0,1,1.000,0.578,2,1,125,VERDE,205.9,784.5,0.000,1,328.6,,80.1
2367.483630,AVOID_APPROACH,pure-pursuit al punto de paso del pilar 125,24,-2.88,648.78,PISTA,OK,7,838.5,838.5,509.4,571.6,514.8,1,1.000,111.5,1,0.904,515.0,1,1.000,0.647,2,1,125,VERDE,217.8,772.7,0.000,1,328.6,,59.1
2367.583803,AVOID_APPROACH,pure-pursuit al punto de paso del pilar 125,24,-3.24,648.92,PISTA,OK,7,820.5,820.5,494.4,578.4,521.0,1,1.000,114.0,1,0.890,519.0,1,1.000,0.768,2,1,125,VERDE,222.0,760.4,0.000,1,328.6,,81.5
2367.685203,AVOID_APPROACH,pure-pursuit al punto de paso del pilar 125,24,-3.86,649.13,PISTA,OK,7,825.0,825.0,484.5,584.1,524.7,1,1.000,118.5,1,0.849,525.5,1,1.000,0.842,2,1,125,VERDE,229.8,751.9,0.000,1,328.6,,63.2
2367.784879,AVOID_APPROACH,pure-pursuit al punto de paso del pilar 125,24,-3.68,649.24,PISTA,OK,7,794.5,794.5,471.7,589.6,525.9,1,1.000,121.0,1,0.849,529.0,1,1.000,0.875,3,1,125,VERDE,226.6,740.7,0.000,1,328.6,,81.1
2367.884728,AVOID_APPROACH,pure-pursuit al punto de paso del pilar 125,24,-4.26,649.34,PISTA,OK,7,814.0,814.0,464.0,594.7,528.4,1,1.000,126.5,1,0.890,532.5,1,1.000,0.818,3,1,125,VERDE,233.5,731.2,0.000,1,328.6,,62.2
2367.984073,AVOID_APPROACH,pure-pursuit al punto de paso del pilar 125,24,-4.32,649.33,PISTA,OK,7,818.0,818.0,455.1,599.4,529.2,1,1.000,129.5,1,0.904,537.5,1,1.000,0.784,3,1,125,VERDE,233.5,721.7,0.000,1,328.6,,83.4
2368.083840,AVOID_APPROACH,pure-pursuit al punto de paso del pilar 125,24,-3.81,649.34,PISTA,OK,7,780.5,780.5,462.4,603.6,537.0,1,1.000,137.0,1,0.863,540.0,1,1.000,0.817,3,1,125,VERDE,226.6,714.4,0.000,1,328.6,,61.6
2368.183651,AVOID_APPROACH,pure-pursuit al punto de paso del pilar 125,24,-4.48,649.34,PISTA,OK,7,761.0,761.0,563.7,607.7,541.9,1,1.000,141.0,1,0.904,544.5,1,1.000,0.219,3,1,125,VERDE,234.1,703.2,0.000,1,328.6,,81.6
2368.282725,AVOID_APPROACH,pure-pursuit al punto de paso del pilar 125,24,-4.47,649.30,PISTA,OK,7,769.5,769.5,542.7,612.6,549.7,1,1.000,145.5,1,0.904,548.5,1,1.000,0.220,3,1,125,VERDE,233.3,695.2,0.000,1,328.6,,58.0
2368.382167,AVOID_APPROACH,pure-pursuit al punto de paso del pilar 125,24,-4.35,649.26,PISTA,OK,7,756.5,756.5,541.5,616.8,551.3,1,1.000,150.2,1,0.877,552.0,1,1.000,0.218,3,1,125,VERDE,231.3,687.4,0.000,1,328.6,,80.7
2368.480869,AVOID_APPROACH,pure-pursuit al punto de paso del pilar 125,24,-4.51,649.22,PISTA,OK,7,752.0,752.0,525.0,621.1,552.5,1,0.972,157.5,1,0.918,556.0,1,1.000,0.220,2,1,125,VERDE,232.3,675.5,0.000,1,328.6,,57.8
2368.580880,AVOID_APPROACH,pure-pursuit al punto de paso del pilar 125,24,-4.36,649.13,PISTA,OK,7,741.5,741.5,513.9,625.3,160.8,1,0.944,164.5,1,0.945,561.0,1,1.000,0.220,2,1,125,VERDE,229.8,666.8,0.000,1,328.6,,78.7
2368.678108,AVOID_APPROACH,pure-pursuit al punto de paso del pilar 125,24,-4.55,649.03,PISTA,OK,7,761.0,761.0,503.3,628.8,142.1,1,0.944,170.0,1,0.959,564.5,1,1.000,0.220,2,1,125,VERDE,231.3,656.9,0.000,1,328.6,,56.2
2368.779988,AVOID_APPROACH,pure-pursuit al punto de paso del pilar 125,24,-4.22,648.95,PISTA,OK,7,733.0,733.0,497.6,632.7,145.6,1,0.917,176.5,1,0.904,570.0,1,1.000,0.220,2,1,125,VERDE,227.0,649.8,0.000,1,328.6,,82.6
2368.878756,AVOID_APPROACH,pure-pursuit al punto de paso del pilar 125,23,-4.40,648.91,PISTA,OK,7,725.0,725.0,483.3,636.4,152.4,1,0.944,184.5,1,0.932,572.5,1,1.000,0.223,2,1,125,VERDE,228.4,641.1,0.000,1,328.6,,57.4
2368.978989,AVOID_APPROACH,pure-pursuit al punto de paso del pilar 125,24,-4.26,648.83,PISTA,OK,7,727.0,727.0,465.5,642.0,159.7,1,0.972,193.0,1,0.945,577.0,1,1.000,0.226,3,1,125,VERDE,226.2,632.3,0.000,1,328.6,,77.3
2369.078030,AVOID_APPROACH,pure-pursuit al punto de paso del pilar 125,23,-4.17,648.77,PISTA,OK,7,720.5,720.5,419.3,643.7,166.7,1,0.944,201.5,1,0.932,578.8,1,1.000,0.790,3,1,125,VERDE,224.4,623.2,0.000,1,328.6,,56.0
2369.179067,AVOID_APPROACH,pure-pursuit al punto de paso del pilar 125,23,-4.52,648.73,PISTA,OK,7,719.0,719.0,415.3,647.7,174.9,1,0.944,209.0,1,0.945,583.0,1,1.000,0.778,3,1,125,VERDE,227.6,614.6,0.000,1,328.6,,81.2
2369.277873,AVOID_APPROACH,pure-pursuit al punto de paso del pilar 125,23,-4.33,648.63,PISTA,OK,7,704.5,704.5,445.3,651.8,182.4,1,0.972,217.0,1,0.945,587.0,1,1.000,0.226,3,1,125,VERDE,224.8,606.0,0.000,1,328.6,,54.9
2369.379561,AVOID_APPROACH,pure-pursuit al punto de paso del pilar 125,23,-3.99,648.56,PISTA,OK,7,708.0,708.0,438.9,655.2,188.0,1,0.972,224.5,1,0.945,589.2,1,1.000,0.226,3,1,125,VERDE,220.7,597.8,0.000,1,328.6,,80.0
2369.479038,AVOID_APPROACH,pure-pursuit al punto de paso del pilar 125,23,-4.12,648.49,PISTA,OK,7,692.5,692.5,438.0,658.9,195.8,1,0.972,232.5,1,0.973,594.0,1,1.000,0.225,2,1,125,VERDE,221.5,590.3,0.000,1,328.6,,56.1
2369.579086,AVOID_APPROACH,pure-pursuit al punto de paso del pilar 125,23,-4.25,648.43,PISTA,OK,7,698.5,698.5,432.2,662.0,205.2,1,0.972,240.0,1,0.945,597.0,1,1.000,0.225,2,1,125,VERDE,222.2,581.7,0.000,1,328.6,,80.4
2369.678906,AVOID_APPROACH,pure-pursuit al punto de paso del pilar 125,23,-4.54,648.32,PISTA,OK,7,692.0,692.0,429.3,665.7,213.3,1,0.972,248.0,1,0.973,600.5,1,1.000,0.224,2,1,125,VERDE,224.4,572.4,0.000,1,328.6,,55.4
2369.780230,AVOID_APPROACH,pure-pursuit al punto de paso del pilar 125,23,-4.19,648.18,PISTA,OK,7,682.5,682.5,418.0,668.8,222.0,1,0.972,256.5,1,0.959,604.2,1,1.000,0.226,2,1,125,VERDE,220.4,564.3,0.000,1,328.6,,77.8
2369.878270,AVOID_APPROACH,pure-pursuit al punto de paso del pilar 125,23,-4.03,648.07,PISTA,OK,7,665.5,665.5,420.9,672.6,231.2,1,1.000,263.0,1,0.986,608.0,1,1.000,0.222,2,1,125,VERDE,218.1,555.9,0.000,1,328.6,,57.1
2369.978371,AVOID_APPROACH,pure-pursuit al punto de paso del pilar 125,23,-3.95,647.94,PISTA,OK,7,674.5,674.5,414.4,676.4,238.2,1,0.944,271.5,1,0.932,612.0,1,1.000,0.223,2,1,125,VERDE,216.8,547.8,0.000,1,328.6,,80.7
2370.078361,AVOID_APPROACH,pure-pursuit al punto de paso del pilar 125,23,-4.28,647.85,PISTA,OK,7,670.0,670.0,405.2,679.3,248.0,1,0.972,280.0,1,0.959,616.0,1,1.000,0.223,2,1,125,VERDE,219.4,540.0,0.000,1,328.6,,55.6
2370.179679,AVOID_APPROACH,pure-pursuit al punto de paso del pilar 125,23,-4.14,647.81,PISTA,OK,7,663.0,663.0,399.2,682.7,257.4,1,0.944,285.5,1,0.945,619.5,1,1.000,0.223,3,1,125,VERDE,217.4,531.5,0.000,1,328.6,,80.2
2370.279232,AVOID_APPROACH,pure-pursuit al punto de paso del pilar 125,23,-3.91,647.72,PISTA,OK,7,664.0,664.0,397.8,685.5,265.1,1,0.944,294.0,1,0.959,622.5,1,1.000,0.222,3,2,125,VERDE,214.8,523.3,0.000,1,328.6,,55.6
2370.379313,AVOID_APPROACH,pure-pursuit al punto de paso del pilar 125,23,-3.72,647.63,PISTA,OK,7,651.5,651.5,387.7,688.8,275.9,1,0.972,301.5,1,0.945,625.5,1,1.000,0.223,3,2,125,VERDE,212.4,514.0,0.000,1,328.6,,79.8
2370.480281,AVOID_APPROACH,pure-pursuit al punto de paso del pilar 125,23,-3.92,647.55,PISTA,OK,7,644.5,644.5,386.7,691.8,284.6,1,0.972,312.0,1,0.959,629.0,1,1.000,0.223,3,2,125,VERDE,213.7,506.0,0.000,1,328.6,,55.6
2370.582077,AVOID_APPROACH,pure-pursuit al punto de paso del pilar 125,23,-4.25,647.50,PISTA,OK,7,650.5,650.5,380.6,695.3,293.2,1,0.972,318.0,1,0.959,632.0,1,1.000,0.224,3,2,125,VERDE,216.0,497.7,0.000,1,328.6,,81.9
2370.679944,AVOID_APPROACH,pure-pursuit al punto de paso del pilar 125,23,-3.66,647.41,PISTA,OK,7,638.5,638.5,374.5,698.3,300.1,1,0.972,324.5,1,0.959,634.5,1,1.000,0.223,3,2,125,VERDE,210.4,490.9,0.000,1,328.6,,58.2
2370.779610,AVOID_APPROACH,pure-pursuit al punto de paso del pilar 125,23,-3.88,647.33,PISTA,OK,7,632.5,632.5,373.8,701.7,311.6,1,0.972,335.0,1,0.973,638.5,1,1.000,0.223,3,2,125,VERDE,211.7,482.5,0.000,1,328.6,,74.9
2370.879463,AVOID_APPROACH,pure-pursuit al punto de paso del pilar 125,23,-4.09,647.21,PISTA,OK,7,631.5,631.5,363.6,705.5,317.6,1,0.972,342.0,1,0.973,642.0,1,1.000,0.224,3,2,125,VERDE,212.8,472.9,0.000,1,328.6,,56.4
2370.980762,AVOID_APPROACH,pure-pursuit al punto de paso del pilar 125,23,-4.07,647.15,PISTA,OK,7,620.0,620.0,350.1,708.3,327.3,1,0.944,340.0,1,0.959,645.5,1,1.000,0.300,3,2,125,VERDE,212.1,464.7,0.000,1,328.6,,81.3
2371.079430,AVOID_APPROACH,pure-pursuit al punto de paso del pilar 125,23,-3.88,647.03,PISTA,OK,7,614.5,614.5,357.4,711.5,335.6,1,0.944,335.0,1,0.945,648.5,1,1.000,0.222,3,2,125,VERDE,209.9,456.5,0.000,1,328.6,,56.1
2371.181668,AVOID_APPROACH,pure-pursuit al punto de paso del pilar 125,23,-3.92,646.90,PISTA,OK,7,613.5,613.5,345.9,714.2,344.5,1,0.972,325.5,1,0.973,651.5,1,1.000,0.228,2,2,125,VERDE,209.7,448.1,0.000,1,328.6,,81.8
2371.280587,AVOID_APPROACH,pure-pursuit al punto de paso del pilar 125,22,-3.90,646.77,PISTA,OK,7,607.5,607.5,343.1,717.2,353.8,1,0.972,324.0,1,0.945,654.0,1,1.000,0.227,2,2,125,VERDE,208.9,439.6,0.000,1,328.6,,59.3
2371.380503,AVOID_APPROACH,pure-pursuit al punto de paso del pilar 125,22,-4.02,646.66,PISTA,OK,7,604.0,604.0,337.0,719.7,363.6,1,0.944,319.5,1,0.945,657.0,1,1.000,0.227,2,2,125,VERDE,209.3,431.6,0.000,1,328.6,,79.9
2371.481765,AVOID_APPROACH,pure-pursuit al punto de paso del pilar 125,22,-3.98,646.62,PISTA,OK,7,595.5,595.5,333.5,722.7,371.9,1,0.972,317.2,1,0.959,660.5,1,1.000,0.228,2,2,125,VERDE,208.6,425.3,0.000,1,328.6,,59.4
2371.582046,AVOID_APPROACH,pure-pursuit al punto de paso del pilar 125,22,-3.79,646.50,PISTA,OK,7,585.5,585.5,330.9,725.5,379.9,1,0.972,312.0,1,0.918,663.2,1,1.000,0.227,2,2,125,VERDE,206.6,416.8,0.000,1,328.6,,78.4
2371.680738,AVOID_APPROACH,pure-pursuit al punto de paso del pilar 125,22,-3.83,646.43,PISTA,OK,7,582.0,582.0,325.1,728.5,387.6,1,0.944,309.5,1,0.945,667.0,1,1.000,0.228,2,2,125,VERDE,206.4,408.7,0.000,1,328.6,,59.7
2371.780820,AVOID_APPROACH,pure-pursuit al punto de paso del pilar 125,22,-3.59,646.33,PISTA,OK,7,574.8,574.8,322.1,731.4,395.6,1,0.972,303.0,1,0.945,670.0,1,1.000,0.227,2,2,125,VERDE,204.2,402.9,0.000,1,328.6,,80.4
2371.880111,AVOID_APPROACH,pure-pursuit al punto de paso del pilar 125,25,-3.64,646.22,PISTA,OK,7,1055.5,1505.5,317.5,735.1,693.8,1,0.972,301.5,1,0.904,673.0,1,1.000,0.229,2,2,125,VERDE,204.2,395.7,0.000,1,328.6,,58.0
2371.980113,AVOID_APPROACH,pure-pursuit al punto de paso del pilar 125,22,-3.61,646.20,PISTA,OK,7,591.5,591.5,302.5,737.0,697.1,1,0.972,303.5,1,0.918,675.0,1,1.000,0.737,2,2,125,VERDE,203.4,387.0,0.000,1,328.6,,80.4
2372.078862,AVOID_APPROACH,pure-pursuit al punto de paso del pilar 125,25,-4.44,646.09,PISTA,OK,7,1039.0,1495.2,298.6,740.1,703.2,1,0.944,294.0,1,0.945,678.5,1,0.986,0.756,2,2,125,VERDE,208.5,379.4,0.000,1,328.6,,56.9
2372.178294,AVOID_APPROACH,pure-pursuit al punto de paso del pilar 125,25,-3.65,645.98,PISTA,OK,7,1032.0,1482.0,295.1,743.0,703.9,1,1.000,288.2,1,0.932,682.2,1,1.000,0.754,2,2,125,VERDE,202.7,372.1,0.000,1,328.6,,79.9
2372.277525,AVOID_APPROACH,pure-pursuit al punto de paso del pilar 125,25,-3.53,645.86,PISTA,OK,7,1021.0,1475.5,290.2,746.1,706.9,1,1.000,284.5,1,0.904,685.5,1,1.000,0.767,2,2,125,VERDE,201.3,362.5,0.000,1,328.6,,55.3
2372.375651,AVOID_APPROACH,pure-pursuit al punto de paso del pilar 125,25,-3.69,645.71,PISTA,OK,7,1011.5,1466.0,286.4,748.7,714.7,1,1.000,285.5,1,0.877,688.5,1,1.000,0.772,2,2,125,VERDE,201.9,354.9,0.000,1,328.6,,77.8
2372.475099,AVOID_APPROACH,pure-pursuit al punto de paso del pilar 125,25,-3.41,645.62,PISTA,OK,7,999.5,1456.0,281.8,751.9,718.0,1,0.972,280.0,1,0.890,690.5,1,1.000,0.773,2,2,125,VERDE,199.5,344.6,0.000,1,328.6,,53.5
2372.575157,AVOID_APPROACH,pure-pursuit al punto de paso del pilar 125,25,-3.55,645.49,PISTA,OK,7,991.0,1446.5,278.3,754.9,724.9,1,1.000,277.8,1,0.890,695.8,1,1.000,0.766,2,2,125,VERDE,199.8,335.9,0.000,1,328.6,,78.3
2372.675948,AVOID_APPROACH,pure-pursuit al punto de paso del pilar 125,25,-3.27,645.35,PISTA,OK,7,981.5,1436.0,274.2,757.1,727.0,1,0.972,269.0,1,0.932,698.5,1,1.000,0.768,2,2,125,VERDE,197.7,326.8,0.000,1,328.6,,55.1
2372.776153,AVOID_APPROACH,pure-pursuit al punto de paso del pilar 125,25,-2.94,645.23,PISTA,OK,7,971.5,1425.0,270.6,760.7,728.2,1,1.000,265.0,1,0.932,701.8,1,1.000,0.768,2,2,125,VERDE,195.3,318.1,0.000,1,328.6,,79.5
2372.875790,AVOID_APPROACH,pure-pursuit al punto de paso del pilar 125,25,-2.97,645.18,PISTA,OK,7,962.0,1415.5,266.3,763.7,736.8,1,0.972,263.5,1,0.863,705.0,1,0.986,0.762,2,2,125,VERDE,195.1,310.7,0.000,1,328.6,,50.5
2372.975627,AVOID_APPROACH,pure-pursuit al punto de paso del pilar 125,25,-2.94,645.06,PISTA,OK,7,954.5,1405.5,262.4,766.8,745.0,1,0.972,254.0,1,0.890,706.8,1,1.000,0.763,2,2,125,VERDE,194.5,301.7,0.000,1,328.6,,78.7
2373.075062,AVOID_APPROACH,pure-pursuit al punto de paso del pilar 125,25,-3.08,644.95,PISTA,OK,7,943.0,1397.5,258.8,770.6,744.6,1,0.972,256.0,1,0.863,713.0,1,1.000,0.775,2,2,125,VERDE,194.7,293.2,0.000,1,328.6,,51.2
2373.176456,AVOID_APPROACH,pure-pursuit al punto de paso del pilar 125,25,-2.95,644.87,PISTA,OK,7,936.5,1389.5,255.0,772.9,747.5,1,1.000,253.0,1,0.932,716.0,1,1.000,0.763,2,2,125,VERDE,193.6,283.3,0.000,1,328.6,,80.9
2373.276245,AVOID_PASS,manteniendo rumbo mientras pasa el pilar 125,25,0.00,644.76,PISTA,OK,7,925.0,1380.0,251.4,776.0,753.6,1,0.972,250.0,1,0.822,718.2,1,1.000,0.766,2,2,125,VERDE,194.4,273.1,0.000,1,0.0,,52.3
2373.376818,AVOID_PASS,manteniendo rumbo mientras pasa el pilar 125,25,0.06,644.70,PISTA,OK,7,915.5,1374.0,247.9,779.9,758.1,1,0.944,246.5,1,0.904,722.8,1,0.986,0.769,2,2,125,VERDE,192.2,265.5,0.000,1,10.1,,79.8
2373.477395,AVOID_PASS,manteniendo rumbo mientras pasa el pilar 125,25,0.15,644.61,PISTA,OK,7,907.0,1360.5,243.7,782.0,764.3,1,0.972,243.8,1,0.877,726.0,1,1.000,0.770,2,2,125,VERDE,190.2,258.3,0.000,1,20.1,,54.1
2373.578625,AVOID_PASS,manteniendo rumbo mientras pasa el pilar 125,25,0.27,644.49,PISTA,OK,7,896.5,1350.0,239.5,784.6,768.4,1,1.000,238.0,1,0.890,729.0,1,1.000,0.766,2,2,125,VERDE,191.4,249.4,0.000,1,30.2,,81.5
2373.677166,AVOID_PASS,manteniendo rumbo mientras pasa el pilar 125,25,0.38,644.38,PISTA,OK,7,887.0,1338.5,235.4,787.9,772.9,1,0.972,233.5,1,0.808,731.5,1,1.000,0.769,2,2,125,VERDE,192.2,239.4,0.000,1,40.1,,53.4
2373.778485,AVOID_PASS,manteniendo rumbo mientras pasa el pilar 125,25,0.42,644.34,PISTA,OK,7,879.0,1331.5,232.5,791.4,780.7,1,0.944,226.5,1,0.808,735.0,1,0.986,0.780,2,2,125,VERDE,189.3,229.5,0.000,1,50.2,,81.2
2373.878513,AVOID_PASS,manteniendo rumbo mientras pasa el pilar 125,25,0.28,644.23,PISTA,OK,7,869.0,1323.0,228.6,794.4,779.0,1,0.972,225.5,1,0.877,739.0,1,1.000,0.779,2,2,125,VERDE,192.2,221.9,0.000,1,60.2,,58.7
2373.978709,AVOID_PASS,manteniendo rumbo mientras pasa el pilar 125,25,-0.34,644.14,PISTA,OK,7,861.0,1314.5,225.1,797.5,781.5,1,1.000,221.2,1,0.836,740.5,1,1.000,0.779,2,2,125,VERDE,190.6,214.6,0.000,1,70.2,,80.1
2374.078278,AVOID_PASS,manteniendo rumbo mientras pasa el pilar 125,25,-0.99,644.10,PISTA,OK,7,850.5,1304.0,221.6,801.0,787.6,1,0.972,219.5,1,0.781,746.0,1,0.986,0.752,2,2,125,VERDE,191.3,204.6,0.000,1,80.2,,57.7
2374.179391,AVOID_PASS,manteniendo rumbo mientras pasa el pilar 125,24,-1.68,644.04,PISTA,OK,7,841.5,1294.0,217.8,803.4,795.8,1,0.972,215.0,1,0.849,749.0,1,1.000,0.782,2,2,125,VERDE,194.1,196.7,0.000,1,90.3,,81.9
2374.277551,AVOID_PASS,manteniendo rumbo mientras pasa el pilar 125,24,-2.45,643.99,PISTA,OK,7,831.5,1285.0,213.7,806.9,797.9,1,0.972,212.5,1,0.863,751.8,1,1.000,0.777,2,2,125,VERDE,189.5,188.0,0.000,1,99.7,,58.4
2374.377711,AVOID_PASS,manteniendo rumbo mientras pasa el pilar 125,24,-2.98,643.96,PISTA,OK,7,821.5,1278.5,210.9,811.6,795.4,1,0.917,206.5,1,0.781,753.8,1,0.986,0.776,2,2,125,VERDE,191.7,178.0,0.000,1,109.4,,76.8
2374.478640,AVOID_PASS,manteniendo rumbo mientras pasa el pilar 125,24,-3.52,643.88,PISTA,OK,7,811.0,1269.0,207.9,813.6,805.2,1,0.972,206.5,1,0.767,757.5,1,1.000,0.770,2,2,125,VERDE,189.8,171.1,0.000,1,119.0,,55.4
2374.579225,AVOID_PASS,manteniendo rumbo mientras pasa el pilar 125,24,-4.14,643.80,PISTA,OK,7,802.0,1258.0,204.4,817.4,815.5,1,0.917,203.0,1,0.795,760.5,1,0.986,0.773,2,2,125,VERDE,188.1,163.6,0.000,1,128.7,,81.3
2374.678497,AVOID_PASS,manteniendo rumbo mientras pasa el pilar 125,24,-4.78,643.71,PISTA,OK,7,793.5,1249.0,200.9,820.0,616.8,1,0.917,199.5,1,0.822,764.8,1,1.000,0.758,2,2,125,VERDE,187.9,154.4,0.099,1,138.2,,58.3
2374.779997,AVOID_PASS,manteniendo rumbo mientras pasa el pilar 125,24,-5.41,643.57,PISTA,OK,7,782.0,1240.5,197.3,821.5,634.2,1,0.944,196.0,1,0.740,766.0,1,1.000,0.752,2,2,125,VERDE,187.5,145.1,0.201,1,148.0,,82.1
2374.879570,AVOID_PASS,manteniendo rumbo mientras pasa el pilar 125,24,-5.95,643.51,PISTA,OK,7,773.5,1234.0,194.4,818.1,635.9,1,0.944,192.0,1,0.836,770.0,1,1.000,0.669,2,2,125,VERDE,187.3,135.8,0.300,1,157.5,,58.0
2374.979727,AVOID_PASS,manteniendo rumbo mientras pasa el pilar 125,24,-6.40,643.39,PISTA,OK,7,763.5,1225.0,191.8,826.5,591.0,1,0.944,189.0,1,0.836,773.0,1,1.000,0.752,2,2,125,VERDE,187.0,126.5,0.401,1,167.1,,74.3
2375.080892,AVOID_PASS,manteniendo rumbo mientras pasa el pilar 125,24,-7.03,643.23,PISTA,OK,7,755.0,1215.5,188.3,820.7,826.9,1,0.889,185.0,1,0.658,777.0,1,1.000,0.684,2,2,125,VERDE,187.0,126.5,0.401,0,176.9,,60.8
2375.178941,AVOID_PASS,manteniendo rumbo mientras pasa el pilar 125,24,-7.48,643.06,PISTA,OK,7,746.5,1207.0,185.6,814.7,541.9,1,0.944,184.0,1,0.740,778.2,1,1.000,0.633,2,2,125,VERDE,187.0,126.5,0.401,0,186.3,,79.2
2375.280177,AVOID_PASS,manteniendo rumbo mientras pasa el pilar 125,24,-8.09,642.85,PISTA,OK,7,737.5,1197.0,182.3,813.8,835.5,1,0.861,179.5,1,0.726,782.5,1,1.000,0.587,2,2,125,VERDE,187.0,126.5,0.401,0,196.0,,55.0
2375.379402,AVOID_PASS,manteniendo rumbo mientras pasa el pilar 125,24,-8.59,642.70,PISTA,OK,7,728.0,1188.0,179.3,818.8,515.7,1,0.889,176.0,1,0.630,783.5,1,1.000,0.606,2,2,125,VERDE,187.0,126.5,0.401,0,205.5,,79.6
2375.476851,AVOID_PASS,manteniendo rumbo mientras pasa el pilar 125,23,-8.83,642.31,PISTA,OK,7,717.0,717.0,177.3,823.5,518.5,1,0.889,177.5,1,0.712,786.0,1,1.000,0.654,2,2,125,VERDE,187.0,126.5,0.401,0,214.9,,57.0
2375.578235,AVOID_PASS,manteniendo rumbo mientras pasa el pilar 125,23,-9.28,641.90,PISTA,OK,7,709.5,709.5,174.2,826.6,494.8,1,0.833,174.0,1,0.685,787.2,1,1.000,0.675,2,2,125,VERDE,187.0,126.5,0.401,0,224.2,,82.5
2375.675490,AVOID_PASS,manteniendo rumbo mientras pasa el pilar 125,23,-9.52,641.50,PISTA,OK,7,700.0,700.0,172.3,831.0,473.5,1,0.806,170.5,1,0.699,791.0,1,0.986,0.710,2,2,125,VERDE,187.0,126.5,0.401,0,233.1,,56.1
2375.775362,AVOID_PASS,manteniendo rumbo mientras pasa el pilar 125,23,-9.92,640.98,PISTA,OK,7,687.5,1148.5,169.5,826.8,458.7,1,0.833,167.5,1,0.753,791.8,1,1.000,0.691,3,2,125,VERDE,187.0,126.5,0.401,0,242.3,,81.3
2375.874303,AVOID_PASS,manteniendo rumbo mientras pasa el pilar 125,23,-10.11,640.73,PISTA,OK,7,679.0,685.5,168.2,816.5,459.7,1,0.806,166.8,1,0.671,793.0,1,1.000,0.623,2,1,125,VERDE,187.0,126.5,0.401,0,251.4,,54.4
2375.974504,AVOID_PASS,manteniendo rumbo mientras pasa el pilar 125,23,-10.20,640.15,PISTA,OK,7,667.5,677.5,166.8,820.1,419.4,1,0.806,166.0,1,0.616,792.8,1,1.000,0.649,3,1,125,VERDE,187.0,126.5,0.401,0,260.7,,79.4
2376.074136,AVOID_PASS,manteniendo rumbo mientras pasa el pilar 125,23,-10.21,639.44,PISTA,OK,7,658.5,702.0,165.6,817.0,503.3,1,0.806,163.5,1,0.685,794.0,1,0.986,0.673,3,1,125,VERDE,187.0,126.5,0.401,0,269.8,,55.5
2376.174015,AVOID_PASS,manteniendo rumbo mientras pasa el pilar 125,23,-10.46,638.68,PISTA,OK,7,652.0,1111.5,163.4,830.9,393.2,1,0.750,160.5,1,0.671,795.2,1,1.000,0.760,3,1,125,VERDE,187.0,126.5,0.401,0,279.0,,81.4
2376.274932,AVOID_PASS,manteniendo rumbo mientras pasa el pilar 125,23,-10.82,638.32,PISTA,OK,7,644.0,1103.5,161.5,814.7,378.9,1,0.833,160.0,1,0.658,796.2,1,0.986,0.663,3,1,125,VERDE,187.0,126.5,0.401,0,288.3,,56.4
2376.375051,AVOID_PASS,manteniendo rumbo mientras pasa el pilar 125,23,-10.91,637.58,PISTA,OK,7,635.5,1093.5,160.1,811.8,378.9,1,0.750,155.5,1,0.685,797.5,1,0.986,0.653,3,1,125,VERDE,187.0,126.5,0.401,0,297.5,,79.3
2376.475957,AVOID_PASS,manteniendo rumbo mientras pasa el pilar 125,23,-10.87,636.80,PISTA,OK,7,627.5,1085.5,159.3,813.0,342.0,1,0.750,156.0,1,0.685,798.8,1,1.000,0.711,3,1,125,VERDE,187.0,126.5,0.401,0,306.8,,56.7
2376.575100,AVOID_PASS,manteniendo rumbo mientras pasa el pilar 125,23,-10.95,636.05,PISTA,OK,7,618.5,1076.5,158.1,822.1,346.1,1,0.750,155.8,1,0.548,799.5,1,1.000,0.797,4,1,125,VERDE,187.0,126.5,0.401,0,315.9,,81.1
2376.674095,RECENTER,reincorporacion tras 325 mm de sobrepaso estimado,23,-14.95,635.65,PISTA,OK,7,612.0,1067.5,157.9,824.8,327.3,1,0.667,154.5,1,0.671,799.0,1,0.973,0.797,4,1,125,VERDE,187.0,126.5,0.401,0,325.0,,55.6
2376.775304,RECENTER,reincorporando por posicion lateral,22,-18.95,634.97,PISTA,OK,7,602.0,1057.5,156.3,829.4,332.4,1,0.667,153.5,1,0.575,161.0,1,0.959,0.793,4,1,125,VERDE,187.0,126.5,0.401,0,325.0,,79.8
2376.875026,RECENTER,reincorporando por posicion lateral,22,-20.00,634.44,PISTA,OK,7,594.5,1049.0,155.8,822.7,361.7,1,0.583,151.5,1,0.575,152.5,1,0.945,0.811,4,1,125,VERDE,187.0,126.5,0.401,0,325.0,,56.8
2376.975506,RECENTER,reincorporando por posicion lateral,22,-20.00,633.24,PISTA,OK,7,587.5,1041.0,155.5,801.2,303.9,1,0.750,151.2,1,0.589,147.5,1,0.986,0.634,4,0,125,VERDE,187.0,126.5,0.401,0,325.0,,82.1
2377.075253,RECENTER,reincorporando por posicion lateral,22,-20.00,632.51,PISTA,OK,7,579.5,1032.5,155.6,827.2,297.8,1,0.694,151.2,1,0.685,143.5,1,0.986,0.809,4,0,125,VERDE,187.0,126.5,0.401,0,325.0,,57.0
2377.176892,RECENTER,reincorporando por posicion lateral,22,-20.00,631.17,PISTA,OK,7,607.5,1025.5,156.5,824.6,275.6,1,0.694,153.5,1,0.671,141.0,1,0.986,0.807,4,0,125,VERDE,187.0,126.5,0.401,0,325.0,,81.8
2377.276476,RECENTER,reincorporando por posicion lateral,25,-20.00,629.58,PISTA,OK,7,1013.5,1017.0,158.7,821.9,271.1,1,0.722,155.2,1,0.658,138.5,1,0.973,0.813,5,0,125,VERDE,187.0,126.5,0.401,0,325.0,,58.0
2377.376665,RECENTER,reincorporando por posicion lateral,25,-16.00,627.84,PISTA,OK,7,1005.5,1009.0,175.4,818.9,269.1,1,0.639,158.2,1,0.603,136.5,1,0.945,0.224,5,0,125,VERDE,187.0,126.5,0.401,0,325.0,,81.9
2377.476802,RECENTER,reincorporando por posicion lateral,25,-12.00,625.98,PISTA,OK,7,993.5,1000.5,195.9,815.7,258.4,1,0.694,161.5,1,0.740,132.5,1,0.932,0.220,5,0,125,VERDE,187.0,126.5,0.401,0,325.0,,54.3
2377.577029,RECENTER,reincorporando por posicion lateral,25,-8.00,625.04,PISTA,OK,7,985.0,985.0,210.8,812.4,258.7,1,0.750,164.0,1,0.767,132.0,1,0.945,0.220,6,0,125,VERDE,187.0,126.5,0.401,0,325.0,,81.4
2377.675493,RECENTER,reincorporando por posicion lateral,25,-4.00,623.20,PISTA,OK,7,978.0,978.0,222.8,808.7,247.4,1,0.833,166.5,1,0.822,127.0,1,0.945,0.219,6,0,125,VERDE,187.0,126.5,0.401,0,325.0,,55.3
2377.776825,RECENTER,reincorporando por posicion lateral,25,0.00,621.31,PISTA,OK,7,969.0,969.0,232.9,803.3,231.8,1,0.833,171.2,1,0.753,125.5,1,0.959,0.220,6,0,125,VERDE,187.0,126.5,0.401,0,325.0,,83.0
2377.876465,RECENTER,reincorporando por posicion lateral,25,4.00,619.77,PISTA,OK,7,960.0,960.0,245.5,799.7,237.9,1,0.861,175.8,1,0.808,125.2,1,0.959,0.218,6,0,125,VERDE,187.0,126.5,0.401,0,325.0,,58.1
2377.978027,RECENTER,reincorporando por posicion lateral,25,5.55,618.79,PISTA,OK,7,950.0,950.0,260.5,796.4,235.4,1,0.889,177.0,1,0.767,122.5,1,0.959,0.218,6,0,125,VERDE,187.0,126.5,0.401,0,325.0,,82.9
2378.077391,RECENTER,reincorporando por posicion lateral,25,5.67,618.55,PISTA,OK,7,941.5,941.5,259.8,793.6,226.3,1,0.889,178.0,1,0.767,121.5,1,0.918,0.218,5,0,125,VERDE,187.0,126.5,0.401,0,325.0,,58.8
2378.175795,RECENTER,reincorporando por posicion lateral,25,5.75,618.41,PISTA,OK,7,932.0,932.0,282.3,791.9,236.7,1,0.750,178.2,1,0.781,121.5,1,0.904,0.216,4,0,125,VERDE,187.0,126.5,0.401,0,325.0,,77.3
2378.275464,RECENTER,reincorporando por posicion lateral,25,5.74,618.42,PISTA,OK,7,922.0,922.0,316.2,790.5,230.6,1,0.833,180.0,1,0.808,125.2,1,0.904,0.217,5,0,125,VERDE,187.0,126.5,0.401,0,325.0,,55.5
2378.377025,RECENTER,reincorporando por posicion lateral,25,5.74,618.43,PISTA,OK,7,913.5,913.5,314.0,788.5,228.1,1,0.806,180.8,1,0.740,128.2,1,0.932,0.219,5,0,125,VERDE,187.0,126.5,0.401,0,325.0,,83.2
2378.476533,RECENTER,reincorporando por posicion lateral,25,5.73,618.45,PISTA,OK,7,904.0,904.0,319.5,786.9,235.5,1,0.778,186.0,1,0.616,130.5,1,0.890,0.210,5,0,125,VERDE,187.0,126.5,0.401,0,325.0,,56.7
2378.577903,RECENTER,reincorporando por posicion lateral,25,5.70,618.51,PISTA,OK,7,894.0,894.0,324.6,784.9,241.7,1,0.861,187.0,1,0.753,135.5,1,0.904,0.219,5,0,125,VERDE,187.0,126.5,0.401,0,325.0,,82.5
2378.676540,RECENTER,reincorporando por posicion lateral,25,5.69,618.52,PISTA,OK,7,885.0,885.0,322.3,783.0,241.2,1,0.861,191.2,1,0.699,141.0,1,0.932,0.222,5,0,125,VERDE,187.0,126.5,0.401,0,325.0,,58.1
2378.776435,RECENTER,reincorporando por posicion lateral,25,5.66,618.57,PISTA,OK,7,874.5,874.5,318.8,782.5,235.5,1,0.889,193.0,1,0.699,145.2,1,0.945,0.222,5,0,125,VERDE,187.0,126.5,0.401,0,325.0,,81.1
2378.875787,RECENTER,reincorporando por posicion lateral,25,5.65,618.59,PISTA,OK,7,866.0,866.0,315.3,768.9,248.9,1,0.778,203.5,1,0.603,149.8,1,0.973,0.209,5,0,125,VERDE,187.0,126.5,0.401,0,325.0,,55.9
2378.975906,RECENTER,reincorporando por posicion lateral,25,5.62,618.65,PISTA,OK,7,857.0,857.0,328.5,772.4,246.2,1,0.806,212.0,1,0.726,156.2,1,0.918,0.218,5,0,125,VERDE,187.0,126.5,0.401,0,325.0,,77.7
2379.075591,RECENTER,reincorporando por posicion lateral,25,5.60,618.71,PISTA,OK,7,847.5,847.5,329.5,773.7,243.7,1,0.778,216.5,1,0.562,160.2,1,0.918,0.216,5,0,125,VERDE,187.0,126.5,0.401,0,325.0,,56.9
2379.176524,RECENTER,reincorporando por posicion lateral,24,5.57,618.76,PISTA,OK,7,836.5,836.5,342.2,775.7,234.3,1,0.806,234.0,1,0.658,166.0,1,0.918,0.220,5,0,125,VERDE,187.0,126.5,0.401,0,325.0,,81.7
2379.274240,RECENTER,reincorporando por posicion lateral,24,5.52,618.85,PISTA,OK,7,828.5,828.5,347.4,776.3,234.7,1,0.944,235.2,1,0.712,172.8,1,0.945,0.218,5,0,125,VERDE,187.0,126.5,0.401,0,325.0,,53.8
2379.374193,RECENTER,reincorporando por posicion lateral,24,5.50,618.89,PISTA,OK,7,819.0,819.0,390.7,780.0,241.6,1,0.944,232.8,1,0.671,179.5,1,0.959,0.208,4,0,125,VERDE,187.0,126.5,0.401,0,325.0,,81.5
2379.472897,RECENTER,reincorporando por posicion lateral,24,5.47,618.97,PISTA,OK,7,809.0,809.0,386.4,779.8,238.4,1,0.889,244.5,1,0.726,186.2,1,0.945,0.210,4,0,125,VERDE,187.0,126.5,0.401,0,325.0,,54.9
2379.572731,RECENTER,reincorporando por posicion lateral,24,5.42,619.05,AZUL,OK,7,798.5,798.5,430.5,781.3,262.0,1,0.722,251.5,1,0.575,192.2,1,0.932,0.207,4,0,125,VERDE,187.0,126.5,0.401,0,325.0,,82.2
2379.673298,RECENTER,reincorporando por posicion lateral,24,5.40,619.10,AZUL,OK,7,791.5,791.5,381.2,781.3,255.2,1,0.833,254.0,1,0.699,200.0,1,0.945,0.212,4,0,125,VERDE,187.0,126.5,0.401,0,325.0,,54.3
2379.772044,RECENTER,reincorporando por posicion lateral,24,5.35,619.21,PISTA,OK,7,781.0,781.0,434.8,781.1,196.6,1,0.833,265.0,1,0.726,207.5,1,0.959,0.210,4,0,125,VERDE,187.0,126.5,0.401,0,325.0,,79.1
